2024-08-23 01:05:49.691 [info] Extension host with pid 32729 started
2024-08-23 01:05:49.701 [info] ExtensionService#_doActivateExtension vscode.emmet, startup: false, activationEvent: 'onLanguage'
2024-08-23 01:05:49.717 [info] ExtensionService#_doActivateExtension vscode.git-base, startup: true, activationEvent: '*', root cause: vscode.git
2024-08-23 01:05:49.719 [info] ExtensionService#_doActivateExtension vscode.git, startup: true, activationEvent: '*'
2024-08-23 01:05:49.730 [info] ExtensionService#_doActivateExtension vscode.github, startup: true, activationEvent: '*'
2024-08-23 01:05:49.744 [info] Eager extensions activated
2024-08-23 01:05:49.748 [info] ExtensionService#_doActivateExtension vscode.debug-auto-launch, startup: false, activationEvent: 'onStartupFinished'
2024-08-23 01:05:49.749 [info] ExtensionService#_doActivateExtension vscode.merge-conflict, startup: false, activationEvent: 'onStartupFinished'
2024-08-23 01:05:49.751 [info] ExtensionService#_doActivateExtension asvetliakov.vscode-neovim, startup: false, activationEvent: 'onStartupFinished'
2024-08-23 01:06:11.152 [info] Extension host terminating: renderer closed the MessagePort
2024-08-23 01:06:11.212 [warning] ExtHostTextEditorOptions 'setCursorStyle' failed:'
2024-08-23 01:06:11.217 [warning] Canceled
2024-08-23 01:06:11.218 [error] Canceled: Canceled
	at new T (/nix/store/3j0nsr6g8fc0kb20hxhvfnsh83bk0fg6-vscodium-1.91.1.24193/lib/vscode/resources/app/out/vs/workbench/api/node/extensionHostProcess.js:144:39096)
	at y._remoteCall (/nix/store/3j0nsr6g8fc0kb20hxhvfnsh83bk0fg6-vscodium-1.91.1.24193/lib/vscode/resources/app/out/vs/workbench/api/node/extensionHostProcess.js:151:8166)
	at U.<computed>.F.charCodeAt.R.CharCode.DollarSign.U.<computed> (/nix/store/3j0nsr6g8fc0kb20hxhvfnsh83bk0fg6-vscodium-1.91.1.24193/lib/vscode/resources/app/out/vs/workbench/api/node/extensionHostProcess.js:151:4351)
	at f._doExecuteCommand (/nix/store/3j0nsr6g8fc0kb20hxhvfnsh83bk0fg6-vscodium-1.91.1.24193/lib/vscode/resources/app/out/vs/workbench/api/node/extensionHostProcess.js:154:241286)
	at f.executeCommand (/nix/store/3j0nsr6g8fc0kb20hxhvfnsh83bk0fg6-vscodium-1.91.1.24193/lib/vscode/resources/app/out/vs/workbench/api/node/extensionHostProcess.js:154:240611)
	at k.registerCommand.description (/nix/store/3j0nsr6g8fc0kb20hxhvfnsh83bk0fg6-vscodium-1.91.1.24193/lib/vscode/resources/app/out/vs/workbench/api/node/extensionHostProcess.js:154:239855)
	at f._executeContributedCommand (/nix/store/3j0nsr6g8fc0kb20hxhvfnsh83bk0fg6-vscodium-1.91.1.24193/lib/vscode/resources/app/out/vs/workbench/api/node/extensionHostProcess.js:154:241924)
	at f._doExecuteCommand (/nix/store/3j0nsr6g8fc0kb20hxhvfnsh83bk0fg6-vscodium-1.91.1.24193/lib/vscode/resources/app/out/vs/workbench/api/node/extensionHostProcess.js:154:240744)
	at f.executeCommand (/nix/store/3j0nsr6g8fc0kb20hxhvfnsh83bk0fg6-vscodium-1.91.1.24193/lib/vscode/resources/app/out/vs/workbench/api/node/extensionHostProcess.js:154:240611)
	at Object.executeCommand (/nix/store/3j0nsr6g8fc0kb20hxhvfnsh83bk0fg6-vscodium-1.91.1.24193/lib/vscode/resources/app/out/vs/workbench/api/node/extensionHostProcess.js:164:29715)
	at T.reset (/home/ser/.vscode-oss/extensions/asvetliakov.vscode-neovim-1.18.7-universal/dist/extension.js:2:187723)
	at l.<anonymous> (/home/ser/.vscode-oss/extensions/asvetliakov.vscode-neovim-1.18.7-universal/dist/extension.js:2:421141)
	at l.dispose (/nix/store/3j0nsr6g8fc0kb20hxhvfnsh83bk0fg6-vscodium-1.91.1.24193/lib/vscode/resources/app/out/vs/workbench/api/node/extensionHostProcess.js:152:6342)
	at h (/nix/store/3j0nsr6g8fc0kb20hxhvfnsh83bk0fg6-vscodium-1.91.1.24193/lib/vscode/resources/app/out/vs/workbench/api/node/extensionHostProcess.js:30:758)
	at m._deactivate (/nix/store/3j0nsr6g8fc0kb20hxhvfnsh83bk0fg6-vscodium-1.91.1.24193/lib/vscode/resources/app/out/vs/workbench/api/node/extensionHostProcess.js:160:13048)
	at /nix/store/3j0nsr6g8fc0kb20hxhvfnsh83bk0fg6-vscodium-1.91.1.24193/lib/vscode/resources/app/out/vs/workbench/api/node/extensionHostProcess.js:160:10194
	at Array.map (<anonymous>)
	at m._deactivateAll (/nix/store/3j0nsr6g8fc0kb20hxhvfnsh83bk0fg6-vscodium-1.91.1.24193/lib/vscode/resources/app/out/vs/workbench/api/node/extensionHostProcess.js:160:10181)
	at m.terminate (/nix/store/3j0nsr6g8fc0kb20hxhvfnsh83bk0fg6-vscodium-1.91.1.24193/lib/vscode/resources/app/out/vs/workbench/api/node/extensionHostProcess.js:160:10564)
	at h.terminate (/nix/store/3j0nsr6g8fc0kb20hxhvfnsh83bk0fg6-vscodium-1.91.1.24193/lib/vscode/resources/app/out/vs/workbench/api/node/extensionHostProcess.js:164:1908)
	at i (/nix/store/3j0nsr6g8fc0kb20hxhvfnsh83bk0fg6-vscodium-1.91.1.24193/lib/vscode/resources/app/out/vs/workbench/api/node/extensionHostProcess.js:177:12354)
	at MessagePortMain.<anonymous> (/nix/store/3j0nsr6g8fc0kb20hxhvfnsh83bk0fg6-vscodium-1.91.1.24193/lib/vscode/resources/app/out/vs/workbench/api/node/extensionHostProcess.js:177:8164)
	at MessagePortMain.emit (node:events:514:28)
	at MessagePortMain._internalPort.emit (node:electron/js2c/utility_init:2:2285) setContext undefined
2024-08-23 01:06:11.218 [error] Canceled: Canceled
	at new T (/nix/store/3j0nsr6g8fc0kb20hxhvfnsh83bk0fg6-vscodium-1.91.1.24193/lib/vscode/resources/app/out/vs/workbench/api/node/extensionHostProcess.js:144:39096)
	at y._remoteCall (/nix/store/3j0nsr6g8fc0kb20hxhvfnsh83bk0fg6-vscodium-1.91.1.24193/lib/vscode/resources/app/out/vs/workbench/api/node/extensionHostProcess.js:151:8166)
	at U.<computed>.F.charCodeAt.R.CharCode.DollarSign.U.<computed> (/nix/store/3j0nsr6g8fc0kb20hxhvfnsh83bk0fg6-vscodium-1.91.1.24193/lib/vscode/resources/app/out/vs/workbench/api/node/extensionHostProcess.js:151:4351)
	at f._doExecuteCommand (/nix/store/3j0nsr6g8fc0kb20hxhvfnsh83bk0fg6-vscodium-1.91.1.24193/lib/vscode/resources/app/out/vs/workbench/api/node/extensionHostProcess.js:154:241286)
	at f.executeCommand (/nix/store/3j0nsr6g8fc0kb20hxhvfnsh83bk0fg6-vscodium-1.91.1.24193/lib/vscode/resources/app/out/vs/workbench/api/node/extensionHostProcess.js:154:240611)
	at k.registerCommand.description (/nix/store/3j0nsr6g8fc0kb20hxhvfnsh83bk0fg6-vscodium-1.91.1.24193/lib/vscode/resources/app/out/vs/workbench/api/node/extensionHostProcess.js:154:239855)
	at f._executeContributedCommand (/nix/store/3j0nsr6g8fc0kb20hxhvfnsh83bk0fg6-vscodium-1.91.1.24193/lib/vscode/resources/app/out/vs/workbench/api/node/extensionHostProcess.js:154:241924)
	at f._doExecuteCommand (/nix/store/3j0nsr6g8fc0kb20hxhvfnsh83bk0fg6-vscodium-1.91.1.24193/lib/vscode/resources/app/out/vs/workbench/api/node/extensionHostProcess.js:154:240744)
	at f.executeCommand (/nix/store/3j0nsr6g8fc0kb20hxhvfnsh83bk0fg6-vscodium-1.91.1.24193/lib/vscode/resources/app/out/vs/workbench/api/node/extensionHostProcess.js:154:240611)
	at Object.executeCommand (/nix/store/3j0nsr6g8fc0kb20hxhvfnsh83bk0fg6-vscodium-1.91.1.24193/lib/vscode/resources/app/out/vs/workbench/api/node/extensionHostProcess.js:164:29715)
	at T.reset (/home/ser/.vscode-oss/extensions/asvetliakov.vscode-neovim-1.18.7-universal/dist/extension.js:2:187723)
	at l.<anonymous> (/home/ser/.vscode-oss/extensions/asvetliakov.vscode-neovim-1.18.7-universal/dist/extension.js:2:421141)
	at l.dispose (/nix/store/3j0nsr6g8fc0kb20hxhvfnsh83bk0fg6-vscodium-1.91.1.24193/lib/vscode/resources/app/out/vs/workbench/api/node/extensionHostProcess.js:152:6342)
	at h (/nix/store/3j0nsr6g8fc0kb20hxhvfnsh83bk0fg6-vscodium-1.91.1.24193/lib/vscode/resources/app/out/vs/workbench/api/node/extensionHostProcess.js:30:758)
	at m._deactivate (/nix/store/3j0nsr6g8fc0kb20hxhvfnsh83bk0fg6-vscodium-1.91.1.24193/lib/vscode/resources/app/out/vs/workbench/api/node/extensionHostProcess.js:160:13048)
	at /nix/store/3j0nsr6g8fc0kb20hxhvfnsh83bk0fg6-vscodium-1.91.1.24193/lib/vscode/resources/app/out/vs/workbench/api/node/extensionHostProcess.js:160:10194
	at Array.map (<anonymous>)
	at m._deactivateAll (/nix/store/3j0nsr6g8fc0kb20hxhvfnsh83bk0fg6-vscodium-1.91.1.24193/lib/vscode/resources/app/out/vs/workbench/api/node/extensionHostProcess.js:160:10181)
	at m.terminate (/nix/store/3j0nsr6g8fc0kb20hxhvfnsh83bk0fg6-vscodium-1.91.1.24193/lib/vscode/resources/app/out/vs/workbench/api/node/extensionHostProcess.js:160:10564)
	at h.terminate (/nix/store/3j0nsr6g8fc0kb20hxhvfnsh83bk0fg6-vscodium-1.91.1.24193/lib/vscode/resources/app/out/vs/workbench/api/node/extensionHostProcess.js:164:1908)
	at i (/nix/store/3j0nsr6g8fc0kb20hxhvfnsh83bk0fg6-vscodium-1.91.1.24193/lib/vscode/resources/app/out/vs/workbench/api/node/extensionHostProcess.js:177:12354)
	at MessagePortMain.<anonymous> (/nix/store/3j0nsr6g8fc0kb20hxhvfnsh83bk0fg6-vscodium-1.91.1.24193/lib/vscode/resources/app/out/vs/workbench/api/node/extensionHostProcess.js:177:8164)
	at MessagePortMain.emit (node:events:514:28)
	at MessagePortMain._internalPort.emit (node:electron/js2c/utility_init:2:2285) setContext undefined
2024-08-23 01:06:11.218 [error] Canceled: Canceled
	at new T (/nix/store/3j0nsr6g8fc0kb20hxhvfnsh83bk0fg6-vscodium-1.91.1.24193/lib/vscode/resources/app/out/vs/workbench/api/node/extensionHostProcess.js:144:39096)
	at y._remoteCall (/nix/store/3j0nsr6g8fc0kb20hxhvfnsh83bk0fg6-vscodium-1.91.1.24193/lib/vscode/resources/app/out/vs/workbench/api/node/extensionHostProcess.js:151:8166)
	at U.<computed>.F.charCodeAt.R.CharCode.DollarSign.U.<computed> (/nix/store/3j0nsr6g8fc0kb20hxhvfnsh83bk0fg6-vscodium-1.91.1.24193/lib/vscode/resources/app/out/vs/workbench/api/node/extensionHostProcess.js:151:4351)
	at f._doExecuteCommand (/nix/store/3j0nsr6g8fc0kb20hxhvfnsh83bk0fg6-vscodium-1.91.1.24193/lib/vscode/resources/app/out/vs/workbench/api/node/extensionHostProcess.js:154:241286)
	at f.executeCommand (/nix/store/3j0nsr6g8fc0kb20hxhvfnsh83bk0fg6-vscodium-1.91.1.24193/lib/vscode/resources/app/out/vs/workbench/api/node/extensionHostProcess.js:154:240611)
	at k.registerCommand.description (/nix/store/3j0nsr6g8fc0kb20hxhvfnsh83bk0fg6-vscodium-1.91.1.24193/lib/vscode/resources/app/out/vs/workbench/api/node/extensionHostProcess.js:154:239855)
	at f._executeContributedCommand (/nix/store/3j0nsr6g8fc0kb20hxhvfnsh83bk0fg6-vscodium-1.91.1.24193/lib/vscode/resources/app/out/vs/workbench/api/node/extensionHostProcess.js:154:241924)
	at f._doExecuteCommand (/nix/store/3j0nsr6g8fc0kb20hxhvfnsh83bk0fg6-vscodium-1.91.1.24193/lib/vscode/resources/app/out/vs/workbench/api/node/extensionHostProcess.js:154:240744)
	at f.executeCommand (/nix/store/3j0nsr6g8fc0kb20hxhvfnsh83bk0fg6-vscodium-1.91.1.24193/lib/vscode/resources/app/out/vs/workbench/api/node/extensionHostProcess.js:154:240611)
	at Object.executeCommand (/nix/store/3j0nsr6g8fc0kb20hxhvfnsh83bk0fg6-vscodium-1.91.1.24193/lib/vscode/resources/app/out/vs/workbench/api/node/extensionHostProcess.js:164:29715)
	at T.reset (/home/ser/.vscode-oss/extensions/asvetliakov.vscode-neovim-1.18.7-universal/dist/extension.js:2:187723)
	at l.<anonymous> (/home/ser/.vscode-oss/extensions/asvetliakov.vscode-neovim-1.18.7-universal/dist/extension.js:2:421141)
	at l.dispose (/nix/store/3j0nsr6g8fc0kb20hxhvfnsh83bk0fg6-vscodium-1.91.1.24193/lib/vscode/resources/app/out/vs/workbench/api/node/extensionHostProcess.js:152:6342)
	at h (/nix/store/3j0nsr6g8fc0kb20hxhvfnsh83bk0fg6-vscodium-1.91.1.24193/lib/vscode/resources/app/out/vs/workbench/api/node/extensionHostProcess.js:30:758)
	at m._deactivate (/nix/store/3j0nsr6g8fc0kb20hxhvfnsh83bk0fg6-vscodium-1.91.1.24193/lib/vscode/resources/app/out/vs/workbench/api/node/extensionHostProcess.js:160:13048)
	at /nix/store/3j0nsr6g8fc0kb20hxhvfnsh83bk0fg6-vscodium-1.91.1.24193/lib/vscode/resources/app/out/vs/workbench/api/node/extensionHostProcess.js:160:10194
	at Array.map (<anonymous>)
	at m._deactivateAll (/nix/store/3j0nsr6g8fc0kb20hxhvfnsh83bk0fg6-vscodium-1.91.1.24193/lib/vscode/resources/app/out/vs/workbench/api/node/extensionHostProcess.js:160:10181)
	at m.terminate (/nix/store/3j0nsr6g8fc0kb20hxhvfnsh83bk0fg6-vscodium-1.91.1.24193/lib/vscode/resources/app/out/vs/workbench/api/node/extensionHostProcess.js:160:10564)
	at h.terminate (/nix/store/3j0nsr6g8fc0kb20hxhvfnsh83bk0fg6-vscodium-1.91.1.24193/lib/vscode/resources/app/out/vs/workbench/api/node/extensionHostProcess.js:164:1908)
	at i (/nix/store/3j0nsr6g8fc0kb20hxhvfnsh83bk0fg6-vscodium-1.91.1.24193/lib/vscode/resources/app/out/vs/workbench/api/node/extensionHostProcess.js:177:12354)
	at MessagePortMain.<anonymous> (/nix/store/3j0nsr6g8fc0kb20hxhvfnsh83bk0fg6-vscodium-1.91.1.24193/lib/vscode/resources/app/out/vs/workbench/api/node/extensionHostProcess.js:177:8164)
	at MessagePortMain.emit (node:events:514:28)
	at MessagePortMain._internalPort.emit (node:electron/js2c/utility_init:2:2285) setContext undefined
2024-08-23 01:06:11.218 [error] Canceled: Canceled
	at new T (/nix/store/3j0nsr6g8fc0kb20hxhvfnsh83bk0fg6-vscodium-1.91.1.24193/lib/vscode/resources/app/out/vs/workbench/api/node/extensionHostProcess.js:144:39096)
	at y._remoteCall (/nix/store/3j0nsr6g8fc0kb20hxhvfnsh83bk0fg6-vscodium-1.91.1.24193/lib/vscode/resources/app/out/vs/workbench/api/node/extensionHostProcess.js:151:8166)
	at U.<computed>.F.charCodeAt.R.CharCode.DollarSign.U.<computed> (/nix/store/3j0nsr6g8fc0kb20hxhvfnsh83bk0fg6-vscodium-1.91.1.24193/lib/vscode/resources/app/out/vs/workbench/api/node/extensionHostProcess.js:151:4351)
	at f._doExecuteCommand (/nix/store/3j0nsr6g8fc0kb20hxhvfnsh83bk0fg6-vscodium-1.91.1.24193/lib/vscode/resources/app/out/vs/workbench/api/node/extensionHostProcess.js:154:241286)
	at f.executeCommand (/nix/store/3j0nsr6g8fc0kb20hxhvfnsh83bk0fg6-vscodium-1.91.1.24193/lib/vscode/resources/app/out/vs/workbench/api/node/extensionHostProcess.js:154:240611)
	at k.registerCommand.description (/nix/store/3j0nsr6g8fc0kb20hxhvfnsh83bk0fg6-vscodium-1.91.1.24193/lib/vscode/resources/app/out/vs/workbench/api/node/extensionHostProcess.js:154:239855)
	at f._executeContributedCommand (/nix/store/3j0nsr6g8fc0kb20hxhvfnsh83bk0fg6-vscodium-1.91.1.24193/lib/vscode/resources/app/out/vs/workbench/api/node/extensionHostProcess.js:154:241924)
	at f._doExecuteCommand (/nix/store/3j0nsr6g8fc0kb20hxhvfnsh83bk0fg6-vscodium-1.91.1.24193/lib/vscode/resources/app/out/vs/workbench/api/node/extensionHostProcess.js:154:240744)
	at f.executeCommand (/nix/store/3j0nsr6g8fc0kb20hxhvfnsh83bk0fg6-vscodium-1.91.1.24193/lib/vscode/resources/app/out/vs/workbench/api/node/extensionHostProcess.js:154:240611)
	at Object.executeCommand (/nix/store/3j0nsr6g8fc0kb20hxhvfnsh83bk0fg6-vscodium-1.91.1.24193/lib/vscode/resources/app/out/vs/workbench/api/node/extensionHostProcess.js:164:29715)
	at T.reset (/home/ser/.vscode-oss/extensions/asvetliakov.vscode-neovim-1.18.7-universal/dist/extension.js:2:187723)
	at l.<anonymous> (/home/ser/.vscode-oss/extensions/asvetliakov.vscode-neovim-1.18.7-universal/dist/extension.js:2:421141)
	at l.dispose (/nix/store/3j0nsr6g8fc0kb20hxhvfnsh83bk0fg6-vscodium-1.91.1.24193/lib/vscode/resources/app/out/vs/workbench/api/node/extensionHostProcess.js:152:6342)
	at h (/nix/store/3j0nsr6g8fc0kb20hxhvfnsh83bk0fg6-vscodium-1.91.1.24193/lib/vscode/resources/app/out/vs/workbench/api/node/extensionHostProcess.js:30:758)
	at m._deactivate (/nix/store/3j0nsr6g8fc0kb20hxhvfnsh83bk0fg6-vscodium-1.91.1.24193/lib/vscode/resources/app/out/vs/workbench/api/node/extensionHostProcess.js:160:13048)
	at /nix/store/3j0nsr6g8fc0kb20hxhvfnsh83bk0fg6-vscodium-1.91.1.24193/lib/vscode/resources/app/out/vs/workbench/api/node/extensionHostProcess.js:160:10194
	at Array.map (<anonymous>)
	at m._deactivateAll (/nix/store/3j0nsr6g8fc0kb20hxhvfnsh83bk0fg6-vscodium-1.91.1.24193/lib/vscode/resources/app/out/vs/workbench/api/node/extensionHostProcess.js:160:10181)
	at m.terminate (/nix/store/3j0nsr6g8fc0kb20hxhvfnsh83bk0fg6-vscodium-1.91.1.24193/lib/vscode/resources/app/out/vs/workbench/api/node/extensionHostProcess.js:160:10564)
	at h.terminate (/nix/store/3j0nsr6g8fc0kb20hxhvfnsh83bk0fg6-vscodium-1.91.1.24193/lib/vscode/resources/app/out/vs/workbench/api/node/extensionHostProcess.js:164:1908)
	at i (/nix/store/3j0nsr6g8fc0kb20hxhvfnsh83bk0fg6-vscodium-1.91.1.24193/lib/vscode/resources/app/out/vs/workbench/api/node/extensionHostProcess.js:177:12354)
	at MessagePortMain.<anonymous> (/nix/store/3j0nsr6g8fc0kb20hxhvfnsh83bk0fg6-vscodium-1.91.1.24193/lib/vscode/resources/app/out/vs/workbench/api/node/extensionHostProcess.js:177:8164)
	at MessagePortMain.emit (node:events:514:28)
	at MessagePortMain._internalPort.emit (node:electron/js2c/utility_init:2:2285) setContext undefined
2024-08-23 01:06:11.218 [error] Canceled: Canceled
	at new T (/nix/store/3j0nsr6g8fc0kb20hxhvfnsh83bk0fg6-vscodium-1.91.1.24193/lib/vscode/resources/app/out/vs/workbench/api/node/extensionHostProcess.js:144:39096)
	at y._remoteCall (/nix/store/3j0nsr6g8fc0kb20hxhvfnsh83bk0fg6-vscodium-1.91.1.24193/lib/vscode/resources/app/out/vs/workbench/api/node/extensionHostProcess.js:151:8166)
	at U.<computed>.F.charCodeAt.R.CharCode.DollarSign.U.<computed> (/nix/store/3j0nsr6g8fc0kb20hxhvfnsh83bk0fg6-vscodium-1.91.1.24193/lib/vscode/resources/app/out/vs/workbench/api/node/extensionHostProcess.js:151:4351)
	at f._doExecuteCommand (/nix/store/3j0nsr6g8fc0kb20hxhvfnsh83bk0fg6-vscodium-1.91.1.24193/lib/vscode/resources/app/out/vs/workbench/api/node/extensionHostProcess.js:154:241286)
	at f.executeCommand (/nix/store/3j0nsr6g8fc0kb20hxhvfnsh83bk0fg6-vscodium-1.91.1.24193/lib/vscode/resources/app/out/vs/workbench/api/node/extensionHostProcess.js:154:240611)
	at k.registerCommand.description (/nix/store/3j0nsr6g8fc0kb20hxhvfnsh83bk0fg6-vscodium-1.91.1.24193/lib/vscode/resources/app/out/vs/workbench/api/node/extensionHostProcess.js:154:239855)
	at f._executeContributedCommand (/nix/store/3j0nsr6g8fc0kb20hxhvfnsh83bk0fg6-vscodium-1.91.1.24193/lib/vscode/resources/app/out/vs/workbench/api/node/extensionHostProcess.js:154:241924)
	at f._doExecuteCommand (/nix/store/3j0nsr6g8fc0kb20hxhvfnsh83bk0fg6-vscodium-1.91.1.24193/lib/vscode/resources/app/out/vs/workbench/api/node/extensionHostProcess.js:154:240744)
	at f.executeCommand (/nix/store/3j0nsr6g8fc0kb20hxhvfnsh83bk0fg6-vscodium-1.91.1.24193/lib/vscode/resources/app/out/vs/workbench/api/node/extensionHostProcess.js:154:240611)
	at Object.executeCommand (/nix/store/3j0nsr6g8fc0kb20hxhvfnsh83bk0fg6-vscodium-1.91.1.24193/lib/vscode/resources/app/out/vs/workbench/api/node/extensionHostProcess.js:164:29715)
	at T.reset (/home/ser/.vscode-oss/extensions/asvetliakov.vscode-neovim-1.18.7-universal/dist/extension.js:2:187723)
	at l.<anonymous> (/home/ser/.vscode-oss/extensions/asvetliakov.vscode-neovim-1.18.7-universal/dist/extension.js:2:421141)
	at l.dispose (/nix/store/3j0nsr6g8fc0kb20hxhvfnsh83bk0fg6-vscodium-1.91.1.24193/lib/vscode/resources/app/out/vs/workbench/api/node/extensionHostProcess.js:152:6342)
	at h (/nix/store/3j0nsr6g8fc0kb20hxhvfnsh83bk0fg6-vscodium-1.91.1.24193/lib/vscode/resources/app/out/vs/workbench/api/node/extensionHostProcess.js:30:758)
	at m._deactivate (/nix/store/3j0nsr6g8fc0kb20hxhvfnsh83bk0fg6-vscodium-1.91.1.24193/lib/vscode/resources/app/out/vs/workbench/api/node/extensionHostProcess.js:160:13048)
	at /nix/store/3j0nsr6g8fc0kb20hxhvfnsh83bk0fg6-vscodium-1.91.1.24193/lib/vscode/resources/app/out/vs/workbench/api/node/extensionHostProcess.js:160:10194
	at Array.map (<anonymous>)
	at m._deactivateAll (/nix/store/3j0nsr6g8fc0kb20hxhvfnsh83bk0fg6-vscodium-1.91.1.24193/lib/vscode/resources/app/out/vs/workbench/api/node/extensionHostProcess.js:160:10181)
	at m.terminate (/nix/store/3j0nsr6g8fc0kb20hxhvfnsh83bk0fg6-vscodium-1.91.1.24193/lib/vscode/resources/app/out/vs/workbench/api/node/extensionHostProcess.js:160:10564)
	at h.terminate (/nix/store/3j0nsr6g8fc0kb20hxhvfnsh83bk0fg6-vscodium-1.91.1.24193/lib/vscode/resources/app/out/vs/workbench/api/node/extensionHostProcess.js:164:1908)
	at i (/nix/store/3j0nsr6g8fc0kb20hxhvfnsh83bk0fg6-vscodium-1.91.1.24193/lib/vscode/resources/app/out/vs/workbench/api/node/extensionHostProcess.js:177:12354)
	at MessagePortMain.<anonymous> (/nix/store/3j0nsr6g8fc0kb20hxhvfnsh83bk0fg6-vscodium-1.91.1.24193/lib/vscode/resources/app/out/vs/workbench/api/node/extensionHostProcess.js:177:8164)
	at MessagePortMain.emit (node:events:514:28)
	at MessagePortMain._internalPort.emit (node:electron/js2c/utility_init:2:2285) setContext undefined
2024-08-23 01:06:11.219 [error] Canceled: Canceled
	at new T (/nix/store/3j0nsr6g8fc0kb20hxhvfnsh83bk0fg6-vscodium-1.91.1.24193/lib/vscode/resources/app/out/vs/workbench/api/node/extensionHostProcess.js:144:39096)
	at y._remoteCall (/nix/store/3j0nsr6g8fc0kb20hxhvfnsh83bk0fg6-vscodium-1.91.1.24193/lib/vscode/resources/app/out/vs/workbench/api/node/extensionHostProcess.js:151:8166)
	at U.<computed>.F.charCodeAt.R.CharCode.DollarSign.U.<computed> (/nix/store/3j0nsr6g8fc0kb20hxhvfnsh83bk0fg6-vscodium-1.91.1.24193/lib/vscode/resources/app/out/vs/workbench/api/node/extensionHostProcess.js:151:4351)
	at f._doExecuteCommand (/nix/store/3j0nsr6g8fc0kb20hxhvfnsh83bk0fg6-vscodium-1.91.1.24193/lib/vscode/resources/app/out/vs/workbench/api/node/extensionHostProcess.js:154:241286)
	at f.executeCommand (/nix/store/3j0nsr6g8fc0kb20hxhvfnsh83bk0fg6-vscodium-1.91.1.24193/lib/vscode/resources/app/out/vs/workbench/api/node/extensionHostProcess.js:154:240611)
	at k.registerCommand.description (/nix/store/3j0nsr6g8fc0kb20hxhvfnsh83bk0fg6-vscodium-1.91.1.24193/lib/vscode/resources/app/out/vs/workbench/api/node/extensionHostProcess.js:154:239855)
	at f._executeContributedCommand (/nix/store/3j0nsr6g8fc0kb20hxhvfnsh83bk0fg6-vscodium-1.91.1.24193/lib/vscode/resources/app/out/vs/workbench/api/node/extensionHostProcess.js:154:241924)
	at f._doExecuteCommand (/nix/store/3j0nsr6g8fc0kb20hxhvfnsh83bk0fg6-vscodium-1.91.1.24193/lib/vscode/resources/app/out/vs/workbench/api/node/extensionHostProcess.js:154:240744)
	at f.executeCommand (/nix/store/3j0nsr6g8fc0kb20hxhvfnsh83bk0fg6-vscodium-1.91.1.24193/lib/vscode/resources/app/out/vs/workbench/api/node/extensionHostProcess.js:154:240611)
	at Object.executeCommand (/nix/store/3j0nsr6g8fc0kb20hxhvfnsh83bk0fg6-vscodium-1.91.1.24193/lib/vscode/resources/app/out/vs/workbench/api/node/extensionHostProcess.js:164:29715)
	at T.reset (/home/ser/.vscode-oss/extensions/asvetliakov.vscode-neovim-1.18.7-universal/dist/extension.js:2:187723)
	at l.<anonymous> (/home/ser/.vscode-oss/extensions/asvetliakov.vscode-neovim-1.18.7-universal/dist/extension.js:2:421141)
	at l.dispose (/nix/store/3j0nsr6g8fc0kb20hxhvfnsh83bk0fg6-vscodium-1.91.1.24193/lib/vscode/resources/app/out/vs/workbench/api/node/extensionHostProcess.js:152:6342)
	at h (/nix/store/3j0nsr6g8fc0kb20hxhvfnsh83bk0fg6-vscodium-1.91.1.24193/lib/vscode/resources/app/out/vs/workbench/api/node/extensionHostProcess.js:30:758)
	at m._deactivate (/nix/store/3j0nsr6g8fc0kb20hxhvfnsh83bk0fg6-vscodium-1.91.1.24193/lib/vscode/resources/app/out/vs/workbench/api/node/extensionHostProcess.js:160:13048)
	at /nix/store/3j0nsr6g8fc0kb20hxhvfnsh83bk0fg6-vscodium-1.91.1.24193/lib/vscode/resources/app/out/vs/workbench/api/node/extensionHostProcess.js:160:10194
	at Array.map (<anonymous>)
	at m._deactivateAll (/nix/store/3j0nsr6g8fc0kb20hxhvfnsh83bk0fg6-vscodium-1.91.1.24193/lib/vscode/resources/app/out/vs/workbench/api/node/extensionHostProcess.js:160:10181)
	at m.terminate (/nix/store/3j0nsr6g8fc0kb20hxhvfnsh83bk0fg6-vscodium-1.91.1.24193/lib/vscode/resources/app/out/vs/workbench/api/node/extensionHostProcess.js:160:10564)
	at h.terminate (/nix/store/3j0nsr6g8fc0kb20hxhvfnsh83bk0fg6-vscodium-1.91.1.24193/lib/vscode/resources/app/out/vs/workbench/api/node/extensionHostProcess.js:164:1908)
	at i (/nix/store/3j0nsr6g8fc0kb20hxhvfnsh83bk0fg6-vscodium-1.91.1.24193/lib/vscode/resources/app/out/vs/workbench/api/node/extensionHostProcess.js:177:12354)
	at MessagePortMain.<anonymous> (/nix/store/3j0nsr6g8fc0kb20hxhvfnsh83bk0fg6-vscodium-1.91.1.24193/lib/vscode/resources/app/out/vs/workbench/api/node/extensionHostProcess.js:177:8164)
	at MessagePortMain.emit (node:events:514:28)
	at MessagePortMain._internalPort.emit (node:electron/js2c/utility_init:2:2285) setContext undefined
2024-08-23 01:06:11.219 [error] Canceled: Canceled
	at new T (/nix/store/3j0nsr6g8fc0kb20hxhvfnsh83bk0fg6-vscodium-1.91.1.24193/lib/vscode/resources/app/out/vs/workbench/api/node/extensionHostProcess.js:144:39096)
	at y._remoteCall (/nix/store/3j0nsr6g8fc0kb20hxhvfnsh83bk0fg6-vscodium-1.91.1.24193/lib/vscode/resources/app/out/vs/workbench/api/node/extensionHostProcess.js:151:8166)
	at U.<computed>.F.charCodeAt.R.CharCode.DollarSign.U.<computed> (/nix/store/3j0nsr6g8fc0kb20hxhvfnsh83bk0fg6-vscodium-1.91.1.24193/lib/vscode/resources/app/out/vs/workbench/api/node/extensionHostProcess.js:151:4351)
	at f._doExecuteCommand (/nix/store/3j0nsr6g8fc0kb20hxhvfnsh83bk0fg6-vscodium-1.91.1.24193/lib/vscode/resources/app/out/vs/workbench/api/node/extensionHostProcess.js:154:241286)
	at f.executeCommand (/nix/store/3j0nsr6g8fc0kb20hxhvfnsh83bk0fg6-vscodium-1.91.1.24193/lib/vscode/resources/app/out/vs/workbench/api/node/extensionHostProcess.js:154:240611)
	at k.registerCommand.description (/nix/store/3j0nsr6g8fc0kb20hxhvfnsh83bk0fg6-vscodium-1.91.1.24193/lib/vscode/resources/app/out/vs/workbench/api/node/extensionHostProcess.js:154:239855)
	at f._executeContributedCommand (/nix/store/3j0nsr6g8fc0kb20hxhvfnsh83bk0fg6-vscodium-1.91.1.24193/lib/vscode/resources/app/out/vs/workbench/api/node/extensionHostProcess.js:154:241924)
	at f._doExecuteCommand (/nix/store/3j0nsr6g8fc0kb20hxhvfnsh83bk0fg6-vscodium-1.91.1.24193/lib/vscode/resources/app/out/vs/workbench/api/node/extensionHostProcess.js:154:240744)
	at f.executeCommand (/nix/store/3j0nsr6g8fc0kb20hxhvfnsh83bk0fg6-vscodium-1.91.1.24193/lib/vscode/resources/app/out/vs/workbench/api/node/extensionHostProcess.js:154:240611)
	at Object.executeCommand (/nix/store/3j0nsr6g8fc0kb20hxhvfnsh83bk0fg6-vscodium-1.91.1.24193/lib/vscode/resources/app/out/vs/workbench/api/node/extensionHostProcess.js:164:29715)
	at T.reset (/home/ser/.vscode-oss/extensions/asvetliakov.vscode-neovim-1.18.7-universal/dist/extension.js:2:187723)
	at l.<anonymous> (/home/ser/.vscode-oss/extensions/asvetliakov.vscode-neovim-1.18.7-universal/dist/extension.js:2:421141)
	at l.dispose (/nix/store/3j0nsr6g8fc0kb20hxhvfnsh83bk0fg6-vscodium-1.91.1.24193/lib/vscode/resources/app/out/vs/workbench/api/node/extensionHostProcess.js:152:6342)
	at h (/nix/store/3j0nsr6g8fc0kb20hxhvfnsh83bk0fg6-vscodium-1.91.1.24193/lib/vscode/resources/app/out/vs/workbench/api/node/extensionHostProcess.js:30:758)
	at m._deactivate (/nix/store/3j0nsr6g8fc0kb20hxhvfnsh83bk0fg6-vscodium-1.91.1.24193/lib/vscode/resources/app/out/vs/workbench/api/node/extensionHostProcess.js:160:13048)
	at /nix/store/3j0nsr6g8fc0kb20hxhvfnsh83bk0fg6-vscodium-1.91.1.24193/lib/vscode/resources/app/out/vs/workbench/api/node/extensionHostProcess.js:160:10194
	at Array.map (<anonymous>)
	at m._deactivateAll (/nix/store/3j0nsr6g8fc0kb20hxhvfnsh83bk0fg6-vscodium-1.91.1.24193/lib/vscode/resources/app/out/vs/workbench/api/node/extensionHostProcess.js:160:10181)
	at m.terminate (/nix/store/3j0nsr6g8fc0kb20hxhvfnsh83bk0fg6-vscodium-1.91.1.24193/lib/vscode/resources/app/out/vs/workbench/api/node/extensionHostProcess.js:160:10564)
	at h.terminate (/nix/store/3j0nsr6g8fc0kb20hxhvfnsh83bk0fg6-vscodium-1.91.1.24193/lib/vscode/resources/app/out/vs/workbench/api/node/extensionHostProcess.js:164:1908)
	at i (/nix/store/3j0nsr6g8fc0kb20hxhvfnsh83bk0fg6-vscodium-1.91.1.24193/lib/vscode/resources/app/out/vs/workbench/api/node/extensionHostProcess.js:177:12354)
	at MessagePortMain.<anonymous> (/nix/store/3j0nsr6g8fc0kb20hxhvfnsh83bk0fg6-vscodium-1.91.1.24193/lib/vscode/resources/app/out/vs/workbench/api/node/extensionHostProcess.js:177:8164)
	at MessagePortMain.emit (node:events:514:28)
	at MessagePortMain._internalPort.emit (node:electron/js2c/utility_init:2:2285) setContext undefined
2024-08-23 01:06:11.219 [error] Canceled: Canceled
	at new T (/nix/store/3j0nsr6g8fc0kb20hxhvfnsh83bk0fg6-vscodium-1.91.1.24193/lib/vscode/resources/app/out/vs/workbench/api/node/extensionHostProcess.js:144:39096)
	at y._remoteCall (/nix/store/3j0nsr6g8fc0kb20hxhvfnsh83bk0fg6-vscodium-1.91.1.24193/lib/vscode/resources/app/out/vs/workbench/api/node/extensionHostProcess.js:151:8166)
	at U.<computed>.F.charCodeAt.R.CharCode.DollarSign.U.<computed> (/nix/store/3j0nsr6g8fc0kb20hxhvfnsh83bk0fg6-vscodium-1.91.1.24193/lib/vscode/resources/app/out/vs/workbench/api/node/extensionHostProcess.js:151:4351)
	at f._doExecuteCommand (/nix/store/3j0nsr6g8fc0kb20hxhvfnsh83bk0fg6-vscodium-1.91.1.24193/lib/vscode/resources/app/out/vs/workbench/api/node/extensionHostProcess.js:154:241286)
	at f.executeCommand (/nix/store/3j0nsr6g8fc0kb20hxhvfnsh83bk0fg6-vscodium-1.91.1.24193/lib/vscode/resources/app/out/vs/workbench/api/node/extensionHostProcess.js:154:240611)
	at k.registerCommand.description (/nix/store/3j0nsr6g8fc0kb20hxhvfnsh83bk0fg6-vscodium-1.91.1.24193/lib/vscode/resources/app/out/vs/workbench/api/node/extensionHostProcess.js:154:239855)
	at f._executeContributedCommand (/nix/store/3j0nsr6g8fc0kb20hxhvfnsh83bk0fg6-vscodium-1.91.1.24193/lib/vscode/resources/app/out/vs/workbench/api/node/extensionHostProcess.js:154:241924)
	at f._doExecuteCommand (/nix/store/3j0nsr6g8fc0kb20hxhvfnsh83bk0fg6-vscodium-1.91.1.24193/lib/vscode/resources/app/out/vs/workbench/api/node/extensionHostProcess.js:154:240744)
	at f.executeCommand (/nix/store/3j0nsr6g8fc0kb20hxhvfnsh83bk0fg6-vscodium-1.91.1.24193/lib/vscode/resources/app/out/vs/workbench/api/node/extensionHostProcess.js:154:240611)
	at Object.executeCommand (/nix/store/3j0nsr6g8fc0kb20hxhvfnsh83bk0fg6-vscodium-1.91.1.24193/lib/vscode/resources/app/out/vs/workbench/api/node/extensionHostProcess.js:164:29715)
	at T.reset (/home/ser/.vscode-oss/extensions/asvetliakov.vscode-neovim-1.18.7-universal/dist/extension.js:2:187723)
	at l.<anonymous> (/home/ser/.vscode-oss/extensions/asvetliakov.vscode-neovim-1.18.7-universal/dist/extension.js:2:421141)
	at l.dispose (/nix/store/3j0nsr6g8fc0kb20hxhvfnsh83bk0fg6-vscodium-1.91.1.24193/lib/vscode/resources/app/out/vs/workbench/api/node/extensionHostProcess.js:152:6342)
	at h (/nix/store/3j0nsr6g8fc0kb20hxhvfnsh83bk0fg6-vscodium-1.91.1.24193/lib/vscode/resources/app/out/vs/workbench/api/node/extensionHostProcess.js:30:758)
	at m._deactivate (/nix/store/3j0nsr6g8fc0kb20hxhvfnsh83bk0fg6-vscodium-1.91.1.24193/lib/vscode/resources/app/out/vs/workbench/api/node/extensionHostProcess.js:160:13048)
	at /nix/store/3j0nsr6g8fc0kb20hxhvfnsh83bk0fg6-vscodium-1.91.1.24193/lib/vscode/resources/app/out/vs/workbench/api/node/extensionHostProcess.js:160:10194
	at Array.map (<anonymous>)
	at m._deactivateAll (/nix/store/3j0nsr6g8fc0kb20hxhvfnsh83bk0fg6-vscodium-1.91.1.24193/lib/vscode/resources/app/out/vs/workbench/api/node/extensionHostProcess.js:160:10181)
	at m.terminate (/nix/store/3j0nsr6g8fc0kb20hxhvfnsh83bk0fg6-vscodium-1.91.1.24193/lib/vscode/resources/app/out/vs/workbench/api/node/extensionHostProcess.js:160:10564)
	at h.terminate (/nix/store/3j0nsr6g8fc0kb20hxhvfnsh83bk0fg6-vscodium-1.91.1.24193/lib/vscode/resources/app/out/vs/workbench/api/node/extensionHostProcess.js:164:1908)
	at i (/nix/store/3j0nsr6g8fc0kb20hxhvfnsh83bk0fg6-vscodium-1.91.1.24193/lib/vscode/resources/app/out/vs/workbench/api/node/extensionHostProcess.js:177:12354)
	at MessagePortMain.<anonymous> (/nix/store/3j0nsr6g8fc0kb20hxhvfnsh83bk0fg6-vscodium-1.91.1.24193/lib/vscode/resources/app/out/vs/workbench/api/node/extensionHostProcess.js:177:8164)
	at MessagePortMain.emit (node:events:514:28)
	at MessagePortMain._internalPort.emit (node:electron/js2c/utility_init:2:2285) setContext undefined
2024-08-23 01:06:11.219 [error] Canceled: Canceled
	at new T (/nix/store/3j0nsr6g8fc0kb20hxhvfnsh83bk0fg6-vscodium-1.91.1.24193/lib/vscode/resources/app/out/vs/workbench/api/node/extensionHostProcess.js:144:39096)
	at y._remoteCall (/nix/store/3j0nsr6g8fc0kb20hxhvfnsh83bk0fg6-vscodium-1.91.1.24193/lib/vscode/resources/app/out/vs/workbench/api/node/extensionHostProcess.js:151:8166)
	at U.<computed>.F.charCodeAt.R.CharCode.DollarSign.U.<computed> (/nix/store/3j0nsr6g8fc0kb20hxhvfnsh83bk0fg6-vscodium-1.91.1.24193/lib/vscode/resources/app/out/vs/workbench/api/node/extensionHostProcess.js:151:4351)
	at f._doExecuteCommand (/nix/store/3j0nsr6g8fc0kb20hxhvfnsh83bk0fg6-vscodium-1.91.1.24193/lib/vscode/resources/app/out/vs/workbench/api/node/extensionHostProcess.js:154:241286)
	at f.executeCommand (/nix/store/3j0nsr6g8fc0kb20hxhvfnsh83bk0fg6-vscodium-1.91.1.24193/lib/vscode/resources/app/out/vs/workbench/api/node/extensionHostProcess.js:154:240611)
	at k.registerCommand.description (/nix/store/3j0nsr6g8fc0kb20hxhvfnsh83bk0fg6-vscodium-1.91.1.24193/lib/vscode/resources/app/out/vs/workbench/api/node/extensionHostProcess.js:154:239855)
	at f._executeContributedCommand (/nix/store/3j0nsr6g8fc0kb20hxhvfnsh83bk0fg6-vscodium-1.91.1.24193/lib/vscode/resources/app/out/vs/workbench/api/node/extensionHostProcess.js:154:241924)
	at f._doExecuteCommand (/nix/store/3j0nsr6g8fc0kb20hxhvfnsh83bk0fg6-vscodium-1.91.1.24193/lib/vscode/resources/app/out/vs/workbench/api/node/extensionHostProcess.js:154:240744)
	at f.executeCommand (/nix/store/3j0nsr6g8fc0kb20hxhvfnsh83bk0fg6-vscodium-1.91.1.24193/lib/vscode/resources/app/out/vs/workbench/api/node/extensionHostProcess.js:154:240611)
	at Object.executeCommand (/nix/store/3j0nsr6g8fc0kb20hxhvfnsh83bk0fg6-vscodium-1.91.1.24193/lib/vscode/resources/app/out/vs/workbench/api/node/extensionHostProcess.js:164:29715)
	at T.reset (/home/ser/.vscode-oss/extensions/asvetliakov.vscode-neovim-1.18.7-universal/dist/extension.js:2:187723)
	at l.<anonymous> (/home/ser/.vscode-oss/extensions/asvetliakov.vscode-neovim-1.18.7-universal/dist/extension.js:2:421141)
	at l.dispose (/nix/store/3j0nsr6g8fc0kb20hxhvfnsh83bk0fg6-vscodium-1.91.1.24193/lib/vscode/resources/app/out/vs/workbench/api/node/extensionHostProcess.js:152:6342)
	at h (/nix/store/3j0nsr6g8fc0kb20hxhvfnsh83bk0fg6-vscodium-1.91.1.24193/lib/vscode/resources/app/out/vs/workbench/api/node/extensionHostProcess.js:30:758)
	at m._deactivate (/nix/store/3j0nsr6g8fc0kb20hxhvfnsh83bk0fg6-vscodium-1.91.1.24193/lib/vscode/resources/app/out/vs/workbench/api/node/extensionHostProcess.js:160:13048)
	at /nix/store/3j0nsr6g8fc0kb20hxhvfnsh83bk0fg6-vscodium-1.91.1.24193/lib/vscode/resources/app/out/vs/workbench/api/node/extensionHostProcess.js:160:10194
	at Array.map (<anonymous>)
	at m._deactivateAll (/nix/store/3j0nsr6g8fc0kb20hxhvfnsh83bk0fg6-vscodium-1.91.1.24193/lib/vscode/resources/app/out/vs/workbench/api/node/extensionHostProcess.js:160:10181)
	at m.terminate (/nix/store/3j0nsr6g8fc0kb20hxhvfnsh83bk0fg6-vscodium-1.91.1.24193/lib/vscode/resources/app/out/vs/workbench/api/node/extensionHostProcess.js:160:10564)
	at h.terminate (/nix/store/3j0nsr6g8fc0kb20hxhvfnsh83bk0fg6-vscodium-1.91.1.24193/lib/vscode/resources/app/out/vs/workbench/api/node/extensionHostProcess.js:164:1908)
	at i (/nix/store/3j0nsr6g8fc0kb20hxhvfnsh83bk0fg6-vscodium-1.91.1.24193/lib/vscode/resources/app/out/vs/workbench/api/node/extensionHostProcess.js:177:12354)
	at MessagePortMain.<anonymous> (/nix/store/3j0nsr6g8fc0kb20hxhvfnsh83bk0fg6-vscodium-1.91.1.24193/lib/vscode/resources/app/out/vs/workbench/api/node/extensionHostProcess.js:177:8164)
	at MessagePortMain.emit (node:events:514:28)
	at MessagePortMain._internalPort.emit (node:electron/js2c/utility_init:2:2285) setContext undefined
2024-08-23 01:06:11.219 [error] Canceled: Canceled
	at new T (/nix/store/3j0nsr6g8fc0kb20hxhvfnsh83bk0fg6-vscodium-1.91.1.24193/lib/vscode/resources/app/out/vs/workbench/api/node/extensionHostProcess.js:144:39096)
	at y._remoteCall (/nix/store/3j0nsr6g8fc0kb20hxhvfnsh83bk0fg6-vscodium-1.91.1.24193/lib/vscode/resources/app/out/vs/workbench/api/node/extensionHostProcess.js:151:8166)
	at U.<computed>.F.charCodeAt.R.CharCode.DollarSign.U.<computed> (/nix/store/3j0nsr6g8fc0kb20hxhvfnsh83bk0fg6-vscodium-1.91.1.24193/lib/vscode/resources/app/out/vs/workbench/api/node/extensionHostProcess.js:151:4351)
	at f._doExecuteCommand (/nix/store/3j0nsr6g8fc0kb20hxhvfnsh83bk0fg6-vscodium-1.91.1.24193/lib/vscode/resources/app/out/vs/workbench/api/node/extensionHostProcess.js:154:241286)
	at f.executeCommand (/nix/store/3j0nsr6g8fc0kb20hxhvfnsh83bk0fg6-vscodium-1.91.1.24193/lib/vscode/resources/app/out/vs/workbench/api/node/extensionHostProcess.js:154:240611)
	at k.registerCommand.description (/nix/store/3j0nsr6g8fc0kb20hxhvfnsh83bk0fg6-vscodium-1.91.1.24193/lib/vscode/resources/app/out/vs/workbench/api/node/extensionHostProcess.js:154:239855)
	at f._executeContributedCommand (/nix/store/3j0nsr6g8fc0kb20hxhvfnsh83bk0fg6-vscodium-1.91.1.24193/lib/vscode/resources/app/out/vs/workbench/api/node/extensionHostProcess.js:154:241924)
	at f._doExecuteCommand (/nix/store/3j0nsr6g8fc0kb20hxhvfnsh83bk0fg6-vscodium-1.91.1.24193/lib/vscode/resources/app/out/vs/workbench/api/node/extensionHostProcess.js:154:240744)
	at f.executeCommand (/nix/store/3j0nsr6g8fc0kb20hxhvfnsh83bk0fg6-vscodium-1.91.1.24193/lib/vscode/resources/app/out/vs/workbench/api/node/extensionHostProcess.js:154:240611)
	at Object.executeCommand (/nix/store/3j0nsr6g8fc0kb20hxhvfnsh83bk0fg6-vscodium-1.91.1.24193/lib/vscode/resources/app/out/vs/workbench/api/node/extensionHostProcess.js:164:29715)
	at T.reset (/home/ser/.vscode-oss/extensions/asvetliakov.vscode-neovim-1.18.7-universal/dist/extension.js:2:187723)
	at l.<anonymous> (/home/ser/.vscode-oss/extensions/asvetliakov.vscode-neovim-1.18.7-universal/dist/extension.js:2:421141)
	at l.dispose (/nix/store/3j0nsr6g8fc0kb20hxhvfnsh83bk0fg6-vscodium-1.91.1.24193/lib/vscode/resources/app/out/vs/workbench/api/node/extensionHostProcess.js:152:6342)
	at h (/nix/store/3j0nsr6g8fc0kb20hxhvfnsh83bk0fg6-vscodium-1.91.1.24193/lib/vscode/resources/app/out/vs/workbench/api/node/extensionHostProcess.js:30:758)
	at m._deactivate (/nix/store/3j0nsr6g8fc0kb20hxhvfnsh83bk0fg6-vscodium-1.91.1.24193/lib/vscode/resources/app/out/vs/workbench/api/node/extensionHostProcess.js:160:13048)
	at /nix/store/3j0nsr6g8fc0kb20hxhvfnsh83bk0fg6-vscodium-1.91.1.24193/lib/vscode/resources/app/out/vs/workbench/api/node/extensionHostProcess.js:160:10194
	at Array.map (<anonymous>)
	at m._deactivateAll (/nix/store/3j0nsr6g8fc0kb20hxhvfnsh83bk0fg6-vscodium-1.91.1.24193/lib/vscode/resources/app/out/vs/workbench/api/node/extensionHostProcess.js:160:10181)
	at m.terminate (/nix/store/3j0nsr6g8fc0kb20hxhvfnsh83bk0fg6-vscodium-1.91.1.24193/lib/vscode/resources/app/out/vs/workbench/api/node/extensionHostProcess.js:160:10564)
	at h.terminate (/nix/store/3j0nsr6g8fc0kb20hxhvfnsh83bk0fg6-vscodium-1.91.1.24193/lib/vscode/resources/app/out/vs/workbench/api/node/extensionHostProcess.js:164:1908)
	at i (/nix/store/3j0nsr6g8fc0kb20hxhvfnsh83bk0fg6-vscodium-1.91.1.24193/lib/vscode/resources/app/out/vs/workbench/api/node/extensionHostProcess.js:177:12354)
	at MessagePortMain.<anonymous> (/nix/store/3j0nsr6g8fc0kb20hxhvfnsh83bk0fg6-vscodium-1.91.1.24193/lib/vscode/resources/app/out/vs/workbench/api/node/extensionHostProcess.js:177:8164)
	at MessagePortMain.emit (node:events:514:28)
	at MessagePortMain._internalPort.emit (node:electron/js2c/utility_init:2:2285) setContext undefined
2024-08-23 01:06:11.220 [error] Canceled: Canceled
	at new T (/nix/store/3j0nsr6g8fc0kb20hxhvfnsh83bk0fg6-vscodium-1.91.1.24193/lib/vscode/resources/app/out/vs/workbench/api/node/extensionHostProcess.js:144:39096)
	at y._remoteCall (/nix/store/3j0nsr6g8fc0kb20hxhvfnsh83bk0fg6-vscodium-1.91.1.24193/lib/vscode/resources/app/out/vs/workbench/api/node/extensionHostProcess.js:151:8166)
	at U.<computed>.F.charCodeAt.R.CharCode.DollarSign.U.<computed> (/nix/store/3j0nsr6g8fc0kb20hxhvfnsh83bk0fg6-vscodium-1.91.1.24193/lib/vscode/resources/app/out/vs/workbench/api/node/extensionHostProcess.js:151:4351)
	at f._doExecuteCommand (/nix/store/3j0nsr6g8fc0kb20hxhvfnsh83bk0fg6-vscodium-1.91.1.24193/lib/vscode/resources/app/out/vs/workbench/api/node/extensionHostProcess.js:154:241286)
	at f.executeCommand (/nix/store/3j0nsr6g8fc0kb20hxhvfnsh83bk0fg6-vscodium-1.91.1.24193/lib/vscode/resources/app/out/vs/workbench/api/node/extensionHostProcess.js:154:240611)
	at k.registerCommand.description (/nix/store/3j0nsr6g8fc0kb20hxhvfnsh83bk0fg6-vscodium-1.91.1.24193/lib/vscode/resources/app/out/vs/workbench/api/node/extensionHostProcess.js:154:239855)
	at f._executeContributedCommand (/nix/store/3j0nsr6g8fc0kb20hxhvfnsh83bk0fg6-vscodium-1.91.1.24193/lib/vscode/resources/app/out/vs/workbench/api/node/extensionHostProcess.js:154:241924)
	at f._doExecuteCommand (/nix/store/3j0nsr6g8fc0kb20hxhvfnsh83bk0fg6-vscodium-1.91.1.24193/lib/vscode/resources/app/out/vs/workbench/api/node/extensionHostProcess.js:154:240744)
	at f.executeCommand (/nix/store/3j0nsr6g8fc0kb20hxhvfnsh83bk0fg6-vscodium-1.91.1.24193/lib/vscode/resources/app/out/vs/workbench/api/node/extensionHostProcess.js:154:240611)
	at Object.executeCommand (/nix/store/3j0nsr6g8fc0kb20hxhvfnsh83bk0fg6-vscodium-1.91.1.24193/lib/vscode/resources/app/out/vs/workbench/api/node/extensionHostProcess.js:164:29715)
	at T.reset (/home/ser/.vscode-oss/extensions/asvetliakov.vscode-neovim-1.18.7-universal/dist/extension.js:2:187723)
	at l.<anonymous> (/home/ser/.vscode-oss/extensions/asvetliakov.vscode-neovim-1.18.7-universal/dist/extension.js:2:421141)
	at l.dispose (/nix/store/3j0nsr6g8fc0kb20hxhvfnsh83bk0fg6-vscodium-1.91.1.24193/lib/vscode/resources/app/out/vs/workbench/api/node/extensionHostProcess.js:152:6342)
	at h (/nix/store/3j0nsr6g8fc0kb20hxhvfnsh83bk0fg6-vscodium-1.91.1.24193/lib/vscode/resources/app/out/vs/workbench/api/node/extensionHostProcess.js:30:758)
	at m._deactivate (/nix/store/3j0nsr6g8fc0kb20hxhvfnsh83bk0fg6-vscodium-1.91.1.24193/lib/vscode/resources/app/out/vs/workbench/api/node/extensionHostProcess.js:160:13048)
	at /nix/store/3j0nsr6g8fc0kb20hxhvfnsh83bk0fg6-vscodium-1.91.1.24193/lib/vscode/resources/app/out/vs/workbench/api/node/extensionHostProcess.js:160:10194
	at Array.map (<anonymous>)
	at m._deactivateAll (/nix/store/3j0nsr6g8fc0kb20hxhvfnsh83bk0fg6-vscodium-1.91.1.24193/lib/vscode/resources/app/out/vs/workbench/api/node/extensionHostProcess.js:160:10181)
	at m.terminate (/nix/store/3j0nsr6g8fc0kb20hxhvfnsh83bk0fg6-vscodium-1.91.1.24193/lib/vscode/resources/app/out/vs/workbench/api/node/extensionHostProcess.js:160:10564)
	at h.terminate (/nix/store/3j0nsr6g8fc0kb20hxhvfnsh83bk0fg6-vscodium-1.91.1.24193/lib/vscode/resources/app/out/vs/workbench/api/node/extensionHostProcess.js:164:1908)
	at i (/nix/store/3j0nsr6g8fc0kb20hxhvfnsh83bk0fg6-vscodium-1.91.1.24193/lib/vscode/resources/app/out/vs/workbench/api/node/extensionHostProcess.js:177:12354)
	at MessagePortMain.<anonymous> (/nix/store/3j0nsr6g8fc0kb20hxhvfnsh83bk0fg6-vscodium-1.91.1.24193/lib/vscode/resources/app/out/vs/workbench/api/node/extensionHostProcess.js:177:8164)
	at MessagePortMain.emit (node:events:514:28)
	at MessagePortMain._internalPort.emit (node:electron/js2c/utility_init:2:2285) setContext undefined
2024-08-23 01:06:11.220 [error] Canceled: Canceled
	at new T (/nix/store/3j0nsr6g8fc0kb20hxhvfnsh83bk0fg6-vscodium-1.91.1.24193/lib/vscode/resources/app/out/vs/workbench/api/node/extensionHostProcess.js:144:39096)
	at y._remoteCall (/nix/store/3j0nsr6g8fc0kb20hxhvfnsh83bk0fg6-vscodium-1.91.1.24193/lib/vscode/resources/app/out/vs/workbench/api/node/extensionHostProcess.js:151:8166)
	at U.<computed>.F.charCodeAt.R.CharCode.DollarSign.U.<computed> (/nix/store/3j0nsr6g8fc0kb20hxhvfnsh83bk0fg6-vscodium-1.91.1.24193/lib/vscode/resources/app/out/vs/workbench/api/node/extensionHostProcess.js:151:4351)
	at f._doExecuteCommand (/nix/store/3j0nsr6g8fc0kb20hxhvfnsh83bk0fg6-vscodium-1.91.1.24193/lib/vscode/resources/app/out/vs/workbench/api/node/extensionHostProcess.js:154:241286)
	at f.executeCommand (/nix/store/3j0nsr6g8fc0kb20hxhvfnsh83bk0fg6-vscodium-1.91.1.24193/lib/vscode/resources/app/out/vs/workbench/api/node/extensionHostProcess.js:154:240611)
	at k.registerCommand.description (/nix/store/3j0nsr6g8fc0kb20hxhvfnsh83bk0fg6-vscodium-1.91.1.24193/lib/vscode/resources/app/out/vs/workbench/api/node/extensionHostProcess.js:154:239855)
	at f._executeContributedCommand (/nix/store/3j0nsr6g8fc0kb20hxhvfnsh83bk0fg6-vscodium-1.91.1.24193/lib/vscode/resources/app/out/vs/workbench/api/node/extensionHostProcess.js:154:241924)
	at f._doExecuteCommand (/nix/store/3j0nsr6g8fc0kb20hxhvfnsh83bk0fg6-vscodium-1.91.1.24193/lib/vscode/resources/app/out/vs/workbench/api/node/extensionHostProcess.js:154:240744)
	at f.executeCommand (/nix/store/3j0nsr6g8fc0kb20hxhvfnsh83bk0fg6-vscodium-1.91.1.24193/lib/vscode/resources/app/out/vs/workbench/api/node/extensionHostProcess.js:154:240611)
	at Object.executeCommand (/nix/store/3j0nsr6g8fc0kb20hxhvfnsh83bk0fg6-vscodium-1.91.1.24193/lib/vscode/resources/app/out/vs/workbench/api/node/extensionHostProcess.js:164:29715)
	at T.reset (/home/ser/.vscode-oss/extensions/asvetliakov.vscode-neovim-1.18.7-universal/dist/extension.js:2:187723)
	at l.<anonymous> (/home/ser/.vscode-oss/extensions/asvetliakov.vscode-neovim-1.18.7-universal/dist/extension.js:2:421141)
	at l.dispose (/nix/store/3j0nsr6g8fc0kb20hxhvfnsh83bk0fg6-vscodium-1.91.1.24193/lib/vscode/resources/app/out/vs/workbench/api/node/extensionHostProcess.js:152:6342)
	at h (/nix/store/3j0nsr6g8fc0kb20hxhvfnsh83bk0fg6-vscodium-1.91.1.24193/lib/vscode/resources/app/out/vs/workbench/api/node/extensionHostProcess.js:30:758)
	at m._deactivate (/nix/store/3j0nsr6g8fc0kb20hxhvfnsh83bk0fg6-vscodium-1.91.1.24193/lib/vscode/resources/app/out/vs/workbench/api/node/extensionHostProcess.js:160:13048)
	at /nix/store/3j0nsr6g8fc0kb20hxhvfnsh83bk0fg6-vscodium-1.91.1.24193/lib/vscode/resources/app/out/vs/workbench/api/node/extensionHostProcess.js:160:10194
	at Array.map (<anonymous>)
	at m._deactivateAll (/nix/store/3j0nsr6g8fc0kb20hxhvfnsh83bk0fg6-vscodium-1.91.1.24193/lib/vscode/resources/app/out/vs/workbench/api/node/extensionHostProcess.js:160:10181)
	at m.terminate (/nix/store/3j0nsr6g8fc0kb20hxhvfnsh83bk0fg6-vscodium-1.91.1.24193/lib/vscode/resources/app/out/vs/workbench/api/node/extensionHostProcess.js:160:10564)
	at h.terminate (/nix/store/3j0nsr6g8fc0kb20hxhvfnsh83bk0fg6-vscodium-1.91.1.24193/lib/vscode/resources/app/out/vs/workbench/api/node/extensionHostProcess.js:164:1908)
	at i (/nix/store/3j0nsr6g8fc0kb20hxhvfnsh83bk0fg6-vscodium-1.91.1.24193/lib/vscode/resources/app/out/vs/workbench/api/node/extensionHostProcess.js:177:12354)
	at MessagePortMain.<anonymous> (/nix/store/3j0nsr6g8fc0kb20hxhvfnsh83bk0fg6-vscodium-1.91.1.24193/lib/vscode/resources/app/out/vs/workbench/api/node/extensionHostProcess.js:177:8164)
	at MessagePortMain.emit (node:events:514:28)
	at MessagePortMain._internalPort.emit (node:electron/js2c/utility_init:2:2285) setContext undefined
2024-08-23 01:06:11.220 [error] Canceled: Canceled
	at new T (/nix/store/3j0nsr6g8fc0kb20hxhvfnsh83bk0fg6-vscodium-1.91.1.24193/lib/vscode/resources/app/out/vs/workbench/api/node/extensionHostProcess.js:144:39096)
	at y._remoteCall (/nix/store/3j0nsr6g8fc0kb20hxhvfnsh83bk0fg6-vscodium-1.91.1.24193/lib/vscode/resources/app/out/vs/workbench/api/node/extensionHostProcess.js:151:8166)
	at U.<computed>.F.charCodeAt.R.CharCode.DollarSign.U.<computed> (/nix/store/3j0nsr6g8fc0kb20hxhvfnsh83bk0fg6-vscodium-1.91.1.24193/lib/vscode/resources/app/out/vs/workbench/api/node/extensionHostProcess.js:151:4351)
	at f._doExecuteCommand (/nix/store/3j0nsr6g8fc0kb20hxhvfnsh83bk0fg6-vscodium-1.91.1.24193/lib/vscode/resources/app/out/vs/workbench/api/node/extensionHostProcess.js:154:241286)
	at f.executeCommand (/nix/store/3j0nsr6g8fc0kb20hxhvfnsh83bk0fg6-vscodium-1.91.1.24193/lib/vscode/resources/app/out/vs/workbench/api/node/extensionHostProcess.js:154:240611)
	at k.registerCommand.description (/nix/store/3j0nsr6g8fc0kb20hxhvfnsh83bk0fg6-vscodium-1.91.1.24193/lib/vscode/resources/app/out/vs/workbench/api/node/extensionHostProcess.js:154:239855)
	at f._executeContributedCommand (/nix/store/3j0nsr6g8fc0kb20hxhvfnsh83bk0fg6-vscodium-1.91.1.24193/lib/vscode/resources/app/out/vs/workbench/api/node/extensionHostProcess.js:154:241924)
	at f._doExecuteCommand (/nix/store/3j0nsr6g8fc0kb20hxhvfnsh83bk0fg6-vscodium-1.91.1.24193/lib/vscode/resources/app/out/vs/workbench/api/node/extensionHostProcess.js:154:240744)
	at f.executeCommand (/nix/store/3j0nsr6g8fc0kb20hxhvfnsh83bk0fg6-vscodium-1.91.1.24193/lib/vscode/resources/app/out/vs/workbench/api/node/extensionHostProcess.js:154:240611)
	at Object.executeCommand (/nix/store/3j0nsr6g8fc0kb20hxhvfnsh83bk0fg6-vscodium-1.91.1.24193/lib/vscode/resources/app/out/vs/workbench/api/node/extensionHostProcess.js:164:29715)
	at T.reset (/home/ser/.vscode-oss/extensions/asvetliakov.vscode-neovim-1.18.7-universal/dist/extension.js:2:187723)
	at l.<anonymous> (/home/ser/.vscode-oss/extensions/asvetliakov.vscode-neovim-1.18.7-universal/dist/extension.js:2:421141)
	at l.dispose (/nix/store/3j0nsr6g8fc0kb20hxhvfnsh83bk0fg6-vscodium-1.91.1.24193/lib/vscode/resources/app/out/vs/workbench/api/node/extensionHostProcess.js:152:6342)
	at h (/nix/store/3j0nsr6g8fc0kb20hxhvfnsh83bk0fg6-vscodium-1.91.1.24193/lib/vscode/resources/app/out/vs/workbench/api/node/extensionHostProcess.js:30:758)
	at m._deactivate (/nix/store/3j0nsr6g8fc0kb20hxhvfnsh83bk0fg6-vscodium-1.91.1.24193/lib/vscode/resources/app/out/vs/workbench/api/node/extensionHostProcess.js:160:13048)
	at /nix/store/3j0nsr6g8fc0kb20hxhvfnsh83bk0fg6-vscodium-1.91.1.24193/lib/vscode/resources/app/out/vs/workbench/api/node/extensionHostProcess.js:160:10194
	at Array.map (<anonymous>)
	at m._deactivateAll (/nix/store/3j0nsr6g8fc0kb20hxhvfnsh83bk0fg6-vscodium-1.91.1.24193/lib/vscode/resources/app/out/vs/workbench/api/node/extensionHostProcess.js:160:10181)
	at m.terminate (/nix/store/3j0nsr6g8fc0kb20hxhvfnsh83bk0fg6-vscodium-1.91.1.24193/lib/vscode/resources/app/out/vs/workbench/api/node/extensionHostProcess.js:160:10564)
	at h.terminate (/nix/store/3j0nsr6g8fc0kb20hxhvfnsh83bk0fg6-vscodium-1.91.1.24193/lib/vscode/resources/app/out/vs/workbench/api/node/extensionHostProcess.js:164:1908)
	at i (/nix/store/3j0nsr6g8fc0kb20hxhvfnsh83bk0fg6-vscodium-1.91.1.24193/lib/vscode/resources/app/out/vs/workbench/api/node/extensionHostProcess.js:177:12354)
	at MessagePortMain.<anonymous> (/nix/store/3j0nsr6g8fc0kb20hxhvfnsh83bk0fg6-vscodium-1.91.1.24193/lib/vscode/resources/app/out/vs/workbench/api/node/extensionHostProcess.js:177:8164)
	at MessagePortMain.emit (node:events:514:28)
	at MessagePortMain._internalPort.emit (node:electron/js2c/utility_init:2:2285) setContext undefined
2024-08-23 01:06:11.220 [error] Canceled: Canceled
	at new T (/nix/store/3j0nsr6g8fc0kb20hxhvfnsh83bk0fg6-vscodium-1.91.1.24193/lib/vscode/resources/app/out/vs/workbench/api/node/extensionHostProcess.js:144:39096)
	at y._remoteCall (/nix/store/3j0nsr6g8fc0kb20hxhvfnsh83bk0fg6-vscodium-1.91.1.24193/lib/vscode/resources/app/out/vs/workbench/api/node/extensionHostProcess.js:151:8166)
	at U.<computed>.F.charCodeAt.R.CharCode.DollarSign.U.<computed> (/nix/store/3j0nsr6g8fc0kb20hxhvfnsh83bk0fg6-vscodium-1.91.1.24193/lib/vscode/resources/app/out/vs/workbench/api/node/extensionHostProcess.js:151:4351)
	at f._doExecuteCommand (/nix/store/3j0nsr6g8fc0kb20hxhvfnsh83bk0fg6-vscodium-1.91.1.24193/lib/vscode/resources/app/out/vs/workbench/api/node/extensionHostProcess.js:154:241286)
	at f.executeCommand (/nix/store/3j0nsr6g8fc0kb20hxhvfnsh83bk0fg6-vscodium-1.91.1.24193/lib/vscode/resources/app/out/vs/workbench/api/node/extensionHostProcess.js:154:240611)
	at k.registerCommand.description (/nix/store/3j0nsr6g8fc0kb20hxhvfnsh83bk0fg6-vscodium-1.91.1.24193/lib/vscode/resources/app/out/vs/workbench/api/node/extensionHostProcess.js:154:239855)
	at f._executeContributedCommand (/nix/store/3j0nsr6g8fc0kb20hxhvfnsh83bk0fg6-vscodium-1.91.1.24193/lib/vscode/resources/app/out/vs/workbench/api/node/extensionHostProcess.js:154:241924)
	at f._doExecuteCommand (/nix/store/3j0nsr6g8fc0kb20hxhvfnsh83bk0fg6-vscodium-1.91.1.24193/lib/vscode/resources/app/out/vs/workbench/api/node/extensionHostProcess.js:154:240744)
	at f.executeCommand (/nix/store/3j0nsr6g8fc0kb20hxhvfnsh83bk0fg6-vscodium-1.91.1.24193/lib/vscode/resources/app/out/vs/workbench/api/node/extensionHostProcess.js:154:240611)
	at Object.executeCommand (/nix/store/3j0nsr6g8fc0kb20hxhvfnsh83bk0fg6-vscodium-1.91.1.24193/lib/vscode/resources/app/out/vs/workbench/api/node/extensionHostProcess.js:164:29715)
	at T.reset (/home/ser/.vscode-oss/extensions/asvetliakov.vscode-neovim-1.18.7-universal/dist/extension.js:2:187723)
	at l.<anonymous> (/home/ser/.vscode-oss/extensions/asvetliakov.vscode-neovim-1.18.7-universal/dist/extension.js:2:421141)
	at l.dispose (/nix/store/3j0nsr6g8fc0kb20hxhvfnsh83bk0fg6-vscodium-1.91.1.24193/lib/vscode/resources/app/out/vs/workbench/api/node/extensionHostProcess.js:152:6342)
	at h (/nix/store/3j0nsr6g8fc0kb20hxhvfnsh83bk0fg6-vscodium-1.91.1.24193/lib/vscode/resources/app/out/vs/workbench/api/node/extensionHostProcess.js:30:758)
	at m._deactivate (/nix/store/3j0nsr6g8fc0kb20hxhvfnsh83bk0fg6-vscodium-1.91.1.24193/lib/vscode/resources/app/out/vs/workbench/api/node/extensionHostProcess.js:160:13048)
	at /nix/store/3j0nsr6g8fc0kb20hxhvfnsh83bk0fg6-vscodium-1.91.1.24193/lib/vscode/resources/app/out/vs/workbench/api/node/extensionHostProcess.js:160:10194
	at Array.map (<anonymous>)
	at m._deactivateAll (/nix/store/3j0nsr6g8fc0kb20hxhvfnsh83bk0fg6-vscodium-1.91.1.24193/lib/vscode/resources/app/out/vs/workbench/api/node/extensionHostProcess.js:160:10181)
	at m.terminate (/nix/store/3j0nsr6g8fc0kb20hxhvfnsh83bk0fg6-vscodium-1.91.1.24193/lib/vscode/resources/app/out/vs/workbench/api/node/extensionHostProcess.js:160:10564)
	at h.terminate (/nix/store/3j0nsr6g8fc0kb20hxhvfnsh83bk0fg6-vscodium-1.91.1.24193/lib/vscode/resources/app/out/vs/workbench/api/node/extensionHostProcess.js:164:1908)
	at i (/nix/store/3j0nsr6g8fc0kb20hxhvfnsh83bk0fg6-vscodium-1.91.1.24193/lib/vscode/resources/app/out/vs/workbench/api/node/extensionHostProcess.js:177:12354)
	at MessagePortMain.<anonymous> (/nix/store/3j0nsr6g8fc0kb20hxhvfnsh83bk0fg6-vscodium-1.91.1.24193/lib/vscode/resources/app/out/vs/workbench/api/node/extensionHostProcess.js:177:8164)
	at MessagePortMain.emit (node:events:514:28)
	at MessagePortMain._internalPort.emit (node:electron/js2c/utility_init:2:2285) setContext undefined
2024-08-23 01:06:11.220 [error] Canceled: Canceled
	at new T (/nix/store/3j0nsr6g8fc0kb20hxhvfnsh83bk0fg6-vscodium-1.91.1.24193/lib/vscode/resources/app/out/vs/workbench/api/node/extensionHostProcess.js:144:39096)
	at y._remoteCall (/nix/store/3j0nsr6g8fc0kb20hxhvfnsh83bk0fg6-vscodium-1.91.1.24193/lib/vscode/resources/app/out/vs/workbench/api/node/extensionHostProcess.js:151:8166)
	at U.<computed>.F.charCodeAt.R.CharCode.DollarSign.U.<computed> (/nix/store/3j0nsr6g8fc0kb20hxhvfnsh83bk0fg6-vscodium-1.91.1.24193/lib/vscode/resources/app/out/vs/workbench/api/node/extensionHostProcess.js:151:4351)
	at f._doExecuteCommand (/nix/store/3j0nsr6g8fc0kb20hxhvfnsh83bk0fg6-vscodium-1.91.1.24193/lib/vscode/resources/app/out/vs/workbench/api/node/extensionHostProcess.js:154:241286)
	at f.executeCommand (/nix/store/3j0nsr6g8fc0kb20hxhvfnsh83bk0fg6-vscodium-1.91.1.24193/lib/vscode/resources/app/out/vs/workbench/api/node/extensionHostProcess.js:154:240611)
	at k.registerCommand.description (/nix/store/3j0nsr6g8fc0kb20hxhvfnsh83bk0fg6-vscodium-1.91.1.24193/lib/vscode/resources/app/out/vs/workbench/api/node/extensionHostProcess.js:154:239855)
	at f._executeContributedCommand (/nix/store/3j0nsr6g8fc0kb20hxhvfnsh83bk0fg6-vscodium-1.91.1.24193/lib/vscode/resources/app/out/vs/workbench/api/node/extensionHostProcess.js:154:241924)
	at f._doExecuteCommand (/nix/store/3j0nsr6g8fc0kb20hxhvfnsh83bk0fg6-vscodium-1.91.1.24193/lib/vscode/resources/app/out/vs/workbench/api/node/extensionHostProcess.js:154:240744)
	at f.executeCommand (/nix/store/3j0nsr6g8fc0kb20hxhvfnsh83bk0fg6-vscodium-1.91.1.24193/lib/vscode/resources/app/out/vs/workbench/api/node/extensionHostProcess.js:154:240611)
	at Object.executeCommand (/nix/store/3j0nsr6g8fc0kb20hxhvfnsh83bk0fg6-vscodium-1.91.1.24193/lib/vscode/resources/app/out/vs/workbench/api/node/extensionHostProcess.js:164:29715)
	at T.reset (/home/ser/.vscode-oss/extensions/asvetliakov.vscode-neovim-1.18.7-universal/dist/extension.js:2:187723)
	at l.<anonymous> (/home/ser/.vscode-oss/extensions/asvetliakov.vscode-neovim-1.18.7-universal/dist/extension.js:2:421141)
	at l.dispose (/nix/store/3j0nsr6g8fc0kb20hxhvfnsh83bk0fg6-vscodium-1.91.1.24193/lib/vscode/resources/app/out/vs/workbench/api/node/extensionHostProcess.js:152:6342)
	at h (/nix/store/3j0nsr6g8fc0kb20hxhvfnsh83bk0fg6-vscodium-1.91.1.24193/lib/vscode/resources/app/out/vs/workbench/api/node/extensionHostProcess.js:30:758)
	at m._deactivate (/nix/store/3j0nsr6g8fc0kb20hxhvfnsh83bk0fg6-vscodium-1.91.1.24193/lib/vscode/resources/app/out/vs/workbench/api/node/extensionHostProcess.js:160:13048)
	at /nix/store/3j0nsr6g8fc0kb20hxhvfnsh83bk0fg6-vscodium-1.91.1.24193/lib/vscode/resources/app/out/vs/workbench/api/node/extensionHostProcess.js:160:10194
	at Array.map (<anonymous>)
	at m._deactivateAll (/nix/store/3j0nsr6g8fc0kb20hxhvfnsh83bk0fg6-vscodium-1.91.1.24193/lib/vscode/resources/app/out/vs/workbench/api/node/extensionHostProcess.js:160:10181)
	at m.terminate (/nix/store/3j0nsr6g8fc0kb20hxhvfnsh83bk0fg6-vscodium-1.91.1.24193/lib/vscode/resources/app/out/vs/workbench/api/node/extensionHostProcess.js:160:10564)
	at h.terminate (/nix/store/3j0nsr6g8fc0kb20hxhvfnsh83bk0fg6-vscodium-1.91.1.24193/lib/vscode/resources/app/out/vs/workbench/api/node/extensionHostProcess.js:164:1908)
	at i (/nix/store/3j0nsr6g8fc0kb20hxhvfnsh83bk0fg6-vscodium-1.91.1.24193/lib/vscode/resources/app/out/vs/workbench/api/node/extensionHostProcess.js:177:12354)
	at MessagePortMain.<anonymous> (/nix/store/3j0nsr6g8fc0kb20hxhvfnsh83bk0fg6-vscodium-1.91.1.24193/lib/vscode/resources/app/out/vs/workbench/api/node/extensionHostProcess.js:177:8164)
	at MessagePortMain.emit (node:events:514:28)
	at MessagePortMain._internalPort.emit (node:electron/js2c/utility_init:2:2285) setContext undefined
2024-08-23 01:06:11.220 [error] Canceled: Canceled
	at new T (/nix/store/3j0nsr6g8fc0kb20hxhvfnsh83bk0fg6-vscodium-1.91.1.24193/lib/vscode/resources/app/out/vs/workbench/api/node/extensionHostProcess.js:144:39096)
	at y._remoteCall (/nix/store/3j0nsr6g8fc0kb20hxhvfnsh83bk0fg6-vscodium-1.91.1.24193/lib/vscode/resources/app/out/vs/workbench/api/node/extensionHostProcess.js:151:8166)
	at U.<computed>.F.charCodeAt.R.CharCode.DollarSign.U.<computed> (/nix/store/3j0nsr6g8fc0kb20hxhvfnsh83bk0fg6-vscodium-1.91.1.24193/lib/vscode/resources/app/out/vs/workbench/api/node/extensionHostProcess.js:151:4351)
	at f._doExecuteCommand (/nix/store/3j0nsr6g8fc0kb20hxhvfnsh83bk0fg6-vscodium-1.91.1.24193/lib/vscode/resources/app/out/vs/workbench/api/node/extensionHostProcess.js:154:241286)
	at f.executeCommand (/nix/store/3j0nsr6g8fc0kb20hxhvfnsh83bk0fg6-vscodium-1.91.1.24193/lib/vscode/resources/app/out/vs/workbench/api/node/extensionHostProcess.js:154:240611)
	at k.registerCommand.description (/nix/store/3j0nsr6g8fc0kb20hxhvfnsh83bk0fg6-vscodium-1.91.1.24193/lib/vscode/resources/app/out/vs/workbench/api/node/extensionHostProcess.js:154:239855)
	at f._executeContributedCommand (/nix/store/3j0nsr6g8fc0kb20hxhvfnsh83bk0fg6-vscodium-1.91.1.24193/lib/vscode/resources/app/out/vs/workbench/api/node/extensionHostProcess.js:154:241924)
	at f._doExecuteCommand (/nix/store/3j0nsr6g8fc0kb20hxhvfnsh83bk0fg6-vscodium-1.91.1.24193/lib/vscode/resources/app/out/vs/workbench/api/node/extensionHostProcess.js:154:240744)
	at f.executeCommand (/nix/store/3j0nsr6g8fc0kb20hxhvfnsh83bk0fg6-vscodium-1.91.1.24193/lib/vscode/resources/app/out/vs/workbench/api/node/extensionHostProcess.js:154:240611)
	at Object.executeCommand (/nix/store/3j0nsr6g8fc0kb20hxhvfnsh83bk0fg6-vscodium-1.91.1.24193/lib/vscode/resources/app/out/vs/workbench/api/node/extensionHostProcess.js:164:29715)
	at T.reset (/home/ser/.vscode-oss/extensions/asvetliakov.vscode-neovim-1.18.7-universal/dist/extension.js:2:187723)
	at l.<anonymous> (/home/ser/.vscode-oss/extensions/asvetliakov.vscode-neovim-1.18.7-universal/dist/extension.js:2:421141)
	at l.dispose (/nix/store/3j0nsr6g8fc0kb20hxhvfnsh83bk0fg6-vscodium-1.91.1.24193/lib/vscode/resources/app/out/vs/workbench/api/node/extensionHostProcess.js:152:6342)
	at h (/nix/store/3j0nsr6g8fc0kb20hxhvfnsh83bk0fg6-vscodium-1.91.1.24193/lib/vscode/resources/app/out/vs/workbench/api/node/extensionHostProcess.js:30:758)
	at m._deactivate (/nix/store/3j0nsr6g8fc0kb20hxhvfnsh83bk0fg6-vscodium-1.91.1.24193/lib/vscode/resources/app/out/vs/workbench/api/node/extensionHostProcess.js:160:13048)
	at /nix/store/3j0nsr6g8fc0kb20hxhvfnsh83bk0fg6-vscodium-1.91.1.24193/lib/vscode/resources/app/out/vs/workbench/api/node/extensionHostProcess.js:160:10194
	at Array.map (<anonymous>)
	at m._deactivateAll (/nix/store/3j0nsr6g8fc0kb20hxhvfnsh83bk0fg6-vscodium-1.91.1.24193/lib/vscode/resources/app/out/vs/workbench/api/node/extensionHostProcess.js:160:10181)
	at m.terminate (/nix/store/3j0nsr6g8fc0kb20hxhvfnsh83bk0fg6-vscodium-1.91.1.24193/lib/vscode/resources/app/out/vs/workbench/api/node/extensionHostProcess.js:160:10564)
	at h.terminate (/nix/store/3j0nsr6g8fc0kb20hxhvfnsh83bk0fg6-vscodium-1.91.1.24193/lib/vscode/resources/app/out/vs/workbench/api/node/extensionHostProcess.js:164:1908)
	at i (/nix/store/3j0nsr6g8fc0kb20hxhvfnsh83bk0fg6-vscodium-1.91.1.24193/lib/vscode/resources/app/out/vs/workbench/api/node/extensionHostProcess.js:177:12354)
	at MessagePortMain.<anonymous> (/nix/store/3j0nsr6g8fc0kb20hxhvfnsh83bk0fg6-vscodium-1.91.1.24193/lib/vscode/resources/app/out/vs/workbench/api/node/extensionHostProcess.js:177:8164)
	at MessagePortMain.emit (node:events:514:28)
	at MessagePortMain._internalPort.emit (node:electron/js2c/utility_init:2:2285) setContext undefined
2024-08-23 01:06:11.221 [error] Canceled: Canceled
	at new T (/nix/store/3j0nsr6g8fc0kb20hxhvfnsh83bk0fg6-vscodium-1.91.1.24193/lib/vscode/resources/app/out/vs/workbench/api/node/extensionHostProcess.js:144:39096)
	at y._remoteCall (/nix/store/3j0nsr6g8fc0kb20hxhvfnsh83bk0fg6-vscodium-1.91.1.24193/lib/vscode/resources/app/out/vs/workbench/api/node/extensionHostProcess.js:151:8166)
	at U.<computed>.F.charCodeAt.R.CharCode.DollarSign.U.<computed> (/nix/store/3j0nsr6g8fc0kb20hxhvfnsh83bk0fg6-vscodium-1.91.1.24193/lib/vscode/resources/app/out/vs/workbench/api/node/extensionHostProcess.js:151:4351)
	at f._doExecuteCommand (/nix/store/3j0nsr6g8fc0kb20hxhvfnsh83bk0fg6-vscodium-1.91.1.24193/lib/vscode/resources/app/out/vs/workbench/api/node/extensionHostProcess.js:154:241286)
	at f.executeCommand (/nix/store/3j0nsr6g8fc0kb20hxhvfnsh83bk0fg6-vscodium-1.91.1.24193/lib/vscode/resources/app/out/vs/workbench/api/node/extensionHostProcess.js:154:240611)
	at k.registerCommand.description (/nix/store/3j0nsr6g8fc0kb20hxhvfnsh83bk0fg6-vscodium-1.91.1.24193/lib/vscode/resources/app/out/vs/workbench/api/node/extensionHostProcess.js:154:239855)
	at f._executeContributedCommand (/nix/store/3j0nsr6g8fc0kb20hxhvfnsh83bk0fg6-vscodium-1.91.1.24193/lib/vscode/resources/app/out/vs/workbench/api/node/extensionHostProcess.js:154:241924)
	at f._doExecuteCommand (/nix/store/3j0nsr6g8fc0kb20hxhvfnsh83bk0fg6-vscodium-1.91.1.24193/lib/vscode/resources/app/out/vs/workbench/api/node/extensionHostProcess.js:154:240744)
	at f.executeCommand (/nix/store/3j0nsr6g8fc0kb20hxhvfnsh83bk0fg6-vscodium-1.91.1.24193/lib/vscode/resources/app/out/vs/workbench/api/node/extensionHostProcess.js:154:240611)
	at Object.executeCommand (/nix/store/3j0nsr6g8fc0kb20hxhvfnsh83bk0fg6-vscodium-1.91.1.24193/lib/vscode/resources/app/out/vs/workbench/api/node/extensionHostProcess.js:164:29715)
	at T.reset (/home/ser/.vscode-oss/extensions/asvetliakov.vscode-neovim-1.18.7-universal/dist/extension.js:2:187723)
	at l.<anonymous> (/home/ser/.vscode-oss/extensions/asvetliakov.vscode-neovim-1.18.7-universal/dist/extension.js:2:421141)
	at l.dispose (/nix/store/3j0nsr6g8fc0kb20hxhvfnsh83bk0fg6-vscodium-1.91.1.24193/lib/vscode/resources/app/out/vs/workbench/api/node/extensionHostProcess.js:152:6342)
	at h (/nix/store/3j0nsr6g8fc0kb20hxhvfnsh83bk0fg6-vscodium-1.91.1.24193/lib/vscode/resources/app/out/vs/workbench/api/node/extensionHostProcess.js:30:758)
	at m._deactivate (/nix/store/3j0nsr6g8fc0kb20hxhvfnsh83bk0fg6-vscodium-1.91.1.24193/lib/vscode/resources/app/out/vs/workbench/api/node/extensionHostProcess.js:160:13048)
	at /nix/store/3j0nsr6g8fc0kb20hxhvfnsh83bk0fg6-vscodium-1.91.1.24193/lib/vscode/resources/app/out/vs/workbench/api/node/extensionHostProcess.js:160:10194
	at Array.map (<anonymous>)
	at m._deactivateAll (/nix/store/3j0nsr6g8fc0kb20hxhvfnsh83bk0fg6-vscodium-1.91.1.24193/lib/vscode/resources/app/out/vs/workbench/api/node/extensionHostProcess.js:160:10181)
	at m.terminate (/nix/store/3j0nsr6g8fc0kb20hxhvfnsh83bk0fg6-vscodium-1.91.1.24193/lib/vscode/resources/app/out/vs/workbench/api/node/extensionHostProcess.js:160:10564)
	at h.terminate (/nix/store/3j0nsr6g8fc0kb20hxhvfnsh83bk0fg6-vscodium-1.91.1.24193/lib/vscode/resources/app/out/vs/workbench/api/node/extensionHostProcess.js:164:1908)
	at i (/nix/store/3j0nsr6g8fc0kb20hxhvfnsh83bk0fg6-vscodium-1.91.1.24193/lib/vscode/resources/app/out/vs/workbench/api/node/extensionHostProcess.js:177:12354)
	at MessagePortMain.<anonymous> (/nix/store/3j0nsr6g8fc0kb20hxhvfnsh83bk0fg6-vscodium-1.91.1.24193/lib/vscode/resources/app/out/vs/workbench/api/node/extensionHostProcess.js:177:8164)
	at MessagePortMain.emit (node:events:514:28)
	at MessagePortMain._internalPort.emit (node:electron/js2c/utility_init:2:2285) setContext undefined
2024-08-23 01:06:11.221 [error] Canceled: Canceled
	at new T (/nix/store/3j0nsr6g8fc0kb20hxhvfnsh83bk0fg6-vscodium-1.91.1.24193/lib/vscode/resources/app/out/vs/workbench/api/node/extensionHostProcess.js:144:39096)
	at y._remoteCall (/nix/store/3j0nsr6g8fc0kb20hxhvfnsh83bk0fg6-vscodium-1.91.1.24193/lib/vscode/resources/app/out/vs/workbench/api/node/extensionHostProcess.js:151:8166)
	at U.<computed>.F.charCodeAt.R.CharCode.DollarSign.U.<computed> (/nix/store/3j0nsr6g8fc0kb20hxhvfnsh83bk0fg6-vscodium-1.91.1.24193/lib/vscode/resources/app/out/vs/workbench/api/node/extensionHostProcess.js:151:4351)
	at f._doExecuteCommand (/nix/store/3j0nsr6g8fc0kb20hxhvfnsh83bk0fg6-vscodium-1.91.1.24193/lib/vscode/resources/app/out/vs/workbench/api/node/extensionHostProcess.js:154:241286)
	at f.executeCommand (/nix/store/3j0nsr6g8fc0kb20hxhvfnsh83bk0fg6-vscodium-1.91.1.24193/lib/vscode/resources/app/out/vs/workbench/api/node/extensionHostProcess.js:154:240611)
	at k.registerCommand.description (/nix/store/3j0nsr6g8fc0kb20hxhvfnsh83bk0fg6-vscodium-1.91.1.24193/lib/vscode/resources/app/out/vs/workbench/api/node/extensionHostProcess.js:154:239855)
	at f._executeContributedCommand (/nix/store/3j0nsr6g8fc0kb20hxhvfnsh83bk0fg6-vscodium-1.91.1.24193/lib/vscode/resources/app/out/vs/workbench/api/node/extensionHostProcess.js:154:241924)
	at f._doExecuteCommand (/nix/store/3j0nsr6g8fc0kb20hxhvfnsh83bk0fg6-vscodium-1.91.1.24193/lib/vscode/resources/app/out/vs/workbench/api/node/extensionHostProcess.js:154:240744)
	at f.executeCommand (/nix/store/3j0nsr6g8fc0kb20hxhvfnsh83bk0fg6-vscodium-1.91.1.24193/lib/vscode/resources/app/out/vs/workbench/api/node/extensionHostProcess.js:154:240611)
	at Object.executeCommand (/nix/store/3j0nsr6g8fc0kb20hxhvfnsh83bk0fg6-vscodium-1.91.1.24193/lib/vscode/resources/app/out/vs/workbench/api/node/extensionHostProcess.js:164:29715)
	at T.reset (/home/ser/.vscode-oss/extensions/asvetliakov.vscode-neovim-1.18.7-universal/dist/extension.js:2:187723)
	at l.<anonymous> (/home/ser/.vscode-oss/extensions/asvetliakov.vscode-neovim-1.18.7-universal/dist/extension.js:2:421141)
	at l.dispose (/nix/store/3j0nsr6g8fc0kb20hxhvfnsh83bk0fg6-vscodium-1.91.1.24193/lib/vscode/resources/app/out/vs/workbench/api/node/extensionHostProcess.js:152:6342)
	at h (/nix/store/3j0nsr6g8fc0kb20hxhvfnsh83bk0fg6-vscodium-1.91.1.24193/lib/vscode/resources/app/out/vs/workbench/api/node/extensionHostProcess.js:30:758)
	at m._deactivate (/nix/store/3j0nsr6g8fc0kb20hxhvfnsh83bk0fg6-vscodium-1.91.1.24193/lib/vscode/resources/app/out/vs/workbench/api/node/extensionHostProcess.js:160:13048)
	at /nix/store/3j0nsr6g8fc0kb20hxhvfnsh83bk0fg6-vscodium-1.91.1.24193/lib/vscode/resources/app/out/vs/workbench/api/node/extensionHostProcess.js:160:10194
	at Array.map (<anonymous>)
	at m._deactivateAll (/nix/store/3j0nsr6g8fc0kb20hxhvfnsh83bk0fg6-vscodium-1.91.1.24193/lib/vscode/resources/app/out/vs/workbench/api/node/extensionHostProcess.js:160:10181)
	at m.terminate (/nix/store/3j0nsr6g8fc0kb20hxhvfnsh83bk0fg6-vscodium-1.91.1.24193/lib/vscode/resources/app/out/vs/workbench/api/node/extensionHostProcess.js:160:10564)
	at h.terminate (/nix/store/3j0nsr6g8fc0kb20hxhvfnsh83bk0fg6-vscodium-1.91.1.24193/lib/vscode/resources/app/out/vs/workbench/api/node/extensionHostProcess.js:164:1908)
	at i (/nix/store/3j0nsr6g8fc0kb20hxhvfnsh83bk0fg6-vscodium-1.91.1.24193/lib/vscode/resources/app/out/vs/workbench/api/node/extensionHostProcess.js:177:12354)
	at MessagePortMain.<anonymous> (/nix/store/3j0nsr6g8fc0kb20hxhvfnsh83bk0fg6-vscodium-1.91.1.24193/lib/vscode/resources/app/out/vs/workbench/api/node/extensionHostProcess.js:177:8164)
	at MessagePortMain.emit (node:events:514:28)
	at MessagePortMain._internalPort.emit (node:electron/js2c/utility_init:2:2285) setContext undefined
2024-08-23 01:06:11.221 [error] Canceled: Canceled
	at new T (/nix/store/3j0nsr6g8fc0kb20hxhvfnsh83bk0fg6-vscodium-1.91.1.24193/lib/vscode/resources/app/out/vs/workbench/api/node/extensionHostProcess.js:144:39096)
	at y._remoteCall (/nix/store/3j0nsr6g8fc0kb20hxhvfnsh83bk0fg6-vscodium-1.91.1.24193/lib/vscode/resources/app/out/vs/workbench/api/node/extensionHostProcess.js:151:8166)
	at U.<computed>.F.charCodeAt.R.CharCode.DollarSign.U.<computed> (/nix/store/3j0nsr6g8fc0kb20hxhvfnsh83bk0fg6-vscodium-1.91.1.24193/lib/vscode/resources/app/out/vs/workbench/api/node/extensionHostProcess.js:151:4351)
	at f._doExecuteCommand (/nix/store/3j0nsr6g8fc0kb20hxhvfnsh83bk0fg6-vscodium-1.91.1.24193/lib/vscode/resources/app/out/vs/workbench/api/node/extensionHostProcess.js:154:241286)
	at f.executeCommand (/nix/store/3j0nsr6g8fc0kb20hxhvfnsh83bk0fg6-vscodium-1.91.1.24193/lib/vscode/resources/app/out/vs/workbench/api/node/extensionHostProcess.js:154:240611)
	at k.registerCommand.description (/nix/store/3j0nsr6g8fc0kb20hxhvfnsh83bk0fg6-vscodium-1.91.1.24193/lib/vscode/resources/app/out/vs/workbench/api/node/extensionHostProcess.js:154:239855)
	at f._executeContributedCommand (/nix/store/3j0nsr6g8fc0kb20hxhvfnsh83bk0fg6-vscodium-1.91.1.24193/lib/vscode/resources/app/out/vs/workbench/api/node/extensionHostProcess.js:154:241924)
	at f._doExecuteCommand (/nix/store/3j0nsr6g8fc0kb20hxhvfnsh83bk0fg6-vscodium-1.91.1.24193/lib/vscode/resources/app/out/vs/workbench/api/node/extensionHostProcess.js:154:240744)
	at f.executeCommand (/nix/store/3j0nsr6g8fc0kb20hxhvfnsh83bk0fg6-vscodium-1.91.1.24193/lib/vscode/resources/app/out/vs/workbench/api/node/extensionHostProcess.js:154:240611)
	at Object.executeCommand (/nix/store/3j0nsr6g8fc0kb20hxhvfnsh83bk0fg6-vscodium-1.91.1.24193/lib/vscode/resources/app/out/vs/workbench/api/node/extensionHostProcess.js:164:29715)
	at T.reset (/home/ser/.vscode-oss/extensions/asvetliakov.vscode-neovim-1.18.7-universal/dist/extension.js:2:187723)
	at l.<anonymous> (/home/ser/.vscode-oss/extensions/asvetliakov.vscode-neovim-1.18.7-universal/dist/extension.js:2:421141)
	at l.dispose (/nix/store/3j0nsr6g8fc0kb20hxhvfnsh83bk0fg6-vscodium-1.91.1.24193/lib/vscode/resources/app/out/vs/workbench/api/node/extensionHostProcess.js:152:6342)
	at h (/nix/store/3j0nsr6g8fc0kb20hxhvfnsh83bk0fg6-vscodium-1.91.1.24193/lib/vscode/resources/app/out/vs/workbench/api/node/extensionHostProcess.js:30:758)
	at m._deactivate (/nix/store/3j0nsr6g8fc0kb20hxhvfnsh83bk0fg6-vscodium-1.91.1.24193/lib/vscode/resources/app/out/vs/workbench/api/node/extensionHostProcess.js:160:13048)
	at /nix/store/3j0nsr6g8fc0kb20hxhvfnsh83bk0fg6-vscodium-1.91.1.24193/lib/vscode/resources/app/out/vs/workbench/api/node/extensionHostProcess.js:160:10194
	at Array.map (<anonymous>)
	at m._deactivateAll (/nix/store/3j0nsr6g8fc0kb20hxhvfnsh83bk0fg6-vscodium-1.91.1.24193/lib/vscode/resources/app/out/vs/workbench/api/node/extensionHostProcess.js:160:10181)
	at m.terminate (/nix/store/3j0nsr6g8fc0kb20hxhvfnsh83bk0fg6-vscodium-1.91.1.24193/lib/vscode/resources/app/out/vs/workbench/api/node/extensionHostProcess.js:160:10564)
	at h.terminate (/nix/store/3j0nsr6g8fc0kb20hxhvfnsh83bk0fg6-vscodium-1.91.1.24193/lib/vscode/resources/app/out/vs/workbench/api/node/extensionHostProcess.js:164:1908)
	at i (/nix/store/3j0nsr6g8fc0kb20hxhvfnsh83bk0fg6-vscodium-1.91.1.24193/lib/vscode/resources/app/out/vs/workbench/api/node/extensionHostProcess.js:177:12354)
	at MessagePortMain.<anonymous> (/nix/store/3j0nsr6g8fc0kb20hxhvfnsh83bk0fg6-vscodium-1.91.1.24193/lib/vscode/resources/app/out/vs/workbench/api/node/extensionHostProcess.js:177:8164)
	at MessagePortMain.emit (node:events:514:28)
	at MessagePortMain._internalPort.emit (node:electron/js2c/utility_init:2:2285) setContext undefined
2024-08-23 01:06:11.221 [error] Canceled: Canceled
	at new T (/nix/store/3j0nsr6g8fc0kb20hxhvfnsh83bk0fg6-vscodium-1.91.1.24193/lib/vscode/resources/app/out/vs/workbench/api/node/extensionHostProcess.js:144:39096)
	at y._remoteCall (/nix/store/3j0nsr6g8fc0kb20hxhvfnsh83bk0fg6-vscodium-1.91.1.24193/lib/vscode/resources/app/out/vs/workbench/api/node/extensionHostProcess.js:151:8166)
	at U.<computed>.F.charCodeAt.R.CharCode.DollarSign.U.<computed> (/nix/store/3j0nsr6g8fc0kb20hxhvfnsh83bk0fg6-vscodium-1.91.1.24193/lib/vscode/resources/app/out/vs/workbench/api/node/extensionHostProcess.js:151:4351)
	at f._doExecuteCommand (/nix/store/3j0nsr6g8fc0kb20hxhvfnsh83bk0fg6-vscodium-1.91.1.24193/lib/vscode/resources/app/out/vs/workbench/api/node/extensionHostProcess.js:154:241286)
	at f.executeCommand (/nix/store/3j0nsr6g8fc0kb20hxhvfnsh83bk0fg6-vscodium-1.91.1.24193/lib/vscode/resources/app/out/vs/workbench/api/node/extensionHostProcess.js:154:240611)
	at k.registerCommand.description (/nix/store/3j0nsr6g8fc0kb20hxhvfnsh83bk0fg6-vscodium-1.91.1.24193/lib/vscode/resources/app/out/vs/workbench/api/node/extensionHostProcess.js:154:239855)
	at f._executeContributedCommand (/nix/store/3j0nsr6g8fc0kb20hxhvfnsh83bk0fg6-vscodium-1.91.1.24193/lib/vscode/resources/app/out/vs/workbench/api/node/extensionHostProcess.js:154:241924)
	at f._doExecuteCommand (/nix/store/3j0nsr6g8fc0kb20hxhvfnsh83bk0fg6-vscodium-1.91.1.24193/lib/vscode/resources/app/out/vs/workbench/api/node/extensionHostProcess.js:154:240744)
	at f.executeCommand (/nix/store/3j0nsr6g8fc0kb20hxhvfnsh83bk0fg6-vscodium-1.91.1.24193/lib/vscode/resources/app/out/vs/workbench/api/node/extensionHostProcess.js:154:240611)
	at Object.executeCommand (/nix/store/3j0nsr6g8fc0kb20hxhvfnsh83bk0fg6-vscodium-1.91.1.24193/lib/vscode/resources/app/out/vs/workbench/api/node/extensionHostProcess.js:164:29715)
	at T.reset (/home/ser/.vscode-oss/extensions/asvetliakov.vscode-neovim-1.18.7-universal/dist/extension.js:2:187723)
	at l.<anonymous> (/home/ser/.vscode-oss/extensions/asvetliakov.vscode-neovim-1.18.7-universal/dist/extension.js:2:421141)
	at l.dispose (/nix/store/3j0nsr6g8fc0kb20hxhvfnsh83bk0fg6-vscodium-1.91.1.24193/lib/vscode/resources/app/out/vs/workbench/api/node/extensionHostProcess.js:152:6342)
	at h (/nix/store/3j0nsr6g8fc0kb20hxhvfnsh83bk0fg6-vscodium-1.91.1.24193/lib/vscode/resources/app/out/vs/workbench/api/node/extensionHostProcess.js:30:758)
	at m._deactivate (/nix/store/3j0nsr6g8fc0kb20hxhvfnsh83bk0fg6-vscodium-1.91.1.24193/lib/vscode/resources/app/out/vs/workbench/api/node/extensionHostProcess.js:160:13048)
	at /nix/store/3j0nsr6g8fc0kb20hxhvfnsh83bk0fg6-vscodium-1.91.1.24193/lib/vscode/resources/app/out/vs/workbench/api/node/extensionHostProcess.js:160:10194
	at Array.map (<anonymous>)
	at m._deactivateAll (/nix/store/3j0nsr6g8fc0kb20hxhvfnsh83bk0fg6-vscodium-1.91.1.24193/lib/vscode/resources/app/out/vs/workbench/api/node/extensionHostProcess.js:160:10181)
	at m.terminate (/nix/store/3j0nsr6g8fc0kb20hxhvfnsh83bk0fg6-vscodium-1.91.1.24193/lib/vscode/resources/app/out/vs/workbench/api/node/extensionHostProcess.js:160:10564)
	at h.terminate (/nix/store/3j0nsr6g8fc0kb20hxhvfnsh83bk0fg6-vscodium-1.91.1.24193/lib/vscode/resources/app/out/vs/workbench/api/node/extensionHostProcess.js:164:1908)
	at i (/nix/store/3j0nsr6g8fc0kb20hxhvfnsh83bk0fg6-vscodium-1.91.1.24193/lib/vscode/resources/app/out/vs/workbench/api/node/extensionHostProcess.js:177:12354)
	at MessagePortMain.<anonymous> (/nix/store/3j0nsr6g8fc0kb20hxhvfnsh83bk0fg6-vscodium-1.91.1.24193/lib/vscode/resources/app/out/vs/workbench/api/node/extensionHostProcess.js:177:8164)
	at MessagePortMain.emit (node:events:514:28)
	at MessagePortMain._internalPort.emit (node:electron/js2c/utility_init:2:2285) setContext undefined
2024-08-23 01:06:11.221 [error] Canceled: Canceled
	at new T (/nix/store/3j0nsr6g8fc0kb20hxhvfnsh83bk0fg6-vscodium-1.91.1.24193/lib/vscode/resources/app/out/vs/workbench/api/node/extensionHostProcess.js:144:39096)
	at y._remoteCall (/nix/store/3j0nsr6g8fc0kb20hxhvfnsh83bk0fg6-vscodium-1.91.1.24193/lib/vscode/resources/app/out/vs/workbench/api/node/extensionHostProcess.js:151:8166)
	at U.<computed>.F.charCodeAt.R.CharCode.DollarSign.U.<computed> (/nix/store/3j0nsr6g8fc0kb20hxhvfnsh83bk0fg6-vscodium-1.91.1.24193/lib/vscode/resources/app/out/vs/workbench/api/node/extensionHostProcess.js:151:4351)
	at f._doExecuteCommand (/nix/store/3j0nsr6g8fc0kb20hxhvfnsh83bk0fg6-vscodium-1.91.1.24193/lib/vscode/resources/app/out/vs/workbench/api/node/extensionHostProcess.js:154:241286)
	at f.executeCommand (/nix/store/3j0nsr6g8fc0kb20hxhvfnsh83bk0fg6-vscodium-1.91.1.24193/lib/vscode/resources/app/out/vs/workbench/api/node/extensionHostProcess.js:154:240611)
	at k.registerCommand.description (/nix/store/3j0nsr6g8fc0kb20hxhvfnsh83bk0fg6-vscodium-1.91.1.24193/lib/vscode/resources/app/out/vs/workbench/api/node/extensionHostProcess.js:154:239855)
	at f._executeContributedCommand (/nix/store/3j0nsr6g8fc0kb20hxhvfnsh83bk0fg6-vscodium-1.91.1.24193/lib/vscode/resources/app/out/vs/workbench/api/node/extensionHostProcess.js:154:241924)
	at f._doExecuteCommand (/nix/store/3j0nsr6g8fc0kb20hxhvfnsh83bk0fg6-vscodium-1.91.1.24193/lib/vscode/resources/app/out/vs/workbench/api/node/extensionHostProcess.js:154:240744)
	at f.executeCommand (/nix/store/3j0nsr6g8fc0kb20hxhvfnsh83bk0fg6-vscodium-1.91.1.24193/lib/vscode/resources/app/out/vs/workbench/api/node/extensionHostProcess.js:154:240611)
	at Object.executeCommand (/nix/store/3j0nsr6g8fc0kb20hxhvfnsh83bk0fg6-vscodium-1.91.1.24193/lib/vscode/resources/app/out/vs/workbench/api/node/extensionHostProcess.js:164:29715)
	at T.reset (/home/ser/.vscode-oss/extensions/asvetliakov.vscode-neovim-1.18.7-universal/dist/extension.js:2:187723)
	at l.<anonymous> (/home/ser/.vscode-oss/extensions/asvetliakov.vscode-neovim-1.18.7-universal/dist/extension.js:2:421141)
	at l.dispose (/nix/store/3j0nsr6g8fc0kb20hxhvfnsh83bk0fg6-vscodium-1.91.1.24193/lib/vscode/resources/app/out/vs/workbench/api/node/extensionHostProcess.js:152:6342)
	at h (/nix/store/3j0nsr6g8fc0kb20hxhvfnsh83bk0fg6-vscodium-1.91.1.24193/lib/vscode/resources/app/out/vs/workbench/api/node/extensionHostProcess.js:30:758)
	at m._deactivate (/nix/store/3j0nsr6g8fc0kb20hxhvfnsh83bk0fg6-vscodium-1.91.1.24193/lib/vscode/resources/app/out/vs/workbench/api/node/extensionHostProcess.js:160:13048)
	at /nix/store/3j0nsr6g8fc0kb20hxhvfnsh83bk0fg6-vscodium-1.91.1.24193/lib/vscode/resources/app/out/vs/workbench/api/node/extensionHostProcess.js:160:10194
	at Array.map (<anonymous>)
	at m._deactivateAll (/nix/store/3j0nsr6g8fc0kb20hxhvfnsh83bk0fg6-vscodium-1.91.1.24193/lib/vscode/resources/app/out/vs/workbench/api/node/extensionHostProcess.js:160:10181)
	at m.terminate (/nix/store/3j0nsr6g8fc0kb20hxhvfnsh83bk0fg6-vscodium-1.91.1.24193/lib/vscode/resources/app/out/vs/workbench/api/node/extensionHostProcess.js:160:10564)
	at h.terminate (/nix/store/3j0nsr6g8fc0kb20hxhvfnsh83bk0fg6-vscodium-1.91.1.24193/lib/vscode/resources/app/out/vs/workbench/api/node/extensionHostProcess.js:164:1908)
	at i (/nix/store/3j0nsr6g8fc0kb20hxhvfnsh83bk0fg6-vscodium-1.91.1.24193/lib/vscode/resources/app/out/vs/workbench/api/node/extensionHostProcess.js:177:12354)
	at MessagePortMain.<anonymous> (/nix/store/3j0nsr6g8fc0kb20hxhvfnsh83bk0fg6-vscodium-1.91.1.24193/lib/vscode/resources/app/out/vs/workbench/api/node/extensionHostProcess.js:177:8164)
	at MessagePortMain.emit (node:events:514:28)
	at MessagePortMain._internalPort.emit (node:electron/js2c/utility_init:2:2285) setContext undefined
2024-08-23 01:06:11.221 [error] Canceled: Canceled
	at new T (/nix/store/3j0nsr6g8fc0kb20hxhvfnsh83bk0fg6-vscodium-1.91.1.24193/lib/vscode/resources/app/out/vs/workbench/api/node/extensionHostProcess.js:144:39096)
	at y._remoteCall (/nix/store/3j0nsr6g8fc0kb20hxhvfnsh83bk0fg6-vscodium-1.91.1.24193/lib/vscode/resources/app/out/vs/workbench/api/node/extensionHostProcess.js:151:8166)
	at U.<computed>.F.charCodeAt.R.CharCode.DollarSign.U.<computed> (/nix/store/3j0nsr6g8fc0kb20hxhvfnsh83bk0fg6-vscodium-1.91.1.24193/lib/vscode/resources/app/out/vs/workbench/api/node/extensionHostProcess.js:151:4351)
	at f._doExecuteCommand (/nix/store/3j0nsr6g8fc0kb20hxhvfnsh83bk0fg6-vscodium-1.91.1.24193/lib/vscode/resources/app/out/vs/workbench/api/node/extensionHostProcess.js:154:241286)
	at f.executeCommand (/nix/store/3j0nsr6g8fc0kb20hxhvfnsh83bk0fg6-vscodium-1.91.1.24193/lib/vscode/resources/app/out/vs/workbench/api/node/extensionHostProcess.js:154:240611)
	at k.registerCommand.description (/nix/store/3j0nsr6g8fc0kb20hxhvfnsh83bk0fg6-vscodium-1.91.1.24193/lib/vscode/resources/app/out/vs/workbench/api/node/extensionHostProcess.js:154:239855)
	at f._executeContributedCommand (/nix/store/3j0nsr6g8fc0kb20hxhvfnsh83bk0fg6-vscodium-1.91.1.24193/lib/vscode/resources/app/out/vs/workbench/api/node/extensionHostProcess.js:154:241924)
	at f._doExecuteCommand (/nix/store/3j0nsr6g8fc0kb20hxhvfnsh83bk0fg6-vscodium-1.91.1.24193/lib/vscode/resources/app/out/vs/workbench/api/node/extensionHostProcess.js:154:240744)
	at f.executeCommand (/nix/store/3j0nsr6g8fc0kb20hxhvfnsh83bk0fg6-vscodium-1.91.1.24193/lib/vscode/resources/app/out/vs/workbench/api/node/extensionHostProcess.js:154:240611)
	at Object.executeCommand (/nix/store/3j0nsr6g8fc0kb20hxhvfnsh83bk0fg6-vscodium-1.91.1.24193/lib/vscode/resources/app/out/vs/workbench/api/node/extensionHostProcess.js:164:29715)
	at T.reset (/home/ser/.vscode-oss/extensions/asvetliakov.vscode-neovim-1.18.7-universal/dist/extension.js:2:187723)
	at l.<anonymous> (/home/ser/.vscode-oss/extensions/asvetliakov.vscode-neovim-1.18.7-universal/dist/extension.js:2:421141)
	at l.dispose (/nix/store/3j0nsr6g8fc0kb20hxhvfnsh83bk0fg6-vscodium-1.91.1.24193/lib/vscode/resources/app/out/vs/workbench/api/node/extensionHostProcess.js:152:6342)
	at h (/nix/store/3j0nsr6g8fc0kb20hxhvfnsh83bk0fg6-vscodium-1.91.1.24193/lib/vscode/resources/app/out/vs/workbench/api/node/extensionHostProcess.js:30:758)
	at m._deactivate (/nix/store/3j0nsr6g8fc0kb20hxhvfnsh83bk0fg6-vscodium-1.91.1.24193/lib/vscode/resources/app/out/vs/workbench/api/node/extensionHostProcess.js:160:13048)
	at /nix/store/3j0nsr6g8fc0kb20hxhvfnsh83bk0fg6-vscodium-1.91.1.24193/lib/vscode/resources/app/out/vs/workbench/api/node/extensionHostProcess.js:160:10194
	at Array.map (<anonymous>)
	at m._deactivateAll (/nix/store/3j0nsr6g8fc0kb20hxhvfnsh83bk0fg6-vscodium-1.91.1.24193/lib/vscode/resources/app/out/vs/workbench/api/node/extensionHostProcess.js:160:10181)
	at m.terminate (/nix/store/3j0nsr6g8fc0kb20hxhvfnsh83bk0fg6-vscodium-1.91.1.24193/lib/vscode/resources/app/out/vs/workbench/api/node/extensionHostProcess.js:160:10564)
	at h.terminate (/nix/store/3j0nsr6g8fc0kb20hxhvfnsh83bk0fg6-vscodium-1.91.1.24193/lib/vscode/resources/app/out/vs/workbench/api/node/extensionHostProcess.js:164:1908)
	at i (/nix/store/3j0nsr6g8fc0kb20hxhvfnsh83bk0fg6-vscodium-1.91.1.24193/lib/vscode/resources/app/out/vs/workbench/api/node/extensionHostProcess.js:177:12354)
	at MessagePortMain.<anonymous> (/nix/store/3j0nsr6g8fc0kb20hxhvfnsh83bk0fg6-vscodium-1.91.1.24193/lib/vscode/resources/app/out/vs/workbench/api/node/extensionHostProcess.js:177:8164)
	at MessagePortMain.emit (node:events:514:28)
	at MessagePortMain._internalPort.emit (node:electron/js2c/utility_init:2:2285) setContext undefined
2024-08-23 01:06:11.221 [error] Canceled: Canceled
	at new T (/nix/store/3j0nsr6g8fc0kb20hxhvfnsh83bk0fg6-vscodium-1.91.1.24193/lib/vscode/resources/app/out/vs/workbench/api/node/extensionHostProcess.js:144:39096)
	at y._remoteCall (/nix/store/3j0nsr6g8fc0kb20hxhvfnsh83bk0fg6-vscodium-1.91.1.24193/lib/vscode/resources/app/out/vs/workbench/api/node/extensionHostProcess.js:151:8166)
	at U.<computed>.F.charCodeAt.R.CharCode.DollarSign.U.<computed> (/nix/store/3j0nsr6g8fc0kb20hxhvfnsh83bk0fg6-vscodium-1.91.1.24193/lib/vscode/resources/app/out/vs/workbench/api/node/extensionHostProcess.js:151:4351)
	at f._doExecuteCommand (/nix/store/3j0nsr6g8fc0kb20hxhvfnsh83bk0fg6-vscodium-1.91.1.24193/lib/vscode/resources/app/out/vs/workbench/api/node/extensionHostProcess.js:154:241286)
	at f.executeCommand (/nix/store/3j0nsr6g8fc0kb20hxhvfnsh83bk0fg6-vscodium-1.91.1.24193/lib/vscode/resources/app/out/vs/workbench/api/node/extensionHostProcess.js:154:240611)
	at k.registerCommand.description (/nix/store/3j0nsr6g8fc0kb20hxhvfnsh83bk0fg6-vscodium-1.91.1.24193/lib/vscode/resources/app/out/vs/workbench/api/node/extensionHostProcess.js:154:239855)
	at f._executeContributedCommand (/nix/store/3j0nsr6g8fc0kb20hxhvfnsh83bk0fg6-vscodium-1.91.1.24193/lib/vscode/resources/app/out/vs/workbench/api/node/extensionHostProcess.js:154:241924)
	at f._doExecuteCommand (/nix/store/3j0nsr6g8fc0kb20hxhvfnsh83bk0fg6-vscodium-1.91.1.24193/lib/vscode/resources/app/out/vs/workbench/api/node/extensionHostProcess.js:154:240744)
	at f.executeCommand (/nix/store/3j0nsr6g8fc0kb20hxhvfnsh83bk0fg6-vscodium-1.91.1.24193/lib/vscode/resources/app/out/vs/workbench/api/node/extensionHostProcess.js:154:240611)
	at Object.executeCommand (/nix/store/3j0nsr6g8fc0kb20hxhvfnsh83bk0fg6-vscodium-1.91.1.24193/lib/vscode/resources/app/out/vs/workbench/api/node/extensionHostProcess.js:164:29715)
	at T.reset (/home/ser/.vscode-oss/extensions/asvetliakov.vscode-neovim-1.18.7-universal/dist/extension.js:2:187723)
	at l.<anonymous> (/home/ser/.vscode-oss/extensions/asvetliakov.vscode-neovim-1.18.7-universal/dist/extension.js:2:421141)
	at l.dispose (/nix/store/3j0nsr6g8fc0kb20hxhvfnsh83bk0fg6-vscodium-1.91.1.24193/lib/vscode/resources/app/out/vs/workbench/api/node/extensionHostProcess.js:152:6342)
	at h (/nix/store/3j0nsr6g8fc0kb20hxhvfnsh83bk0fg6-vscodium-1.91.1.24193/lib/vscode/resources/app/out/vs/workbench/api/node/extensionHostProcess.js:30:758)
	at m._deactivate (/nix/store/3j0nsr6g8fc0kb20hxhvfnsh83bk0fg6-vscodium-1.91.1.24193/lib/vscode/resources/app/out/vs/workbench/api/node/extensionHostProcess.js:160:13048)
	at /nix/store/3j0nsr6g8fc0kb20hxhvfnsh83bk0fg6-vscodium-1.91.1.24193/lib/vscode/resources/app/out/vs/workbench/api/node/extensionHostProcess.js:160:10194
	at Array.map (<anonymous>)
	at m._deactivateAll (/nix/store/3j0nsr6g8fc0kb20hxhvfnsh83bk0fg6-vscodium-1.91.1.24193/lib/vscode/resources/app/out/vs/workbench/api/node/extensionHostProcess.js:160:10181)
	at m.terminate (/nix/store/3j0nsr6g8fc0kb20hxhvfnsh83bk0fg6-vscodium-1.91.1.24193/lib/vscode/resources/app/out/vs/workbench/api/node/extensionHostProcess.js:160:10564)
	at h.terminate (/nix/store/3j0nsr6g8fc0kb20hxhvfnsh83bk0fg6-vscodium-1.91.1.24193/lib/vscode/resources/app/out/vs/workbench/api/node/extensionHostProcess.js:164:1908)
	at i (/nix/store/3j0nsr6g8fc0kb20hxhvfnsh83bk0fg6-vscodium-1.91.1.24193/lib/vscode/resources/app/out/vs/workbench/api/node/extensionHostProcess.js:177:12354)
	at MessagePortMain.<anonymous> (/nix/store/3j0nsr6g8fc0kb20hxhvfnsh83bk0fg6-vscodium-1.91.1.24193/lib/vscode/resources/app/out/vs/workbench/api/node/extensionHostProcess.js:177:8164)
	at MessagePortMain.emit (node:events:514:28)
	at MessagePortMain._internalPort.emit (node:electron/js2c/utility_init:2:2285) setContext undefined
2024-08-23 01:06:11.222 [error] Canceled: Canceled
	at new T (/nix/store/3j0nsr6g8fc0kb20hxhvfnsh83bk0fg6-vscodium-1.91.1.24193/lib/vscode/resources/app/out/vs/workbench/api/node/extensionHostProcess.js:144:39096)
	at y._remoteCall (/nix/store/3j0nsr6g8fc0kb20hxhvfnsh83bk0fg6-vscodium-1.91.1.24193/lib/vscode/resources/app/out/vs/workbench/api/node/extensionHostProcess.js:151:8166)
	at U.<computed>.F.charCodeAt.R.CharCode.DollarSign.U.<computed> (/nix/store/3j0nsr6g8fc0kb20hxhvfnsh83bk0fg6-vscodium-1.91.1.24193/lib/vscode/resources/app/out/vs/workbench/api/node/extensionHostProcess.js:151:4351)
	at f._doExecuteCommand (/nix/store/3j0nsr6g8fc0kb20hxhvfnsh83bk0fg6-vscodium-1.91.1.24193/lib/vscode/resources/app/out/vs/workbench/api/node/extensionHostProcess.js:154:241286)
	at f.executeCommand (/nix/store/3j0nsr6g8fc0kb20hxhvfnsh83bk0fg6-vscodium-1.91.1.24193/lib/vscode/resources/app/out/vs/workbench/api/node/extensionHostProcess.js:154:240611)
	at k.registerCommand.description (/nix/store/3j0nsr6g8fc0kb20hxhvfnsh83bk0fg6-vscodium-1.91.1.24193/lib/vscode/resources/app/out/vs/workbench/api/node/extensionHostProcess.js:154:239855)
	at f._executeContributedCommand (/nix/store/3j0nsr6g8fc0kb20hxhvfnsh83bk0fg6-vscodium-1.91.1.24193/lib/vscode/resources/app/out/vs/workbench/api/node/extensionHostProcess.js:154:241924)
	at f._doExecuteCommand (/nix/store/3j0nsr6g8fc0kb20hxhvfnsh83bk0fg6-vscodium-1.91.1.24193/lib/vscode/resources/app/out/vs/workbench/api/node/extensionHostProcess.js:154:240744)
	at f.executeCommand (/nix/store/3j0nsr6g8fc0kb20hxhvfnsh83bk0fg6-vscodium-1.91.1.24193/lib/vscode/resources/app/out/vs/workbench/api/node/extensionHostProcess.js:154:240611)
	at Object.executeCommand (/nix/store/3j0nsr6g8fc0kb20hxhvfnsh83bk0fg6-vscodium-1.91.1.24193/lib/vscode/resources/app/out/vs/workbench/api/node/extensionHostProcess.js:164:29715)
	at T.reset (/home/ser/.vscode-oss/extensions/asvetliakov.vscode-neovim-1.18.7-universal/dist/extension.js:2:187723)
	at l.<anonymous> (/home/ser/.vscode-oss/extensions/asvetliakov.vscode-neovim-1.18.7-universal/dist/extension.js:2:421141)
	at l.dispose (/nix/store/3j0nsr6g8fc0kb20hxhvfnsh83bk0fg6-vscodium-1.91.1.24193/lib/vscode/resources/app/out/vs/workbench/api/node/extensionHostProcess.js:152:6342)
	at h (/nix/store/3j0nsr6g8fc0kb20hxhvfnsh83bk0fg6-vscodium-1.91.1.24193/lib/vscode/resources/app/out/vs/workbench/api/node/extensionHostProcess.js:30:758)
	at m._deactivate (/nix/store/3j0nsr6g8fc0kb20hxhvfnsh83bk0fg6-vscodium-1.91.1.24193/lib/vscode/resources/app/out/vs/workbench/api/node/extensionHostProcess.js:160:13048)
	at /nix/store/3j0nsr6g8fc0kb20hxhvfnsh83bk0fg6-vscodium-1.91.1.24193/lib/vscode/resources/app/out/vs/workbench/api/node/extensionHostProcess.js:160:10194
	at Array.map (<anonymous>)
	at m._deactivateAll (/nix/store/3j0nsr6g8fc0kb20hxhvfnsh83bk0fg6-vscodium-1.91.1.24193/lib/vscode/resources/app/out/vs/workbench/api/node/extensionHostProcess.js:160:10181)
	at m.terminate (/nix/store/3j0nsr6g8fc0kb20hxhvfnsh83bk0fg6-vscodium-1.91.1.24193/lib/vscode/resources/app/out/vs/workbench/api/node/extensionHostProcess.js:160:10564)
	at h.terminate (/nix/store/3j0nsr6g8fc0kb20hxhvfnsh83bk0fg6-vscodium-1.91.1.24193/lib/vscode/resources/app/out/vs/workbench/api/node/extensionHostProcess.js:164:1908)
	at i (/nix/store/3j0nsr6g8fc0kb20hxhvfnsh83bk0fg6-vscodium-1.91.1.24193/lib/vscode/resources/app/out/vs/workbench/api/node/extensionHostProcess.js:177:12354)
	at MessagePortMain.<anonymous> (/nix/store/3j0nsr6g8fc0kb20hxhvfnsh83bk0fg6-vscodium-1.91.1.24193/lib/vscode/resources/app/out/vs/workbench/api/node/extensionHostProcess.js:177:8164)
	at MessagePortMain.emit (node:events:514:28)
	at MessagePortMain._internalPort.emit (node:electron/js2c/utility_init:2:2285) setContext undefined
2024-08-23 01:06:11.222 [error] Canceled: Canceled
	at new T (/nix/store/3j0nsr6g8fc0kb20hxhvfnsh83bk0fg6-vscodium-1.91.1.24193/lib/vscode/resources/app/out/vs/workbench/api/node/extensionHostProcess.js:144:39096)
	at y._remoteCall (/nix/store/3j0nsr6g8fc0kb20hxhvfnsh83bk0fg6-vscodium-1.91.1.24193/lib/vscode/resources/app/out/vs/workbench/api/node/extensionHostProcess.js:151:8166)
	at U.<computed>.F.charCodeAt.R.CharCode.DollarSign.U.<computed> (/nix/store/3j0nsr6g8fc0kb20hxhvfnsh83bk0fg6-vscodium-1.91.1.24193/lib/vscode/resources/app/out/vs/workbench/api/node/extensionHostProcess.js:151:4351)
	at f._doExecuteCommand (/nix/store/3j0nsr6g8fc0kb20hxhvfnsh83bk0fg6-vscodium-1.91.1.24193/lib/vscode/resources/app/out/vs/workbench/api/node/extensionHostProcess.js:154:241286)
	at f.executeCommand (/nix/store/3j0nsr6g8fc0kb20hxhvfnsh83bk0fg6-vscodium-1.91.1.24193/lib/vscode/resources/app/out/vs/workbench/api/node/extensionHostProcess.js:154:240611)
	at k.registerCommand.description (/nix/store/3j0nsr6g8fc0kb20hxhvfnsh83bk0fg6-vscodium-1.91.1.24193/lib/vscode/resources/app/out/vs/workbench/api/node/extensionHostProcess.js:154:239855)
	at f._executeContributedCommand (/nix/store/3j0nsr6g8fc0kb20hxhvfnsh83bk0fg6-vscodium-1.91.1.24193/lib/vscode/resources/app/out/vs/workbench/api/node/extensionHostProcess.js:154:241924)
	at f._doExecuteCommand (/nix/store/3j0nsr6g8fc0kb20hxhvfnsh83bk0fg6-vscodium-1.91.1.24193/lib/vscode/resources/app/out/vs/workbench/api/node/extensionHostProcess.js:154:240744)
	at f.executeCommand (/nix/store/3j0nsr6g8fc0kb20hxhvfnsh83bk0fg6-vscodium-1.91.1.24193/lib/vscode/resources/app/out/vs/workbench/api/node/extensionHostProcess.js:154:240611)
	at Object.executeCommand (/nix/store/3j0nsr6g8fc0kb20hxhvfnsh83bk0fg6-vscodium-1.91.1.24193/lib/vscode/resources/app/out/vs/workbench/api/node/extensionHostProcess.js:164:29715)
	at T.reset (/home/ser/.vscode-oss/extensions/asvetliakov.vscode-neovim-1.18.7-universal/dist/extension.js:2:187723)
	at l.<anonymous> (/home/ser/.vscode-oss/extensions/asvetliakov.vscode-neovim-1.18.7-universal/dist/extension.js:2:421141)
	at l.dispose (/nix/store/3j0nsr6g8fc0kb20hxhvfnsh83bk0fg6-vscodium-1.91.1.24193/lib/vscode/resources/app/out/vs/workbench/api/node/extensionHostProcess.js:152:6342)
	at h (/nix/store/3j0nsr6g8fc0kb20hxhvfnsh83bk0fg6-vscodium-1.91.1.24193/lib/vscode/resources/app/out/vs/workbench/api/node/extensionHostProcess.js:30:758)
	at m._deactivate (/nix/store/3j0nsr6g8fc0kb20hxhvfnsh83bk0fg6-vscodium-1.91.1.24193/lib/vscode/resources/app/out/vs/workbench/api/node/extensionHostProcess.js:160:13048)
	at /nix/store/3j0nsr6g8fc0kb20hxhvfnsh83bk0fg6-vscodium-1.91.1.24193/lib/vscode/resources/app/out/vs/workbench/api/node/extensionHostProcess.js:160:10194
	at Array.map (<anonymous>)
	at m._deactivateAll (/nix/store/3j0nsr6g8fc0kb20hxhvfnsh83bk0fg6-vscodium-1.91.1.24193/lib/vscode/resources/app/out/vs/workbench/api/node/extensionHostProcess.js:160:10181)
	at m.terminate (/nix/store/3j0nsr6g8fc0kb20hxhvfnsh83bk0fg6-vscodium-1.91.1.24193/lib/vscode/resources/app/out/vs/workbench/api/node/extensionHostProcess.js:160:10564)
	at h.terminate (/nix/store/3j0nsr6g8fc0kb20hxhvfnsh83bk0fg6-vscodium-1.91.1.24193/lib/vscode/resources/app/out/vs/workbench/api/node/extensionHostProcess.js:164:1908)
	at i (/nix/store/3j0nsr6g8fc0kb20hxhvfnsh83bk0fg6-vscodium-1.91.1.24193/lib/vscode/resources/app/out/vs/workbench/api/node/extensionHostProcess.js:177:12354)
	at MessagePortMain.<anonymous> (/nix/store/3j0nsr6g8fc0kb20hxhvfnsh83bk0fg6-vscodium-1.91.1.24193/lib/vscode/resources/app/out/vs/workbench/api/node/extensionHostProcess.js:177:8164)
	at MessagePortMain.emit (node:events:514:28)
	at MessagePortMain._internalPort.emit (node:electron/js2c/utility_init:2:2285) setContext undefined
2024-08-23 01:06:11.222 [error] Canceled: Canceled
	at new T (/nix/store/3j0nsr6g8fc0kb20hxhvfnsh83bk0fg6-vscodium-1.91.1.24193/lib/vscode/resources/app/out/vs/workbench/api/node/extensionHostProcess.js:144:39096)
	at y._remoteCall (/nix/store/3j0nsr6g8fc0kb20hxhvfnsh83bk0fg6-vscodium-1.91.1.24193/lib/vscode/resources/app/out/vs/workbench/api/node/extensionHostProcess.js:151:8166)
	at U.<computed>.F.charCodeAt.R.CharCode.DollarSign.U.<computed> (/nix/store/3j0nsr6g8fc0kb20hxhvfnsh83bk0fg6-vscodium-1.91.1.24193/lib/vscode/resources/app/out/vs/workbench/api/node/extensionHostProcess.js:151:4351)
	at f._doExecuteCommand (/nix/store/3j0nsr6g8fc0kb20hxhvfnsh83bk0fg6-vscodium-1.91.1.24193/lib/vscode/resources/app/out/vs/workbench/api/node/extensionHostProcess.js:154:241286)
	at f.executeCommand (/nix/store/3j0nsr6g8fc0kb20hxhvfnsh83bk0fg6-vscodium-1.91.1.24193/lib/vscode/resources/app/out/vs/workbench/api/node/extensionHostProcess.js:154:240611)
	at k.registerCommand.description (/nix/store/3j0nsr6g8fc0kb20hxhvfnsh83bk0fg6-vscodium-1.91.1.24193/lib/vscode/resources/app/out/vs/workbench/api/node/extensionHostProcess.js:154:239855)
	at f._executeContributedCommand (/nix/store/3j0nsr6g8fc0kb20hxhvfnsh83bk0fg6-vscodium-1.91.1.24193/lib/vscode/resources/app/out/vs/workbench/api/node/extensionHostProcess.js:154:241924)
	at f._doExecuteCommand (/nix/store/3j0nsr6g8fc0kb20hxhvfnsh83bk0fg6-vscodium-1.91.1.24193/lib/vscode/resources/app/out/vs/workbench/api/node/extensionHostProcess.js:154:240744)
	at f.executeCommand (/nix/store/3j0nsr6g8fc0kb20hxhvfnsh83bk0fg6-vscodium-1.91.1.24193/lib/vscode/resources/app/out/vs/workbench/api/node/extensionHostProcess.js:154:240611)
	at Object.executeCommand (/nix/store/3j0nsr6g8fc0kb20hxhvfnsh83bk0fg6-vscodium-1.91.1.24193/lib/vscode/resources/app/out/vs/workbench/api/node/extensionHostProcess.js:164:29715)
	at T.reset (/home/ser/.vscode-oss/extensions/asvetliakov.vscode-neovim-1.18.7-universal/dist/extension.js:2:187723)
	at l.<anonymous> (/home/ser/.vscode-oss/extensions/asvetliakov.vscode-neovim-1.18.7-universal/dist/extension.js:2:421141)
	at l.dispose (/nix/store/3j0nsr6g8fc0kb20hxhvfnsh83bk0fg6-vscodium-1.91.1.24193/lib/vscode/resources/app/out/vs/workbench/api/node/extensionHostProcess.js:152:6342)
	at h (/nix/store/3j0nsr6g8fc0kb20hxhvfnsh83bk0fg6-vscodium-1.91.1.24193/lib/vscode/resources/app/out/vs/workbench/api/node/extensionHostProcess.js:30:758)
	at m._deactivate (/nix/store/3j0nsr6g8fc0kb20hxhvfnsh83bk0fg6-vscodium-1.91.1.24193/lib/vscode/resources/app/out/vs/workbench/api/node/extensionHostProcess.js:160:13048)
	at /nix/store/3j0nsr6g8fc0kb20hxhvfnsh83bk0fg6-vscodium-1.91.1.24193/lib/vscode/resources/app/out/vs/workbench/api/node/extensionHostProcess.js:160:10194
	at Array.map (<anonymous>)
	at m._deactivateAll (/nix/store/3j0nsr6g8fc0kb20hxhvfnsh83bk0fg6-vscodium-1.91.1.24193/lib/vscode/resources/app/out/vs/workbench/api/node/extensionHostProcess.js:160:10181)
	at m.terminate (/nix/store/3j0nsr6g8fc0kb20hxhvfnsh83bk0fg6-vscodium-1.91.1.24193/lib/vscode/resources/app/out/vs/workbench/api/node/extensionHostProcess.js:160:10564)
	at h.terminate (/nix/store/3j0nsr6g8fc0kb20hxhvfnsh83bk0fg6-vscodium-1.91.1.24193/lib/vscode/resources/app/out/vs/workbench/api/node/extensionHostProcess.js:164:1908)
	at i (/nix/store/3j0nsr6g8fc0kb20hxhvfnsh83bk0fg6-vscodium-1.91.1.24193/lib/vscode/resources/app/out/vs/workbench/api/node/extensionHostProcess.js:177:12354)
	at MessagePortMain.<anonymous> (/nix/store/3j0nsr6g8fc0kb20hxhvfnsh83bk0fg6-vscodium-1.91.1.24193/lib/vscode/resources/app/out/vs/workbench/api/node/extensionHostProcess.js:177:8164)
	at MessagePortMain.emit (node:events:514:28)
	at MessagePortMain._internalPort.emit (node:electron/js2c/utility_init:2:2285) setContext undefined
2024-08-23 01:06:11.222 [error] Canceled: Canceled
	at new T (/nix/store/3j0nsr6g8fc0kb20hxhvfnsh83bk0fg6-vscodium-1.91.1.24193/lib/vscode/resources/app/out/vs/workbench/api/node/extensionHostProcess.js:144:39096)
	at y._remoteCall (/nix/store/3j0nsr6g8fc0kb20hxhvfnsh83bk0fg6-vscodium-1.91.1.24193/lib/vscode/resources/app/out/vs/workbench/api/node/extensionHostProcess.js:151:8166)
	at U.<computed>.F.charCodeAt.R.CharCode.DollarSign.U.<computed> (/nix/store/3j0nsr6g8fc0kb20hxhvfnsh83bk0fg6-vscodium-1.91.1.24193/lib/vscode/resources/app/out/vs/workbench/api/node/extensionHostProcess.js:151:4351)
	at f._doExecuteCommand (/nix/store/3j0nsr6g8fc0kb20hxhvfnsh83bk0fg6-vscodium-1.91.1.24193/lib/vscode/resources/app/out/vs/workbench/api/node/extensionHostProcess.js:154:241286)
	at f.executeCommand (/nix/store/3j0nsr6g8fc0kb20hxhvfnsh83bk0fg6-vscodium-1.91.1.24193/lib/vscode/resources/app/out/vs/workbench/api/node/extensionHostProcess.js:154:240611)
	at k.registerCommand.description (/nix/store/3j0nsr6g8fc0kb20hxhvfnsh83bk0fg6-vscodium-1.91.1.24193/lib/vscode/resources/app/out/vs/workbench/api/node/extensionHostProcess.js:154:239855)
	at f._executeContributedCommand (/nix/store/3j0nsr6g8fc0kb20hxhvfnsh83bk0fg6-vscodium-1.91.1.24193/lib/vscode/resources/app/out/vs/workbench/api/node/extensionHostProcess.js:154:241924)
	at f._doExecuteCommand (/nix/store/3j0nsr6g8fc0kb20hxhvfnsh83bk0fg6-vscodium-1.91.1.24193/lib/vscode/resources/app/out/vs/workbench/api/node/extensionHostProcess.js:154:240744)
	at f.executeCommand (/nix/store/3j0nsr6g8fc0kb20hxhvfnsh83bk0fg6-vscodium-1.91.1.24193/lib/vscode/resources/app/out/vs/workbench/api/node/extensionHostProcess.js:154:240611)
	at Object.executeCommand (/nix/store/3j0nsr6g8fc0kb20hxhvfnsh83bk0fg6-vscodium-1.91.1.24193/lib/vscode/resources/app/out/vs/workbench/api/node/extensionHostProcess.js:164:29715)
	at T.reset (/home/ser/.vscode-oss/extensions/asvetliakov.vscode-neovim-1.18.7-universal/dist/extension.js:2:187723)
	at l.<anonymous> (/home/ser/.vscode-oss/extensions/asvetliakov.vscode-neovim-1.18.7-universal/dist/extension.js:2:421141)
	at l.dispose (/nix/store/3j0nsr6g8fc0kb20hxhvfnsh83bk0fg6-vscodium-1.91.1.24193/lib/vscode/resources/app/out/vs/workbench/api/node/extensionHostProcess.js:152:6342)
	at h (/nix/store/3j0nsr6g8fc0kb20hxhvfnsh83bk0fg6-vscodium-1.91.1.24193/lib/vscode/resources/app/out/vs/workbench/api/node/extensionHostProcess.js:30:758)
	at m._deactivate (/nix/store/3j0nsr6g8fc0kb20hxhvfnsh83bk0fg6-vscodium-1.91.1.24193/lib/vscode/resources/app/out/vs/workbench/api/node/extensionHostProcess.js:160:13048)
	at /nix/store/3j0nsr6g8fc0kb20hxhvfnsh83bk0fg6-vscodium-1.91.1.24193/lib/vscode/resources/app/out/vs/workbench/api/node/extensionHostProcess.js:160:10194
	at Array.map (<anonymous>)
	at m._deactivateAll (/nix/store/3j0nsr6g8fc0kb20hxhvfnsh83bk0fg6-vscodium-1.91.1.24193/lib/vscode/resources/app/out/vs/workbench/api/node/extensionHostProcess.js:160:10181)
	at m.terminate (/nix/store/3j0nsr6g8fc0kb20hxhvfnsh83bk0fg6-vscodium-1.91.1.24193/lib/vscode/resources/app/out/vs/workbench/api/node/extensionHostProcess.js:160:10564)
	at h.terminate (/nix/store/3j0nsr6g8fc0kb20hxhvfnsh83bk0fg6-vscodium-1.91.1.24193/lib/vscode/resources/app/out/vs/workbench/api/node/extensionHostProcess.js:164:1908)
	at i (/nix/store/3j0nsr6g8fc0kb20hxhvfnsh83bk0fg6-vscodium-1.91.1.24193/lib/vscode/resources/app/out/vs/workbench/api/node/extensionHostProcess.js:177:12354)
	at MessagePortMain.<anonymous> (/nix/store/3j0nsr6g8fc0kb20hxhvfnsh83bk0fg6-vscodium-1.91.1.24193/lib/vscode/resources/app/out/vs/workbench/api/node/extensionHostProcess.js:177:8164)
	at MessagePortMain.emit (node:events:514:28)
	at MessagePortMain._internalPort.emit (node:electron/js2c/utility_init:2:2285) setContext undefined
2024-08-23 01:06:11.222 [error] Canceled: Canceled
	at new T (/nix/store/3j0nsr6g8fc0kb20hxhvfnsh83bk0fg6-vscodium-1.91.1.24193/lib/vscode/resources/app/out/vs/workbench/api/node/extensionHostProcess.js:144:39096)
	at y._remoteCall (/nix/store/3j0nsr6g8fc0kb20hxhvfnsh83bk0fg6-vscodium-1.91.1.24193/lib/vscode/resources/app/out/vs/workbench/api/node/extensionHostProcess.js:151:8166)
	at U.<computed>.F.charCodeAt.R.CharCode.DollarSign.U.<computed> (/nix/store/3j0nsr6g8fc0kb20hxhvfnsh83bk0fg6-vscodium-1.91.1.24193/lib/vscode/resources/app/out/vs/workbench/api/node/extensionHostProcess.js:151:4351)
	at f._doExecuteCommand (/nix/store/3j0nsr6g8fc0kb20hxhvfnsh83bk0fg6-vscodium-1.91.1.24193/lib/vscode/resources/app/out/vs/workbench/api/node/extensionHostProcess.js:154:241286)
	at f.executeCommand (/nix/store/3j0nsr6g8fc0kb20hxhvfnsh83bk0fg6-vscodium-1.91.1.24193/lib/vscode/resources/app/out/vs/workbench/api/node/extensionHostProcess.js:154:240611)
	at k.registerCommand.description (/nix/store/3j0nsr6g8fc0kb20hxhvfnsh83bk0fg6-vscodium-1.91.1.24193/lib/vscode/resources/app/out/vs/workbench/api/node/extensionHostProcess.js:154:239855)
	at f._executeContributedCommand (/nix/store/3j0nsr6g8fc0kb20hxhvfnsh83bk0fg6-vscodium-1.91.1.24193/lib/vscode/resources/app/out/vs/workbench/api/node/extensionHostProcess.js:154:241924)
	at f._doExecuteCommand (/nix/store/3j0nsr6g8fc0kb20hxhvfnsh83bk0fg6-vscodium-1.91.1.24193/lib/vscode/resources/app/out/vs/workbench/api/node/extensionHostProcess.js:154:240744)
	at f.executeCommand (/nix/store/3j0nsr6g8fc0kb20hxhvfnsh83bk0fg6-vscodium-1.91.1.24193/lib/vscode/resources/app/out/vs/workbench/api/node/extensionHostProcess.js:154:240611)
	at Object.executeCommand (/nix/store/3j0nsr6g8fc0kb20hxhvfnsh83bk0fg6-vscodium-1.91.1.24193/lib/vscode/resources/app/out/vs/workbench/api/node/extensionHostProcess.js:164:29715)
	at T.reset (/home/ser/.vscode-oss/extensions/asvetliakov.vscode-neovim-1.18.7-universal/dist/extension.js:2:187723)
	at l.<anonymous> (/home/ser/.vscode-oss/extensions/asvetliakov.vscode-neovim-1.18.7-universal/dist/extension.js:2:421141)
	at l.dispose (/nix/store/3j0nsr6g8fc0kb20hxhvfnsh83bk0fg6-vscodium-1.91.1.24193/lib/vscode/resources/app/out/vs/workbench/api/node/extensionHostProcess.js:152:6342)
	at h (/nix/store/3j0nsr6g8fc0kb20hxhvfnsh83bk0fg6-vscodium-1.91.1.24193/lib/vscode/resources/app/out/vs/workbench/api/node/extensionHostProcess.js:30:758)
	at m._deactivate (/nix/store/3j0nsr6g8fc0kb20hxhvfnsh83bk0fg6-vscodium-1.91.1.24193/lib/vscode/resources/app/out/vs/workbench/api/node/extensionHostProcess.js:160:13048)
	at /nix/store/3j0nsr6g8fc0kb20hxhvfnsh83bk0fg6-vscodium-1.91.1.24193/lib/vscode/resources/app/out/vs/workbench/api/node/extensionHostProcess.js:160:10194
	at Array.map (<anonymous>)
	at m._deactivateAll (/nix/store/3j0nsr6g8fc0kb20hxhvfnsh83bk0fg6-vscodium-1.91.1.24193/lib/vscode/resources/app/out/vs/workbench/api/node/extensionHostProcess.js:160:10181)
	at m.terminate (/nix/store/3j0nsr6g8fc0kb20hxhvfnsh83bk0fg6-vscodium-1.91.1.24193/lib/vscode/resources/app/out/vs/workbench/api/node/extensionHostProcess.js:160:10564)
	at h.terminate (/nix/store/3j0nsr6g8fc0kb20hxhvfnsh83bk0fg6-vscodium-1.91.1.24193/lib/vscode/resources/app/out/vs/workbench/api/node/extensionHostProcess.js:164:1908)
	at i (/nix/store/3j0nsr6g8fc0kb20hxhvfnsh83bk0fg6-vscodium-1.91.1.24193/lib/vscode/resources/app/out/vs/workbench/api/node/extensionHostProcess.js:177:12354)
	at MessagePortMain.<anonymous> (/nix/store/3j0nsr6g8fc0kb20hxhvfnsh83bk0fg6-vscodium-1.91.1.24193/lib/vscode/resources/app/out/vs/workbench/api/node/extensionHostProcess.js:177:8164)
	at MessagePortMain.emit (node:events:514:28)
	at MessagePortMain._internalPort.emit (node:electron/js2c/utility_init:2:2285) setContext undefined
2024-08-23 01:06:11.222 [error] Canceled: Canceled
	at new T (/nix/store/3j0nsr6g8fc0kb20hxhvfnsh83bk0fg6-vscodium-1.91.1.24193/lib/vscode/resources/app/out/vs/workbench/api/node/extensionHostProcess.js:144:39096)
	at y._remoteCall (/nix/store/3j0nsr6g8fc0kb20hxhvfnsh83bk0fg6-vscodium-1.91.1.24193/lib/vscode/resources/app/out/vs/workbench/api/node/extensionHostProcess.js:151:8166)
	at U.<computed>.F.charCodeAt.R.CharCode.DollarSign.U.<computed> (/nix/store/3j0nsr6g8fc0kb20hxhvfnsh83bk0fg6-vscodium-1.91.1.24193/lib/vscode/resources/app/out/vs/workbench/api/node/extensionHostProcess.js:151:4351)
	at f._doExecuteCommand (/nix/store/3j0nsr6g8fc0kb20hxhvfnsh83bk0fg6-vscodium-1.91.1.24193/lib/vscode/resources/app/out/vs/workbench/api/node/extensionHostProcess.js:154:241286)
	at f.executeCommand (/nix/store/3j0nsr6g8fc0kb20hxhvfnsh83bk0fg6-vscodium-1.91.1.24193/lib/vscode/resources/app/out/vs/workbench/api/node/extensionHostProcess.js:154:240611)
	at k.registerCommand.description (/nix/store/3j0nsr6g8fc0kb20hxhvfnsh83bk0fg6-vscodium-1.91.1.24193/lib/vscode/resources/app/out/vs/workbench/api/node/extensionHostProcess.js:154:239855)
	at f._executeContributedCommand (/nix/store/3j0nsr6g8fc0kb20hxhvfnsh83bk0fg6-vscodium-1.91.1.24193/lib/vscode/resources/app/out/vs/workbench/api/node/extensionHostProcess.js:154:241924)
	at f._doExecuteCommand (/nix/store/3j0nsr6g8fc0kb20hxhvfnsh83bk0fg6-vscodium-1.91.1.24193/lib/vscode/resources/app/out/vs/workbench/api/node/extensionHostProcess.js:154:240744)
	at f.executeCommand (/nix/store/3j0nsr6g8fc0kb20hxhvfnsh83bk0fg6-vscodium-1.91.1.24193/lib/vscode/resources/app/out/vs/workbench/api/node/extensionHostProcess.js:154:240611)
	at Object.executeCommand (/nix/store/3j0nsr6g8fc0kb20hxhvfnsh83bk0fg6-vscodium-1.91.1.24193/lib/vscode/resources/app/out/vs/workbench/api/node/extensionHostProcess.js:164:29715)
	at T.reset (/home/ser/.vscode-oss/extensions/asvetliakov.vscode-neovim-1.18.7-universal/dist/extension.js:2:187723)
	at l.<anonymous> (/home/ser/.vscode-oss/extensions/asvetliakov.vscode-neovim-1.18.7-universal/dist/extension.js:2:421141)
	at l.dispose (/nix/store/3j0nsr6g8fc0kb20hxhvfnsh83bk0fg6-vscodium-1.91.1.24193/lib/vscode/resources/app/out/vs/workbench/api/node/extensionHostProcess.js:152:6342)
	at h (/nix/store/3j0nsr6g8fc0kb20hxhvfnsh83bk0fg6-vscodium-1.91.1.24193/lib/vscode/resources/app/out/vs/workbench/api/node/extensionHostProcess.js:30:758)
	at m._deactivate (/nix/store/3j0nsr6g8fc0kb20hxhvfnsh83bk0fg6-vscodium-1.91.1.24193/lib/vscode/resources/app/out/vs/workbench/api/node/extensionHostProcess.js:160:13048)
	at /nix/store/3j0nsr6g8fc0kb20hxhvfnsh83bk0fg6-vscodium-1.91.1.24193/lib/vscode/resources/app/out/vs/workbench/api/node/extensionHostProcess.js:160:10194
	at Array.map (<anonymous>)
	at m._deactivateAll (/nix/store/3j0nsr6g8fc0kb20hxhvfnsh83bk0fg6-vscodium-1.91.1.24193/lib/vscode/resources/app/out/vs/workbench/api/node/extensionHostProcess.js:160:10181)
	at m.terminate (/nix/store/3j0nsr6g8fc0kb20hxhvfnsh83bk0fg6-vscodium-1.91.1.24193/lib/vscode/resources/app/out/vs/workbench/api/node/extensionHostProcess.js:160:10564)
	at h.terminate (/nix/store/3j0nsr6g8fc0kb20hxhvfnsh83bk0fg6-vscodium-1.91.1.24193/lib/vscode/resources/app/out/vs/workbench/api/node/extensionHostProcess.js:164:1908)
	at i (/nix/store/3j0nsr6g8fc0kb20hxhvfnsh83bk0fg6-vscodium-1.91.1.24193/lib/vscode/resources/app/out/vs/workbench/api/node/extensionHostProcess.js:177:12354)
	at MessagePortMain.<anonymous> (/nix/store/3j0nsr6g8fc0kb20hxhvfnsh83bk0fg6-vscodium-1.91.1.24193/lib/vscode/resources/app/out/vs/workbench/api/node/extensionHostProcess.js:177:8164)
	at MessagePortMain.emit (node:events:514:28)
	at MessagePortMain._internalPort.emit (node:electron/js2c/utility_init:2:2285) setContext undefined
2024-08-23 01:06:11.222 [error] Canceled: Canceled
	at new T (/nix/store/3j0nsr6g8fc0kb20hxhvfnsh83bk0fg6-vscodium-1.91.1.24193/lib/vscode/resources/app/out/vs/workbench/api/node/extensionHostProcess.js:144:39096)
	at y._remoteCall (/nix/store/3j0nsr6g8fc0kb20hxhvfnsh83bk0fg6-vscodium-1.91.1.24193/lib/vscode/resources/app/out/vs/workbench/api/node/extensionHostProcess.js:151:8166)
	at U.<computed>.F.charCodeAt.R.CharCode.DollarSign.U.<computed> (/nix/store/3j0nsr6g8fc0kb20hxhvfnsh83bk0fg6-vscodium-1.91.1.24193/lib/vscode/resources/app/out/vs/workbench/api/node/extensionHostProcess.js:151:4351)
	at f._doExecuteCommand (/nix/store/3j0nsr6g8fc0kb20hxhvfnsh83bk0fg6-vscodium-1.91.1.24193/lib/vscode/resources/app/out/vs/workbench/api/node/extensionHostProcess.js:154:241286)
	at f.executeCommand (/nix/store/3j0nsr6g8fc0kb20hxhvfnsh83bk0fg6-vscodium-1.91.1.24193/lib/vscode/resources/app/out/vs/workbench/api/node/extensionHostProcess.js:154:240611)
	at k.registerCommand.description (/nix/store/3j0nsr6g8fc0kb20hxhvfnsh83bk0fg6-vscodium-1.91.1.24193/lib/vscode/resources/app/out/vs/workbench/api/node/extensionHostProcess.js:154:239855)
	at f._executeContributedCommand (/nix/store/3j0nsr6g8fc0kb20hxhvfnsh83bk0fg6-vscodium-1.91.1.24193/lib/vscode/resources/app/out/vs/workbench/api/node/extensionHostProcess.js:154:241924)
	at f._doExecuteCommand (/nix/store/3j0nsr6g8fc0kb20hxhvfnsh83bk0fg6-vscodium-1.91.1.24193/lib/vscode/resources/app/out/vs/workbench/api/node/extensionHostProcess.js:154:240744)
	at f.executeCommand (/nix/store/3j0nsr6g8fc0kb20hxhvfnsh83bk0fg6-vscodium-1.91.1.24193/lib/vscode/resources/app/out/vs/workbench/api/node/extensionHostProcess.js:154:240611)
	at Object.executeCommand (/nix/store/3j0nsr6g8fc0kb20hxhvfnsh83bk0fg6-vscodium-1.91.1.24193/lib/vscode/resources/app/out/vs/workbench/api/node/extensionHostProcess.js:164:29715)
	at T.reset (/home/ser/.vscode-oss/extensions/asvetliakov.vscode-neovim-1.18.7-universal/dist/extension.js:2:187723)
	at l.<anonymous> (/home/ser/.vscode-oss/extensions/asvetliakov.vscode-neovim-1.18.7-universal/dist/extension.js:2:421141)
	at l.dispose (/nix/store/3j0nsr6g8fc0kb20hxhvfnsh83bk0fg6-vscodium-1.91.1.24193/lib/vscode/resources/app/out/vs/workbench/api/node/extensionHostProcess.js:152:6342)
	at h (/nix/store/3j0nsr6g8fc0kb20hxhvfnsh83bk0fg6-vscodium-1.91.1.24193/lib/vscode/resources/app/out/vs/workbench/api/node/extensionHostProcess.js:30:758)
	at m._deactivate (/nix/store/3j0nsr6g8fc0kb20hxhvfnsh83bk0fg6-vscodium-1.91.1.24193/lib/vscode/resources/app/out/vs/workbench/api/node/extensionHostProcess.js:160:13048)
	at /nix/store/3j0nsr6g8fc0kb20hxhvfnsh83bk0fg6-vscodium-1.91.1.24193/lib/vscode/resources/app/out/vs/workbench/api/node/extensionHostProcess.js:160:10194
	at Array.map (<anonymous>)
	at m._deactivateAll (/nix/store/3j0nsr6g8fc0kb20hxhvfnsh83bk0fg6-vscodium-1.91.1.24193/lib/vscode/resources/app/out/vs/workbench/api/node/extensionHostProcess.js:160:10181)
	at m.terminate (/nix/store/3j0nsr6g8fc0kb20hxhvfnsh83bk0fg6-vscodium-1.91.1.24193/lib/vscode/resources/app/out/vs/workbench/api/node/extensionHostProcess.js:160:10564)
	at h.terminate (/nix/store/3j0nsr6g8fc0kb20hxhvfnsh83bk0fg6-vscodium-1.91.1.24193/lib/vscode/resources/app/out/vs/workbench/api/node/extensionHostProcess.js:164:1908)
	at i (/nix/store/3j0nsr6g8fc0kb20hxhvfnsh83bk0fg6-vscodium-1.91.1.24193/lib/vscode/resources/app/out/vs/workbench/api/node/extensionHostProcess.js:177:12354)
	at MessagePortMain.<anonymous> (/nix/store/3j0nsr6g8fc0kb20hxhvfnsh83bk0fg6-vscodium-1.91.1.24193/lib/vscode/resources/app/out/vs/workbench/api/node/extensionHostProcess.js:177:8164)
	at MessagePortMain.emit (node:events:514:28)
	at MessagePortMain._internalPort.emit (node:electron/js2c/utility_init:2:2285) setContext undefined
2024-08-23 01:06:11.223 [error] Canceled: Canceled
	at new T (/nix/store/3j0nsr6g8fc0kb20hxhvfnsh83bk0fg6-vscodium-1.91.1.24193/lib/vscode/resources/app/out/vs/workbench/api/node/extensionHostProcess.js:144:39096)
	at y._remoteCall (/nix/store/3j0nsr6g8fc0kb20hxhvfnsh83bk0fg6-vscodium-1.91.1.24193/lib/vscode/resources/app/out/vs/workbench/api/node/extensionHostProcess.js:151:8166)
	at U.<computed>.F.charCodeAt.R.CharCode.DollarSign.U.<computed> (/nix/store/3j0nsr6g8fc0kb20hxhvfnsh83bk0fg6-vscodium-1.91.1.24193/lib/vscode/resources/app/out/vs/workbench/api/node/extensionHostProcess.js:151:4351)
	at f._doExecuteCommand (/nix/store/3j0nsr6g8fc0kb20hxhvfnsh83bk0fg6-vscodium-1.91.1.24193/lib/vscode/resources/app/out/vs/workbench/api/node/extensionHostProcess.js:154:241286)
	at f.executeCommand (/nix/store/3j0nsr6g8fc0kb20hxhvfnsh83bk0fg6-vscodium-1.91.1.24193/lib/vscode/resources/app/out/vs/workbench/api/node/extensionHostProcess.js:154:240611)
	at k.registerCommand.description (/nix/store/3j0nsr6g8fc0kb20hxhvfnsh83bk0fg6-vscodium-1.91.1.24193/lib/vscode/resources/app/out/vs/workbench/api/node/extensionHostProcess.js:154:239855)
	at f._executeContributedCommand (/nix/store/3j0nsr6g8fc0kb20hxhvfnsh83bk0fg6-vscodium-1.91.1.24193/lib/vscode/resources/app/out/vs/workbench/api/node/extensionHostProcess.js:154:241924)
	at f._doExecuteCommand (/nix/store/3j0nsr6g8fc0kb20hxhvfnsh83bk0fg6-vscodium-1.91.1.24193/lib/vscode/resources/app/out/vs/workbench/api/node/extensionHostProcess.js:154:240744)
	at f.executeCommand (/nix/store/3j0nsr6g8fc0kb20hxhvfnsh83bk0fg6-vscodium-1.91.1.24193/lib/vscode/resources/app/out/vs/workbench/api/node/extensionHostProcess.js:154:240611)
	at Object.executeCommand (/nix/store/3j0nsr6g8fc0kb20hxhvfnsh83bk0fg6-vscodium-1.91.1.24193/lib/vscode/resources/app/out/vs/workbench/api/node/extensionHostProcess.js:164:29715)
	at T.reset (/home/ser/.vscode-oss/extensions/asvetliakov.vscode-neovim-1.18.7-universal/dist/extension.js:2:187723)
	at l.<anonymous> (/home/ser/.vscode-oss/extensions/asvetliakov.vscode-neovim-1.18.7-universal/dist/extension.js:2:421141)
	at l.dispose (/nix/store/3j0nsr6g8fc0kb20hxhvfnsh83bk0fg6-vscodium-1.91.1.24193/lib/vscode/resources/app/out/vs/workbench/api/node/extensionHostProcess.js:152:6342)
	at h (/nix/store/3j0nsr6g8fc0kb20hxhvfnsh83bk0fg6-vscodium-1.91.1.24193/lib/vscode/resources/app/out/vs/workbench/api/node/extensionHostProcess.js:30:758)
	at m._deactivate (/nix/store/3j0nsr6g8fc0kb20hxhvfnsh83bk0fg6-vscodium-1.91.1.24193/lib/vscode/resources/app/out/vs/workbench/api/node/extensionHostProcess.js:160:13048)
	at /nix/store/3j0nsr6g8fc0kb20hxhvfnsh83bk0fg6-vscodium-1.91.1.24193/lib/vscode/resources/app/out/vs/workbench/api/node/extensionHostProcess.js:160:10194
	at Array.map (<anonymous>)
	at m._deactivateAll (/nix/store/3j0nsr6g8fc0kb20hxhvfnsh83bk0fg6-vscodium-1.91.1.24193/lib/vscode/resources/app/out/vs/workbench/api/node/extensionHostProcess.js:160:10181)
	at m.terminate (/nix/store/3j0nsr6g8fc0kb20hxhvfnsh83bk0fg6-vscodium-1.91.1.24193/lib/vscode/resources/app/out/vs/workbench/api/node/extensionHostProcess.js:160:10564)
	at h.terminate (/nix/store/3j0nsr6g8fc0kb20hxhvfnsh83bk0fg6-vscodium-1.91.1.24193/lib/vscode/resources/app/out/vs/workbench/api/node/extensionHostProcess.js:164:1908)
	at i (/nix/store/3j0nsr6g8fc0kb20hxhvfnsh83bk0fg6-vscodium-1.91.1.24193/lib/vscode/resources/app/out/vs/workbench/api/node/extensionHostProcess.js:177:12354)
	at MessagePortMain.<anonymous> (/nix/store/3j0nsr6g8fc0kb20hxhvfnsh83bk0fg6-vscodium-1.91.1.24193/lib/vscode/resources/app/out/vs/workbench/api/node/extensionHostProcess.js:177:8164)
	at MessagePortMain.emit (node:events:514:28)
	at MessagePortMain._internalPort.emit (node:electron/js2c/utility_init:2:2285) setContext undefined
2024-08-23 01:06:11.223 [error] Canceled: Canceled
	at new T (/nix/store/3j0nsr6g8fc0kb20hxhvfnsh83bk0fg6-vscodium-1.91.1.24193/lib/vscode/resources/app/out/vs/workbench/api/node/extensionHostProcess.js:144:39096)
	at y._remoteCall (/nix/store/3j0nsr6g8fc0kb20hxhvfnsh83bk0fg6-vscodium-1.91.1.24193/lib/vscode/resources/app/out/vs/workbench/api/node/extensionHostProcess.js:151:8166)
	at U.<computed>.F.charCodeAt.R.CharCode.DollarSign.U.<computed> (/nix/store/3j0nsr6g8fc0kb20hxhvfnsh83bk0fg6-vscodium-1.91.1.24193/lib/vscode/resources/app/out/vs/workbench/api/node/extensionHostProcess.js:151:4351)
	at f._doExecuteCommand (/nix/store/3j0nsr6g8fc0kb20hxhvfnsh83bk0fg6-vscodium-1.91.1.24193/lib/vscode/resources/app/out/vs/workbench/api/node/extensionHostProcess.js:154:241286)
	at f.executeCommand (/nix/store/3j0nsr6g8fc0kb20hxhvfnsh83bk0fg6-vscodium-1.91.1.24193/lib/vscode/resources/app/out/vs/workbench/api/node/extensionHostProcess.js:154:240611)
	at k.registerCommand.description (/nix/store/3j0nsr6g8fc0kb20hxhvfnsh83bk0fg6-vscodium-1.91.1.24193/lib/vscode/resources/app/out/vs/workbench/api/node/extensionHostProcess.js:154:239855)
	at f._executeContributedCommand (/nix/store/3j0nsr6g8fc0kb20hxhvfnsh83bk0fg6-vscodium-1.91.1.24193/lib/vscode/resources/app/out/vs/workbench/api/node/extensionHostProcess.js:154:241924)
	at f._doExecuteCommand (/nix/store/3j0nsr6g8fc0kb20hxhvfnsh83bk0fg6-vscodium-1.91.1.24193/lib/vscode/resources/app/out/vs/workbench/api/node/extensionHostProcess.js:154:240744)
	at f.executeCommand (/nix/store/3j0nsr6g8fc0kb20hxhvfnsh83bk0fg6-vscodium-1.91.1.24193/lib/vscode/resources/app/out/vs/workbench/api/node/extensionHostProcess.js:154:240611)
	at Object.executeCommand (/nix/store/3j0nsr6g8fc0kb20hxhvfnsh83bk0fg6-vscodium-1.91.1.24193/lib/vscode/resources/app/out/vs/workbench/api/node/extensionHostProcess.js:164:29715)
	at T.reset (/home/ser/.vscode-oss/extensions/asvetliakov.vscode-neovim-1.18.7-universal/dist/extension.js:2:187723)
	at l.<anonymous> (/home/ser/.vscode-oss/extensions/asvetliakov.vscode-neovim-1.18.7-universal/dist/extension.js:2:421141)
	at l.dispose (/nix/store/3j0nsr6g8fc0kb20hxhvfnsh83bk0fg6-vscodium-1.91.1.24193/lib/vscode/resources/app/out/vs/workbench/api/node/extensionHostProcess.js:152:6342)
	at h (/nix/store/3j0nsr6g8fc0kb20hxhvfnsh83bk0fg6-vscodium-1.91.1.24193/lib/vscode/resources/app/out/vs/workbench/api/node/extensionHostProcess.js:30:758)
	at m._deactivate (/nix/store/3j0nsr6g8fc0kb20hxhvfnsh83bk0fg6-vscodium-1.91.1.24193/lib/vscode/resources/app/out/vs/workbench/api/node/extensionHostProcess.js:160:13048)
	at /nix/store/3j0nsr6g8fc0kb20hxhvfnsh83bk0fg6-vscodium-1.91.1.24193/lib/vscode/resources/app/out/vs/workbench/api/node/extensionHostProcess.js:160:10194
	at Array.map (<anonymous>)
	at m._deactivateAll (/nix/store/3j0nsr6g8fc0kb20hxhvfnsh83bk0fg6-vscodium-1.91.1.24193/lib/vscode/resources/app/out/vs/workbench/api/node/extensionHostProcess.js:160:10181)
	at m.terminate (/nix/store/3j0nsr6g8fc0kb20hxhvfnsh83bk0fg6-vscodium-1.91.1.24193/lib/vscode/resources/app/out/vs/workbench/api/node/extensionHostProcess.js:160:10564)
	at h.terminate (/nix/store/3j0nsr6g8fc0kb20hxhvfnsh83bk0fg6-vscodium-1.91.1.24193/lib/vscode/resources/app/out/vs/workbench/api/node/extensionHostProcess.js:164:1908)
	at i (/nix/store/3j0nsr6g8fc0kb20hxhvfnsh83bk0fg6-vscodium-1.91.1.24193/lib/vscode/resources/app/out/vs/workbench/api/node/extensionHostProcess.js:177:12354)
	at MessagePortMain.<anonymous> (/nix/store/3j0nsr6g8fc0kb20hxhvfnsh83bk0fg6-vscodium-1.91.1.24193/lib/vscode/resources/app/out/vs/workbench/api/node/extensionHostProcess.js:177:8164)
	at MessagePortMain.emit (node:events:514:28)
	at MessagePortMain._internalPort.emit (node:electron/js2c/utility_init:2:2285) setContext undefined
2024-08-23 01:06:11.223 [error] Canceled: Canceled
	at new T (/nix/store/3j0nsr6g8fc0kb20hxhvfnsh83bk0fg6-vscodium-1.91.1.24193/lib/vscode/resources/app/out/vs/workbench/api/node/extensionHostProcess.js:144:39096)
	at y._remoteCall (/nix/store/3j0nsr6g8fc0kb20hxhvfnsh83bk0fg6-vscodium-1.91.1.24193/lib/vscode/resources/app/out/vs/workbench/api/node/extensionHostProcess.js:151:8166)
	at U.<computed>.F.charCodeAt.R.CharCode.DollarSign.U.<computed> (/nix/store/3j0nsr6g8fc0kb20hxhvfnsh83bk0fg6-vscodium-1.91.1.24193/lib/vscode/resources/app/out/vs/workbench/api/node/extensionHostProcess.js:151:4351)
	at f._doExecuteCommand (/nix/store/3j0nsr6g8fc0kb20hxhvfnsh83bk0fg6-vscodium-1.91.1.24193/lib/vscode/resources/app/out/vs/workbench/api/node/extensionHostProcess.js:154:241286)
	at f.executeCommand (/nix/store/3j0nsr6g8fc0kb20hxhvfnsh83bk0fg6-vscodium-1.91.1.24193/lib/vscode/resources/app/out/vs/workbench/api/node/extensionHostProcess.js:154:240611)
	at k.registerCommand.description (/nix/store/3j0nsr6g8fc0kb20hxhvfnsh83bk0fg6-vscodium-1.91.1.24193/lib/vscode/resources/app/out/vs/workbench/api/node/extensionHostProcess.js:154:239855)
	at f._executeContributedCommand (/nix/store/3j0nsr6g8fc0kb20hxhvfnsh83bk0fg6-vscodium-1.91.1.24193/lib/vscode/resources/app/out/vs/workbench/api/node/extensionHostProcess.js:154:241924)
	at f._doExecuteCommand (/nix/store/3j0nsr6g8fc0kb20hxhvfnsh83bk0fg6-vscodium-1.91.1.24193/lib/vscode/resources/app/out/vs/workbench/api/node/extensionHostProcess.js:154:240744)
	at f.executeCommand (/nix/store/3j0nsr6g8fc0kb20hxhvfnsh83bk0fg6-vscodium-1.91.1.24193/lib/vscode/resources/app/out/vs/workbench/api/node/extensionHostProcess.js:154:240611)
	at Object.executeCommand (/nix/store/3j0nsr6g8fc0kb20hxhvfnsh83bk0fg6-vscodium-1.91.1.24193/lib/vscode/resources/app/out/vs/workbench/api/node/extensionHostProcess.js:164:29715)
	at T.reset (/home/ser/.vscode-oss/extensions/asvetliakov.vscode-neovim-1.18.7-universal/dist/extension.js:2:187723)
	at l.<anonymous> (/home/ser/.vscode-oss/extensions/asvetliakov.vscode-neovim-1.18.7-universal/dist/extension.js:2:421141)
	at l.dispose (/nix/store/3j0nsr6g8fc0kb20hxhvfnsh83bk0fg6-vscodium-1.91.1.24193/lib/vscode/resources/app/out/vs/workbench/api/node/extensionHostProcess.js:152:6342)
	at h (/nix/store/3j0nsr6g8fc0kb20hxhvfnsh83bk0fg6-vscodium-1.91.1.24193/lib/vscode/resources/app/out/vs/workbench/api/node/extensionHostProcess.js:30:758)
	at m._deactivate (/nix/store/3j0nsr6g8fc0kb20hxhvfnsh83bk0fg6-vscodium-1.91.1.24193/lib/vscode/resources/app/out/vs/workbench/api/node/extensionHostProcess.js:160:13048)
	at /nix/store/3j0nsr6g8fc0kb20hxhvfnsh83bk0fg6-vscodium-1.91.1.24193/lib/vscode/resources/app/out/vs/workbench/api/node/extensionHostProcess.js:160:10194
	at Array.map (<anonymous>)
	at m._deactivateAll (/nix/store/3j0nsr6g8fc0kb20hxhvfnsh83bk0fg6-vscodium-1.91.1.24193/lib/vscode/resources/app/out/vs/workbench/api/node/extensionHostProcess.js:160:10181)
	at m.terminate (/nix/store/3j0nsr6g8fc0kb20hxhvfnsh83bk0fg6-vscodium-1.91.1.24193/lib/vscode/resources/app/out/vs/workbench/api/node/extensionHostProcess.js:160:10564)
	at h.terminate (/nix/store/3j0nsr6g8fc0kb20hxhvfnsh83bk0fg6-vscodium-1.91.1.24193/lib/vscode/resources/app/out/vs/workbench/api/node/extensionHostProcess.js:164:1908)
	at i (/nix/store/3j0nsr6g8fc0kb20hxhvfnsh83bk0fg6-vscodium-1.91.1.24193/lib/vscode/resources/app/out/vs/workbench/api/node/extensionHostProcess.js:177:12354)
	at MessagePortMain.<anonymous> (/nix/store/3j0nsr6g8fc0kb20hxhvfnsh83bk0fg6-vscodium-1.91.1.24193/lib/vscode/resources/app/out/vs/workbench/api/node/extensionHostProcess.js:177:8164)
	at MessagePortMain.emit (node:events:514:28)
	at MessagePortMain._internalPort.emit (node:electron/js2c/utility_init:2:2285) setContext undefined
2024-08-23 01:06:11.223 [error] Canceled: Canceled
	at new T (/nix/store/3j0nsr6g8fc0kb20hxhvfnsh83bk0fg6-vscodium-1.91.1.24193/lib/vscode/resources/app/out/vs/workbench/api/node/extensionHostProcess.js:144:39096)
	at y._remoteCall (/nix/store/3j0nsr6g8fc0kb20hxhvfnsh83bk0fg6-vscodium-1.91.1.24193/lib/vscode/resources/app/out/vs/workbench/api/node/extensionHostProcess.js:151:8166)
	at U.<computed>.F.charCodeAt.R.CharCode.DollarSign.U.<computed> (/nix/store/3j0nsr6g8fc0kb20hxhvfnsh83bk0fg6-vscodium-1.91.1.24193/lib/vscode/resources/app/out/vs/workbench/api/node/extensionHostProcess.js:151:4351)
	at f._doExecuteCommand (/nix/store/3j0nsr6g8fc0kb20hxhvfnsh83bk0fg6-vscodium-1.91.1.24193/lib/vscode/resources/app/out/vs/workbench/api/node/extensionHostProcess.js:154:241286)
	at f.executeCommand (/nix/store/3j0nsr6g8fc0kb20hxhvfnsh83bk0fg6-vscodium-1.91.1.24193/lib/vscode/resources/app/out/vs/workbench/api/node/extensionHostProcess.js:154:240611)
	at k.registerCommand.description (/nix/store/3j0nsr6g8fc0kb20hxhvfnsh83bk0fg6-vscodium-1.91.1.24193/lib/vscode/resources/app/out/vs/workbench/api/node/extensionHostProcess.js:154:239855)
	at f._executeContributedCommand (/nix/store/3j0nsr6g8fc0kb20hxhvfnsh83bk0fg6-vscodium-1.91.1.24193/lib/vscode/resources/app/out/vs/workbench/api/node/extensionHostProcess.js:154:241924)
	at f._doExecuteCommand (/nix/store/3j0nsr6g8fc0kb20hxhvfnsh83bk0fg6-vscodium-1.91.1.24193/lib/vscode/resources/app/out/vs/workbench/api/node/extensionHostProcess.js:154:240744)
	at f.executeCommand (/nix/store/3j0nsr6g8fc0kb20hxhvfnsh83bk0fg6-vscodium-1.91.1.24193/lib/vscode/resources/app/out/vs/workbench/api/node/extensionHostProcess.js:154:240611)
	at Object.executeCommand (/nix/store/3j0nsr6g8fc0kb20hxhvfnsh83bk0fg6-vscodium-1.91.1.24193/lib/vscode/resources/app/out/vs/workbench/api/node/extensionHostProcess.js:164:29715)
	at T.reset (/home/ser/.vscode-oss/extensions/asvetliakov.vscode-neovim-1.18.7-universal/dist/extension.js:2:187723)
	at l.<anonymous> (/home/ser/.vscode-oss/extensions/asvetliakov.vscode-neovim-1.18.7-universal/dist/extension.js:2:421141)
	at l.dispose (/nix/store/3j0nsr6g8fc0kb20hxhvfnsh83bk0fg6-vscodium-1.91.1.24193/lib/vscode/resources/app/out/vs/workbench/api/node/extensionHostProcess.js:152:6342)
	at h (/nix/store/3j0nsr6g8fc0kb20hxhvfnsh83bk0fg6-vscodium-1.91.1.24193/lib/vscode/resources/app/out/vs/workbench/api/node/extensionHostProcess.js:30:758)
	at m._deactivate (/nix/store/3j0nsr6g8fc0kb20hxhvfnsh83bk0fg6-vscodium-1.91.1.24193/lib/vscode/resources/app/out/vs/workbench/api/node/extensionHostProcess.js:160:13048)
	at /nix/store/3j0nsr6g8fc0kb20hxhvfnsh83bk0fg6-vscodium-1.91.1.24193/lib/vscode/resources/app/out/vs/workbench/api/node/extensionHostProcess.js:160:10194
	at Array.map (<anonymous>)
	at m._deactivateAll (/nix/store/3j0nsr6g8fc0kb20hxhvfnsh83bk0fg6-vscodium-1.91.1.24193/lib/vscode/resources/app/out/vs/workbench/api/node/extensionHostProcess.js:160:10181)
	at m.terminate (/nix/store/3j0nsr6g8fc0kb20hxhvfnsh83bk0fg6-vscodium-1.91.1.24193/lib/vscode/resources/app/out/vs/workbench/api/node/extensionHostProcess.js:160:10564)
	at h.terminate (/nix/store/3j0nsr6g8fc0kb20hxhvfnsh83bk0fg6-vscodium-1.91.1.24193/lib/vscode/resources/app/out/vs/workbench/api/node/extensionHostProcess.js:164:1908)
	at i (/nix/store/3j0nsr6g8fc0kb20hxhvfnsh83bk0fg6-vscodium-1.91.1.24193/lib/vscode/resources/app/out/vs/workbench/api/node/extensionHostProcess.js:177:12354)
	at MessagePortMain.<anonymous> (/nix/store/3j0nsr6g8fc0kb20hxhvfnsh83bk0fg6-vscodium-1.91.1.24193/lib/vscode/resources/app/out/vs/workbench/api/node/extensionHostProcess.js:177:8164)
	at MessagePortMain.emit (node:events:514:28)
	at MessagePortMain._internalPort.emit (node:electron/js2c/utility_init:2:2285) setContext undefined
2024-08-23 01:06:11.223 [error] Canceled: Canceled
	at new T (/nix/store/3j0nsr6g8fc0kb20hxhvfnsh83bk0fg6-vscodium-1.91.1.24193/lib/vscode/resources/app/out/vs/workbench/api/node/extensionHostProcess.js:144:39096)
	at y._remoteCall (/nix/store/3j0nsr6g8fc0kb20hxhvfnsh83bk0fg6-vscodium-1.91.1.24193/lib/vscode/resources/app/out/vs/workbench/api/node/extensionHostProcess.js:151:8166)
	at U.<computed>.F.charCodeAt.R.CharCode.DollarSign.U.<computed> (/nix/store/3j0nsr6g8fc0kb20hxhvfnsh83bk0fg6-vscodium-1.91.1.24193/lib/vscode/resources/app/out/vs/workbench/api/node/extensionHostProcess.js:151:4351)
	at f._doExecuteCommand (/nix/store/3j0nsr6g8fc0kb20hxhvfnsh83bk0fg6-vscodium-1.91.1.24193/lib/vscode/resources/app/out/vs/workbench/api/node/extensionHostProcess.js:154:241286)
	at f.executeCommand (/nix/store/3j0nsr6g8fc0kb20hxhvfnsh83bk0fg6-vscodium-1.91.1.24193/lib/vscode/resources/app/out/vs/workbench/api/node/extensionHostProcess.js:154:240611)
	at k.registerCommand.description (/nix/store/3j0nsr6g8fc0kb20hxhvfnsh83bk0fg6-vscodium-1.91.1.24193/lib/vscode/resources/app/out/vs/workbench/api/node/extensionHostProcess.js:154:239855)
	at f._executeContributedCommand (/nix/store/3j0nsr6g8fc0kb20hxhvfnsh83bk0fg6-vscodium-1.91.1.24193/lib/vscode/resources/app/out/vs/workbench/api/node/extensionHostProcess.js:154:241924)
	at f._doExecuteCommand (/nix/store/3j0nsr6g8fc0kb20hxhvfnsh83bk0fg6-vscodium-1.91.1.24193/lib/vscode/resources/app/out/vs/workbench/api/node/extensionHostProcess.js:154:240744)
	at f.executeCommand (/nix/store/3j0nsr6g8fc0kb20hxhvfnsh83bk0fg6-vscodium-1.91.1.24193/lib/vscode/resources/app/out/vs/workbench/api/node/extensionHostProcess.js:154:240611)
	at Object.executeCommand (/nix/store/3j0nsr6g8fc0kb20hxhvfnsh83bk0fg6-vscodium-1.91.1.24193/lib/vscode/resources/app/out/vs/workbench/api/node/extensionHostProcess.js:164:29715)
	at T.reset (/home/ser/.vscode-oss/extensions/asvetliakov.vscode-neovim-1.18.7-universal/dist/extension.js:2:187723)
	at l.<anonymous> (/home/ser/.vscode-oss/extensions/asvetliakov.vscode-neovim-1.18.7-universal/dist/extension.js:2:421141)
	at l.dispose (/nix/store/3j0nsr6g8fc0kb20hxhvfnsh83bk0fg6-vscodium-1.91.1.24193/lib/vscode/resources/app/out/vs/workbench/api/node/extensionHostProcess.js:152:6342)
	at h (/nix/store/3j0nsr6g8fc0kb20hxhvfnsh83bk0fg6-vscodium-1.91.1.24193/lib/vscode/resources/app/out/vs/workbench/api/node/extensionHostProcess.js:30:758)
	at m._deactivate (/nix/store/3j0nsr6g8fc0kb20hxhvfnsh83bk0fg6-vscodium-1.91.1.24193/lib/vscode/resources/app/out/vs/workbench/api/node/extensionHostProcess.js:160:13048)
	at /nix/store/3j0nsr6g8fc0kb20hxhvfnsh83bk0fg6-vscodium-1.91.1.24193/lib/vscode/resources/app/out/vs/workbench/api/node/extensionHostProcess.js:160:10194
	at Array.map (<anonymous>)
	at m._deactivateAll (/nix/store/3j0nsr6g8fc0kb20hxhvfnsh83bk0fg6-vscodium-1.91.1.24193/lib/vscode/resources/app/out/vs/workbench/api/node/extensionHostProcess.js:160:10181)
	at m.terminate (/nix/store/3j0nsr6g8fc0kb20hxhvfnsh83bk0fg6-vscodium-1.91.1.24193/lib/vscode/resources/app/out/vs/workbench/api/node/extensionHostProcess.js:160:10564)
	at h.terminate (/nix/store/3j0nsr6g8fc0kb20hxhvfnsh83bk0fg6-vscodium-1.91.1.24193/lib/vscode/resources/app/out/vs/workbench/api/node/extensionHostProcess.js:164:1908)
	at i (/nix/store/3j0nsr6g8fc0kb20hxhvfnsh83bk0fg6-vscodium-1.91.1.24193/lib/vscode/resources/app/out/vs/workbench/api/node/extensionHostProcess.js:177:12354)
	at MessagePortMain.<anonymous> (/nix/store/3j0nsr6g8fc0kb20hxhvfnsh83bk0fg6-vscodium-1.91.1.24193/lib/vscode/resources/app/out/vs/workbench/api/node/extensionHostProcess.js:177:8164)
	at MessagePortMain.emit (node:events:514:28)
	at MessagePortMain._internalPort.emit (node:electron/js2c/utility_init:2:2285) setContext undefined
2024-08-23 01:06:11.223 [error] Canceled: Canceled
	at new T (/nix/store/3j0nsr6g8fc0kb20hxhvfnsh83bk0fg6-vscodium-1.91.1.24193/lib/vscode/resources/app/out/vs/workbench/api/node/extensionHostProcess.js:144:39096)
	at y._remoteCall (/nix/store/3j0nsr6g8fc0kb20hxhvfnsh83bk0fg6-vscodium-1.91.1.24193/lib/vscode/resources/app/out/vs/workbench/api/node/extensionHostProcess.js:151:8166)
	at U.<computed>.F.charCodeAt.R.CharCode.DollarSign.U.<computed> (/nix/store/3j0nsr6g8fc0kb20hxhvfnsh83bk0fg6-vscodium-1.91.1.24193/lib/vscode/resources/app/out/vs/workbench/api/node/extensionHostProcess.js:151:4351)
	at f._doExecuteCommand (/nix/store/3j0nsr6g8fc0kb20hxhvfnsh83bk0fg6-vscodium-1.91.1.24193/lib/vscode/resources/app/out/vs/workbench/api/node/extensionHostProcess.js:154:241286)
	at f.executeCommand (/nix/store/3j0nsr6g8fc0kb20hxhvfnsh83bk0fg6-vscodium-1.91.1.24193/lib/vscode/resources/app/out/vs/workbench/api/node/extensionHostProcess.js:154:240611)
	at k.registerCommand.description (/nix/store/3j0nsr6g8fc0kb20hxhvfnsh83bk0fg6-vscodium-1.91.1.24193/lib/vscode/resources/app/out/vs/workbench/api/node/extensionHostProcess.js:154:239855)
	at f._executeContributedCommand (/nix/store/3j0nsr6g8fc0kb20hxhvfnsh83bk0fg6-vscodium-1.91.1.24193/lib/vscode/resources/app/out/vs/workbench/api/node/extensionHostProcess.js:154:241924)
	at f._doExecuteCommand (/nix/store/3j0nsr6g8fc0kb20hxhvfnsh83bk0fg6-vscodium-1.91.1.24193/lib/vscode/resources/app/out/vs/workbench/api/node/extensionHostProcess.js:154:240744)
	at f.executeCommand (/nix/store/3j0nsr6g8fc0kb20hxhvfnsh83bk0fg6-vscodium-1.91.1.24193/lib/vscode/resources/app/out/vs/workbench/api/node/extensionHostProcess.js:154:240611)
	at Object.executeCommand (/nix/store/3j0nsr6g8fc0kb20hxhvfnsh83bk0fg6-vscodium-1.91.1.24193/lib/vscode/resources/app/out/vs/workbench/api/node/extensionHostProcess.js:164:29715)
	at T.reset (/home/ser/.vscode-oss/extensions/asvetliakov.vscode-neovim-1.18.7-universal/dist/extension.js:2:187723)
	at l.<anonymous> (/home/ser/.vscode-oss/extensions/asvetliakov.vscode-neovim-1.18.7-universal/dist/extension.js:2:421141)
	at l.dispose (/nix/store/3j0nsr6g8fc0kb20hxhvfnsh83bk0fg6-vscodium-1.91.1.24193/lib/vscode/resources/app/out/vs/workbench/api/node/extensionHostProcess.js:152:6342)
	at h (/nix/store/3j0nsr6g8fc0kb20hxhvfnsh83bk0fg6-vscodium-1.91.1.24193/lib/vscode/resources/app/out/vs/workbench/api/node/extensionHostProcess.js:30:758)
	at m._deactivate (/nix/store/3j0nsr6g8fc0kb20hxhvfnsh83bk0fg6-vscodium-1.91.1.24193/lib/vscode/resources/app/out/vs/workbench/api/node/extensionHostProcess.js:160:13048)
	at /nix/store/3j0nsr6g8fc0kb20hxhvfnsh83bk0fg6-vscodium-1.91.1.24193/lib/vscode/resources/app/out/vs/workbench/api/node/extensionHostProcess.js:160:10194
	at Array.map (<anonymous>)
	at m._deactivateAll (/nix/store/3j0nsr6g8fc0kb20hxhvfnsh83bk0fg6-vscodium-1.91.1.24193/lib/vscode/resources/app/out/vs/workbench/api/node/extensionHostProcess.js:160:10181)
	at m.terminate (/nix/store/3j0nsr6g8fc0kb20hxhvfnsh83bk0fg6-vscodium-1.91.1.24193/lib/vscode/resources/app/out/vs/workbench/api/node/extensionHostProcess.js:160:10564)
	at h.terminate (/nix/store/3j0nsr6g8fc0kb20hxhvfnsh83bk0fg6-vscodium-1.91.1.24193/lib/vscode/resources/app/out/vs/workbench/api/node/extensionHostProcess.js:164:1908)
	at i (/nix/store/3j0nsr6g8fc0kb20hxhvfnsh83bk0fg6-vscodium-1.91.1.24193/lib/vscode/resources/app/out/vs/workbench/api/node/extensionHostProcess.js:177:12354)
	at MessagePortMain.<anonymous> (/nix/store/3j0nsr6g8fc0kb20hxhvfnsh83bk0fg6-vscodium-1.91.1.24193/lib/vscode/resources/app/out/vs/workbench/api/node/extensionHostProcess.js:177:8164)
	at MessagePortMain.emit (node:events:514:28)
	at MessagePortMain._internalPort.emit (node:electron/js2c/utility_init:2:2285) setContext undefined
2024-08-23 01:06:11.224 [error] Canceled: Canceled
	at new T (/nix/store/3j0nsr6g8fc0kb20hxhvfnsh83bk0fg6-vscodium-1.91.1.24193/lib/vscode/resources/app/out/vs/workbench/api/node/extensionHostProcess.js:144:39096)
	at y._remoteCall (/nix/store/3j0nsr6g8fc0kb20hxhvfnsh83bk0fg6-vscodium-1.91.1.24193/lib/vscode/resources/app/out/vs/workbench/api/node/extensionHostProcess.js:151:8166)
	at U.<computed>.F.charCodeAt.R.CharCode.DollarSign.U.<computed> (/nix/store/3j0nsr6g8fc0kb20hxhvfnsh83bk0fg6-vscodium-1.91.1.24193/lib/vscode/resources/app/out/vs/workbench/api/node/extensionHostProcess.js:151:4351)
	at f._doExecuteCommand (/nix/store/3j0nsr6g8fc0kb20hxhvfnsh83bk0fg6-vscodium-1.91.1.24193/lib/vscode/resources/app/out/vs/workbench/api/node/extensionHostProcess.js:154:241286)
	at f.executeCommand (/nix/store/3j0nsr6g8fc0kb20hxhvfnsh83bk0fg6-vscodium-1.91.1.24193/lib/vscode/resources/app/out/vs/workbench/api/node/extensionHostProcess.js:154:240611)
	at k.registerCommand.description (/nix/store/3j0nsr6g8fc0kb20hxhvfnsh83bk0fg6-vscodium-1.91.1.24193/lib/vscode/resources/app/out/vs/workbench/api/node/extensionHostProcess.js:154:239855)
	at f._executeContributedCommand (/nix/store/3j0nsr6g8fc0kb20hxhvfnsh83bk0fg6-vscodium-1.91.1.24193/lib/vscode/resources/app/out/vs/workbench/api/node/extensionHostProcess.js:154:241924)
	at f._doExecuteCommand (/nix/store/3j0nsr6g8fc0kb20hxhvfnsh83bk0fg6-vscodium-1.91.1.24193/lib/vscode/resources/app/out/vs/workbench/api/node/extensionHostProcess.js:154:240744)
	at f.executeCommand (/nix/store/3j0nsr6g8fc0kb20hxhvfnsh83bk0fg6-vscodium-1.91.1.24193/lib/vscode/resources/app/out/vs/workbench/api/node/extensionHostProcess.js:154:240611)
	at Object.executeCommand (/nix/store/3j0nsr6g8fc0kb20hxhvfnsh83bk0fg6-vscodium-1.91.1.24193/lib/vscode/resources/app/out/vs/workbench/api/node/extensionHostProcess.js:164:29715)
	at T.reset (/home/ser/.vscode-oss/extensions/asvetliakov.vscode-neovim-1.18.7-universal/dist/extension.js:2:187723)
	at l.<anonymous> (/home/ser/.vscode-oss/extensions/asvetliakov.vscode-neovim-1.18.7-universal/dist/extension.js:2:421141)
	at l.dispose (/nix/store/3j0nsr6g8fc0kb20hxhvfnsh83bk0fg6-vscodium-1.91.1.24193/lib/vscode/resources/app/out/vs/workbench/api/node/extensionHostProcess.js:152:6342)
	at h (/nix/store/3j0nsr6g8fc0kb20hxhvfnsh83bk0fg6-vscodium-1.91.1.24193/lib/vscode/resources/app/out/vs/workbench/api/node/extensionHostProcess.js:30:758)
	at m._deactivate (/nix/store/3j0nsr6g8fc0kb20hxhvfnsh83bk0fg6-vscodium-1.91.1.24193/lib/vscode/resources/app/out/vs/workbench/api/node/extensionHostProcess.js:160:13048)
	at /nix/store/3j0nsr6g8fc0kb20hxhvfnsh83bk0fg6-vscodium-1.91.1.24193/lib/vscode/resources/app/out/vs/workbench/api/node/extensionHostProcess.js:160:10194
	at Array.map (<anonymous>)
	at m._deactivateAll (/nix/store/3j0nsr6g8fc0kb20hxhvfnsh83bk0fg6-vscodium-1.91.1.24193/lib/vscode/resources/app/out/vs/workbench/api/node/extensionHostProcess.js:160:10181)
	at m.terminate (/nix/store/3j0nsr6g8fc0kb20hxhvfnsh83bk0fg6-vscodium-1.91.1.24193/lib/vscode/resources/app/out/vs/workbench/api/node/extensionHostProcess.js:160:10564)
	at h.terminate (/nix/store/3j0nsr6g8fc0kb20hxhvfnsh83bk0fg6-vscodium-1.91.1.24193/lib/vscode/resources/app/out/vs/workbench/api/node/extensionHostProcess.js:164:1908)
	at i (/nix/store/3j0nsr6g8fc0kb20hxhvfnsh83bk0fg6-vscodium-1.91.1.24193/lib/vscode/resources/app/out/vs/workbench/api/node/extensionHostProcess.js:177:12354)
	at MessagePortMain.<anonymous> (/nix/store/3j0nsr6g8fc0kb20hxhvfnsh83bk0fg6-vscodium-1.91.1.24193/lib/vscode/resources/app/out/vs/workbench/api/node/extensionHostProcess.js:177:8164)
	at MessagePortMain.emit (node:events:514:28)
	at MessagePortMain._internalPort.emit (node:electron/js2c/utility_init:2:2285) setContext undefined
2024-08-23 01:06:11.224 [error] Canceled: Canceled
	at new T (/nix/store/3j0nsr6g8fc0kb20hxhvfnsh83bk0fg6-vscodium-1.91.1.24193/lib/vscode/resources/app/out/vs/workbench/api/node/extensionHostProcess.js:144:39096)
	at y._remoteCall (/nix/store/3j0nsr6g8fc0kb20hxhvfnsh83bk0fg6-vscodium-1.91.1.24193/lib/vscode/resources/app/out/vs/workbench/api/node/extensionHostProcess.js:151:8166)
	at U.<computed>.F.charCodeAt.R.CharCode.DollarSign.U.<computed> (/nix/store/3j0nsr6g8fc0kb20hxhvfnsh83bk0fg6-vscodium-1.91.1.24193/lib/vscode/resources/app/out/vs/workbench/api/node/extensionHostProcess.js:151:4351)
	at f._doExecuteCommand (/nix/store/3j0nsr6g8fc0kb20hxhvfnsh83bk0fg6-vscodium-1.91.1.24193/lib/vscode/resources/app/out/vs/workbench/api/node/extensionHostProcess.js:154:241286)
	at f.executeCommand (/nix/store/3j0nsr6g8fc0kb20hxhvfnsh83bk0fg6-vscodium-1.91.1.24193/lib/vscode/resources/app/out/vs/workbench/api/node/extensionHostProcess.js:154:240611)
	at k.registerCommand.description (/nix/store/3j0nsr6g8fc0kb20hxhvfnsh83bk0fg6-vscodium-1.91.1.24193/lib/vscode/resources/app/out/vs/workbench/api/node/extensionHostProcess.js:154:239855)
	at f._executeContributedCommand (/nix/store/3j0nsr6g8fc0kb20hxhvfnsh83bk0fg6-vscodium-1.91.1.24193/lib/vscode/resources/app/out/vs/workbench/api/node/extensionHostProcess.js:154:241924)
	at f._doExecuteCommand (/nix/store/3j0nsr6g8fc0kb20hxhvfnsh83bk0fg6-vscodium-1.91.1.24193/lib/vscode/resources/app/out/vs/workbench/api/node/extensionHostProcess.js:154:240744)
	at f.executeCommand (/nix/store/3j0nsr6g8fc0kb20hxhvfnsh83bk0fg6-vscodium-1.91.1.24193/lib/vscode/resources/app/out/vs/workbench/api/node/extensionHostProcess.js:154:240611)
	at Object.executeCommand (/nix/store/3j0nsr6g8fc0kb20hxhvfnsh83bk0fg6-vscodium-1.91.1.24193/lib/vscode/resources/app/out/vs/workbench/api/node/extensionHostProcess.js:164:29715)
	at T.reset (/home/ser/.vscode-oss/extensions/asvetliakov.vscode-neovim-1.18.7-universal/dist/extension.js:2:187723)
	at l.<anonymous> (/home/ser/.vscode-oss/extensions/asvetliakov.vscode-neovim-1.18.7-universal/dist/extension.js:2:421141)
	at l.dispose (/nix/store/3j0nsr6g8fc0kb20hxhvfnsh83bk0fg6-vscodium-1.91.1.24193/lib/vscode/resources/app/out/vs/workbench/api/node/extensionHostProcess.js:152:6342)
	at h (/nix/store/3j0nsr6g8fc0kb20hxhvfnsh83bk0fg6-vscodium-1.91.1.24193/lib/vscode/resources/app/out/vs/workbench/api/node/extensionHostProcess.js:30:758)
	at m._deactivate (/nix/store/3j0nsr6g8fc0kb20hxhvfnsh83bk0fg6-vscodium-1.91.1.24193/lib/vscode/resources/app/out/vs/workbench/api/node/extensionHostProcess.js:160:13048)
	at /nix/store/3j0nsr6g8fc0kb20hxhvfnsh83bk0fg6-vscodium-1.91.1.24193/lib/vscode/resources/app/out/vs/workbench/api/node/extensionHostProcess.js:160:10194
	at Array.map (<anonymous>)
	at m._deactivateAll (/nix/store/3j0nsr6g8fc0kb20hxhvfnsh83bk0fg6-vscodium-1.91.1.24193/lib/vscode/resources/app/out/vs/workbench/api/node/extensionHostProcess.js:160:10181)
	at m.terminate (/nix/store/3j0nsr6g8fc0kb20hxhvfnsh83bk0fg6-vscodium-1.91.1.24193/lib/vscode/resources/app/out/vs/workbench/api/node/extensionHostProcess.js:160:10564)
	at h.terminate (/nix/store/3j0nsr6g8fc0kb20hxhvfnsh83bk0fg6-vscodium-1.91.1.24193/lib/vscode/resources/app/out/vs/workbench/api/node/extensionHostProcess.js:164:1908)
	at i (/nix/store/3j0nsr6g8fc0kb20hxhvfnsh83bk0fg6-vscodium-1.91.1.24193/lib/vscode/resources/app/out/vs/workbench/api/node/extensionHostProcess.js:177:12354)
	at MessagePortMain.<anonymous> (/nix/store/3j0nsr6g8fc0kb20hxhvfnsh83bk0fg6-vscodium-1.91.1.24193/lib/vscode/resources/app/out/vs/workbench/api/node/extensionHostProcess.js:177:8164)
	at MessagePortMain.emit (node:events:514:28)
	at MessagePortMain._internalPort.emit (node:electron/js2c/utility_init:2:2285) setContext undefined
2024-08-23 01:06:11.224 [error] Canceled: Canceled
	at new T (/nix/store/3j0nsr6g8fc0kb20hxhvfnsh83bk0fg6-vscodium-1.91.1.24193/lib/vscode/resources/app/out/vs/workbench/api/node/extensionHostProcess.js:144:39096)
	at y._remoteCall (/nix/store/3j0nsr6g8fc0kb20hxhvfnsh83bk0fg6-vscodium-1.91.1.24193/lib/vscode/resources/app/out/vs/workbench/api/node/extensionHostProcess.js:151:8166)
	at U.<computed>.F.charCodeAt.R.CharCode.DollarSign.U.<computed> (/nix/store/3j0nsr6g8fc0kb20hxhvfnsh83bk0fg6-vscodium-1.91.1.24193/lib/vscode/resources/app/out/vs/workbench/api/node/extensionHostProcess.js:151:4351)
	at f._doExecuteCommand (/nix/store/3j0nsr6g8fc0kb20hxhvfnsh83bk0fg6-vscodium-1.91.1.24193/lib/vscode/resources/app/out/vs/workbench/api/node/extensionHostProcess.js:154:241286)
	at f.executeCommand (/nix/store/3j0nsr6g8fc0kb20hxhvfnsh83bk0fg6-vscodium-1.91.1.24193/lib/vscode/resources/app/out/vs/workbench/api/node/extensionHostProcess.js:154:240611)
	at k.registerCommand.description (/nix/store/3j0nsr6g8fc0kb20hxhvfnsh83bk0fg6-vscodium-1.91.1.24193/lib/vscode/resources/app/out/vs/workbench/api/node/extensionHostProcess.js:154:239855)
	at f._executeContributedCommand (/nix/store/3j0nsr6g8fc0kb20hxhvfnsh83bk0fg6-vscodium-1.91.1.24193/lib/vscode/resources/app/out/vs/workbench/api/node/extensionHostProcess.js:154:241924)
	at f._doExecuteCommand (/nix/store/3j0nsr6g8fc0kb20hxhvfnsh83bk0fg6-vscodium-1.91.1.24193/lib/vscode/resources/app/out/vs/workbench/api/node/extensionHostProcess.js:154:240744)
	at f.executeCommand (/nix/store/3j0nsr6g8fc0kb20hxhvfnsh83bk0fg6-vscodium-1.91.1.24193/lib/vscode/resources/app/out/vs/workbench/api/node/extensionHostProcess.js:154:240611)
	at Object.executeCommand (/nix/store/3j0nsr6g8fc0kb20hxhvfnsh83bk0fg6-vscodium-1.91.1.24193/lib/vscode/resources/app/out/vs/workbench/api/node/extensionHostProcess.js:164:29715)
	at T.reset (/home/ser/.vscode-oss/extensions/asvetliakov.vscode-neovim-1.18.7-universal/dist/extension.js:2:187723)
	at l.<anonymous> (/home/ser/.vscode-oss/extensions/asvetliakov.vscode-neovim-1.18.7-universal/dist/extension.js:2:421141)
	at l.dispose (/nix/store/3j0nsr6g8fc0kb20hxhvfnsh83bk0fg6-vscodium-1.91.1.24193/lib/vscode/resources/app/out/vs/workbench/api/node/extensionHostProcess.js:152:6342)
	at h (/nix/store/3j0nsr6g8fc0kb20hxhvfnsh83bk0fg6-vscodium-1.91.1.24193/lib/vscode/resources/app/out/vs/workbench/api/node/extensionHostProcess.js:30:758)
	at m._deactivate (/nix/store/3j0nsr6g8fc0kb20hxhvfnsh83bk0fg6-vscodium-1.91.1.24193/lib/vscode/resources/app/out/vs/workbench/api/node/extensionHostProcess.js:160:13048)
	at /nix/store/3j0nsr6g8fc0kb20hxhvfnsh83bk0fg6-vscodium-1.91.1.24193/lib/vscode/resources/app/out/vs/workbench/api/node/extensionHostProcess.js:160:10194
	at Array.map (<anonymous>)
	at m._deactivateAll (/nix/store/3j0nsr6g8fc0kb20hxhvfnsh83bk0fg6-vscodium-1.91.1.24193/lib/vscode/resources/app/out/vs/workbench/api/node/extensionHostProcess.js:160:10181)
	at m.terminate (/nix/store/3j0nsr6g8fc0kb20hxhvfnsh83bk0fg6-vscodium-1.91.1.24193/lib/vscode/resources/app/out/vs/workbench/api/node/extensionHostProcess.js:160:10564)
	at h.terminate (/nix/store/3j0nsr6g8fc0kb20hxhvfnsh83bk0fg6-vscodium-1.91.1.24193/lib/vscode/resources/app/out/vs/workbench/api/node/extensionHostProcess.js:164:1908)
	at i (/nix/store/3j0nsr6g8fc0kb20hxhvfnsh83bk0fg6-vscodium-1.91.1.24193/lib/vscode/resources/app/out/vs/workbench/api/node/extensionHostProcess.js:177:12354)
	at MessagePortMain.<anonymous> (/nix/store/3j0nsr6g8fc0kb20hxhvfnsh83bk0fg6-vscodium-1.91.1.24193/lib/vscode/resources/app/out/vs/workbench/api/node/extensionHostProcess.js:177:8164)
	at MessagePortMain.emit (node:events:514:28)
	at MessagePortMain._internalPort.emit (node:electron/js2c/utility_init:2:2285) setContext undefined
2024-08-23 01:06:11.224 [error] Canceled: Canceled
	at new T (/nix/store/3j0nsr6g8fc0kb20hxhvfnsh83bk0fg6-vscodium-1.91.1.24193/lib/vscode/resources/app/out/vs/workbench/api/node/extensionHostProcess.js:144:39096)
	at y._remoteCall (/nix/store/3j0nsr6g8fc0kb20hxhvfnsh83bk0fg6-vscodium-1.91.1.24193/lib/vscode/resources/app/out/vs/workbench/api/node/extensionHostProcess.js:151:8166)
	at U.<computed>.F.charCodeAt.R.CharCode.DollarSign.U.<computed> (/nix/store/3j0nsr6g8fc0kb20hxhvfnsh83bk0fg6-vscodium-1.91.1.24193/lib/vscode/resources/app/out/vs/workbench/api/node/extensionHostProcess.js:151:4351)
	at f._doExecuteCommand (/nix/store/3j0nsr6g8fc0kb20hxhvfnsh83bk0fg6-vscodium-1.91.1.24193/lib/vscode/resources/app/out/vs/workbench/api/node/extensionHostProcess.js:154:241286)
	at f.executeCommand (/nix/store/3j0nsr6g8fc0kb20hxhvfnsh83bk0fg6-vscodium-1.91.1.24193/lib/vscode/resources/app/out/vs/workbench/api/node/extensionHostProcess.js:154:240611)
	at k.registerCommand.description (/nix/store/3j0nsr6g8fc0kb20hxhvfnsh83bk0fg6-vscodium-1.91.1.24193/lib/vscode/resources/app/out/vs/workbench/api/node/extensionHostProcess.js:154:239855)
	at f._executeContributedCommand (/nix/store/3j0nsr6g8fc0kb20hxhvfnsh83bk0fg6-vscodium-1.91.1.24193/lib/vscode/resources/app/out/vs/workbench/api/node/extensionHostProcess.js:154:241924)
	at f._doExecuteCommand (/nix/store/3j0nsr6g8fc0kb20hxhvfnsh83bk0fg6-vscodium-1.91.1.24193/lib/vscode/resources/app/out/vs/workbench/api/node/extensionHostProcess.js:154:240744)
	at f.executeCommand (/nix/store/3j0nsr6g8fc0kb20hxhvfnsh83bk0fg6-vscodium-1.91.1.24193/lib/vscode/resources/app/out/vs/workbench/api/node/extensionHostProcess.js:154:240611)
	at Object.executeCommand (/nix/store/3j0nsr6g8fc0kb20hxhvfnsh83bk0fg6-vscodium-1.91.1.24193/lib/vscode/resources/app/out/vs/workbench/api/node/extensionHostProcess.js:164:29715)
	at T.reset (/home/ser/.vscode-oss/extensions/asvetliakov.vscode-neovim-1.18.7-universal/dist/extension.js:2:187723)
	at l.<anonymous> (/home/ser/.vscode-oss/extensions/asvetliakov.vscode-neovim-1.18.7-universal/dist/extension.js:2:421141)
	at l.dispose (/nix/store/3j0nsr6g8fc0kb20hxhvfnsh83bk0fg6-vscodium-1.91.1.24193/lib/vscode/resources/app/out/vs/workbench/api/node/extensionHostProcess.js:152:6342)
	at h (/nix/store/3j0nsr6g8fc0kb20hxhvfnsh83bk0fg6-vscodium-1.91.1.24193/lib/vscode/resources/app/out/vs/workbench/api/node/extensionHostProcess.js:30:758)
	at m._deactivate (/nix/store/3j0nsr6g8fc0kb20hxhvfnsh83bk0fg6-vscodium-1.91.1.24193/lib/vscode/resources/app/out/vs/workbench/api/node/extensionHostProcess.js:160:13048)
	at /nix/store/3j0nsr6g8fc0kb20hxhvfnsh83bk0fg6-vscodium-1.91.1.24193/lib/vscode/resources/app/out/vs/workbench/api/node/extensionHostProcess.js:160:10194
	at Array.map (<anonymous>)
	at m._deactivateAll (/nix/store/3j0nsr6g8fc0kb20hxhvfnsh83bk0fg6-vscodium-1.91.1.24193/lib/vscode/resources/app/out/vs/workbench/api/node/extensionHostProcess.js:160:10181)
	at m.terminate (/nix/store/3j0nsr6g8fc0kb20hxhvfnsh83bk0fg6-vscodium-1.91.1.24193/lib/vscode/resources/app/out/vs/workbench/api/node/extensionHostProcess.js:160:10564)
	at h.terminate (/nix/store/3j0nsr6g8fc0kb20hxhvfnsh83bk0fg6-vscodium-1.91.1.24193/lib/vscode/resources/app/out/vs/workbench/api/node/extensionHostProcess.js:164:1908)
	at i (/nix/store/3j0nsr6g8fc0kb20hxhvfnsh83bk0fg6-vscodium-1.91.1.24193/lib/vscode/resources/app/out/vs/workbench/api/node/extensionHostProcess.js:177:12354)
	at MessagePortMain.<anonymous> (/nix/store/3j0nsr6g8fc0kb20hxhvfnsh83bk0fg6-vscodium-1.91.1.24193/lib/vscode/resources/app/out/vs/workbench/api/node/extensionHostProcess.js:177:8164)
	at MessagePortMain.emit (node:events:514:28)
	at MessagePortMain._internalPort.emit (node:electron/js2c/utility_init:2:2285) setContext undefined
2024-08-23 01:06:11.224 [error] Canceled: Canceled
	at new T (/nix/store/3j0nsr6g8fc0kb20hxhvfnsh83bk0fg6-vscodium-1.91.1.24193/lib/vscode/resources/app/out/vs/workbench/api/node/extensionHostProcess.js:144:39096)
	at y._remoteCall (/nix/store/3j0nsr6g8fc0kb20hxhvfnsh83bk0fg6-vscodium-1.91.1.24193/lib/vscode/resources/app/out/vs/workbench/api/node/extensionHostProcess.js:151:8166)
	at U.<computed>.F.charCodeAt.R.CharCode.DollarSign.U.<computed> (/nix/store/3j0nsr6g8fc0kb20hxhvfnsh83bk0fg6-vscodium-1.91.1.24193/lib/vscode/resources/app/out/vs/workbench/api/node/extensionHostProcess.js:151:4351)
	at f._doExecuteCommand (/nix/store/3j0nsr6g8fc0kb20hxhvfnsh83bk0fg6-vscodium-1.91.1.24193/lib/vscode/resources/app/out/vs/workbench/api/node/extensionHostProcess.js:154:241286)
	at f.executeCommand (/nix/store/3j0nsr6g8fc0kb20hxhvfnsh83bk0fg6-vscodium-1.91.1.24193/lib/vscode/resources/app/out/vs/workbench/api/node/extensionHostProcess.js:154:240611)
	at k.registerCommand.description (/nix/store/3j0nsr6g8fc0kb20hxhvfnsh83bk0fg6-vscodium-1.91.1.24193/lib/vscode/resources/app/out/vs/workbench/api/node/extensionHostProcess.js:154:239855)
	at f._executeContributedCommand (/nix/store/3j0nsr6g8fc0kb20hxhvfnsh83bk0fg6-vscodium-1.91.1.24193/lib/vscode/resources/app/out/vs/workbench/api/node/extensionHostProcess.js:154:241924)
	at f._doExecuteCommand (/nix/store/3j0nsr6g8fc0kb20hxhvfnsh83bk0fg6-vscodium-1.91.1.24193/lib/vscode/resources/app/out/vs/workbench/api/node/extensionHostProcess.js:154:240744)
	at f.executeCommand (/nix/store/3j0nsr6g8fc0kb20hxhvfnsh83bk0fg6-vscodium-1.91.1.24193/lib/vscode/resources/app/out/vs/workbench/api/node/extensionHostProcess.js:154:240611)
	at Object.executeCommand (/nix/store/3j0nsr6g8fc0kb20hxhvfnsh83bk0fg6-vscodium-1.91.1.24193/lib/vscode/resources/app/out/vs/workbench/api/node/extensionHostProcess.js:164:29715)
	at T.reset (/home/ser/.vscode-oss/extensions/asvetliakov.vscode-neovim-1.18.7-universal/dist/extension.js:2:187723)
	at l.<anonymous> (/home/ser/.vscode-oss/extensions/asvetliakov.vscode-neovim-1.18.7-universal/dist/extension.js:2:421141)
	at l.dispose (/nix/store/3j0nsr6g8fc0kb20hxhvfnsh83bk0fg6-vscodium-1.91.1.24193/lib/vscode/resources/app/out/vs/workbench/api/node/extensionHostProcess.js:152:6342)
	at h (/nix/store/3j0nsr6g8fc0kb20hxhvfnsh83bk0fg6-vscodium-1.91.1.24193/lib/vscode/resources/app/out/vs/workbench/api/node/extensionHostProcess.js:30:758)
	at m._deactivate (/nix/store/3j0nsr6g8fc0kb20hxhvfnsh83bk0fg6-vscodium-1.91.1.24193/lib/vscode/resources/app/out/vs/workbench/api/node/extensionHostProcess.js:160:13048)
	at /nix/store/3j0nsr6g8fc0kb20hxhvfnsh83bk0fg6-vscodium-1.91.1.24193/lib/vscode/resources/app/out/vs/workbench/api/node/extensionHostProcess.js:160:10194
	at Array.map (<anonymous>)
	at m._deactivateAll (/nix/store/3j0nsr6g8fc0kb20hxhvfnsh83bk0fg6-vscodium-1.91.1.24193/lib/vscode/resources/app/out/vs/workbench/api/node/extensionHostProcess.js:160:10181)
	at m.terminate (/nix/store/3j0nsr6g8fc0kb20hxhvfnsh83bk0fg6-vscodium-1.91.1.24193/lib/vscode/resources/app/out/vs/workbench/api/node/extensionHostProcess.js:160:10564)
	at h.terminate (/nix/store/3j0nsr6g8fc0kb20hxhvfnsh83bk0fg6-vscodium-1.91.1.24193/lib/vscode/resources/app/out/vs/workbench/api/node/extensionHostProcess.js:164:1908)
	at i (/nix/store/3j0nsr6g8fc0kb20hxhvfnsh83bk0fg6-vscodium-1.91.1.24193/lib/vscode/resources/app/out/vs/workbench/api/node/extensionHostProcess.js:177:12354)
	at MessagePortMain.<anonymous> (/nix/store/3j0nsr6g8fc0kb20hxhvfnsh83bk0fg6-vscodium-1.91.1.24193/lib/vscode/resources/app/out/vs/workbench/api/node/extensionHostProcess.js:177:8164)
	at MessagePortMain.emit (node:events:514:28)
	at MessagePortMain._internalPort.emit (node:electron/js2c/utility_init:2:2285) setContext undefined
2024-08-23 01:06:11.224 [error] Canceled: Canceled
	at new T (/nix/store/3j0nsr6g8fc0kb20hxhvfnsh83bk0fg6-vscodium-1.91.1.24193/lib/vscode/resources/app/out/vs/workbench/api/node/extensionHostProcess.js:144:39096)
	at y._remoteCall (/nix/store/3j0nsr6g8fc0kb20hxhvfnsh83bk0fg6-vscodium-1.91.1.24193/lib/vscode/resources/app/out/vs/workbench/api/node/extensionHostProcess.js:151:8166)
	at U.<computed>.F.charCodeAt.R.CharCode.DollarSign.U.<computed> (/nix/store/3j0nsr6g8fc0kb20hxhvfnsh83bk0fg6-vscodium-1.91.1.24193/lib/vscode/resources/app/out/vs/workbench/api/node/extensionHostProcess.js:151:4351)
	at f._doExecuteCommand (/nix/store/3j0nsr6g8fc0kb20hxhvfnsh83bk0fg6-vscodium-1.91.1.24193/lib/vscode/resources/app/out/vs/workbench/api/node/extensionHostProcess.js:154:241286)
	at f.executeCommand (/nix/store/3j0nsr6g8fc0kb20hxhvfnsh83bk0fg6-vscodium-1.91.1.24193/lib/vscode/resources/app/out/vs/workbench/api/node/extensionHostProcess.js:154:240611)
	at k.registerCommand.description (/nix/store/3j0nsr6g8fc0kb20hxhvfnsh83bk0fg6-vscodium-1.91.1.24193/lib/vscode/resources/app/out/vs/workbench/api/node/extensionHostProcess.js:154:239855)
	at f._executeContributedCommand (/nix/store/3j0nsr6g8fc0kb20hxhvfnsh83bk0fg6-vscodium-1.91.1.24193/lib/vscode/resources/app/out/vs/workbench/api/node/extensionHostProcess.js:154:241924)
	at f._doExecuteCommand (/nix/store/3j0nsr6g8fc0kb20hxhvfnsh83bk0fg6-vscodium-1.91.1.24193/lib/vscode/resources/app/out/vs/workbench/api/node/extensionHostProcess.js:154:240744)
	at f.executeCommand (/nix/store/3j0nsr6g8fc0kb20hxhvfnsh83bk0fg6-vscodium-1.91.1.24193/lib/vscode/resources/app/out/vs/workbench/api/node/extensionHostProcess.js:154:240611)
	at Object.executeCommand (/nix/store/3j0nsr6g8fc0kb20hxhvfnsh83bk0fg6-vscodium-1.91.1.24193/lib/vscode/resources/app/out/vs/workbench/api/node/extensionHostProcess.js:164:29715)
	at T.reset (/home/ser/.vscode-oss/extensions/asvetliakov.vscode-neovim-1.18.7-universal/dist/extension.js:2:187723)
	at l.<anonymous> (/home/ser/.vscode-oss/extensions/asvetliakov.vscode-neovim-1.18.7-universal/dist/extension.js:2:421141)
	at l.dispose (/nix/store/3j0nsr6g8fc0kb20hxhvfnsh83bk0fg6-vscodium-1.91.1.24193/lib/vscode/resources/app/out/vs/workbench/api/node/extensionHostProcess.js:152:6342)
	at h (/nix/store/3j0nsr6g8fc0kb20hxhvfnsh83bk0fg6-vscodium-1.91.1.24193/lib/vscode/resources/app/out/vs/workbench/api/node/extensionHostProcess.js:30:758)
	at m._deactivate (/nix/store/3j0nsr6g8fc0kb20hxhvfnsh83bk0fg6-vscodium-1.91.1.24193/lib/vscode/resources/app/out/vs/workbench/api/node/extensionHostProcess.js:160:13048)
	at /nix/store/3j0nsr6g8fc0kb20hxhvfnsh83bk0fg6-vscodium-1.91.1.24193/lib/vscode/resources/app/out/vs/workbench/api/node/extensionHostProcess.js:160:10194
	at Array.map (<anonymous>)
	at m._deactivateAll (/nix/store/3j0nsr6g8fc0kb20hxhvfnsh83bk0fg6-vscodium-1.91.1.24193/lib/vscode/resources/app/out/vs/workbench/api/node/extensionHostProcess.js:160:10181)
	at m.terminate (/nix/store/3j0nsr6g8fc0kb20hxhvfnsh83bk0fg6-vscodium-1.91.1.24193/lib/vscode/resources/app/out/vs/workbench/api/node/extensionHostProcess.js:160:10564)
	at h.terminate (/nix/store/3j0nsr6g8fc0kb20hxhvfnsh83bk0fg6-vscodium-1.91.1.24193/lib/vscode/resources/app/out/vs/workbench/api/node/extensionHostProcess.js:164:1908)
	at i (/nix/store/3j0nsr6g8fc0kb20hxhvfnsh83bk0fg6-vscodium-1.91.1.24193/lib/vscode/resources/app/out/vs/workbench/api/node/extensionHostProcess.js:177:12354)
	at MessagePortMain.<anonymous> (/nix/store/3j0nsr6g8fc0kb20hxhvfnsh83bk0fg6-vscodium-1.91.1.24193/lib/vscode/resources/app/out/vs/workbench/api/node/extensionHostProcess.js:177:8164)
	at MessagePortMain.emit (node:events:514:28)
	at MessagePortMain._internalPort.emit (node:electron/js2c/utility_init:2:2285) setContext undefined
2024-08-23 01:06:11.224 [error] Canceled: Canceled
	at new T (/nix/store/3j0nsr6g8fc0kb20hxhvfnsh83bk0fg6-vscodium-1.91.1.24193/lib/vscode/resources/app/out/vs/workbench/api/node/extensionHostProcess.js:144:39096)
	at y._remoteCall (/nix/store/3j0nsr6g8fc0kb20hxhvfnsh83bk0fg6-vscodium-1.91.1.24193/lib/vscode/resources/app/out/vs/workbench/api/node/extensionHostProcess.js:151:8166)
	at U.<computed>.F.charCodeAt.R.CharCode.DollarSign.U.<computed> (/nix/store/3j0nsr6g8fc0kb20hxhvfnsh83bk0fg6-vscodium-1.91.1.24193/lib/vscode/resources/app/out/vs/workbench/api/node/extensionHostProcess.js:151:4351)
	at f._doExecuteCommand (/nix/store/3j0nsr6g8fc0kb20hxhvfnsh83bk0fg6-vscodium-1.91.1.24193/lib/vscode/resources/app/out/vs/workbench/api/node/extensionHostProcess.js:154:241286)
	at f.executeCommand (/nix/store/3j0nsr6g8fc0kb20hxhvfnsh83bk0fg6-vscodium-1.91.1.24193/lib/vscode/resources/app/out/vs/workbench/api/node/extensionHostProcess.js:154:240611)
	at k.registerCommand.description (/nix/store/3j0nsr6g8fc0kb20hxhvfnsh83bk0fg6-vscodium-1.91.1.24193/lib/vscode/resources/app/out/vs/workbench/api/node/extensionHostProcess.js:154:239855)
	at f._executeContributedCommand (/nix/store/3j0nsr6g8fc0kb20hxhvfnsh83bk0fg6-vscodium-1.91.1.24193/lib/vscode/resources/app/out/vs/workbench/api/node/extensionHostProcess.js:154:241924)
	at f._doExecuteCommand (/nix/store/3j0nsr6g8fc0kb20hxhvfnsh83bk0fg6-vscodium-1.91.1.24193/lib/vscode/resources/app/out/vs/workbench/api/node/extensionHostProcess.js:154:240744)
	at f.executeCommand (/nix/store/3j0nsr6g8fc0kb20hxhvfnsh83bk0fg6-vscodium-1.91.1.24193/lib/vscode/resources/app/out/vs/workbench/api/node/extensionHostProcess.js:154:240611)
	at Object.executeCommand (/nix/store/3j0nsr6g8fc0kb20hxhvfnsh83bk0fg6-vscodium-1.91.1.24193/lib/vscode/resources/app/out/vs/workbench/api/node/extensionHostProcess.js:164:29715)
	at T.reset (/home/ser/.vscode-oss/extensions/asvetliakov.vscode-neovim-1.18.7-universal/dist/extension.js:2:187723)
	at l.<anonymous> (/home/ser/.vscode-oss/extensions/asvetliakov.vscode-neovim-1.18.7-universal/dist/extension.js:2:421141)
	at l.dispose (/nix/store/3j0nsr6g8fc0kb20hxhvfnsh83bk0fg6-vscodium-1.91.1.24193/lib/vscode/resources/app/out/vs/workbench/api/node/extensionHostProcess.js:152:6342)
	at h (/nix/store/3j0nsr6g8fc0kb20hxhvfnsh83bk0fg6-vscodium-1.91.1.24193/lib/vscode/resources/app/out/vs/workbench/api/node/extensionHostProcess.js:30:758)
	at m._deactivate (/nix/store/3j0nsr6g8fc0kb20hxhvfnsh83bk0fg6-vscodium-1.91.1.24193/lib/vscode/resources/app/out/vs/workbench/api/node/extensionHostProcess.js:160:13048)
	at /nix/store/3j0nsr6g8fc0kb20hxhvfnsh83bk0fg6-vscodium-1.91.1.24193/lib/vscode/resources/app/out/vs/workbench/api/node/extensionHostProcess.js:160:10194
	at Array.map (<anonymous>)
	at m._deactivateAll (/nix/store/3j0nsr6g8fc0kb20hxhvfnsh83bk0fg6-vscodium-1.91.1.24193/lib/vscode/resources/app/out/vs/workbench/api/node/extensionHostProcess.js:160:10181)
	at m.terminate (/nix/store/3j0nsr6g8fc0kb20hxhvfnsh83bk0fg6-vscodium-1.91.1.24193/lib/vscode/resources/app/out/vs/workbench/api/node/extensionHostProcess.js:160:10564)
	at h.terminate (/nix/store/3j0nsr6g8fc0kb20hxhvfnsh83bk0fg6-vscodium-1.91.1.24193/lib/vscode/resources/app/out/vs/workbench/api/node/extensionHostProcess.js:164:1908)
	at i (/nix/store/3j0nsr6g8fc0kb20hxhvfnsh83bk0fg6-vscodium-1.91.1.24193/lib/vscode/resources/app/out/vs/workbench/api/node/extensionHostProcess.js:177:12354)
	at MessagePortMain.<anonymous> (/nix/store/3j0nsr6g8fc0kb20hxhvfnsh83bk0fg6-vscodium-1.91.1.24193/lib/vscode/resources/app/out/vs/workbench/api/node/extensionHostProcess.js:177:8164)
	at MessagePortMain.emit (node:events:514:28)
	at MessagePortMain._internalPort.emit (node:electron/js2c/utility_init:2:2285) setContext undefined
2024-08-23 01:06:11.225 [error] Canceled: Canceled
	at new T (/nix/store/3j0nsr6g8fc0kb20hxhvfnsh83bk0fg6-vscodium-1.91.1.24193/lib/vscode/resources/app/out/vs/workbench/api/node/extensionHostProcess.js:144:39096)
	at y._remoteCall (/nix/store/3j0nsr6g8fc0kb20hxhvfnsh83bk0fg6-vscodium-1.91.1.24193/lib/vscode/resources/app/out/vs/workbench/api/node/extensionHostProcess.js:151:8166)
	at U.<computed>.F.charCodeAt.R.CharCode.DollarSign.U.<computed> (/nix/store/3j0nsr6g8fc0kb20hxhvfnsh83bk0fg6-vscodium-1.91.1.24193/lib/vscode/resources/app/out/vs/workbench/api/node/extensionHostProcess.js:151:4351)
	at f._doExecuteCommand (/nix/store/3j0nsr6g8fc0kb20hxhvfnsh83bk0fg6-vscodium-1.91.1.24193/lib/vscode/resources/app/out/vs/workbench/api/node/extensionHostProcess.js:154:241286)
	at f.executeCommand (/nix/store/3j0nsr6g8fc0kb20hxhvfnsh83bk0fg6-vscodium-1.91.1.24193/lib/vscode/resources/app/out/vs/workbench/api/node/extensionHostProcess.js:154:240611)
	at k.registerCommand.description (/nix/store/3j0nsr6g8fc0kb20hxhvfnsh83bk0fg6-vscodium-1.91.1.24193/lib/vscode/resources/app/out/vs/workbench/api/node/extensionHostProcess.js:154:239855)
	at f._executeContributedCommand (/nix/store/3j0nsr6g8fc0kb20hxhvfnsh83bk0fg6-vscodium-1.91.1.24193/lib/vscode/resources/app/out/vs/workbench/api/node/extensionHostProcess.js:154:241924)
	at f._doExecuteCommand (/nix/store/3j0nsr6g8fc0kb20hxhvfnsh83bk0fg6-vscodium-1.91.1.24193/lib/vscode/resources/app/out/vs/workbench/api/node/extensionHostProcess.js:154:240744)
	at f.executeCommand (/nix/store/3j0nsr6g8fc0kb20hxhvfnsh83bk0fg6-vscodium-1.91.1.24193/lib/vscode/resources/app/out/vs/workbench/api/node/extensionHostProcess.js:154:240611)
	at Object.executeCommand (/nix/store/3j0nsr6g8fc0kb20hxhvfnsh83bk0fg6-vscodium-1.91.1.24193/lib/vscode/resources/app/out/vs/workbench/api/node/extensionHostProcess.js:164:29715)
	at T.reset (/home/ser/.vscode-oss/extensions/asvetliakov.vscode-neovim-1.18.7-universal/dist/extension.js:2:187723)
	at l.<anonymous> (/home/ser/.vscode-oss/extensions/asvetliakov.vscode-neovim-1.18.7-universal/dist/extension.js:2:421141)
	at l.dispose (/nix/store/3j0nsr6g8fc0kb20hxhvfnsh83bk0fg6-vscodium-1.91.1.24193/lib/vscode/resources/app/out/vs/workbench/api/node/extensionHostProcess.js:152:6342)
	at h (/nix/store/3j0nsr6g8fc0kb20hxhvfnsh83bk0fg6-vscodium-1.91.1.24193/lib/vscode/resources/app/out/vs/workbench/api/node/extensionHostProcess.js:30:758)
	at m._deactivate (/nix/store/3j0nsr6g8fc0kb20hxhvfnsh83bk0fg6-vscodium-1.91.1.24193/lib/vscode/resources/app/out/vs/workbench/api/node/extensionHostProcess.js:160:13048)
	at /nix/store/3j0nsr6g8fc0kb20hxhvfnsh83bk0fg6-vscodium-1.91.1.24193/lib/vscode/resources/app/out/vs/workbench/api/node/extensionHostProcess.js:160:10194
	at Array.map (<anonymous>)
	at m._deactivateAll (/nix/store/3j0nsr6g8fc0kb20hxhvfnsh83bk0fg6-vscodium-1.91.1.24193/lib/vscode/resources/app/out/vs/workbench/api/node/extensionHostProcess.js:160:10181)
	at m.terminate (/nix/store/3j0nsr6g8fc0kb20hxhvfnsh83bk0fg6-vscodium-1.91.1.24193/lib/vscode/resources/app/out/vs/workbench/api/node/extensionHostProcess.js:160:10564)
	at h.terminate (/nix/store/3j0nsr6g8fc0kb20hxhvfnsh83bk0fg6-vscodium-1.91.1.24193/lib/vscode/resources/app/out/vs/workbench/api/node/extensionHostProcess.js:164:1908)
	at i (/nix/store/3j0nsr6g8fc0kb20hxhvfnsh83bk0fg6-vscodium-1.91.1.24193/lib/vscode/resources/app/out/vs/workbench/api/node/extensionHostProcess.js:177:12354)
	at MessagePortMain.<anonymous> (/nix/store/3j0nsr6g8fc0kb20hxhvfnsh83bk0fg6-vscodium-1.91.1.24193/lib/vscode/resources/app/out/vs/workbench/api/node/extensionHostProcess.js:177:8164)
	at MessagePortMain.emit (node:events:514:28)
	at MessagePortMain._internalPort.emit (node:electron/js2c/utility_init:2:2285) setContext undefined
2024-08-23 01:06:11.225 [error] Canceled: Canceled
	at new T (/nix/store/3j0nsr6g8fc0kb20hxhvfnsh83bk0fg6-vscodium-1.91.1.24193/lib/vscode/resources/app/out/vs/workbench/api/node/extensionHostProcess.js:144:39096)
	at y._remoteCall (/nix/store/3j0nsr6g8fc0kb20hxhvfnsh83bk0fg6-vscodium-1.91.1.24193/lib/vscode/resources/app/out/vs/workbench/api/node/extensionHostProcess.js:151:8166)
	at U.<computed>.F.charCodeAt.R.CharCode.DollarSign.U.<computed> (/nix/store/3j0nsr6g8fc0kb20hxhvfnsh83bk0fg6-vscodium-1.91.1.24193/lib/vscode/resources/app/out/vs/workbench/api/node/extensionHostProcess.js:151:4351)
	at f._doExecuteCommand (/nix/store/3j0nsr6g8fc0kb20hxhvfnsh83bk0fg6-vscodium-1.91.1.24193/lib/vscode/resources/app/out/vs/workbench/api/node/extensionHostProcess.js:154:241286)
	at f.executeCommand (/nix/store/3j0nsr6g8fc0kb20hxhvfnsh83bk0fg6-vscodium-1.91.1.24193/lib/vscode/resources/app/out/vs/workbench/api/node/extensionHostProcess.js:154:240611)
	at k.registerCommand.description (/nix/store/3j0nsr6g8fc0kb20hxhvfnsh83bk0fg6-vscodium-1.91.1.24193/lib/vscode/resources/app/out/vs/workbench/api/node/extensionHostProcess.js:154:239855)
	at f._executeContributedCommand (/nix/store/3j0nsr6g8fc0kb20hxhvfnsh83bk0fg6-vscodium-1.91.1.24193/lib/vscode/resources/app/out/vs/workbench/api/node/extensionHostProcess.js:154:241924)
	at f._doExecuteCommand (/nix/store/3j0nsr6g8fc0kb20hxhvfnsh83bk0fg6-vscodium-1.91.1.24193/lib/vscode/resources/app/out/vs/workbench/api/node/extensionHostProcess.js:154:240744)
	at f.executeCommand (/nix/store/3j0nsr6g8fc0kb20hxhvfnsh83bk0fg6-vscodium-1.91.1.24193/lib/vscode/resources/app/out/vs/workbench/api/node/extensionHostProcess.js:154:240611)
	at Object.executeCommand (/nix/store/3j0nsr6g8fc0kb20hxhvfnsh83bk0fg6-vscodium-1.91.1.24193/lib/vscode/resources/app/out/vs/workbench/api/node/extensionHostProcess.js:164:29715)
	at T.reset (/home/ser/.vscode-oss/extensions/asvetliakov.vscode-neovim-1.18.7-universal/dist/extension.js:2:187723)
	at l.<anonymous> (/home/ser/.vscode-oss/extensions/asvetliakov.vscode-neovim-1.18.7-universal/dist/extension.js:2:421141)
	at l.dispose (/nix/store/3j0nsr6g8fc0kb20hxhvfnsh83bk0fg6-vscodium-1.91.1.24193/lib/vscode/resources/app/out/vs/workbench/api/node/extensionHostProcess.js:152:6342)
	at h (/nix/store/3j0nsr6g8fc0kb20hxhvfnsh83bk0fg6-vscodium-1.91.1.24193/lib/vscode/resources/app/out/vs/workbench/api/node/extensionHostProcess.js:30:758)
	at m._deactivate (/nix/store/3j0nsr6g8fc0kb20hxhvfnsh83bk0fg6-vscodium-1.91.1.24193/lib/vscode/resources/app/out/vs/workbench/api/node/extensionHostProcess.js:160:13048)
	at /nix/store/3j0nsr6g8fc0kb20hxhvfnsh83bk0fg6-vscodium-1.91.1.24193/lib/vscode/resources/app/out/vs/workbench/api/node/extensionHostProcess.js:160:10194
	at Array.map (<anonymous>)
	at m._deactivateAll (/nix/store/3j0nsr6g8fc0kb20hxhvfnsh83bk0fg6-vscodium-1.91.1.24193/lib/vscode/resources/app/out/vs/workbench/api/node/extensionHostProcess.js:160:10181)
	at m.terminate (/nix/store/3j0nsr6g8fc0kb20hxhvfnsh83bk0fg6-vscodium-1.91.1.24193/lib/vscode/resources/app/out/vs/workbench/api/node/extensionHostProcess.js:160:10564)
	at h.terminate (/nix/store/3j0nsr6g8fc0kb20hxhvfnsh83bk0fg6-vscodium-1.91.1.24193/lib/vscode/resources/app/out/vs/workbench/api/node/extensionHostProcess.js:164:1908)
	at i (/nix/store/3j0nsr6g8fc0kb20hxhvfnsh83bk0fg6-vscodium-1.91.1.24193/lib/vscode/resources/app/out/vs/workbench/api/node/extensionHostProcess.js:177:12354)
	at MessagePortMain.<anonymous> (/nix/store/3j0nsr6g8fc0kb20hxhvfnsh83bk0fg6-vscodium-1.91.1.24193/lib/vscode/resources/app/out/vs/workbench/api/node/extensionHostProcess.js:177:8164)
	at MessagePortMain.emit (node:events:514:28)
	at MessagePortMain._internalPort.emit (node:electron/js2c/utility_init:2:2285) setContext undefined
2024-08-23 01:06:11.225 [error] Canceled: Canceled
	at new T (/nix/store/3j0nsr6g8fc0kb20hxhvfnsh83bk0fg6-vscodium-1.91.1.24193/lib/vscode/resources/app/out/vs/workbench/api/node/extensionHostProcess.js:144:39096)
	at y._remoteCall (/nix/store/3j0nsr6g8fc0kb20hxhvfnsh83bk0fg6-vscodium-1.91.1.24193/lib/vscode/resources/app/out/vs/workbench/api/node/extensionHostProcess.js:151:8166)
	at U.<computed>.F.charCodeAt.R.CharCode.DollarSign.U.<computed> (/nix/store/3j0nsr6g8fc0kb20hxhvfnsh83bk0fg6-vscodium-1.91.1.24193/lib/vscode/resources/app/out/vs/workbench/api/node/extensionHostProcess.js:151:4351)
	at f._doExecuteCommand (/nix/store/3j0nsr6g8fc0kb20hxhvfnsh83bk0fg6-vscodium-1.91.1.24193/lib/vscode/resources/app/out/vs/workbench/api/node/extensionHostProcess.js:154:241286)
	at f.executeCommand (/nix/store/3j0nsr6g8fc0kb20hxhvfnsh83bk0fg6-vscodium-1.91.1.24193/lib/vscode/resources/app/out/vs/workbench/api/node/extensionHostProcess.js:154:240611)
	at k.registerCommand.description (/nix/store/3j0nsr6g8fc0kb20hxhvfnsh83bk0fg6-vscodium-1.91.1.24193/lib/vscode/resources/app/out/vs/workbench/api/node/extensionHostProcess.js:154:239855)
	at f._executeContributedCommand (/nix/store/3j0nsr6g8fc0kb20hxhvfnsh83bk0fg6-vscodium-1.91.1.24193/lib/vscode/resources/app/out/vs/workbench/api/node/extensionHostProcess.js:154:241924)
	at f._doExecuteCommand (/nix/store/3j0nsr6g8fc0kb20hxhvfnsh83bk0fg6-vscodium-1.91.1.24193/lib/vscode/resources/app/out/vs/workbench/api/node/extensionHostProcess.js:154:240744)
	at f.executeCommand (/nix/store/3j0nsr6g8fc0kb20hxhvfnsh83bk0fg6-vscodium-1.91.1.24193/lib/vscode/resources/app/out/vs/workbench/api/node/extensionHostProcess.js:154:240611)
	at Object.executeCommand (/nix/store/3j0nsr6g8fc0kb20hxhvfnsh83bk0fg6-vscodium-1.91.1.24193/lib/vscode/resources/app/out/vs/workbench/api/node/extensionHostProcess.js:164:29715)
	at T.reset (/home/ser/.vscode-oss/extensions/asvetliakov.vscode-neovim-1.18.7-universal/dist/extension.js:2:187723)
	at l.<anonymous> (/home/ser/.vscode-oss/extensions/asvetliakov.vscode-neovim-1.18.7-universal/dist/extension.js:2:421141)
	at l.dispose (/nix/store/3j0nsr6g8fc0kb20hxhvfnsh83bk0fg6-vscodium-1.91.1.24193/lib/vscode/resources/app/out/vs/workbench/api/node/extensionHostProcess.js:152:6342)
	at h (/nix/store/3j0nsr6g8fc0kb20hxhvfnsh83bk0fg6-vscodium-1.91.1.24193/lib/vscode/resources/app/out/vs/workbench/api/node/extensionHostProcess.js:30:758)
	at m._deactivate (/nix/store/3j0nsr6g8fc0kb20hxhvfnsh83bk0fg6-vscodium-1.91.1.24193/lib/vscode/resources/app/out/vs/workbench/api/node/extensionHostProcess.js:160:13048)
	at /nix/store/3j0nsr6g8fc0kb20hxhvfnsh83bk0fg6-vscodium-1.91.1.24193/lib/vscode/resources/app/out/vs/workbench/api/node/extensionHostProcess.js:160:10194
	at Array.map (<anonymous>)
	at m._deactivateAll (/nix/store/3j0nsr6g8fc0kb20hxhvfnsh83bk0fg6-vscodium-1.91.1.24193/lib/vscode/resources/app/out/vs/workbench/api/node/extensionHostProcess.js:160:10181)
	at m.terminate (/nix/store/3j0nsr6g8fc0kb20hxhvfnsh83bk0fg6-vscodium-1.91.1.24193/lib/vscode/resources/app/out/vs/workbench/api/node/extensionHostProcess.js:160:10564)
	at h.terminate (/nix/store/3j0nsr6g8fc0kb20hxhvfnsh83bk0fg6-vscodium-1.91.1.24193/lib/vscode/resources/app/out/vs/workbench/api/node/extensionHostProcess.js:164:1908)
	at i (/nix/store/3j0nsr6g8fc0kb20hxhvfnsh83bk0fg6-vscodium-1.91.1.24193/lib/vscode/resources/app/out/vs/workbench/api/node/extensionHostProcess.js:177:12354)
	at MessagePortMain.<anonymous> (/nix/store/3j0nsr6g8fc0kb20hxhvfnsh83bk0fg6-vscodium-1.91.1.24193/lib/vscode/resources/app/out/vs/workbench/api/node/extensionHostProcess.js:177:8164)
	at MessagePortMain.emit (node:events:514:28)
	at MessagePortMain._internalPort.emit (node:electron/js2c/utility_init:2:2285) setContext undefined
2024-08-23 01:06:11.225 [error] Canceled: Canceled
	at new T (/nix/store/3j0nsr6g8fc0kb20hxhvfnsh83bk0fg6-vscodium-1.91.1.24193/lib/vscode/resources/app/out/vs/workbench/api/node/extensionHostProcess.js:144:39096)
	at y._remoteCall (/nix/store/3j0nsr6g8fc0kb20hxhvfnsh83bk0fg6-vscodium-1.91.1.24193/lib/vscode/resources/app/out/vs/workbench/api/node/extensionHostProcess.js:151:8166)
	at U.<computed>.F.charCodeAt.R.CharCode.DollarSign.U.<computed> (/nix/store/3j0nsr6g8fc0kb20hxhvfnsh83bk0fg6-vscodium-1.91.1.24193/lib/vscode/resources/app/out/vs/workbench/api/node/extensionHostProcess.js:151:4351)
	at f._doExecuteCommand (/nix/store/3j0nsr6g8fc0kb20hxhvfnsh83bk0fg6-vscodium-1.91.1.24193/lib/vscode/resources/app/out/vs/workbench/api/node/extensionHostProcess.js:154:241286)
	at f.executeCommand (/nix/store/3j0nsr6g8fc0kb20hxhvfnsh83bk0fg6-vscodium-1.91.1.24193/lib/vscode/resources/app/out/vs/workbench/api/node/extensionHostProcess.js:154:240611)
	at k.registerCommand.description (/nix/store/3j0nsr6g8fc0kb20hxhvfnsh83bk0fg6-vscodium-1.91.1.24193/lib/vscode/resources/app/out/vs/workbench/api/node/extensionHostProcess.js:154:239855)
	at f._executeContributedCommand (/nix/store/3j0nsr6g8fc0kb20hxhvfnsh83bk0fg6-vscodium-1.91.1.24193/lib/vscode/resources/app/out/vs/workbench/api/node/extensionHostProcess.js:154:241924)
	at f._doExecuteCommand (/nix/store/3j0nsr6g8fc0kb20hxhvfnsh83bk0fg6-vscodium-1.91.1.24193/lib/vscode/resources/app/out/vs/workbench/api/node/extensionHostProcess.js:154:240744)
	at f.executeCommand (/nix/store/3j0nsr6g8fc0kb20hxhvfnsh83bk0fg6-vscodium-1.91.1.24193/lib/vscode/resources/app/out/vs/workbench/api/node/extensionHostProcess.js:154:240611)
	at Object.executeCommand (/nix/store/3j0nsr6g8fc0kb20hxhvfnsh83bk0fg6-vscodium-1.91.1.24193/lib/vscode/resources/app/out/vs/workbench/api/node/extensionHostProcess.js:164:29715)
	at T.reset (/home/ser/.vscode-oss/extensions/asvetliakov.vscode-neovim-1.18.7-universal/dist/extension.js:2:187723)
	at l.<anonymous> (/home/ser/.vscode-oss/extensions/asvetliakov.vscode-neovim-1.18.7-universal/dist/extension.js:2:421141)
	at l.dispose (/nix/store/3j0nsr6g8fc0kb20hxhvfnsh83bk0fg6-vscodium-1.91.1.24193/lib/vscode/resources/app/out/vs/workbench/api/node/extensionHostProcess.js:152:6342)
	at h (/nix/store/3j0nsr6g8fc0kb20hxhvfnsh83bk0fg6-vscodium-1.91.1.24193/lib/vscode/resources/app/out/vs/workbench/api/node/extensionHostProcess.js:30:758)
	at m._deactivate (/nix/store/3j0nsr6g8fc0kb20hxhvfnsh83bk0fg6-vscodium-1.91.1.24193/lib/vscode/resources/app/out/vs/workbench/api/node/extensionHostProcess.js:160:13048)
	at /nix/store/3j0nsr6g8fc0kb20hxhvfnsh83bk0fg6-vscodium-1.91.1.24193/lib/vscode/resources/app/out/vs/workbench/api/node/extensionHostProcess.js:160:10194
	at Array.map (<anonymous>)
	at m._deactivateAll (/nix/store/3j0nsr6g8fc0kb20hxhvfnsh83bk0fg6-vscodium-1.91.1.24193/lib/vscode/resources/app/out/vs/workbench/api/node/extensionHostProcess.js:160:10181)
	at m.terminate (/nix/store/3j0nsr6g8fc0kb20hxhvfnsh83bk0fg6-vscodium-1.91.1.24193/lib/vscode/resources/app/out/vs/workbench/api/node/extensionHostProcess.js:160:10564)
	at h.terminate (/nix/store/3j0nsr6g8fc0kb20hxhvfnsh83bk0fg6-vscodium-1.91.1.24193/lib/vscode/resources/app/out/vs/workbench/api/node/extensionHostProcess.js:164:1908)
	at i (/nix/store/3j0nsr6g8fc0kb20hxhvfnsh83bk0fg6-vscodium-1.91.1.24193/lib/vscode/resources/app/out/vs/workbench/api/node/extensionHostProcess.js:177:12354)
	at MessagePortMain.<anonymous> (/nix/store/3j0nsr6g8fc0kb20hxhvfnsh83bk0fg6-vscodium-1.91.1.24193/lib/vscode/resources/app/out/vs/workbench/api/node/extensionHostProcess.js:177:8164)
	at MessagePortMain.emit (node:events:514:28)
	at MessagePortMain._internalPort.emit (node:electron/js2c/utility_init:2:2285) setContext undefined
2024-08-23 01:06:11.225 [error] Canceled: Canceled
	at new T (/nix/store/3j0nsr6g8fc0kb20hxhvfnsh83bk0fg6-vscodium-1.91.1.24193/lib/vscode/resources/app/out/vs/workbench/api/node/extensionHostProcess.js:144:39096)
	at y._remoteCall (/nix/store/3j0nsr6g8fc0kb20hxhvfnsh83bk0fg6-vscodium-1.91.1.24193/lib/vscode/resources/app/out/vs/workbench/api/node/extensionHostProcess.js:151:8166)
	at U.<computed>.F.charCodeAt.R.CharCode.DollarSign.U.<computed> (/nix/store/3j0nsr6g8fc0kb20hxhvfnsh83bk0fg6-vscodium-1.91.1.24193/lib/vscode/resources/app/out/vs/workbench/api/node/extensionHostProcess.js:151:4351)
	at f._doExecuteCommand (/nix/store/3j0nsr6g8fc0kb20hxhvfnsh83bk0fg6-vscodium-1.91.1.24193/lib/vscode/resources/app/out/vs/workbench/api/node/extensionHostProcess.js:154:241286)
	at f.executeCommand (/nix/store/3j0nsr6g8fc0kb20hxhvfnsh83bk0fg6-vscodium-1.91.1.24193/lib/vscode/resources/app/out/vs/workbench/api/node/extensionHostProcess.js:154:240611)
	at k.registerCommand.description (/nix/store/3j0nsr6g8fc0kb20hxhvfnsh83bk0fg6-vscodium-1.91.1.24193/lib/vscode/resources/app/out/vs/workbench/api/node/extensionHostProcess.js:154:239855)
	at f._executeContributedCommand (/nix/store/3j0nsr6g8fc0kb20hxhvfnsh83bk0fg6-vscodium-1.91.1.24193/lib/vscode/resources/app/out/vs/workbench/api/node/extensionHostProcess.js:154:241924)
	at f._doExecuteCommand (/nix/store/3j0nsr6g8fc0kb20hxhvfnsh83bk0fg6-vscodium-1.91.1.24193/lib/vscode/resources/app/out/vs/workbench/api/node/extensionHostProcess.js:154:240744)
	at f.executeCommand (/nix/store/3j0nsr6g8fc0kb20hxhvfnsh83bk0fg6-vscodium-1.91.1.24193/lib/vscode/resources/app/out/vs/workbench/api/node/extensionHostProcess.js:154:240611)
	at Object.executeCommand (/nix/store/3j0nsr6g8fc0kb20hxhvfnsh83bk0fg6-vscodium-1.91.1.24193/lib/vscode/resources/app/out/vs/workbench/api/node/extensionHostProcess.js:164:29715)
	at T.reset (/home/ser/.vscode-oss/extensions/asvetliakov.vscode-neovim-1.18.7-universal/dist/extension.js:2:187723)
	at l.<anonymous> (/home/ser/.vscode-oss/extensions/asvetliakov.vscode-neovim-1.18.7-universal/dist/extension.js:2:421141)
	at l.dispose (/nix/store/3j0nsr6g8fc0kb20hxhvfnsh83bk0fg6-vscodium-1.91.1.24193/lib/vscode/resources/app/out/vs/workbench/api/node/extensionHostProcess.js:152:6342)
	at h (/nix/store/3j0nsr6g8fc0kb20hxhvfnsh83bk0fg6-vscodium-1.91.1.24193/lib/vscode/resources/app/out/vs/workbench/api/node/extensionHostProcess.js:30:758)
	at m._deactivate (/nix/store/3j0nsr6g8fc0kb20hxhvfnsh83bk0fg6-vscodium-1.91.1.24193/lib/vscode/resources/app/out/vs/workbench/api/node/extensionHostProcess.js:160:13048)
	at /nix/store/3j0nsr6g8fc0kb20hxhvfnsh83bk0fg6-vscodium-1.91.1.24193/lib/vscode/resources/app/out/vs/workbench/api/node/extensionHostProcess.js:160:10194
	at Array.map (<anonymous>)
	at m._deactivateAll (/nix/store/3j0nsr6g8fc0kb20hxhvfnsh83bk0fg6-vscodium-1.91.1.24193/lib/vscode/resources/app/out/vs/workbench/api/node/extensionHostProcess.js:160:10181)
	at m.terminate (/nix/store/3j0nsr6g8fc0kb20hxhvfnsh83bk0fg6-vscodium-1.91.1.24193/lib/vscode/resources/app/out/vs/workbench/api/node/extensionHostProcess.js:160:10564)
	at h.terminate (/nix/store/3j0nsr6g8fc0kb20hxhvfnsh83bk0fg6-vscodium-1.91.1.24193/lib/vscode/resources/app/out/vs/workbench/api/node/extensionHostProcess.js:164:1908)
	at i (/nix/store/3j0nsr6g8fc0kb20hxhvfnsh83bk0fg6-vscodium-1.91.1.24193/lib/vscode/resources/app/out/vs/workbench/api/node/extensionHostProcess.js:177:12354)
	at MessagePortMain.<anonymous> (/nix/store/3j0nsr6g8fc0kb20hxhvfnsh83bk0fg6-vscodium-1.91.1.24193/lib/vscode/resources/app/out/vs/workbench/api/node/extensionHostProcess.js:177:8164)
	at MessagePortMain.emit (node:events:514:28)
	at MessagePortMain._internalPort.emit (node:electron/js2c/utility_init:2:2285) setContext undefined
2024-08-23 01:06:11.225 [error] Canceled: Canceled
	at new T (/nix/store/3j0nsr6g8fc0kb20hxhvfnsh83bk0fg6-vscodium-1.91.1.24193/lib/vscode/resources/app/out/vs/workbench/api/node/extensionHostProcess.js:144:39096)
	at y._remoteCall (/nix/store/3j0nsr6g8fc0kb20hxhvfnsh83bk0fg6-vscodium-1.91.1.24193/lib/vscode/resources/app/out/vs/workbench/api/node/extensionHostProcess.js:151:8166)
	at U.<computed>.F.charCodeAt.R.CharCode.DollarSign.U.<computed> (/nix/store/3j0nsr6g8fc0kb20hxhvfnsh83bk0fg6-vscodium-1.91.1.24193/lib/vscode/resources/app/out/vs/workbench/api/node/extensionHostProcess.js:151:4351)
	at f._doExecuteCommand (/nix/store/3j0nsr6g8fc0kb20hxhvfnsh83bk0fg6-vscodium-1.91.1.24193/lib/vscode/resources/app/out/vs/workbench/api/node/extensionHostProcess.js:154:241286)
	at f.executeCommand (/nix/store/3j0nsr6g8fc0kb20hxhvfnsh83bk0fg6-vscodium-1.91.1.24193/lib/vscode/resources/app/out/vs/workbench/api/node/extensionHostProcess.js:154:240611)
	at k.registerCommand.description (/nix/store/3j0nsr6g8fc0kb20hxhvfnsh83bk0fg6-vscodium-1.91.1.24193/lib/vscode/resources/app/out/vs/workbench/api/node/extensionHostProcess.js:154:239855)
	at f._executeContributedCommand (/nix/store/3j0nsr6g8fc0kb20hxhvfnsh83bk0fg6-vscodium-1.91.1.24193/lib/vscode/resources/app/out/vs/workbench/api/node/extensionHostProcess.js:154:241924)
	at f._doExecuteCommand (/nix/store/3j0nsr6g8fc0kb20hxhvfnsh83bk0fg6-vscodium-1.91.1.24193/lib/vscode/resources/app/out/vs/workbench/api/node/extensionHostProcess.js:154:240744)
	at f.executeCommand (/nix/store/3j0nsr6g8fc0kb20hxhvfnsh83bk0fg6-vscodium-1.91.1.24193/lib/vscode/resources/app/out/vs/workbench/api/node/extensionHostProcess.js:154:240611)
	at Object.executeCommand (/nix/store/3j0nsr6g8fc0kb20hxhvfnsh83bk0fg6-vscodium-1.91.1.24193/lib/vscode/resources/app/out/vs/workbench/api/node/extensionHostProcess.js:164:29715)
	at T.reset (/home/ser/.vscode-oss/extensions/asvetliakov.vscode-neovim-1.18.7-universal/dist/extension.js:2:187723)
	at l.<anonymous> (/home/ser/.vscode-oss/extensions/asvetliakov.vscode-neovim-1.18.7-universal/dist/extension.js:2:421141)
	at l.dispose (/nix/store/3j0nsr6g8fc0kb20hxhvfnsh83bk0fg6-vscodium-1.91.1.24193/lib/vscode/resources/app/out/vs/workbench/api/node/extensionHostProcess.js:152:6342)
	at h (/nix/store/3j0nsr6g8fc0kb20hxhvfnsh83bk0fg6-vscodium-1.91.1.24193/lib/vscode/resources/app/out/vs/workbench/api/node/extensionHostProcess.js:30:758)
	at m._deactivate (/nix/store/3j0nsr6g8fc0kb20hxhvfnsh83bk0fg6-vscodium-1.91.1.24193/lib/vscode/resources/app/out/vs/workbench/api/node/extensionHostProcess.js:160:13048)
	at /nix/store/3j0nsr6g8fc0kb20hxhvfnsh83bk0fg6-vscodium-1.91.1.24193/lib/vscode/resources/app/out/vs/workbench/api/node/extensionHostProcess.js:160:10194
	at Array.map (<anonymous>)
	at m._deactivateAll (/nix/store/3j0nsr6g8fc0kb20hxhvfnsh83bk0fg6-vscodium-1.91.1.24193/lib/vscode/resources/app/out/vs/workbench/api/node/extensionHostProcess.js:160:10181)
	at m.terminate (/nix/store/3j0nsr6g8fc0kb20hxhvfnsh83bk0fg6-vscodium-1.91.1.24193/lib/vscode/resources/app/out/vs/workbench/api/node/extensionHostProcess.js:160:10564)
	at h.terminate (/nix/store/3j0nsr6g8fc0kb20hxhvfnsh83bk0fg6-vscodium-1.91.1.24193/lib/vscode/resources/app/out/vs/workbench/api/node/extensionHostProcess.js:164:1908)
	at i (/nix/store/3j0nsr6g8fc0kb20hxhvfnsh83bk0fg6-vscodium-1.91.1.24193/lib/vscode/resources/app/out/vs/workbench/api/node/extensionHostProcess.js:177:12354)
	at MessagePortMain.<anonymous> (/nix/store/3j0nsr6g8fc0kb20hxhvfnsh83bk0fg6-vscodium-1.91.1.24193/lib/vscode/resources/app/out/vs/workbench/api/node/extensionHostProcess.js:177:8164)
	at MessagePortMain.emit (node:events:514:28)
	at MessagePortMain._internalPort.emit (node:electron/js2c/utility_init:2:2285) setContext undefined
2024-08-23 01:06:11.226 [error] Canceled: Canceled
	at new T (/nix/store/3j0nsr6g8fc0kb20hxhvfnsh83bk0fg6-vscodium-1.91.1.24193/lib/vscode/resources/app/out/vs/workbench/api/node/extensionHostProcess.js:144:39096)
	at y._remoteCall (/nix/store/3j0nsr6g8fc0kb20hxhvfnsh83bk0fg6-vscodium-1.91.1.24193/lib/vscode/resources/app/out/vs/workbench/api/node/extensionHostProcess.js:151:8166)
	at U.<computed>.F.charCodeAt.R.CharCode.DollarSign.U.<computed> (/nix/store/3j0nsr6g8fc0kb20hxhvfnsh83bk0fg6-vscodium-1.91.1.24193/lib/vscode/resources/app/out/vs/workbench/api/node/extensionHostProcess.js:151:4351)
	at f._doExecuteCommand (/nix/store/3j0nsr6g8fc0kb20hxhvfnsh83bk0fg6-vscodium-1.91.1.24193/lib/vscode/resources/app/out/vs/workbench/api/node/extensionHostProcess.js:154:241286)
	at f.executeCommand (/nix/store/3j0nsr6g8fc0kb20hxhvfnsh83bk0fg6-vscodium-1.91.1.24193/lib/vscode/resources/app/out/vs/workbench/api/node/extensionHostProcess.js:154:240611)
	at k.registerCommand.description (/nix/store/3j0nsr6g8fc0kb20hxhvfnsh83bk0fg6-vscodium-1.91.1.24193/lib/vscode/resources/app/out/vs/workbench/api/node/extensionHostProcess.js:154:239855)
	at f._executeContributedCommand (/nix/store/3j0nsr6g8fc0kb20hxhvfnsh83bk0fg6-vscodium-1.91.1.24193/lib/vscode/resources/app/out/vs/workbench/api/node/extensionHostProcess.js:154:241924)
	at f._doExecuteCommand (/nix/store/3j0nsr6g8fc0kb20hxhvfnsh83bk0fg6-vscodium-1.91.1.24193/lib/vscode/resources/app/out/vs/workbench/api/node/extensionHostProcess.js:154:240744)
	at f.executeCommand (/nix/store/3j0nsr6g8fc0kb20hxhvfnsh83bk0fg6-vscodium-1.91.1.24193/lib/vscode/resources/app/out/vs/workbench/api/node/extensionHostProcess.js:154:240611)
	at Object.executeCommand (/nix/store/3j0nsr6g8fc0kb20hxhvfnsh83bk0fg6-vscodium-1.91.1.24193/lib/vscode/resources/app/out/vs/workbench/api/node/extensionHostProcess.js:164:29715)
	at T.reset (/home/ser/.vscode-oss/extensions/asvetliakov.vscode-neovim-1.18.7-universal/dist/extension.js:2:187723)
	at l.<anonymous> (/home/ser/.vscode-oss/extensions/asvetliakov.vscode-neovim-1.18.7-universal/dist/extension.js:2:421141)
	at l.dispose (/nix/store/3j0nsr6g8fc0kb20hxhvfnsh83bk0fg6-vscodium-1.91.1.24193/lib/vscode/resources/app/out/vs/workbench/api/node/extensionHostProcess.js:152:6342)
	at h (/nix/store/3j0nsr6g8fc0kb20hxhvfnsh83bk0fg6-vscodium-1.91.1.24193/lib/vscode/resources/app/out/vs/workbench/api/node/extensionHostProcess.js:30:758)
	at m._deactivate (/nix/store/3j0nsr6g8fc0kb20hxhvfnsh83bk0fg6-vscodium-1.91.1.24193/lib/vscode/resources/app/out/vs/workbench/api/node/extensionHostProcess.js:160:13048)
	at /nix/store/3j0nsr6g8fc0kb20hxhvfnsh83bk0fg6-vscodium-1.91.1.24193/lib/vscode/resources/app/out/vs/workbench/api/node/extensionHostProcess.js:160:10194
	at Array.map (<anonymous>)
	at m._deactivateAll (/nix/store/3j0nsr6g8fc0kb20hxhvfnsh83bk0fg6-vscodium-1.91.1.24193/lib/vscode/resources/app/out/vs/workbench/api/node/extensionHostProcess.js:160:10181)
	at m.terminate (/nix/store/3j0nsr6g8fc0kb20hxhvfnsh83bk0fg6-vscodium-1.91.1.24193/lib/vscode/resources/app/out/vs/workbench/api/node/extensionHostProcess.js:160:10564)
	at h.terminate (/nix/store/3j0nsr6g8fc0kb20hxhvfnsh83bk0fg6-vscodium-1.91.1.24193/lib/vscode/resources/app/out/vs/workbench/api/node/extensionHostProcess.js:164:1908)
	at i (/nix/store/3j0nsr6g8fc0kb20hxhvfnsh83bk0fg6-vscodium-1.91.1.24193/lib/vscode/resources/app/out/vs/workbench/api/node/extensionHostProcess.js:177:12354)
	at MessagePortMain.<anonymous> (/nix/store/3j0nsr6g8fc0kb20hxhvfnsh83bk0fg6-vscodium-1.91.1.24193/lib/vscode/resources/app/out/vs/workbench/api/node/extensionHostProcess.js:177:8164)
	at MessagePortMain.emit (node:events:514:28)
	at MessagePortMain._internalPort.emit (node:electron/js2c/utility_init:2:2285) setContext undefined
2024-08-23 01:06:11.226 [error] Canceled: Canceled
	at new T (/nix/store/3j0nsr6g8fc0kb20hxhvfnsh83bk0fg6-vscodium-1.91.1.24193/lib/vscode/resources/app/out/vs/workbench/api/node/extensionHostProcess.js:144:39096)
	at y._remoteCall (/nix/store/3j0nsr6g8fc0kb20hxhvfnsh83bk0fg6-vscodium-1.91.1.24193/lib/vscode/resources/app/out/vs/workbench/api/node/extensionHostProcess.js:151:8166)
	at U.<computed>.F.charCodeAt.R.CharCode.DollarSign.U.<computed> (/nix/store/3j0nsr6g8fc0kb20hxhvfnsh83bk0fg6-vscodium-1.91.1.24193/lib/vscode/resources/app/out/vs/workbench/api/node/extensionHostProcess.js:151:4351)
	at f._doExecuteCommand (/nix/store/3j0nsr6g8fc0kb20hxhvfnsh83bk0fg6-vscodium-1.91.1.24193/lib/vscode/resources/app/out/vs/workbench/api/node/extensionHostProcess.js:154:241286)
	at f.executeCommand (/nix/store/3j0nsr6g8fc0kb20hxhvfnsh83bk0fg6-vscodium-1.91.1.24193/lib/vscode/resources/app/out/vs/workbench/api/node/extensionHostProcess.js:154:240611)
	at k.registerCommand.description (/nix/store/3j0nsr6g8fc0kb20hxhvfnsh83bk0fg6-vscodium-1.91.1.24193/lib/vscode/resources/app/out/vs/workbench/api/node/extensionHostProcess.js:154:239855)
	at f._executeContributedCommand (/nix/store/3j0nsr6g8fc0kb20hxhvfnsh83bk0fg6-vscodium-1.91.1.24193/lib/vscode/resources/app/out/vs/workbench/api/node/extensionHostProcess.js:154:241924)
	at f._doExecuteCommand (/nix/store/3j0nsr6g8fc0kb20hxhvfnsh83bk0fg6-vscodium-1.91.1.24193/lib/vscode/resources/app/out/vs/workbench/api/node/extensionHostProcess.js:154:240744)
	at f.executeCommand (/nix/store/3j0nsr6g8fc0kb20hxhvfnsh83bk0fg6-vscodium-1.91.1.24193/lib/vscode/resources/app/out/vs/workbench/api/node/extensionHostProcess.js:154:240611)
	at Object.executeCommand (/nix/store/3j0nsr6g8fc0kb20hxhvfnsh83bk0fg6-vscodium-1.91.1.24193/lib/vscode/resources/app/out/vs/workbench/api/node/extensionHostProcess.js:164:29715)
	at T.reset (/home/ser/.vscode-oss/extensions/asvetliakov.vscode-neovim-1.18.7-universal/dist/extension.js:2:187723)
	at l.<anonymous> (/home/ser/.vscode-oss/extensions/asvetliakov.vscode-neovim-1.18.7-universal/dist/extension.js:2:421141)
	at l.dispose (/nix/store/3j0nsr6g8fc0kb20hxhvfnsh83bk0fg6-vscodium-1.91.1.24193/lib/vscode/resources/app/out/vs/workbench/api/node/extensionHostProcess.js:152:6342)
	at h (/nix/store/3j0nsr6g8fc0kb20hxhvfnsh83bk0fg6-vscodium-1.91.1.24193/lib/vscode/resources/app/out/vs/workbench/api/node/extensionHostProcess.js:30:758)
	at m._deactivate (/nix/store/3j0nsr6g8fc0kb20hxhvfnsh83bk0fg6-vscodium-1.91.1.24193/lib/vscode/resources/app/out/vs/workbench/api/node/extensionHostProcess.js:160:13048)
	at /nix/store/3j0nsr6g8fc0kb20hxhvfnsh83bk0fg6-vscodium-1.91.1.24193/lib/vscode/resources/app/out/vs/workbench/api/node/extensionHostProcess.js:160:10194
	at Array.map (<anonymous>)
	at m._deactivateAll (/nix/store/3j0nsr6g8fc0kb20hxhvfnsh83bk0fg6-vscodium-1.91.1.24193/lib/vscode/resources/app/out/vs/workbench/api/node/extensionHostProcess.js:160:10181)
	at m.terminate (/nix/store/3j0nsr6g8fc0kb20hxhvfnsh83bk0fg6-vscodium-1.91.1.24193/lib/vscode/resources/app/out/vs/workbench/api/node/extensionHostProcess.js:160:10564)
	at h.terminate (/nix/store/3j0nsr6g8fc0kb20hxhvfnsh83bk0fg6-vscodium-1.91.1.24193/lib/vscode/resources/app/out/vs/workbench/api/node/extensionHostProcess.js:164:1908)
	at i (/nix/store/3j0nsr6g8fc0kb20hxhvfnsh83bk0fg6-vscodium-1.91.1.24193/lib/vscode/resources/app/out/vs/workbench/api/node/extensionHostProcess.js:177:12354)
	at MessagePortMain.<anonymous> (/nix/store/3j0nsr6g8fc0kb20hxhvfnsh83bk0fg6-vscodium-1.91.1.24193/lib/vscode/resources/app/out/vs/workbench/api/node/extensionHostProcess.js:177:8164)
	at MessagePortMain.emit (node:events:514:28)
	at MessagePortMain._internalPort.emit (node:electron/js2c/utility_init:2:2285) setContext undefined
2024-08-23 01:06:11.226 [error] Canceled: Canceled
	at new T (/nix/store/3j0nsr6g8fc0kb20hxhvfnsh83bk0fg6-vscodium-1.91.1.24193/lib/vscode/resources/app/out/vs/workbench/api/node/extensionHostProcess.js:144:39096)
	at y._remoteCall (/nix/store/3j0nsr6g8fc0kb20hxhvfnsh83bk0fg6-vscodium-1.91.1.24193/lib/vscode/resources/app/out/vs/workbench/api/node/extensionHostProcess.js:151:8166)
	at U.<computed>.F.charCodeAt.R.CharCode.DollarSign.U.<computed> (/nix/store/3j0nsr6g8fc0kb20hxhvfnsh83bk0fg6-vscodium-1.91.1.24193/lib/vscode/resources/app/out/vs/workbench/api/node/extensionHostProcess.js:151:4351)
	at f._doExecuteCommand (/nix/store/3j0nsr6g8fc0kb20hxhvfnsh83bk0fg6-vscodium-1.91.1.24193/lib/vscode/resources/app/out/vs/workbench/api/node/extensionHostProcess.js:154:241286)
	at f.executeCommand (/nix/store/3j0nsr6g8fc0kb20hxhvfnsh83bk0fg6-vscodium-1.91.1.24193/lib/vscode/resources/app/out/vs/workbench/api/node/extensionHostProcess.js:154:240611)
	at k.registerCommand.description (/nix/store/3j0nsr6g8fc0kb20hxhvfnsh83bk0fg6-vscodium-1.91.1.24193/lib/vscode/resources/app/out/vs/workbench/api/node/extensionHostProcess.js:154:239855)
	at f._executeContributedCommand (/nix/store/3j0nsr6g8fc0kb20hxhvfnsh83bk0fg6-vscodium-1.91.1.24193/lib/vscode/resources/app/out/vs/workbench/api/node/extensionHostProcess.js:154:241924)
	at f._doExecuteCommand (/nix/store/3j0nsr6g8fc0kb20hxhvfnsh83bk0fg6-vscodium-1.91.1.24193/lib/vscode/resources/app/out/vs/workbench/api/node/extensionHostProcess.js:154:240744)
	at f.executeCommand (/nix/store/3j0nsr6g8fc0kb20hxhvfnsh83bk0fg6-vscodium-1.91.1.24193/lib/vscode/resources/app/out/vs/workbench/api/node/extensionHostProcess.js:154:240611)
	at Object.executeCommand (/nix/store/3j0nsr6g8fc0kb20hxhvfnsh83bk0fg6-vscodium-1.91.1.24193/lib/vscode/resources/app/out/vs/workbench/api/node/extensionHostProcess.js:164:29715)
	at T.reset (/home/ser/.vscode-oss/extensions/asvetliakov.vscode-neovim-1.18.7-universal/dist/extension.js:2:187723)
	at l.<anonymous> (/home/ser/.vscode-oss/extensions/asvetliakov.vscode-neovim-1.18.7-universal/dist/extension.js:2:421141)
	at l.dispose (/nix/store/3j0nsr6g8fc0kb20hxhvfnsh83bk0fg6-vscodium-1.91.1.24193/lib/vscode/resources/app/out/vs/workbench/api/node/extensionHostProcess.js:152:6342)
	at h (/nix/store/3j0nsr6g8fc0kb20hxhvfnsh83bk0fg6-vscodium-1.91.1.24193/lib/vscode/resources/app/out/vs/workbench/api/node/extensionHostProcess.js:30:758)
	at m._deactivate (/nix/store/3j0nsr6g8fc0kb20hxhvfnsh83bk0fg6-vscodium-1.91.1.24193/lib/vscode/resources/app/out/vs/workbench/api/node/extensionHostProcess.js:160:13048)
	at /nix/store/3j0nsr6g8fc0kb20hxhvfnsh83bk0fg6-vscodium-1.91.1.24193/lib/vscode/resources/app/out/vs/workbench/api/node/extensionHostProcess.js:160:10194
	at Array.map (<anonymous>)
	at m._deactivateAll (/nix/store/3j0nsr6g8fc0kb20hxhvfnsh83bk0fg6-vscodium-1.91.1.24193/lib/vscode/resources/app/out/vs/workbench/api/node/extensionHostProcess.js:160:10181)
	at m.terminate (/nix/store/3j0nsr6g8fc0kb20hxhvfnsh83bk0fg6-vscodium-1.91.1.24193/lib/vscode/resources/app/out/vs/workbench/api/node/extensionHostProcess.js:160:10564)
	at h.terminate (/nix/store/3j0nsr6g8fc0kb20hxhvfnsh83bk0fg6-vscodium-1.91.1.24193/lib/vscode/resources/app/out/vs/workbench/api/node/extensionHostProcess.js:164:1908)
	at i (/nix/store/3j0nsr6g8fc0kb20hxhvfnsh83bk0fg6-vscodium-1.91.1.24193/lib/vscode/resources/app/out/vs/workbench/api/node/extensionHostProcess.js:177:12354)
	at MessagePortMain.<anonymous> (/nix/store/3j0nsr6g8fc0kb20hxhvfnsh83bk0fg6-vscodium-1.91.1.24193/lib/vscode/resources/app/out/vs/workbench/api/node/extensionHostProcess.js:177:8164)
	at MessagePortMain.emit (node:events:514:28)
	at MessagePortMain._internalPort.emit (node:electron/js2c/utility_init:2:2285) setContext undefined
2024-08-23 01:06:11.226 [error] Canceled: Canceled
	at new T (/nix/store/3j0nsr6g8fc0kb20hxhvfnsh83bk0fg6-vscodium-1.91.1.24193/lib/vscode/resources/app/out/vs/workbench/api/node/extensionHostProcess.js:144:39096)
	at y._remoteCall (/nix/store/3j0nsr6g8fc0kb20hxhvfnsh83bk0fg6-vscodium-1.91.1.24193/lib/vscode/resources/app/out/vs/workbench/api/node/extensionHostProcess.js:151:8166)
	at U.<computed>.F.charCodeAt.R.CharCode.DollarSign.U.<computed> (/nix/store/3j0nsr6g8fc0kb20hxhvfnsh83bk0fg6-vscodium-1.91.1.24193/lib/vscode/resources/app/out/vs/workbench/api/node/extensionHostProcess.js:151:4351)
	at f._doExecuteCommand (/nix/store/3j0nsr6g8fc0kb20hxhvfnsh83bk0fg6-vscodium-1.91.1.24193/lib/vscode/resources/app/out/vs/workbench/api/node/extensionHostProcess.js:154:241286)
	at f.executeCommand (/nix/store/3j0nsr6g8fc0kb20hxhvfnsh83bk0fg6-vscodium-1.91.1.24193/lib/vscode/resources/app/out/vs/workbench/api/node/extensionHostProcess.js:154:240611)
	at k.registerCommand.description (/nix/store/3j0nsr6g8fc0kb20hxhvfnsh83bk0fg6-vscodium-1.91.1.24193/lib/vscode/resources/app/out/vs/workbench/api/node/extensionHostProcess.js:154:239855)
	at f._executeContributedCommand (/nix/store/3j0nsr6g8fc0kb20hxhvfnsh83bk0fg6-vscodium-1.91.1.24193/lib/vscode/resources/app/out/vs/workbench/api/node/extensionHostProcess.js:154:241924)
	at f._doExecuteCommand (/nix/store/3j0nsr6g8fc0kb20hxhvfnsh83bk0fg6-vscodium-1.91.1.24193/lib/vscode/resources/app/out/vs/workbench/api/node/extensionHostProcess.js:154:240744)
	at f.executeCommand (/nix/store/3j0nsr6g8fc0kb20hxhvfnsh83bk0fg6-vscodium-1.91.1.24193/lib/vscode/resources/app/out/vs/workbench/api/node/extensionHostProcess.js:154:240611)
	at Object.executeCommand (/nix/store/3j0nsr6g8fc0kb20hxhvfnsh83bk0fg6-vscodium-1.91.1.24193/lib/vscode/resources/app/out/vs/workbench/api/node/extensionHostProcess.js:164:29715)
	at T.reset (/home/ser/.vscode-oss/extensions/asvetliakov.vscode-neovim-1.18.7-universal/dist/extension.js:2:187723)
	at l.<anonymous> (/home/ser/.vscode-oss/extensions/asvetliakov.vscode-neovim-1.18.7-universal/dist/extension.js:2:421141)
	at l.dispose (/nix/store/3j0nsr6g8fc0kb20hxhvfnsh83bk0fg6-vscodium-1.91.1.24193/lib/vscode/resources/app/out/vs/workbench/api/node/extensionHostProcess.js:152:6342)
	at h (/nix/store/3j0nsr6g8fc0kb20hxhvfnsh83bk0fg6-vscodium-1.91.1.24193/lib/vscode/resources/app/out/vs/workbench/api/node/extensionHostProcess.js:30:758)
	at m._deactivate (/nix/store/3j0nsr6g8fc0kb20hxhvfnsh83bk0fg6-vscodium-1.91.1.24193/lib/vscode/resources/app/out/vs/workbench/api/node/extensionHostProcess.js:160:13048)
	at /nix/store/3j0nsr6g8fc0kb20hxhvfnsh83bk0fg6-vscodium-1.91.1.24193/lib/vscode/resources/app/out/vs/workbench/api/node/extensionHostProcess.js:160:10194
	at Array.map (<anonymous>)
	at m._deactivateAll (/nix/store/3j0nsr6g8fc0kb20hxhvfnsh83bk0fg6-vscodium-1.91.1.24193/lib/vscode/resources/app/out/vs/workbench/api/node/extensionHostProcess.js:160:10181)
	at m.terminate (/nix/store/3j0nsr6g8fc0kb20hxhvfnsh83bk0fg6-vscodium-1.91.1.24193/lib/vscode/resources/app/out/vs/workbench/api/node/extensionHostProcess.js:160:10564)
	at h.terminate (/nix/store/3j0nsr6g8fc0kb20hxhvfnsh83bk0fg6-vscodium-1.91.1.24193/lib/vscode/resources/app/out/vs/workbench/api/node/extensionHostProcess.js:164:1908)
	at i (/nix/store/3j0nsr6g8fc0kb20hxhvfnsh83bk0fg6-vscodium-1.91.1.24193/lib/vscode/resources/app/out/vs/workbench/api/node/extensionHostProcess.js:177:12354)
	at MessagePortMain.<anonymous> (/nix/store/3j0nsr6g8fc0kb20hxhvfnsh83bk0fg6-vscodium-1.91.1.24193/lib/vscode/resources/app/out/vs/workbench/api/node/extensionHostProcess.js:177:8164)
	at MessagePortMain.emit (node:events:514:28)
	at MessagePortMain._internalPort.emit (node:electron/js2c/utility_init:2:2285) setContext undefined
2024-08-23 01:06:11.226 [error] Canceled: Canceled
	at new T (/nix/store/3j0nsr6g8fc0kb20hxhvfnsh83bk0fg6-vscodium-1.91.1.24193/lib/vscode/resources/app/out/vs/workbench/api/node/extensionHostProcess.js:144:39096)
	at y._remoteCall (/nix/store/3j0nsr6g8fc0kb20hxhvfnsh83bk0fg6-vscodium-1.91.1.24193/lib/vscode/resources/app/out/vs/workbench/api/node/extensionHostProcess.js:151:8166)
	at U.<computed>.F.charCodeAt.R.CharCode.DollarSign.U.<computed> (/nix/store/3j0nsr6g8fc0kb20hxhvfnsh83bk0fg6-vscodium-1.91.1.24193/lib/vscode/resources/app/out/vs/workbench/api/node/extensionHostProcess.js:151:4351)
	at f._doExecuteCommand (/nix/store/3j0nsr6g8fc0kb20hxhvfnsh83bk0fg6-vscodium-1.91.1.24193/lib/vscode/resources/app/out/vs/workbench/api/node/extensionHostProcess.js:154:241286)
	at f.executeCommand (/nix/store/3j0nsr6g8fc0kb20hxhvfnsh83bk0fg6-vscodium-1.91.1.24193/lib/vscode/resources/app/out/vs/workbench/api/node/extensionHostProcess.js:154:240611)
	at k.registerCommand.description (/nix/store/3j0nsr6g8fc0kb20hxhvfnsh83bk0fg6-vscodium-1.91.1.24193/lib/vscode/resources/app/out/vs/workbench/api/node/extensionHostProcess.js:154:239855)
	at f._executeContributedCommand (/nix/store/3j0nsr6g8fc0kb20hxhvfnsh83bk0fg6-vscodium-1.91.1.24193/lib/vscode/resources/app/out/vs/workbench/api/node/extensionHostProcess.js:154:241924)
	at f._doExecuteCommand (/nix/store/3j0nsr6g8fc0kb20hxhvfnsh83bk0fg6-vscodium-1.91.1.24193/lib/vscode/resources/app/out/vs/workbench/api/node/extensionHostProcess.js:154:240744)
	at f.executeCommand (/nix/store/3j0nsr6g8fc0kb20hxhvfnsh83bk0fg6-vscodium-1.91.1.24193/lib/vscode/resources/app/out/vs/workbench/api/node/extensionHostProcess.js:154:240611)
	at Object.executeCommand (/nix/store/3j0nsr6g8fc0kb20hxhvfnsh83bk0fg6-vscodium-1.91.1.24193/lib/vscode/resources/app/out/vs/workbench/api/node/extensionHostProcess.js:164:29715)
	at T.reset (/home/ser/.vscode-oss/extensions/asvetliakov.vscode-neovim-1.18.7-universal/dist/extension.js:2:187723)
	at l.<anonymous> (/home/ser/.vscode-oss/extensions/asvetliakov.vscode-neovim-1.18.7-universal/dist/extension.js:2:421141)
	at l.dispose (/nix/store/3j0nsr6g8fc0kb20hxhvfnsh83bk0fg6-vscodium-1.91.1.24193/lib/vscode/resources/app/out/vs/workbench/api/node/extensionHostProcess.js:152:6342)
	at h (/nix/store/3j0nsr6g8fc0kb20hxhvfnsh83bk0fg6-vscodium-1.91.1.24193/lib/vscode/resources/app/out/vs/workbench/api/node/extensionHostProcess.js:30:758)
	at m._deactivate (/nix/store/3j0nsr6g8fc0kb20hxhvfnsh83bk0fg6-vscodium-1.91.1.24193/lib/vscode/resources/app/out/vs/workbench/api/node/extensionHostProcess.js:160:13048)
	at /nix/store/3j0nsr6g8fc0kb20hxhvfnsh83bk0fg6-vscodium-1.91.1.24193/lib/vscode/resources/app/out/vs/workbench/api/node/extensionHostProcess.js:160:10194
	at Array.map (<anonymous>)
	at m._deactivateAll (/nix/store/3j0nsr6g8fc0kb20hxhvfnsh83bk0fg6-vscodium-1.91.1.24193/lib/vscode/resources/app/out/vs/workbench/api/node/extensionHostProcess.js:160:10181)
	at m.terminate (/nix/store/3j0nsr6g8fc0kb20hxhvfnsh83bk0fg6-vscodium-1.91.1.24193/lib/vscode/resources/app/out/vs/workbench/api/node/extensionHostProcess.js:160:10564)
	at h.terminate (/nix/store/3j0nsr6g8fc0kb20hxhvfnsh83bk0fg6-vscodium-1.91.1.24193/lib/vscode/resources/app/out/vs/workbench/api/node/extensionHostProcess.js:164:1908)
	at i (/nix/store/3j0nsr6g8fc0kb20hxhvfnsh83bk0fg6-vscodium-1.91.1.24193/lib/vscode/resources/app/out/vs/workbench/api/node/extensionHostProcess.js:177:12354)
	at MessagePortMain.<anonymous> (/nix/store/3j0nsr6g8fc0kb20hxhvfnsh83bk0fg6-vscodium-1.91.1.24193/lib/vscode/resources/app/out/vs/workbench/api/node/extensionHostProcess.js:177:8164)
	at MessagePortMain.emit (node:events:514:28)
	at MessagePortMain._internalPort.emit (node:electron/js2c/utility_init:2:2285) setContext undefined
2024-08-23 01:06:11.226 [error] Canceled: Canceled
	at new T (/nix/store/3j0nsr6g8fc0kb20hxhvfnsh83bk0fg6-vscodium-1.91.1.24193/lib/vscode/resources/app/out/vs/workbench/api/node/extensionHostProcess.js:144:39096)
	at y._remoteCall (/nix/store/3j0nsr6g8fc0kb20hxhvfnsh83bk0fg6-vscodium-1.91.1.24193/lib/vscode/resources/app/out/vs/workbench/api/node/extensionHostProcess.js:151:8166)
	at U.<computed>.F.charCodeAt.R.CharCode.DollarSign.U.<computed> (/nix/store/3j0nsr6g8fc0kb20hxhvfnsh83bk0fg6-vscodium-1.91.1.24193/lib/vscode/resources/app/out/vs/workbench/api/node/extensionHostProcess.js:151:4351)
	at f._doExecuteCommand (/nix/store/3j0nsr6g8fc0kb20hxhvfnsh83bk0fg6-vscodium-1.91.1.24193/lib/vscode/resources/app/out/vs/workbench/api/node/extensionHostProcess.js:154:241286)
	at f.executeCommand (/nix/store/3j0nsr6g8fc0kb20hxhvfnsh83bk0fg6-vscodium-1.91.1.24193/lib/vscode/resources/app/out/vs/workbench/api/node/extensionHostProcess.js:154:240611)
	at k.registerCommand.description (/nix/store/3j0nsr6g8fc0kb20hxhvfnsh83bk0fg6-vscodium-1.91.1.24193/lib/vscode/resources/app/out/vs/workbench/api/node/extensionHostProcess.js:154:239855)
	at f._executeContributedCommand (/nix/store/3j0nsr6g8fc0kb20hxhvfnsh83bk0fg6-vscodium-1.91.1.24193/lib/vscode/resources/app/out/vs/workbench/api/node/extensionHostProcess.js:154:241924)
	at f._doExecuteCommand (/nix/store/3j0nsr6g8fc0kb20hxhvfnsh83bk0fg6-vscodium-1.91.1.24193/lib/vscode/resources/app/out/vs/workbench/api/node/extensionHostProcess.js:154:240744)
	at f.executeCommand (/nix/store/3j0nsr6g8fc0kb20hxhvfnsh83bk0fg6-vscodium-1.91.1.24193/lib/vscode/resources/app/out/vs/workbench/api/node/extensionHostProcess.js:154:240611)
	at Object.executeCommand (/nix/store/3j0nsr6g8fc0kb20hxhvfnsh83bk0fg6-vscodium-1.91.1.24193/lib/vscode/resources/app/out/vs/workbench/api/node/extensionHostProcess.js:164:29715)
	at T.reset (/home/ser/.vscode-oss/extensions/asvetliakov.vscode-neovim-1.18.7-universal/dist/extension.js:2:187723)
	at l.<anonymous> (/home/ser/.vscode-oss/extensions/asvetliakov.vscode-neovim-1.18.7-universal/dist/extension.js:2:421141)
	at l.dispose (/nix/store/3j0nsr6g8fc0kb20hxhvfnsh83bk0fg6-vscodium-1.91.1.24193/lib/vscode/resources/app/out/vs/workbench/api/node/extensionHostProcess.js:152:6342)
	at h (/nix/store/3j0nsr6g8fc0kb20hxhvfnsh83bk0fg6-vscodium-1.91.1.24193/lib/vscode/resources/app/out/vs/workbench/api/node/extensionHostProcess.js:30:758)
	at m._deactivate (/nix/store/3j0nsr6g8fc0kb20hxhvfnsh83bk0fg6-vscodium-1.91.1.24193/lib/vscode/resources/app/out/vs/workbench/api/node/extensionHostProcess.js:160:13048)
	at /nix/store/3j0nsr6g8fc0kb20hxhvfnsh83bk0fg6-vscodium-1.91.1.24193/lib/vscode/resources/app/out/vs/workbench/api/node/extensionHostProcess.js:160:10194
	at Array.map (<anonymous>)
	at m._deactivateAll (/nix/store/3j0nsr6g8fc0kb20hxhvfnsh83bk0fg6-vscodium-1.91.1.24193/lib/vscode/resources/app/out/vs/workbench/api/node/extensionHostProcess.js:160:10181)
	at m.terminate (/nix/store/3j0nsr6g8fc0kb20hxhvfnsh83bk0fg6-vscodium-1.91.1.24193/lib/vscode/resources/app/out/vs/workbench/api/node/extensionHostProcess.js:160:10564)
	at h.terminate (/nix/store/3j0nsr6g8fc0kb20hxhvfnsh83bk0fg6-vscodium-1.91.1.24193/lib/vscode/resources/app/out/vs/workbench/api/node/extensionHostProcess.js:164:1908)
	at i (/nix/store/3j0nsr6g8fc0kb20hxhvfnsh83bk0fg6-vscodium-1.91.1.24193/lib/vscode/resources/app/out/vs/workbench/api/node/extensionHostProcess.js:177:12354)
	at MessagePortMain.<anonymous> (/nix/store/3j0nsr6g8fc0kb20hxhvfnsh83bk0fg6-vscodium-1.91.1.24193/lib/vscode/resources/app/out/vs/workbench/api/node/extensionHostProcess.js:177:8164)
	at MessagePortMain.emit (node:events:514:28)
	at MessagePortMain._internalPort.emit (node:electron/js2c/utility_init:2:2285) setContext undefined
2024-08-23 01:06:11.226 [error] Canceled: Canceled
	at new T (/nix/store/3j0nsr6g8fc0kb20hxhvfnsh83bk0fg6-vscodium-1.91.1.24193/lib/vscode/resources/app/out/vs/workbench/api/node/extensionHostProcess.js:144:39096)
	at y._remoteCall (/nix/store/3j0nsr6g8fc0kb20hxhvfnsh83bk0fg6-vscodium-1.91.1.24193/lib/vscode/resources/app/out/vs/workbench/api/node/extensionHostProcess.js:151:8166)
	at U.<computed>.F.charCodeAt.R.CharCode.DollarSign.U.<computed> (/nix/store/3j0nsr6g8fc0kb20hxhvfnsh83bk0fg6-vscodium-1.91.1.24193/lib/vscode/resources/app/out/vs/workbench/api/node/extensionHostProcess.js:151:4351)
	at f._doExecuteCommand (/nix/store/3j0nsr6g8fc0kb20hxhvfnsh83bk0fg6-vscodium-1.91.1.24193/lib/vscode/resources/app/out/vs/workbench/api/node/extensionHostProcess.js:154:241286)
	at f.executeCommand (/nix/store/3j0nsr6g8fc0kb20hxhvfnsh83bk0fg6-vscodium-1.91.1.24193/lib/vscode/resources/app/out/vs/workbench/api/node/extensionHostProcess.js:154:240611)
	at k.registerCommand.description (/nix/store/3j0nsr6g8fc0kb20hxhvfnsh83bk0fg6-vscodium-1.91.1.24193/lib/vscode/resources/app/out/vs/workbench/api/node/extensionHostProcess.js:154:239855)
	at f._executeContributedCommand (/nix/store/3j0nsr6g8fc0kb20hxhvfnsh83bk0fg6-vscodium-1.91.1.24193/lib/vscode/resources/app/out/vs/workbench/api/node/extensionHostProcess.js:154:241924)
	at f._doExecuteCommand (/nix/store/3j0nsr6g8fc0kb20hxhvfnsh83bk0fg6-vscodium-1.91.1.24193/lib/vscode/resources/app/out/vs/workbench/api/node/extensionHostProcess.js:154:240744)
	at f.executeCommand (/nix/store/3j0nsr6g8fc0kb20hxhvfnsh83bk0fg6-vscodium-1.91.1.24193/lib/vscode/resources/app/out/vs/workbench/api/node/extensionHostProcess.js:154:240611)
	at Object.executeCommand (/nix/store/3j0nsr6g8fc0kb20hxhvfnsh83bk0fg6-vscodium-1.91.1.24193/lib/vscode/resources/app/out/vs/workbench/api/node/extensionHostProcess.js:164:29715)
	at T.reset (/home/ser/.vscode-oss/extensions/asvetliakov.vscode-neovim-1.18.7-universal/dist/extension.js:2:187723)
	at l.<anonymous> (/home/ser/.vscode-oss/extensions/asvetliakov.vscode-neovim-1.18.7-universal/dist/extension.js:2:421141)
	at l.dispose (/nix/store/3j0nsr6g8fc0kb20hxhvfnsh83bk0fg6-vscodium-1.91.1.24193/lib/vscode/resources/app/out/vs/workbench/api/node/extensionHostProcess.js:152:6342)
	at h (/nix/store/3j0nsr6g8fc0kb20hxhvfnsh83bk0fg6-vscodium-1.91.1.24193/lib/vscode/resources/app/out/vs/workbench/api/node/extensionHostProcess.js:30:758)
	at m._deactivate (/nix/store/3j0nsr6g8fc0kb20hxhvfnsh83bk0fg6-vscodium-1.91.1.24193/lib/vscode/resources/app/out/vs/workbench/api/node/extensionHostProcess.js:160:13048)
	at /nix/store/3j0nsr6g8fc0kb20hxhvfnsh83bk0fg6-vscodium-1.91.1.24193/lib/vscode/resources/app/out/vs/workbench/api/node/extensionHostProcess.js:160:10194
	at Array.map (<anonymous>)
	at m._deactivateAll (/nix/store/3j0nsr6g8fc0kb20hxhvfnsh83bk0fg6-vscodium-1.91.1.24193/lib/vscode/resources/app/out/vs/workbench/api/node/extensionHostProcess.js:160:10181)
	at m.terminate (/nix/store/3j0nsr6g8fc0kb20hxhvfnsh83bk0fg6-vscodium-1.91.1.24193/lib/vscode/resources/app/out/vs/workbench/api/node/extensionHostProcess.js:160:10564)
	at h.terminate (/nix/store/3j0nsr6g8fc0kb20hxhvfnsh83bk0fg6-vscodium-1.91.1.24193/lib/vscode/resources/app/out/vs/workbench/api/node/extensionHostProcess.js:164:1908)
	at i (/nix/store/3j0nsr6g8fc0kb20hxhvfnsh83bk0fg6-vscodium-1.91.1.24193/lib/vscode/resources/app/out/vs/workbench/api/node/extensionHostProcess.js:177:12354)
	at MessagePortMain.<anonymous> (/nix/store/3j0nsr6g8fc0kb20hxhvfnsh83bk0fg6-vscodium-1.91.1.24193/lib/vscode/resources/app/out/vs/workbench/api/node/extensionHostProcess.js:177:8164)
	at MessagePortMain.emit (node:events:514:28)
	at MessagePortMain._internalPort.emit (node:electron/js2c/utility_init:2:2285) setContext undefined
2024-08-23 01:06:11.226 [error] Canceled: Canceled
	at new T (/nix/store/3j0nsr6g8fc0kb20hxhvfnsh83bk0fg6-vscodium-1.91.1.24193/lib/vscode/resources/app/out/vs/workbench/api/node/extensionHostProcess.js:144:39096)
	at y._remoteCall (/nix/store/3j0nsr6g8fc0kb20hxhvfnsh83bk0fg6-vscodium-1.91.1.24193/lib/vscode/resources/app/out/vs/workbench/api/node/extensionHostProcess.js:151:8166)
	at U.<computed>.F.charCodeAt.R.CharCode.DollarSign.U.<computed> (/nix/store/3j0nsr6g8fc0kb20hxhvfnsh83bk0fg6-vscodium-1.91.1.24193/lib/vscode/resources/app/out/vs/workbench/api/node/extensionHostProcess.js:151:4351)
	at f._doExecuteCommand (/nix/store/3j0nsr6g8fc0kb20hxhvfnsh83bk0fg6-vscodium-1.91.1.24193/lib/vscode/resources/app/out/vs/workbench/api/node/extensionHostProcess.js:154:241286)
	at f.executeCommand (/nix/store/3j0nsr6g8fc0kb20hxhvfnsh83bk0fg6-vscodium-1.91.1.24193/lib/vscode/resources/app/out/vs/workbench/api/node/extensionHostProcess.js:154:240611)
	at k.registerCommand.description (/nix/store/3j0nsr6g8fc0kb20hxhvfnsh83bk0fg6-vscodium-1.91.1.24193/lib/vscode/resources/app/out/vs/workbench/api/node/extensionHostProcess.js:154:239855)
	at f._executeContributedCommand (/nix/store/3j0nsr6g8fc0kb20hxhvfnsh83bk0fg6-vscodium-1.91.1.24193/lib/vscode/resources/app/out/vs/workbench/api/node/extensionHostProcess.js:154:241924)
	at f._doExecuteCommand (/nix/store/3j0nsr6g8fc0kb20hxhvfnsh83bk0fg6-vscodium-1.91.1.24193/lib/vscode/resources/app/out/vs/workbench/api/node/extensionHostProcess.js:154:240744)
	at f.executeCommand (/nix/store/3j0nsr6g8fc0kb20hxhvfnsh83bk0fg6-vscodium-1.91.1.24193/lib/vscode/resources/app/out/vs/workbench/api/node/extensionHostProcess.js:154:240611)
	at Object.executeCommand (/nix/store/3j0nsr6g8fc0kb20hxhvfnsh83bk0fg6-vscodium-1.91.1.24193/lib/vscode/resources/app/out/vs/workbench/api/node/extensionHostProcess.js:164:29715)
	at T.reset (/home/ser/.vscode-oss/extensions/asvetliakov.vscode-neovim-1.18.7-universal/dist/extension.js:2:187723)
	at l.<anonymous> (/home/ser/.vscode-oss/extensions/asvetliakov.vscode-neovim-1.18.7-universal/dist/extension.js:2:421141)
	at l.dispose (/nix/store/3j0nsr6g8fc0kb20hxhvfnsh83bk0fg6-vscodium-1.91.1.24193/lib/vscode/resources/app/out/vs/workbench/api/node/extensionHostProcess.js:152:6342)
	at h (/nix/store/3j0nsr6g8fc0kb20hxhvfnsh83bk0fg6-vscodium-1.91.1.24193/lib/vscode/resources/app/out/vs/workbench/api/node/extensionHostProcess.js:30:758)
	at m._deactivate (/nix/store/3j0nsr6g8fc0kb20hxhvfnsh83bk0fg6-vscodium-1.91.1.24193/lib/vscode/resources/app/out/vs/workbench/api/node/extensionHostProcess.js:160:13048)
	at /nix/store/3j0nsr6g8fc0kb20hxhvfnsh83bk0fg6-vscodium-1.91.1.24193/lib/vscode/resources/app/out/vs/workbench/api/node/extensionHostProcess.js:160:10194
	at Array.map (<anonymous>)
	at m._deactivateAll (/nix/store/3j0nsr6g8fc0kb20hxhvfnsh83bk0fg6-vscodium-1.91.1.24193/lib/vscode/resources/app/out/vs/workbench/api/node/extensionHostProcess.js:160:10181)
	at m.terminate (/nix/store/3j0nsr6g8fc0kb20hxhvfnsh83bk0fg6-vscodium-1.91.1.24193/lib/vscode/resources/app/out/vs/workbench/api/node/extensionHostProcess.js:160:10564)
	at h.terminate (/nix/store/3j0nsr6g8fc0kb20hxhvfnsh83bk0fg6-vscodium-1.91.1.24193/lib/vscode/resources/app/out/vs/workbench/api/node/extensionHostProcess.js:164:1908)
	at i (/nix/store/3j0nsr6g8fc0kb20hxhvfnsh83bk0fg6-vscodium-1.91.1.24193/lib/vscode/resources/app/out/vs/workbench/api/node/extensionHostProcess.js:177:12354)
	at MessagePortMain.<anonymous> (/nix/store/3j0nsr6g8fc0kb20hxhvfnsh83bk0fg6-vscodium-1.91.1.24193/lib/vscode/resources/app/out/vs/workbench/api/node/extensionHostProcess.js:177:8164)
	at MessagePortMain.emit (node:events:514:28)
	at MessagePortMain._internalPort.emit (node:electron/js2c/utility_init:2:2285) setContext undefined
2024-08-23 01:06:11.227 [error] Canceled: Canceled
	at new T (/nix/store/3j0nsr6g8fc0kb20hxhvfnsh83bk0fg6-vscodium-1.91.1.24193/lib/vscode/resources/app/out/vs/workbench/api/node/extensionHostProcess.js:144:39096)
	at y._remoteCall (/nix/store/3j0nsr6g8fc0kb20hxhvfnsh83bk0fg6-vscodium-1.91.1.24193/lib/vscode/resources/app/out/vs/workbench/api/node/extensionHostProcess.js:151:8166)
	at U.<computed>.F.charCodeAt.R.CharCode.DollarSign.U.<computed> (/nix/store/3j0nsr6g8fc0kb20hxhvfnsh83bk0fg6-vscodium-1.91.1.24193/lib/vscode/resources/app/out/vs/workbench/api/node/extensionHostProcess.js:151:4351)
	at f._doExecuteCommand (/nix/store/3j0nsr6g8fc0kb20hxhvfnsh83bk0fg6-vscodium-1.91.1.24193/lib/vscode/resources/app/out/vs/workbench/api/node/extensionHostProcess.js:154:241286)
	at f.executeCommand (/nix/store/3j0nsr6g8fc0kb20hxhvfnsh83bk0fg6-vscodium-1.91.1.24193/lib/vscode/resources/app/out/vs/workbench/api/node/extensionHostProcess.js:154:240611)
	at k.registerCommand.description (/nix/store/3j0nsr6g8fc0kb20hxhvfnsh83bk0fg6-vscodium-1.91.1.24193/lib/vscode/resources/app/out/vs/workbench/api/node/extensionHostProcess.js:154:239855)
	at f._executeContributedCommand (/nix/store/3j0nsr6g8fc0kb20hxhvfnsh83bk0fg6-vscodium-1.91.1.24193/lib/vscode/resources/app/out/vs/workbench/api/node/extensionHostProcess.js:154:241924)
	at f._doExecuteCommand (/nix/store/3j0nsr6g8fc0kb20hxhvfnsh83bk0fg6-vscodium-1.91.1.24193/lib/vscode/resources/app/out/vs/workbench/api/node/extensionHostProcess.js:154:240744)
	at f.executeCommand (/nix/store/3j0nsr6g8fc0kb20hxhvfnsh83bk0fg6-vscodium-1.91.1.24193/lib/vscode/resources/app/out/vs/workbench/api/node/extensionHostProcess.js:154:240611)
	at Object.executeCommand (/nix/store/3j0nsr6g8fc0kb20hxhvfnsh83bk0fg6-vscodium-1.91.1.24193/lib/vscode/resources/app/out/vs/workbench/api/node/extensionHostProcess.js:164:29715)
	at T.reset (/home/ser/.vscode-oss/extensions/asvetliakov.vscode-neovim-1.18.7-universal/dist/extension.js:2:187723)
	at l.<anonymous> (/home/ser/.vscode-oss/extensions/asvetliakov.vscode-neovim-1.18.7-universal/dist/extension.js:2:421141)
	at l.dispose (/nix/store/3j0nsr6g8fc0kb20hxhvfnsh83bk0fg6-vscodium-1.91.1.24193/lib/vscode/resources/app/out/vs/workbench/api/node/extensionHostProcess.js:152:6342)
	at h (/nix/store/3j0nsr6g8fc0kb20hxhvfnsh83bk0fg6-vscodium-1.91.1.24193/lib/vscode/resources/app/out/vs/workbench/api/node/extensionHostProcess.js:30:758)
	at m._deactivate (/nix/store/3j0nsr6g8fc0kb20hxhvfnsh83bk0fg6-vscodium-1.91.1.24193/lib/vscode/resources/app/out/vs/workbench/api/node/extensionHostProcess.js:160:13048)
	at /nix/store/3j0nsr6g8fc0kb20hxhvfnsh83bk0fg6-vscodium-1.91.1.24193/lib/vscode/resources/app/out/vs/workbench/api/node/extensionHostProcess.js:160:10194
	at Array.map (<anonymous>)
	at m._deactivateAll (/nix/store/3j0nsr6g8fc0kb20hxhvfnsh83bk0fg6-vscodium-1.91.1.24193/lib/vscode/resources/app/out/vs/workbench/api/node/extensionHostProcess.js:160:10181)
	at m.terminate (/nix/store/3j0nsr6g8fc0kb20hxhvfnsh83bk0fg6-vscodium-1.91.1.24193/lib/vscode/resources/app/out/vs/workbench/api/node/extensionHostProcess.js:160:10564)
	at h.terminate (/nix/store/3j0nsr6g8fc0kb20hxhvfnsh83bk0fg6-vscodium-1.91.1.24193/lib/vscode/resources/app/out/vs/workbench/api/node/extensionHostProcess.js:164:1908)
	at i (/nix/store/3j0nsr6g8fc0kb20hxhvfnsh83bk0fg6-vscodium-1.91.1.24193/lib/vscode/resources/app/out/vs/workbench/api/node/extensionHostProcess.js:177:12354)
	at MessagePortMain.<anonymous> (/nix/store/3j0nsr6g8fc0kb20hxhvfnsh83bk0fg6-vscodium-1.91.1.24193/lib/vscode/resources/app/out/vs/workbench/api/node/extensionHostProcess.js:177:8164)
	at MessagePortMain.emit (node:events:514:28)
	at MessagePortMain._internalPort.emit (node:electron/js2c/utility_init:2:2285) setContext undefined
2024-08-23 01:06:11.227 [error] Canceled: Canceled
	at new T (/nix/store/3j0nsr6g8fc0kb20hxhvfnsh83bk0fg6-vscodium-1.91.1.24193/lib/vscode/resources/app/out/vs/workbench/api/node/extensionHostProcess.js:144:39096)
	at y._remoteCall (/nix/store/3j0nsr6g8fc0kb20hxhvfnsh83bk0fg6-vscodium-1.91.1.24193/lib/vscode/resources/app/out/vs/workbench/api/node/extensionHostProcess.js:151:8166)
	at U.<computed>.F.charCodeAt.R.CharCode.DollarSign.U.<computed> (/nix/store/3j0nsr6g8fc0kb20hxhvfnsh83bk0fg6-vscodium-1.91.1.24193/lib/vscode/resources/app/out/vs/workbench/api/node/extensionHostProcess.js:151:4351)
	at f._doExecuteCommand (/nix/store/3j0nsr6g8fc0kb20hxhvfnsh83bk0fg6-vscodium-1.91.1.24193/lib/vscode/resources/app/out/vs/workbench/api/node/extensionHostProcess.js:154:241286)
	at f.executeCommand (/nix/store/3j0nsr6g8fc0kb20hxhvfnsh83bk0fg6-vscodium-1.91.1.24193/lib/vscode/resources/app/out/vs/workbench/api/node/extensionHostProcess.js:154:240611)
	at k.registerCommand.description (/nix/store/3j0nsr6g8fc0kb20hxhvfnsh83bk0fg6-vscodium-1.91.1.24193/lib/vscode/resources/app/out/vs/workbench/api/node/extensionHostProcess.js:154:239855)
	at f._executeContributedCommand (/nix/store/3j0nsr6g8fc0kb20hxhvfnsh83bk0fg6-vscodium-1.91.1.24193/lib/vscode/resources/app/out/vs/workbench/api/node/extensionHostProcess.js:154:241924)
	at f._doExecuteCommand (/nix/store/3j0nsr6g8fc0kb20hxhvfnsh83bk0fg6-vscodium-1.91.1.24193/lib/vscode/resources/app/out/vs/workbench/api/node/extensionHostProcess.js:154:240744)
	at f.executeCommand (/nix/store/3j0nsr6g8fc0kb20hxhvfnsh83bk0fg6-vscodium-1.91.1.24193/lib/vscode/resources/app/out/vs/workbench/api/node/extensionHostProcess.js:154:240611)
	at Object.executeCommand (/nix/store/3j0nsr6g8fc0kb20hxhvfnsh83bk0fg6-vscodium-1.91.1.24193/lib/vscode/resources/app/out/vs/workbench/api/node/extensionHostProcess.js:164:29715)
	at T.reset (/home/ser/.vscode-oss/extensions/asvetliakov.vscode-neovim-1.18.7-universal/dist/extension.js:2:187723)
	at l.<anonymous> (/home/ser/.vscode-oss/extensions/asvetliakov.vscode-neovim-1.18.7-universal/dist/extension.js:2:421141)
	at l.dispose (/nix/store/3j0nsr6g8fc0kb20hxhvfnsh83bk0fg6-vscodium-1.91.1.24193/lib/vscode/resources/app/out/vs/workbench/api/node/extensionHostProcess.js:152:6342)
	at h (/nix/store/3j0nsr6g8fc0kb20hxhvfnsh83bk0fg6-vscodium-1.91.1.24193/lib/vscode/resources/app/out/vs/workbench/api/node/extensionHostProcess.js:30:758)
	at m._deactivate (/nix/store/3j0nsr6g8fc0kb20hxhvfnsh83bk0fg6-vscodium-1.91.1.24193/lib/vscode/resources/app/out/vs/workbench/api/node/extensionHostProcess.js:160:13048)
	at /nix/store/3j0nsr6g8fc0kb20hxhvfnsh83bk0fg6-vscodium-1.91.1.24193/lib/vscode/resources/app/out/vs/workbench/api/node/extensionHostProcess.js:160:10194
	at Array.map (<anonymous>)
	at m._deactivateAll (/nix/store/3j0nsr6g8fc0kb20hxhvfnsh83bk0fg6-vscodium-1.91.1.24193/lib/vscode/resources/app/out/vs/workbench/api/node/extensionHostProcess.js:160:10181)
	at m.terminate (/nix/store/3j0nsr6g8fc0kb20hxhvfnsh83bk0fg6-vscodium-1.91.1.24193/lib/vscode/resources/app/out/vs/workbench/api/node/extensionHostProcess.js:160:10564)
	at h.terminate (/nix/store/3j0nsr6g8fc0kb20hxhvfnsh83bk0fg6-vscodium-1.91.1.24193/lib/vscode/resources/app/out/vs/workbench/api/node/extensionHostProcess.js:164:1908)
	at i (/nix/store/3j0nsr6g8fc0kb20hxhvfnsh83bk0fg6-vscodium-1.91.1.24193/lib/vscode/resources/app/out/vs/workbench/api/node/extensionHostProcess.js:177:12354)
	at MessagePortMain.<anonymous> (/nix/store/3j0nsr6g8fc0kb20hxhvfnsh83bk0fg6-vscodium-1.91.1.24193/lib/vscode/resources/app/out/vs/workbench/api/node/extensionHostProcess.js:177:8164)
	at MessagePortMain.emit (node:events:514:28)
	at MessagePortMain._internalPort.emit (node:electron/js2c/utility_init:2:2285) setContext undefined
2024-08-23 01:06:11.227 [error] Canceled: Canceled
	at new T (/nix/store/3j0nsr6g8fc0kb20hxhvfnsh83bk0fg6-vscodium-1.91.1.24193/lib/vscode/resources/app/out/vs/workbench/api/node/extensionHostProcess.js:144:39096)
	at y._remoteCall (/nix/store/3j0nsr6g8fc0kb20hxhvfnsh83bk0fg6-vscodium-1.91.1.24193/lib/vscode/resources/app/out/vs/workbench/api/node/extensionHostProcess.js:151:8166)
	at U.<computed>.F.charCodeAt.R.CharCode.DollarSign.U.<computed> (/nix/store/3j0nsr6g8fc0kb20hxhvfnsh83bk0fg6-vscodium-1.91.1.24193/lib/vscode/resources/app/out/vs/workbench/api/node/extensionHostProcess.js:151:4351)
	at f._doExecuteCommand (/nix/store/3j0nsr6g8fc0kb20hxhvfnsh83bk0fg6-vscodium-1.91.1.24193/lib/vscode/resources/app/out/vs/workbench/api/node/extensionHostProcess.js:154:241286)
	at f.executeCommand (/nix/store/3j0nsr6g8fc0kb20hxhvfnsh83bk0fg6-vscodium-1.91.1.24193/lib/vscode/resources/app/out/vs/workbench/api/node/extensionHostProcess.js:154:240611)
	at k.registerCommand.description (/nix/store/3j0nsr6g8fc0kb20hxhvfnsh83bk0fg6-vscodium-1.91.1.24193/lib/vscode/resources/app/out/vs/workbench/api/node/extensionHostProcess.js:154:239855)
	at f._executeContributedCommand (/nix/store/3j0nsr6g8fc0kb20hxhvfnsh83bk0fg6-vscodium-1.91.1.24193/lib/vscode/resources/app/out/vs/workbench/api/node/extensionHostProcess.js:154:241924)
	at f._doExecuteCommand (/nix/store/3j0nsr6g8fc0kb20hxhvfnsh83bk0fg6-vscodium-1.91.1.24193/lib/vscode/resources/app/out/vs/workbench/api/node/extensionHostProcess.js:154:240744)
	at f.executeCommand (/nix/store/3j0nsr6g8fc0kb20hxhvfnsh83bk0fg6-vscodium-1.91.1.24193/lib/vscode/resources/app/out/vs/workbench/api/node/extensionHostProcess.js:154:240611)
	at Object.executeCommand (/nix/store/3j0nsr6g8fc0kb20hxhvfnsh83bk0fg6-vscodium-1.91.1.24193/lib/vscode/resources/app/out/vs/workbench/api/node/extensionHostProcess.js:164:29715)
	at T.reset (/home/ser/.vscode-oss/extensions/asvetliakov.vscode-neovim-1.18.7-universal/dist/extension.js:2:187723)
	at l.<anonymous> (/home/ser/.vscode-oss/extensions/asvetliakov.vscode-neovim-1.18.7-universal/dist/extension.js:2:421141)
	at l.dispose (/nix/store/3j0nsr6g8fc0kb20hxhvfnsh83bk0fg6-vscodium-1.91.1.24193/lib/vscode/resources/app/out/vs/workbench/api/node/extensionHostProcess.js:152:6342)
	at h (/nix/store/3j0nsr6g8fc0kb20hxhvfnsh83bk0fg6-vscodium-1.91.1.24193/lib/vscode/resources/app/out/vs/workbench/api/node/extensionHostProcess.js:30:758)
	at m._deactivate (/nix/store/3j0nsr6g8fc0kb20hxhvfnsh83bk0fg6-vscodium-1.91.1.24193/lib/vscode/resources/app/out/vs/workbench/api/node/extensionHostProcess.js:160:13048)
	at /nix/store/3j0nsr6g8fc0kb20hxhvfnsh83bk0fg6-vscodium-1.91.1.24193/lib/vscode/resources/app/out/vs/workbench/api/node/extensionHostProcess.js:160:10194
	at Array.map (<anonymous>)
	at m._deactivateAll (/nix/store/3j0nsr6g8fc0kb20hxhvfnsh83bk0fg6-vscodium-1.91.1.24193/lib/vscode/resources/app/out/vs/workbench/api/node/extensionHostProcess.js:160:10181)
	at m.terminate (/nix/store/3j0nsr6g8fc0kb20hxhvfnsh83bk0fg6-vscodium-1.91.1.24193/lib/vscode/resources/app/out/vs/workbench/api/node/extensionHostProcess.js:160:10564)
	at h.terminate (/nix/store/3j0nsr6g8fc0kb20hxhvfnsh83bk0fg6-vscodium-1.91.1.24193/lib/vscode/resources/app/out/vs/workbench/api/node/extensionHostProcess.js:164:1908)
	at i (/nix/store/3j0nsr6g8fc0kb20hxhvfnsh83bk0fg6-vscodium-1.91.1.24193/lib/vscode/resources/app/out/vs/workbench/api/node/extensionHostProcess.js:177:12354)
	at MessagePortMain.<anonymous> (/nix/store/3j0nsr6g8fc0kb20hxhvfnsh83bk0fg6-vscodium-1.91.1.24193/lib/vscode/resources/app/out/vs/workbench/api/node/extensionHostProcess.js:177:8164)
	at MessagePortMain.emit (node:events:514:28)
	at MessagePortMain._internalPort.emit (node:electron/js2c/utility_init:2:2285) setContext undefined
2024-08-23 01:06:11.227 [error] Canceled: Canceled
	at new T (/nix/store/3j0nsr6g8fc0kb20hxhvfnsh83bk0fg6-vscodium-1.91.1.24193/lib/vscode/resources/app/out/vs/workbench/api/node/extensionHostProcess.js:144:39096)
	at y._remoteCall (/nix/store/3j0nsr6g8fc0kb20hxhvfnsh83bk0fg6-vscodium-1.91.1.24193/lib/vscode/resources/app/out/vs/workbench/api/node/extensionHostProcess.js:151:8166)
	at U.<computed>.F.charCodeAt.R.CharCode.DollarSign.U.<computed> (/nix/store/3j0nsr6g8fc0kb20hxhvfnsh83bk0fg6-vscodium-1.91.1.24193/lib/vscode/resources/app/out/vs/workbench/api/node/extensionHostProcess.js:151:4351)
	at f._doExecuteCommand (/nix/store/3j0nsr6g8fc0kb20hxhvfnsh83bk0fg6-vscodium-1.91.1.24193/lib/vscode/resources/app/out/vs/workbench/api/node/extensionHostProcess.js:154:241286)
	at f.executeCommand (/nix/store/3j0nsr6g8fc0kb20hxhvfnsh83bk0fg6-vscodium-1.91.1.24193/lib/vscode/resources/app/out/vs/workbench/api/node/extensionHostProcess.js:154:240611)
	at k.registerCommand.description (/nix/store/3j0nsr6g8fc0kb20hxhvfnsh83bk0fg6-vscodium-1.91.1.24193/lib/vscode/resources/app/out/vs/workbench/api/node/extensionHostProcess.js:154:239855)
	at f._executeContributedCommand (/nix/store/3j0nsr6g8fc0kb20hxhvfnsh83bk0fg6-vscodium-1.91.1.24193/lib/vscode/resources/app/out/vs/workbench/api/node/extensionHostProcess.js:154:241924)
	at f._doExecuteCommand (/nix/store/3j0nsr6g8fc0kb20hxhvfnsh83bk0fg6-vscodium-1.91.1.24193/lib/vscode/resources/app/out/vs/workbench/api/node/extensionHostProcess.js:154:240744)
	at f.executeCommand (/nix/store/3j0nsr6g8fc0kb20hxhvfnsh83bk0fg6-vscodium-1.91.1.24193/lib/vscode/resources/app/out/vs/workbench/api/node/extensionHostProcess.js:154:240611)
	at Object.executeCommand (/nix/store/3j0nsr6g8fc0kb20hxhvfnsh83bk0fg6-vscodium-1.91.1.24193/lib/vscode/resources/app/out/vs/workbench/api/node/extensionHostProcess.js:164:29715)
	at T.reset (/home/ser/.vscode-oss/extensions/asvetliakov.vscode-neovim-1.18.7-universal/dist/extension.js:2:187723)
	at l.<anonymous> (/home/ser/.vscode-oss/extensions/asvetliakov.vscode-neovim-1.18.7-universal/dist/extension.js:2:421141)
	at l.dispose (/nix/store/3j0nsr6g8fc0kb20hxhvfnsh83bk0fg6-vscodium-1.91.1.24193/lib/vscode/resources/app/out/vs/workbench/api/node/extensionHostProcess.js:152:6342)
	at h (/nix/store/3j0nsr6g8fc0kb20hxhvfnsh83bk0fg6-vscodium-1.91.1.24193/lib/vscode/resources/app/out/vs/workbench/api/node/extensionHostProcess.js:30:758)
	at m._deactivate (/nix/store/3j0nsr6g8fc0kb20hxhvfnsh83bk0fg6-vscodium-1.91.1.24193/lib/vscode/resources/app/out/vs/workbench/api/node/extensionHostProcess.js:160:13048)
	at /nix/store/3j0nsr6g8fc0kb20hxhvfnsh83bk0fg6-vscodium-1.91.1.24193/lib/vscode/resources/app/out/vs/workbench/api/node/extensionHostProcess.js:160:10194
	at Array.map (<anonymous>)
	at m._deactivateAll (/nix/store/3j0nsr6g8fc0kb20hxhvfnsh83bk0fg6-vscodium-1.91.1.24193/lib/vscode/resources/app/out/vs/workbench/api/node/extensionHostProcess.js:160:10181)
	at m.terminate (/nix/store/3j0nsr6g8fc0kb20hxhvfnsh83bk0fg6-vscodium-1.91.1.24193/lib/vscode/resources/app/out/vs/workbench/api/node/extensionHostProcess.js:160:10564)
	at h.terminate (/nix/store/3j0nsr6g8fc0kb20hxhvfnsh83bk0fg6-vscodium-1.91.1.24193/lib/vscode/resources/app/out/vs/workbench/api/node/extensionHostProcess.js:164:1908)
	at i (/nix/store/3j0nsr6g8fc0kb20hxhvfnsh83bk0fg6-vscodium-1.91.1.24193/lib/vscode/resources/app/out/vs/workbench/api/node/extensionHostProcess.js:177:12354)
	at MessagePortMain.<anonymous> (/nix/store/3j0nsr6g8fc0kb20hxhvfnsh83bk0fg6-vscodium-1.91.1.24193/lib/vscode/resources/app/out/vs/workbench/api/node/extensionHostProcess.js:177:8164)
	at MessagePortMain.emit (node:events:514:28)
	at MessagePortMain._internalPort.emit (node:electron/js2c/utility_init:2:2285) setContext undefined
2024-08-23 01:06:11.227 [error] Canceled: Canceled
	at new T (/nix/store/3j0nsr6g8fc0kb20hxhvfnsh83bk0fg6-vscodium-1.91.1.24193/lib/vscode/resources/app/out/vs/workbench/api/node/extensionHostProcess.js:144:39096)
	at y._remoteCall (/nix/store/3j0nsr6g8fc0kb20hxhvfnsh83bk0fg6-vscodium-1.91.1.24193/lib/vscode/resources/app/out/vs/workbench/api/node/extensionHostProcess.js:151:8166)
	at U.<computed>.F.charCodeAt.R.CharCode.DollarSign.U.<computed> (/nix/store/3j0nsr6g8fc0kb20hxhvfnsh83bk0fg6-vscodium-1.91.1.24193/lib/vscode/resources/app/out/vs/workbench/api/node/extensionHostProcess.js:151:4351)
	at f._doExecuteCommand (/nix/store/3j0nsr6g8fc0kb20hxhvfnsh83bk0fg6-vscodium-1.91.1.24193/lib/vscode/resources/app/out/vs/workbench/api/node/extensionHostProcess.js:154:241286)
	at f.executeCommand (/nix/store/3j0nsr6g8fc0kb20hxhvfnsh83bk0fg6-vscodium-1.91.1.24193/lib/vscode/resources/app/out/vs/workbench/api/node/extensionHostProcess.js:154:240611)
	at k.registerCommand.description (/nix/store/3j0nsr6g8fc0kb20hxhvfnsh83bk0fg6-vscodium-1.91.1.24193/lib/vscode/resources/app/out/vs/workbench/api/node/extensionHostProcess.js:154:239855)
	at f._executeContributedCommand (/nix/store/3j0nsr6g8fc0kb20hxhvfnsh83bk0fg6-vscodium-1.91.1.24193/lib/vscode/resources/app/out/vs/workbench/api/node/extensionHostProcess.js:154:241924)
	at f._doExecuteCommand (/nix/store/3j0nsr6g8fc0kb20hxhvfnsh83bk0fg6-vscodium-1.91.1.24193/lib/vscode/resources/app/out/vs/workbench/api/node/extensionHostProcess.js:154:240744)
	at f.executeCommand (/nix/store/3j0nsr6g8fc0kb20hxhvfnsh83bk0fg6-vscodium-1.91.1.24193/lib/vscode/resources/app/out/vs/workbench/api/node/extensionHostProcess.js:154:240611)
	at Object.executeCommand (/nix/store/3j0nsr6g8fc0kb20hxhvfnsh83bk0fg6-vscodium-1.91.1.24193/lib/vscode/resources/app/out/vs/workbench/api/node/extensionHostProcess.js:164:29715)
	at T.reset (/home/ser/.vscode-oss/extensions/asvetliakov.vscode-neovim-1.18.7-universal/dist/extension.js:2:187723)
	at l.<anonymous> (/home/ser/.vscode-oss/extensions/asvetliakov.vscode-neovim-1.18.7-universal/dist/extension.js:2:421141)
	at l.dispose (/nix/store/3j0nsr6g8fc0kb20hxhvfnsh83bk0fg6-vscodium-1.91.1.24193/lib/vscode/resources/app/out/vs/workbench/api/node/extensionHostProcess.js:152:6342)
	at h (/nix/store/3j0nsr6g8fc0kb20hxhvfnsh83bk0fg6-vscodium-1.91.1.24193/lib/vscode/resources/app/out/vs/workbench/api/node/extensionHostProcess.js:30:758)
	at m._deactivate (/nix/store/3j0nsr6g8fc0kb20hxhvfnsh83bk0fg6-vscodium-1.91.1.24193/lib/vscode/resources/app/out/vs/workbench/api/node/extensionHostProcess.js:160:13048)
	at /nix/store/3j0nsr6g8fc0kb20hxhvfnsh83bk0fg6-vscodium-1.91.1.24193/lib/vscode/resources/app/out/vs/workbench/api/node/extensionHostProcess.js:160:10194
	at Array.map (<anonymous>)
	at m._deactivateAll (/nix/store/3j0nsr6g8fc0kb20hxhvfnsh83bk0fg6-vscodium-1.91.1.24193/lib/vscode/resources/app/out/vs/workbench/api/node/extensionHostProcess.js:160:10181)
	at m.terminate (/nix/store/3j0nsr6g8fc0kb20hxhvfnsh83bk0fg6-vscodium-1.91.1.24193/lib/vscode/resources/app/out/vs/workbench/api/node/extensionHostProcess.js:160:10564)
	at h.terminate (/nix/store/3j0nsr6g8fc0kb20hxhvfnsh83bk0fg6-vscodium-1.91.1.24193/lib/vscode/resources/app/out/vs/workbench/api/node/extensionHostProcess.js:164:1908)
	at i (/nix/store/3j0nsr6g8fc0kb20hxhvfnsh83bk0fg6-vscodium-1.91.1.24193/lib/vscode/resources/app/out/vs/workbench/api/node/extensionHostProcess.js:177:12354)
	at MessagePortMain.<anonymous> (/nix/store/3j0nsr6g8fc0kb20hxhvfnsh83bk0fg6-vscodium-1.91.1.24193/lib/vscode/resources/app/out/vs/workbench/api/node/extensionHostProcess.js:177:8164)
	at MessagePortMain.emit (node:events:514:28)
	at MessagePortMain._internalPort.emit (node:electron/js2c/utility_init:2:2285) setContext undefined
2024-08-23 01:06:11.227 [error] Canceled: Canceled
	at new T (/nix/store/3j0nsr6g8fc0kb20hxhvfnsh83bk0fg6-vscodium-1.91.1.24193/lib/vscode/resources/app/out/vs/workbench/api/node/extensionHostProcess.js:144:39096)
	at y._remoteCall (/nix/store/3j0nsr6g8fc0kb20hxhvfnsh83bk0fg6-vscodium-1.91.1.24193/lib/vscode/resources/app/out/vs/workbench/api/node/extensionHostProcess.js:151:8166)
	at U.<computed>.F.charCodeAt.R.CharCode.DollarSign.U.<computed> (/nix/store/3j0nsr6g8fc0kb20hxhvfnsh83bk0fg6-vscodium-1.91.1.24193/lib/vscode/resources/app/out/vs/workbench/api/node/extensionHostProcess.js:151:4351)
	at f._doExecuteCommand (/nix/store/3j0nsr6g8fc0kb20hxhvfnsh83bk0fg6-vscodium-1.91.1.24193/lib/vscode/resources/app/out/vs/workbench/api/node/extensionHostProcess.js:154:241286)
	at f.executeCommand (/nix/store/3j0nsr6g8fc0kb20hxhvfnsh83bk0fg6-vscodium-1.91.1.24193/lib/vscode/resources/app/out/vs/workbench/api/node/extensionHostProcess.js:154:240611)
	at k.registerCommand.description (/nix/store/3j0nsr6g8fc0kb20hxhvfnsh83bk0fg6-vscodium-1.91.1.24193/lib/vscode/resources/app/out/vs/workbench/api/node/extensionHostProcess.js:154:239855)
	at f._executeContributedCommand (/nix/store/3j0nsr6g8fc0kb20hxhvfnsh83bk0fg6-vscodium-1.91.1.24193/lib/vscode/resources/app/out/vs/workbench/api/node/extensionHostProcess.js:154:241924)
	at f._doExecuteCommand (/nix/store/3j0nsr6g8fc0kb20hxhvfnsh83bk0fg6-vscodium-1.91.1.24193/lib/vscode/resources/app/out/vs/workbench/api/node/extensionHostProcess.js:154:240744)
	at f.executeCommand (/nix/store/3j0nsr6g8fc0kb20hxhvfnsh83bk0fg6-vscodium-1.91.1.24193/lib/vscode/resources/app/out/vs/workbench/api/node/extensionHostProcess.js:154:240611)
	at Object.executeCommand (/nix/store/3j0nsr6g8fc0kb20hxhvfnsh83bk0fg6-vscodium-1.91.1.24193/lib/vscode/resources/app/out/vs/workbench/api/node/extensionHostProcess.js:164:29715)
	at T.reset (/home/ser/.vscode-oss/extensions/asvetliakov.vscode-neovim-1.18.7-universal/dist/extension.js:2:187723)
	at l.<anonymous> (/home/ser/.vscode-oss/extensions/asvetliakov.vscode-neovim-1.18.7-universal/dist/extension.js:2:421141)
	at l.dispose (/nix/store/3j0nsr6g8fc0kb20hxhvfnsh83bk0fg6-vscodium-1.91.1.24193/lib/vscode/resources/app/out/vs/workbench/api/node/extensionHostProcess.js:152:6342)
	at h (/nix/store/3j0nsr6g8fc0kb20hxhvfnsh83bk0fg6-vscodium-1.91.1.24193/lib/vscode/resources/app/out/vs/workbench/api/node/extensionHostProcess.js:30:758)
	at m._deactivate (/nix/store/3j0nsr6g8fc0kb20hxhvfnsh83bk0fg6-vscodium-1.91.1.24193/lib/vscode/resources/app/out/vs/workbench/api/node/extensionHostProcess.js:160:13048)
	at /nix/store/3j0nsr6g8fc0kb20hxhvfnsh83bk0fg6-vscodium-1.91.1.24193/lib/vscode/resources/app/out/vs/workbench/api/node/extensionHostProcess.js:160:10194
	at Array.map (<anonymous>)
	at m._deactivateAll (/nix/store/3j0nsr6g8fc0kb20hxhvfnsh83bk0fg6-vscodium-1.91.1.24193/lib/vscode/resources/app/out/vs/workbench/api/node/extensionHostProcess.js:160:10181)
	at m.terminate (/nix/store/3j0nsr6g8fc0kb20hxhvfnsh83bk0fg6-vscodium-1.91.1.24193/lib/vscode/resources/app/out/vs/workbench/api/node/extensionHostProcess.js:160:10564)
	at h.terminate (/nix/store/3j0nsr6g8fc0kb20hxhvfnsh83bk0fg6-vscodium-1.91.1.24193/lib/vscode/resources/app/out/vs/workbench/api/node/extensionHostProcess.js:164:1908)
	at i (/nix/store/3j0nsr6g8fc0kb20hxhvfnsh83bk0fg6-vscodium-1.91.1.24193/lib/vscode/resources/app/out/vs/workbench/api/node/extensionHostProcess.js:177:12354)
	at MessagePortMain.<anonymous> (/nix/store/3j0nsr6g8fc0kb20hxhvfnsh83bk0fg6-vscodium-1.91.1.24193/lib/vscode/resources/app/out/vs/workbench/api/node/extensionHostProcess.js:177:8164)
	at MessagePortMain.emit (node:events:514:28)
	at MessagePortMain._internalPort.emit (node:electron/js2c/utility_init:2:2285) setContext undefined
2024-08-23 01:06:11.227 [error] Canceled: Canceled
	at new T (/nix/store/3j0nsr6g8fc0kb20hxhvfnsh83bk0fg6-vscodium-1.91.1.24193/lib/vscode/resources/app/out/vs/workbench/api/node/extensionHostProcess.js:144:39096)
	at y._remoteCall (/nix/store/3j0nsr6g8fc0kb20hxhvfnsh83bk0fg6-vscodium-1.91.1.24193/lib/vscode/resources/app/out/vs/workbench/api/node/extensionHostProcess.js:151:8166)
	at U.<computed>.F.charCodeAt.R.CharCode.DollarSign.U.<computed> (/nix/store/3j0nsr6g8fc0kb20hxhvfnsh83bk0fg6-vscodium-1.91.1.24193/lib/vscode/resources/app/out/vs/workbench/api/node/extensionHostProcess.js:151:4351)
	at f._doExecuteCommand (/nix/store/3j0nsr6g8fc0kb20hxhvfnsh83bk0fg6-vscodium-1.91.1.24193/lib/vscode/resources/app/out/vs/workbench/api/node/extensionHostProcess.js:154:241286)
	at f.executeCommand (/nix/store/3j0nsr6g8fc0kb20hxhvfnsh83bk0fg6-vscodium-1.91.1.24193/lib/vscode/resources/app/out/vs/workbench/api/node/extensionHostProcess.js:154:240611)
	at k.registerCommand.description (/nix/store/3j0nsr6g8fc0kb20hxhvfnsh83bk0fg6-vscodium-1.91.1.24193/lib/vscode/resources/app/out/vs/workbench/api/node/extensionHostProcess.js:154:239855)
	at f._executeContributedCommand (/nix/store/3j0nsr6g8fc0kb20hxhvfnsh83bk0fg6-vscodium-1.91.1.24193/lib/vscode/resources/app/out/vs/workbench/api/node/extensionHostProcess.js:154:241924)
	at f._doExecuteCommand (/nix/store/3j0nsr6g8fc0kb20hxhvfnsh83bk0fg6-vscodium-1.91.1.24193/lib/vscode/resources/app/out/vs/workbench/api/node/extensionHostProcess.js:154:240744)
	at f.executeCommand (/nix/store/3j0nsr6g8fc0kb20hxhvfnsh83bk0fg6-vscodium-1.91.1.24193/lib/vscode/resources/app/out/vs/workbench/api/node/extensionHostProcess.js:154:240611)
	at Object.executeCommand (/nix/store/3j0nsr6g8fc0kb20hxhvfnsh83bk0fg6-vscodium-1.91.1.24193/lib/vscode/resources/app/out/vs/workbench/api/node/extensionHostProcess.js:164:29715)
	at T.reset (/home/ser/.vscode-oss/extensions/asvetliakov.vscode-neovim-1.18.7-universal/dist/extension.js:2:187723)
	at l.<anonymous> (/home/ser/.vscode-oss/extensions/asvetliakov.vscode-neovim-1.18.7-universal/dist/extension.js:2:421141)
	at l.dispose (/nix/store/3j0nsr6g8fc0kb20hxhvfnsh83bk0fg6-vscodium-1.91.1.24193/lib/vscode/resources/app/out/vs/workbench/api/node/extensionHostProcess.js:152:6342)
	at h (/nix/store/3j0nsr6g8fc0kb20hxhvfnsh83bk0fg6-vscodium-1.91.1.24193/lib/vscode/resources/app/out/vs/workbench/api/node/extensionHostProcess.js:30:758)
	at m._deactivate (/nix/store/3j0nsr6g8fc0kb20hxhvfnsh83bk0fg6-vscodium-1.91.1.24193/lib/vscode/resources/app/out/vs/workbench/api/node/extensionHostProcess.js:160:13048)
	at /nix/store/3j0nsr6g8fc0kb20hxhvfnsh83bk0fg6-vscodium-1.91.1.24193/lib/vscode/resources/app/out/vs/workbench/api/node/extensionHostProcess.js:160:10194
	at Array.map (<anonymous>)
	at m._deactivateAll (/nix/store/3j0nsr6g8fc0kb20hxhvfnsh83bk0fg6-vscodium-1.91.1.24193/lib/vscode/resources/app/out/vs/workbench/api/node/extensionHostProcess.js:160:10181)
	at m.terminate (/nix/store/3j0nsr6g8fc0kb20hxhvfnsh83bk0fg6-vscodium-1.91.1.24193/lib/vscode/resources/app/out/vs/workbench/api/node/extensionHostProcess.js:160:10564)
	at h.terminate (/nix/store/3j0nsr6g8fc0kb20hxhvfnsh83bk0fg6-vscodium-1.91.1.24193/lib/vscode/resources/app/out/vs/workbench/api/node/extensionHostProcess.js:164:1908)
	at i (/nix/store/3j0nsr6g8fc0kb20hxhvfnsh83bk0fg6-vscodium-1.91.1.24193/lib/vscode/resources/app/out/vs/workbench/api/node/extensionHostProcess.js:177:12354)
	at MessagePortMain.<anonymous> (/nix/store/3j0nsr6g8fc0kb20hxhvfnsh83bk0fg6-vscodium-1.91.1.24193/lib/vscode/resources/app/out/vs/workbench/api/node/extensionHostProcess.js:177:8164)
	at MessagePortMain.emit (node:events:514:28)
	at MessagePortMain._internalPort.emit (node:electron/js2c/utility_init:2:2285) setContext undefined
2024-08-23 01:06:11.227 [error] Canceled: Canceled
	at new T (/nix/store/3j0nsr6g8fc0kb20hxhvfnsh83bk0fg6-vscodium-1.91.1.24193/lib/vscode/resources/app/out/vs/workbench/api/node/extensionHostProcess.js:144:39096)
	at y._remoteCall (/nix/store/3j0nsr6g8fc0kb20hxhvfnsh83bk0fg6-vscodium-1.91.1.24193/lib/vscode/resources/app/out/vs/workbench/api/node/extensionHostProcess.js:151:8166)
	at U.<computed>.F.charCodeAt.R.CharCode.DollarSign.U.<computed> (/nix/store/3j0nsr6g8fc0kb20hxhvfnsh83bk0fg6-vscodium-1.91.1.24193/lib/vscode/resources/app/out/vs/workbench/api/node/extensionHostProcess.js:151:4351)
	at f._doExecuteCommand (/nix/store/3j0nsr6g8fc0kb20hxhvfnsh83bk0fg6-vscodium-1.91.1.24193/lib/vscode/resources/app/out/vs/workbench/api/node/extensionHostProcess.js:154:241286)
	at f.executeCommand (/nix/store/3j0nsr6g8fc0kb20hxhvfnsh83bk0fg6-vscodium-1.91.1.24193/lib/vscode/resources/app/out/vs/workbench/api/node/extensionHostProcess.js:154:240611)
	at k.registerCommand.description (/nix/store/3j0nsr6g8fc0kb20hxhvfnsh83bk0fg6-vscodium-1.91.1.24193/lib/vscode/resources/app/out/vs/workbench/api/node/extensionHostProcess.js:154:239855)
	at f._executeContributedCommand (/nix/store/3j0nsr6g8fc0kb20hxhvfnsh83bk0fg6-vscodium-1.91.1.24193/lib/vscode/resources/app/out/vs/workbench/api/node/extensionHostProcess.js:154:241924)
	at f._doExecuteCommand (/nix/store/3j0nsr6g8fc0kb20hxhvfnsh83bk0fg6-vscodium-1.91.1.24193/lib/vscode/resources/app/out/vs/workbench/api/node/extensionHostProcess.js:154:240744)
	at f.executeCommand (/nix/store/3j0nsr6g8fc0kb20hxhvfnsh83bk0fg6-vscodium-1.91.1.24193/lib/vscode/resources/app/out/vs/workbench/api/node/extensionHostProcess.js:154:240611)
	at Object.executeCommand (/nix/store/3j0nsr6g8fc0kb20hxhvfnsh83bk0fg6-vscodium-1.91.1.24193/lib/vscode/resources/app/out/vs/workbench/api/node/extensionHostProcess.js:164:29715)
	at T.reset (/home/ser/.vscode-oss/extensions/asvetliakov.vscode-neovim-1.18.7-universal/dist/extension.js:2:187723)
	at l.<anonymous> (/home/ser/.vscode-oss/extensions/asvetliakov.vscode-neovim-1.18.7-universal/dist/extension.js:2:421141)
	at l.dispose (/nix/store/3j0nsr6g8fc0kb20hxhvfnsh83bk0fg6-vscodium-1.91.1.24193/lib/vscode/resources/app/out/vs/workbench/api/node/extensionHostProcess.js:152:6342)
	at h (/nix/store/3j0nsr6g8fc0kb20hxhvfnsh83bk0fg6-vscodium-1.91.1.24193/lib/vscode/resources/app/out/vs/workbench/api/node/extensionHostProcess.js:30:758)
	at m._deactivate (/nix/store/3j0nsr6g8fc0kb20hxhvfnsh83bk0fg6-vscodium-1.91.1.24193/lib/vscode/resources/app/out/vs/workbench/api/node/extensionHostProcess.js:160:13048)
	at /nix/store/3j0nsr6g8fc0kb20hxhvfnsh83bk0fg6-vscodium-1.91.1.24193/lib/vscode/resources/app/out/vs/workbench/api/node/extensionHostProcess.js:160:10194
	at Array.map (<anonymous>)
	at m._deactivateAll (/nix/store/3j0nsr6g8fc0kb20hxhvfnsh83bk0fg6-vscodium-1.91.1.24193/lib/vscode/resources/app/out/vs/workbench/api/node/extensionHostProcess.js:160:10181)
	at m.terminate (/nix/store/3j0nsr6g8fc0kb20hxhvfnsh83bk0fg6-vscodium-1.91.1.24193/lib/vscode/resources/app/out/vs/workbench/api/node/extensionHostProcess.js:160:10564)
	at h.terminate (/nix/store/3j0nsr6g8fc0kb20hxhvfnsh83bk0fg6-vscodium-1.91.1.24193/lib/vscode/resources/app/out/vs/workbench/api/node/extensionHostProcess.js:164:1908)
	at i (/nix/store/3j0nsr6g8fc0kb20hxhvfnsh83bk0fg6-vscodium-1.91.1.24193/lib/vscode/resources/app/out/vs/workbench/api/node/extensionHostProcess.js:177:12354)
	at MessagePortMain.<anonymous> (/nix/store/3j0nsr6g8fc0kb20hxhvfnsh83bk0fg6-vscodium-1.91.1.24193/lib/vscode/resources/app/out/vs/workbench/api/node/extensionHostProcess.js:177:8164)
	at MessagePortMain.emit (node:events:514:28)
	at MessagePortMain._internalPort.emit (node:electron/js2c/utility_init:2:2285) setContext undefined
2024-08-23 01:06:11.228 [error] Canceled: Canceled
	at new T (/nix/store/3j0nsr6g8fc0kb20hxhvfnsh83bk0fg6-vscodium-1.91.1.24193/lib/vscode/resources/app/out/vs/workbench/api/node/extensionHostProcess.js:144:39096)
	at y._remoteCall (/nix/store/3j0nsr6g8fc0kb20hxhvfnsh83bk0fg6-vscodium-1.91.1.24193/lib/vscode/resources/app/out/vs/workbench/api/node/extensionHostProcess.js:151:8166)
	at U.<computed>.F.charCodeAt.R.CharCode.DollarSign.U.<computed> (/nix/store/3j0nsr6g8fc0kb20hxhvfnsh83bk0fg6-vscodium-1.91.1.24193/lib/vscode/resources/app/out/vs/workbench/api/node/extensionHostProcess.js:151:4351)
	at f._doExecuteCommand (/nix/store/3j0nsr6g8fc0kb20hxhvfnsh83bk0fg6-vscodium-1.91.1.24193/lib/vscode/resources/app/out/vs/workbench/api/node/extensionHostProcess.js:154:241286)
	at f.executeCommand (/nix/store/3j0nsr6g8fc0kb20hxhvfnsh83bk0fg6-vscodium-1.91.1.24193/lib/vscode/resources/app/out/vs/workbench/api/node/extensionHostProcess.js:154:240611)
	at k.registerCommand.description (/nix/store/3j0nsr6g8fc0kb20hxhvfnsh83bk0fg6-vscodium-1.91.1.24193/lib/vscode/resources/app/out/vs/workbench/api/node/extensionHostProcess.js:154:239855)
	at f._executeContributedCommand (/nix/store/3j0nsr6g8fc0kb20hxhvfnsh83bk0fg6-vscodium-1.91.1.24193/lib/vscode/resources/app/out/vs/workbench/api/node/extensionHostProcess.js:154:241924)
	at f._doExecuteCommand (/nix/store/3j0nsr6g8fc0kb20hxhvfnsh83bk0fg6-vscodium-1.91.1.24193/lib/vscode/resources/app/out/vs/workbench/api/node/extensionHostProcess.js:154:240744)
	at f.executeCommand (/nix/store/3j0nsr6g8fc0kb20hxhvfnsh83bk0fg6-vscodium-1.91.1.24193/lib/vscode/resources/app/out/vs/workbench/api/node/extensionHostProcess.js:154:240611)
	at Object.executeCommand (/nix/store/3j0nsr6g8fc0kb20hxhvfnsh83bk0fg6-vscodium-1.91.1.24193/lib/vscode/resources/app/out/vs/workbench/api/node/extensionHostProcess.js:164:29715)
	at T.reset (/home/ser/.vscode-oss/extensions/asvetliakov.vscode-neovim-1.18.7-universal/dist/extension.js:2:187723)
	at l.<anonymous> (/home/ser/.vscode-oss/extensions/asvetliakov.vscode-neovim-1.18.7-universal/dist/extension.js:2:421141)
	at l.dispose (/nix/store/3j0nsr6g8fc0kb20hxhvfnsh83bk0fg6-vscodium-1.91.1.24193/lib/vscode/resources/app/out/vs/workbench/api/node/extensionHostProcess.js:152:6342)
	at h (/nix/store/3j0nsr6g8fc0kb20hxhvfnsh83bk0fg6-vscodium-1.91.1.24193/lib/vscode/resources/app/out/vs/workbench/api/node/extensionHostProcess.js:30:758)
	at m._deactivate (/nix/store/3j0nsr6g8fc0kb20hxhvfnsh83bk0fg6-vscodium-1.91.1.24193/lib/vscode/resources/app/out/vs/workbench/api/node/extensionHostProcess.js:160:13048)
	at /nix/store/3j0nsr6g8fc0kb20hxhvfnsh83bk0fg6-vscodium-1.91.1.24193/lib/vscode/resources/app/out/vs/workbench/api/node/extensionHostProcess.js:160:10194
	at Array.map (<anonymous>)
	at m._deactivateAll (/nix/store/3j0nsr6g8fc0kb20hxhvfnsh83bk0fg6-vscodium-1.91.1.24193/lib/vscode/resources/app/out/vs/workbench/api/node/extensionHostProcess.js:160:10181)
	at m.terminate (/nix/store/3j0nsr6g8fc0kb20hxhvfnsh83bk0fg6-vscodium-1.91.1.24193/lib/vscode/resources/app/out/vs/workbench/api/node/extensionHostProcess.js:160:10564)
	at h.terminate (/nix/store/3j0nsr6g8fc0kb20hxhvfnsh83bk0fg6-vscodium-1.91.1.24193/lib/vscode/resources/app/out/vs/workbench/api/node/extensionHostProcess.js:164:1908)
	at i (/nix/store/3j0nsr6g8fc0kb20hxhvfnsh83bk0fg6-vscodium-1.91.1.24193/lib/vscode/resources/app/out/vs/workbench/api/node/extensionHostProcess.js:177:12354)
	at MessagePortMain.<anonymous> (/nix/store/3j0nsr6g8fc0kb20hxhvfnsh83bk0fg6-vscodium-1.91.1.24193/lib/vscode/resources/app/out/vs/workbench/api/node/extensionHostProcess.js:177:8164)
	at MessagePortMain.emit (node:events:514:28)
	at MessagePortMain._internalPort.emit (node:electron/js2c/utility_init:2:2285) setContext undefined
2024-08-23 01:06:11.228 [error] Canceled: Canceled
	at new T (/nix/store/3j0nsr6g8fc0kb20hxhvfnsh83bk0fg6-vscodium-1.91.1.24193/lib/vscode/resources/app/out/vs/workbench/api/node/extensionHostProcess.js:144:39096)
	at y._remoteCall (/nix/store/3j0nsr6g8fc0kb20hxhvfnsh83bk0fg6-vscodium-1.91.1.24193/lib/vscode/resources/app/out/vs/workbench/api/node/extensionHostProcess.js:151:8166)
	at U.<computed>.F.charCodeAt.R.CharCode.DollarSign.U.<computed> (/nix/store/3j0nsr6g8fc0kb20hxhvfnsh83bk0fg6-vscodium-1.91.1.24193/lib/vscode/resources/app/out/vs/workbench/api/node/extensionHostProcess.js:151:4351)
	at f._doExecuteCommand (/nix/store/3j0nsr6g8fc0kb20hxhvfnsh83bk0fg6-vscodium-1.91.1.24193/lib/vscode/resources/app/out/vs/workbench/api/node/extensionHostProcess.js:154:241286)
	at f.executeCommand (/nix/store/3j0nsr6g8fc0kb20hxhvfnsh83bk0fg6-vscodium-1.91.1.24193/lib/vscode/resources/app/out/vs/workbench/api/node/extensionHostProcess.js:154:240611)
	at k.registerCommand.description (/nix/store/3j0nsr6g8fc0kb20hxhvfnsh83bk0fg6-vscodium-1.91.1.24193/lib/vscode/resources/app/out/vs/workbench/api/node/extensionHostProcess.js:154:239855)
	at f._executeContributedCommand (/nix/store/3j0nsr6g8fc0kb20hxhvfnsh83bk0fg6-vscodium-1.91.1.24193/lib/vscode/resources/app/out/vs/workbench/api/node/extensionHostProcess.js:154:241924)
	at f._doExecuteCommand (/nix/store/3j0nsr6g8fc0kb20hxhvfnsh83bk0fg6-vscodium-1.91.1.24193/lib/vscode/resources/app/out/vs/workbench/api/node/extensionHostProcess.js:154:240744)
	at f.executeCommand (/nix/store/3j0nsr6g8fc0kb20hxhvfnsh83bk0fg6-vscodium-1.91.1.24193/lib/vscode/resources/app/out/vs/workbench/api/node/extensionHostProcess.js:154:240611)
	at Object.executeCommand (/nix/store/3j0nsr6g8fc0kb20hxhvfnsh83bk0fg6-vscodium-1.91.1.24193/lib/vscode/resources/app/out/vs/workbench/api/node/extensionHostProcess.js:164:29715)
	at T.reset (/home/ser/.vscode-oss/extensions/asvetliakov.vscode-neovim-1.18.7-universal/dist/extension.js:2:187723)
	at l.<anonymous> (/home/ser/.vscode-oss/extensions/asvetliakov.vscode-neovim-1.18.7-universal/dist/extension.js:2:421141)
	at l.dispose (/nix/store/3j0nsr6g8fc0kb20hxhvfnsh83bk0fg6-vscodium-1.91.1.24193/lib/vscode/resources/app/out/vs/workbench/api/node/extensionHostProcess.js:152:6342)
	at h (/nix/store/3j0nsr6g8fc0kb20hxhvfnsh83bk0fg6-vscodium-1.91.1.24193/lib/vscode/resources/app/out/vs/workbench/api/node/extensionHostProcess.js:30:758)
	at m._deactivate (/nix/store/3j0nsr6g8fc0kb20hxhvfnsh83bk0fg6-vscodium-1.91.1.24193/lib/vscode/resources/app/out/vs/workbench/api/node/extensionHostProcess.js:160:13048)
	at /nix/store/3j0nsr6g8fc0kb20hxhvfnsh83bk0fg6-vscodium-1.91.1.24193/lib/vscode/resources/app/out/vs/workbench/api/node/extensionHostProcess.js:160:10194
	at Array.map (<anonymous>)
	at m._deactivateAll (/nix/store/3j0nsr6g8fc0kb20hxhvfnsh83bk0fg6-vscodium-1.91.1.24193/lib/vscode/resources/app/out/vs/workbench/api/node/extensionHostProcess.js:160:10181)
	at m.terminate (/nix/store/3j0nsr6g8fc0kb20hxhvfnsh83bk0fg6-vscodium-1.91.1.24193/lib/vscode/resources/app/out/vs/workbench/api/node/extensionHostProcess.js:160:10564)
	at h.terminate (/nix/store/3j0nsr6g8fc0kb20hxhvfnsh83bk0fg6-vscodium-1.91.1.24193/lib/vscode/resources/app/out/vs/workbench/api/node/extensionHostProcess.js:164:1908)
	at i (/nix/store/3j0nsr6g8fc0kb20hxhvfnsh83bk0fg6-vscodium-1.91.1.24193/lib/vscode/resources/app/out/vs/workbench/api/node/extensionHostProcess.js:177:12354)
	at MessagePortMain.<anonymous> (/nix/store/3j0nsr6g8fc0kb20hxhvfnsh83bk0fg6-vscodium-1.91.1.24193/lib/vscode/resources/app/out/vs/workbench/api/node/extensionHostProcess.js:177:8164)
	at MessagePortMain.emit (node:events:514:28)
	at MessagePortMain._internalPort.emit (node:electron/js2c/utility_init:2:2285) setContext undefined
2024-08-23 01:06:11.228 [error] Canceled: Canceled
	at new T (/nix/store/3j0nsr6g8fc0kb20hxhvfnsh83bk0fg6-vscodium-1.91.1.24193/lib/vscode/resources/app/out/vs/workbench/api/node/extensionHostProcess.js:144:39096)
	at y._remoteCall (/nix/store/3j0nsr6g8fc0kb20hxhvfnsh83bk0fg6-vscodium-1.91.1.24193/lib/vscode/resources/app/out/vs/workbench/api/node/extensionHostProcess.js:151:8166)
	at U.<computed>.F.charCodeAt.R.CharCode.DollarSign.U.<computed> (/nix/store/3j0nsr6g8fc0kb20hxhvfnsh83bk0fg6-vscodium-1.91.1.24193/lib/vscode/resources/app/out/vs/workbench/api/node/extensionHostProcess.js:151:4351)
	at f._doExecuteCommand (/nix/store/3j0nsr6g8fc0kb20hxhvfnsh83bk0fg6-vscodium-1.91.1.24193/lib/vscode/resources/app/out/vs/workbench/api/node/extensionHostProcess.js:154:241286)
	at f.executeCommand (/nix/store/3j0nsr6g8fc0kb20hxhvfnsh83bk0fg6-vscodium-1.91.1.24193/lib/vscode/resources/app/out/vs/workbench/api/node/extensionHostProcess.js:154:240611)
	at k.registerCommand.description (/nix/store/3j0nsr6g8fc0kb20hxhvfnsh83bk0fg6-vscodium-1.91.1.24193/lib/vscode/resources/app/out/vs/workbench/api/node/extensionHostProcess.js:154:239855)
	at f._executeContributedCommand (/nix/store/3j0nsr6g8fc0kb20hxhvfnsh83bk0fg6-vscodium-1.91.1.24193/lib/vscode/resources/app/out/vs/workbench/api/node/extensionHostProcess.js:154:241924)
	at f._doExecuteCommand (/nix/store/3j0nsr6g8fc0kb20hxhvfnsh83bk0fg6-vscodium-1.91.1.24193/lib/vscode/resources/app/out/vs/workbench/api/node/extensionHostProcess.js:154:240744)
	at f.executeCommand (/nix/store/3j0nsr6g8fc0kb20hxhvfnsh83bk0fg6-vscodium-1.91.1.24193/lib/vscode/resources/app/out/vs/workbench/api/node/extensionHostProcess.js:154:240611)
	at Object.executeCommand (/nix/store/3j0nsr6g8fc0kb20hxhvfnsh83bk0fg6-vscodium-1.91.1.24193/lib/vscode/resources/app/out/vs/workbench/api/node/extensionHostProcess.js:164:29715)
	at T.reset (/home/ser/.vscode-oss/extensions/asvetliakov.vscode-neovim-1.18.7-universal/dist/extension.js:2:187723)
	at l.<anonymous> (/home/ser/.vscode-oss/extensions/asvetliakov.vscode-neovim-1.18.7-universal/dist/extension.js:2:421141)
	at l.dispose (/nix/store/3j0nsr6g8fc0kb20hxhvfnsh83bk0fg6-vscodium-1.91.1.24193/lib/vscode/resources/app/out/vs/workbench/api/node/extensionHostProcess.js:152:6342)
	at h (/nix/store/3j0nsr6g8fc0kb20hxhvfnsh83bk0fg6-vscodium-1.91.1.24193/lib/vscode/resources/app/out/vs/workbench/api/node/extensionHostProcess.js:30:758)
	at m._deactivate (/nix/store/3j0nsr6g8fc0kb20hxhvfnsh83bk0fg6-vscodium-1.91.1.24193/lib/vscode/resources/app/out/vs/workbench/api/node/extensionHostProcess.js:160:13048)
	at /nix/store/3j0nsr6g8fc0kb20hxhvfnsh83bk0fg6-vscodium-1.91.1.24193/lib/vscode/resources/app/out/vs/workbench/api/node/extensionHostProcess.js:160:10194
	at Array.map (<anonymous>)
	at m._deactivateAll (/nix/store/3j0nsr6g8fc0kb20hxhvfnsh83bk0fg6-vscodium-1.91.1.24193/lib/vscode/resources/app/out/vs/workbench/api/node/extensionHostProcess.js:160:10181)
	at m.terminate (/nix/store/3j0nsr6g8fc0kb20hxhvfnsh83bk0fg6-vscodium-1.91.1.24193/lib/vscode/resources/app/out/vs/workbench/api/node/extensionHostProcess.js:160:10564)
	at h.terminate (/nix/store/3j0nsr6g8fc0kb20hxhvfnsh83bk0fg6-vscodium-1.91.1.24193/lib/vscode/resources/app/out/vs/workbench/api/node/extensionHostProcess.js:164:1908)
	at i (/nix/store/3j0nsr6g8fc0kb20hxhvfnsh83bk0fg6-vscodium-1.91.1.24193/lib/vscode/resources/app/out/vs/workbench/api/node/extensionHostProcess.js:177:12354)
	at MessagePortMain.<anonymous> (/nix/store/3j0nsr6g8fc0kb20hxhvfnsh83bk0fg6-vscodium-1.91.1.24193/lib/vscode/resources/app/out/vs/workbench/api/node/extensionHostProcess.js:177:8164)
	at MessagePortMain.emit (node:events:514:28)
	at MessagePortMain._internalPort.emit (node:electron/js2c/utility_init:2:2285) setContext undefined
2024-08-23 01:06:11.228 [error] Canceled: Canceled
	at new T (/nix/store/3j0nsr6g8fc0kb20hxhvfnsh83bk0fg6-vscodium-1.91.1.24193/lib/vscode/resources/app/out/vs/workbench/api/node/extensionHostProcess.js:144:39096)
	at y._remoteCall (/nix/store/3j0nsr6g8fc0kb20hxhvfnsh83bk0fg6-vscodium-1.91.1.24193/lib/vscode/resources/app/out/vs/workbench/api/node/extensionHostProcess.js:151:8166)
	at U.<computed>.F.charCodeAt.R.CharCode.DollarSign.U.<computed> (/nix/store/3j0nsr6g8fc0kb20hxhvfnsh83bk0fg6-vscodium-1.91.1.24193/lib/vscode/resources/app/out/vs/workbench/api/node/extensionHostProcess.js:151:4351)
	at f._doExecuteCommand (/nix/store/3j0nsr6g8fc0kb20hxhvfnsh83bk0fg6-vscodium-1.91.1.24193/lib/vscode/resources/app/out/vs/workbench/api/node/extensionHostProcess.js:154:241286)
	at f.executeCommand (/nix/store/3j0nsr6g8fc0kb20hxhvfnsh83bk0fg6-vscodium-1.91.1.24193/lib/vscode/resources/app/out/vs/workbench/api/node/extensionHostProcess.js:154:240611)
	at k.registerCommand.description (/nix/store/3j0nsr6g8fc0kb20hxhvfnsh83bk0fg6-vscodium-1.91.1.24193/lib/vscode/resources/app/out/vs/workbench/api/node/extensionHostProcess.js:154:239855)
	at f._executeContributedCommand (/nix/store/3j0nsr6g8fc0kb20hxhvfnsh83bk0fg6-vscodium-1.91.1.24193/lib/vscode/resources/app/out/vs/workbench/api/node/extensionHostProcess.js:154:241924)
	at f._doExecuteCommand (/nix/store/3j0nsr6g8fc0kb20hxhvfnsh83bk0fg6-vscodium-1.91.1.24193/lib/vscode/resources/app/out/vs/workbench/api/node/extensionHostProcess.js:154:240744)
	at f.executeCommand (/nix/store/3j0nsr6g8fc0kb20hxhvfnsh83bk0fg6-vscodium-1.91.1.24193/lib/vscode/resources/app/out/vs/workbench/api/node/extensionHostProcess.js:154:240611)
	at Object.executeCommand (/nix/store/3j0nsr6g8fc0kb20hxhvfnsh83bk0fg6-vscodium-1.91.1.24193/lib/vscode/resources/app/out/vs/workbench/api/node/extensionHostProcess.js:164:29715)
	at T.reset (/home/ser/.vscode-oss/extensions/asvetliakov.vscode-neovim-1.18.7-universal/dist/extension.js:2:187723)
	at l.<anonymous> (/home/ser/.vscode-oss/extensions/asvetliakov.vscode-neovim-1.18.7-universal/dist/extension.js:2:421141)
	at l.dispose (/nix/store/3j0nsr6g8fc0kb20hxhvfnsh83bk0fg6-vscodium-1.91.1.24193/lib/vscode/resources/app/out/vs/workbench/api/node/extensionHostProcess.js:152:6342)
	at h (/nix/store/3j0nsr6g8fc0kb20hxhvfnsh83bk0fg6-vscodium-1.91.1.24193/lib/vscode/resources/app/out/vs/workbench/api/node/extensionHostProcess.js:30:758)
	at m._deactivate (/nix/store/3j0nsr6g8fc0kb20hxhvfnsh83bk0fg6-vscodium-1.91.1.24193/lib/vscode/resources/app/out/vs/workbench/api/node/extensionHostProcess.js:160:13048)
	at /nix/store/3j0nsr6g8fc0kb20hxhvfnsh83bk0fg6-vscodium-1.91.1.24193/lib/vscode/resources/app/out/vs/workbench/api/node/extensionHostProcess.js:160:10194
	at Array.map (<anonymous>)
	at m._deactivateAll (/nix/store/3j0nsr6g8fc0kb20hxhvfnsh83bk0fg6-vscodium-1.91.1.24193/lib/vscode/resources/app/out/vs/workbench/api/node/extensionHostProcess.js:160:10181)
	at m.terminate (/nix/store/3j0nsr6g8fc0kb20hxhvfnsh83bk0fg6-vscodium-1.91.1.24193/lib/vscode/resources/app/out/vs/workbench/api/node/extensionHostProcess.js:160:10564)
	at h.terminate (/nix/store/3j0nsr6g8fc0kb20hxhvfnsh83bk0fg6-vscodium-1.91.1.24193/lib/vscode/resources/app/out/vs/workbench/api/node/extensionHostProcess.js:164:1908)
	at i (/nix/store/3j0nsr6g8fc0kb20hxhvfnsh83bk0fg6-vscodium-1.91.1.24193/lib/vscode/resources/app/out/vs/workbench/api/node/extensionHostProcess.js:177:12354)
	at MessagePortMain.<anonymous> (/nix/store/3j0nsr6g8fc0kb20hxhvfnsh83bk0fg6-vscodium-1.91.1.24193/lib/vscode/resources/app/out/vs/workbench/api/node/extensionHostProcess.js:177:8164)
	at MessagePortMain.emit (node:events:514:28)
	at MessagePortMain._internalPort.emit (node:electron/js2c/utility_init:2:2285) setContext undefined
2024-08-23 01:06:11.228 [error] Canceled: Canceled
	at new T (/nix/store/3j0nsr6g8fc0kb20hxhvfnsh83bk0fg6-vscodium-1.91.1.24193/lib/vscode/resources/app/out/vs/workbench/api/node/extensionHostProcess.js:144:39096)
	at y._remoteCall (/nix/store/3j0nsr6g8fc0kb20hxhvfnsh83bk0fg6-vscodium-1.91.1.24193/lib/vscode/resources/app/out/vs/workbench/api/node/extensionHostProcess.js:151:8166)
	at U.<computed>.F.charCodeAt.R.CharCode.DollarSign.U.<computed> (/nix/store/3j0nsr6g8fc0kb20hxhvfnsh83bk0fg6-vscodium-1.91.1.24193/lib/vscode/resources/app/out/vs/workbench/api/node/extensionHostProcess.js:151:4351)
	at f._doExecuteCommand (/nix/store/3j0nsr6g8fc0kb20hxhvfnsh83bk0fg6-vscodium-1.91.1.24193/lib/vscode/resources/app/out/vs/workbench/api/node/extensionHostProcess.js:154:241286)
	at f.executeCommand (/nix/store/3j0nsr6g8fc0kb20hxhvfnsh83bk0fg6-vscodium-1.91.1.24193/lib/vscode/resources/app/out/vs/workbench/api/node/extensionHostProcess.js:154:240611)
	at k.registerCommand.description (/nix/store/3j0nsr6g8fc0kb20hxhvfnsh83bk0fg6-vscodium-1.91.1.24193/lib/vscode/resources/app/out/vs/workbench/api/node/extensionHostProcess.js:154:239855)
	at f._executeContributedCommand (/nix/store/3j0nsr6g8fc0kb20hxhvfnsh83bk0fg6-vscodium-1.91.1.24193/lib/vscode/resources/app/out/vs/workbench/api/node/extensionHostProcess.js:154:241924)
	at f._doExecuteCommand (/nix/store/3j0nsr6g8fc0kb20hxhvfnsh83bk0fg6-vscodium-1.91.1.24193/lib/vscode/resources/app/out/vs/workbench/api/node/extensionHostProcess.js:154:240744)
	at f.executeCommand (/nix/store/3j0nsr6g8fc0kb20hxhvfnsh83bk0fg6-vscodium-1.91.1.24193/lib/vscode/resources/app/out/vs/workbench/api/node/extensionHostProcess.js:154:240611)
	at Object.executeCommand (/nix/store/3j0nsr6g8fc0kb20hxhvfnsh83bk0fg6-vscodium-1.91.1.24193/lib/vscode/resources/app/out/vs/workbench/api/node/extensionHostProcess.js:164:29715)
	at T.reset (/home/ser/.vscode-oss/extensions/asvetliakov.vscode-neovim-1.18.7-universal/dist/extension.js:2:187723)
	at l.<anonymous> (/home/ser/.vscode-oss/extensions/asvetliakov.vscode-neovim-1.18.7-universal/dist/extension.js:2:421141)
	at l.dispose (/nix/store/3j0nsr6g8fc0kb20hxhvfnsh83bk0fg6-vscodium-1.91.1.24193/lib/vscode/resources/app/out/vs/workbench/api/node/extensionHostProcess.js:152:6342)
	at h (/nix/store/3j0nsr6g8fc0kb20hxhvfnsh83bk0fg6-vscodium-1.91.1.24193/lib/vscode/resources/app/out/vs/workbench/api/node/extensionHostProcess.js:30:758)
	at m._deactivate (/nix/store/3j0nsr6g8fc0kb20hxhvfnsh83bk0fg6-vscodium-1.91.1.24193/lib/vscode/resources/app/out/vs/workbench/api/node/extensionHostProcess.js:160:13048)
	at /nix/store/3j0nsr6g8fc0kb20hxhvfnsh83bk0fg6-vscodium-1.91.1.24193/lib/vscode/resources/app/out/vs/workbench/api/node/extensionHostProcess.js:160:10194
	at Array.map (<anonymous>)
	at m._deactivateAll (/nix/store/3j0nsr6g8fc0kb20hxhvfnsh83bk0fg6-vscodium-1.91.1.24193/lib/vscode/resources/app/out/vs/workbench/api/node/extensionHostProcess.js:160:10181)
	at m.terminate (/nix/store/3j0nsr6g8fc0kb20hxhvfnsh83bk0fg6-vscodium-1.91.1.24193/lib/vscode/resources/app/out/vs/workbench/api/node/extensionHostProcess.js:160:10564)
	at h.terminate (/nix/store/3j0nsr6g8fc0kb20hxhvfnsh83bk0fg6-vscodium-1.91.1.24193/lib/vscode/resources/app/out/vs/workbench/api/node/extensionHostProcess.js:164:1908)
	at i (/nix/store/3j0nsr6g8fc0kb20hxhvfnsh83bk0fg6-vscodium-1.91.1.24193/lib/vscode/resources/app/out/vs/workbench/api/node/extensionHostProcess.js:177:12354)
	at MessagePortMain.<anonymous> (/nix/store/3j0nsr6g8fc0kb20hxhvfnsh83bk0fg6-vscodium-1.91.1.24193/lib/vscode/resources/app/out/vs/workbench/api/node/extensionHostProcess.js:177:8164)
	at MessagePortMain.emit (node:events:514:28)
	at MessagePortMain._internalPort.emit (node:electron/js2c/utility_init:2:2285) setContext undefined
2024-08-23 01:06:11.228 [error] Canceled: Canceled
	at new T (/nix/store/3j0nsr6g8fc0kb20hxhvfnsh83bk0fg6-vscodium-1.91.1.24193/lib/vscode/resources/app/out/vs/workbench/api/node/extensionHostProcess.js:144:39096)
	at y._remoteCall (/nix/store/3j0nsr6g8fc0kb20hxhvfnsh83bk0fg6-vscodium-1.91.1.24193/lib/vscode/resources/app/out/vs/workbench/api/node/extensionHostProcess.js:151:8166)
	at U.<computed>.F.charCodeAt.R.CharCode.DollarSign.U.<computed> (/nix/store/3j0nsr6g8fc0kb20hxhvfnsh83bk0fg6-vscodium-1.91.1.24193/lib/vscode/resources/app/out/vs/workbench/api/node/extensionHostProcess.js:151:4351)
	at f._doExecuteCommand (/nix/store/3j0nsr6g8fc0kb20hxhvfnsh83bk0fg6-vscodium-1.91.1.24193/lib/vscode/resources/app/out/vs/workbench/api/node/extensionHostProcess.js:154:241286)
	at f.executeCommand (/nix/store/3j0nsr6g8fc0kb20hxhvfnsh83bk0fg6-vscodium-1.91.1.24193/lib/vscode/resources/app/out/vs/workbench/api/node/extensionHostProcess.js:154:240611)
	at k.registerCommand.description (/nix/store/3j0nsr6g8fc0kb20hxhvfnsh83bk0fg6-vscodium-1.91.1.24193/lib/vscode/resources/app/out/vs/workbench/api/node/extensionHostProcess.js:154:239855)
	at f._executeContributedCommand (/nix/store/3j0nsr6g8fc0kb20hxhvfnsh83bk0fg6-vscodium-1.91.1.24193/lib/vscode/resources/app/out/vs/workbench/api/node/extensionHostProcess.js:154:241924)
	at f._doExecuteCommand (/nix/store/3j0nsr6g8fc0kb20hxhvfnsh83bk0fg6-vscodium-1.91.1.24193/lib/vscode/resources/app/out/vs/workbench/api/node/extensionHostProcess.js:154:240744)
	at f.executeCommand (/nix/store/3j0nsr6g8fc0kb20hxhvfnsh83bk0fg6-vscodium-1.91.1.24193/lib/vscode/resources/app/out/vs/workbench/api/node/extensionHostProcess.js:154:240611)
	at Object.executeCommand (/nix/store/3j0nsr6g8fc0kb20hxhvfnsh83bk0fg6-vscodium-1.91.1.24193/lib/vscode/resources/app/out/vs/workbench/api/node/extensionHostProcess.js:164:29715)
	at T.reset (/home/ser/.vscode-oss/extensions/asvetliakov.vscode-neovim-1.18.7-universal/dist/extension.js:2:187723)
	at l.<anonymous> (/home/ser/.vscode-oss/extensions/asvetliakov.vscode-neovim-1.18.7-universal/dist/extension.js:2:421141)
	at l.dispose (/nix/store/3j0nsr6g8fc0kb20hxhvfnsh83bk0fg6-vscodium-1.91.1.24193/lib/vscode/resources/app/out/vs/workbench/api/node/extensionHostProcess.js:152:6342)
	at h (/nix/store/3j0nsr6g8fc0kb20hxhvfnsh83bk0fg6-vscodium-1.91.1.24193/lib/vscode/resources/app/out/vs/workbench/api/node/extensionHostProcess.js:30:758)
	at m._deactivate (/nix/store/3j0nsr6g8fc0kb20hxhvfnsh83bk0fg6-vscodium-1.91.1.24193/lib/vscode/resources/app/out/vs/workbench/api/node/extensionHostProcess.js:160:13048)
	at /nix/store/3j0nsr6g8fc0kb20hxhvfnsh83bk0fg6-vscodium-1.91.1.24193/lib/vscode/resources/app/out/vs/workbench/api/node/extensionHostProcess.js:160:10194
	at Array.map (<anonymous>)
	at m._deactivateAll (/nix/store/3j0nsr6g8fc0kb20hxhvfnsh83bk0fg6-vscodium-1.91.1.24193/lib/vscode/resources/app/out/vs/workbench/api/node/extensionHostProcess.js:160:10181)
	at m.terminate (/nix/store/3j0nsr6g8fc0kb20hxhvfnsh83bk0fg6-vscodium-1.91.1.24193/lib/vscode/resources/app/out/vs/workbench/api/node/extensionHostProcess.js:160:10564)
	at h.terminate (/nix/store/3j0nsr6g8fc0kb20hxhvfnsh83bk0fg6-vscodium-1.91.1.24193/lib/vscode/resources/app/out/vs/workbench/api/node/extensionHostProcess.js:164:1908)
	at i (/nix/store/3j0nsr6g8fc0kb20hxhvfnsh83bk0fg6-vscodium-1.91.1.24193/lib/vscode/resources/app/out/vs/workbench/api/node/extensionHostProcess.js:177:12354)
	at MessagePortMain.<anonymous> (/nix/store/3j0nsr6g8fc0kb20hxhvfnsh83bk0fg6-vscodium-1.91.1.24193/lib/vscode/resources/app/out/vs/workbench/api/node/extensionHostProcess.js:177:8164)
	at MessagePortMain.emit (node:events:514:28)
	at MessagePortMain._internalPort.emit (node:electron/js2c/utility_init:2:2285) setContext undefined
2024-08-23 01:06:11.228 [info] Extension host with pid 32729 exiting with code 0
2024-08-23 01:06:11.827 [info] Extension host with pid 32858 started
2024-08-23 01:06:11.827 [info] Skipping acquiring lock for /home/ser/.config/VSCodium/User/workspaceStorage/7a4386decced02b99e03b2912964450d.
2024-08-23 01:06:11.877 [info] ExtensionService#_doActivateExtension vscode.git-base, startup: true, activationEvent: '*'
2024-08-23 01:06:11.884 [info] ExtensionService#_doActivateExtension vscode.github, startup: true, activationEvent: '*'
2024-08-23 01:06:11.890 [info] Eager extensions activated
2024-08-23 01:06:11.891 [info] ExtensionService#_doActivateExtension vscode.debug-auto-launch, startup: false, activationEvent: 'onStartupFinished'
2024-08-23 01:06:11.892 [info] ExtensionService#_doActivateExtension vscode.merge-conflict, startup: false, activationEvent: 'onStartupFinished'
2024-08-23 01:06:14.919 [info] ExtensionService#_doActivateExtension vscode.git, startup: false, activationEvent: 'api', root cause: vscode.github
2024-08-23 01:06:14.956 [info] ExtensionService#_doActivateExtension asvetliakov.vscode-neovim, startup: false, activationEvent: 'onStartupFinished'
2024-08-23 01:06:17.176 [info] ExtensionService#_doActivateExtension vscode.ipynb, startup: false, activationEvent: 'onNotebookSerializer:jupyter-notebook'
2024-08-23 01:06:17.566 [info] ExtensionService#_doActivateExtension vscode.emmet, startup: false, activationEvent: 'onLanguage'
2024-08-23 01:06:58.625 [info] ExtensionService#_doActivateExtension vscode.configuration-editing, startup: false, activationEvent: 'onLanguage:jsonc'
2024-08-23 01:06:58.632 [info] ExtensionService#_doActivateExtension vscode.json-language-features, startup: false, activationEvent: 'onLanguage:jsonc'
2024-08-23 01:06:58.671 [info] ExtensionService#_doActivateExtension vscode.typescript-language-features, startup: false, activationEvent: 'onLanguage:jsonc'
2024-08-23 01:08:11.814 [info] ExtensionService#_doActivateExtension ms-python.python, startup: false, activationEvent: 'onLanguage:python', root cause: ms-python.debugpy
2024-08-23 01:08:11.939 [error] Error: spawn /home/ser/.vscode-oss/extensions/ms-python.python-2024.12.3-universal/python-env-tools/bin/pet ENOENT
	at ChildProcess._handle.onexit (node:internal/child_process:286:19)
	at onErrorNT (node:internal/child_process:484:16)
	at process.processTicksAndRejections (node:internal/process/task_queues:82:21)
2024-08-23 01:08:11.978 [info] ExtensionService#_doActivateExtension ms-python.debugpy, startup: false, activationEvent: 'onLanguage:python'
2024-08-23 01:08:12.907 [info] ExtensionService#_doActivateExtension ms-toolsai.vscode-jupyter-slideshow, startup: false, activationEvent: 'onNotebook:jupyter-notebook'
2024-08-23 01:08:12.912 [info] ExtensionService#_doActivateExtension ms-toolsai.vscode-jupyter-cell-tags, startup: false, activationEvent: 'onNotebook:jupyter-notebook'
2024-08-23 01:08:12.917 [info] ExtensionService#_doActivateExtension ms-toolsai.jupyter, startup: false, activationEvent: 'onLanguage:python'
2024-08-23 01:08:13.134 [info] ExtensionService#_doActivateExtension ms-toolsai.jupyter-renderers, startup: false, activationEvent: 'api', root cause: ms-toolsai.jupyter
2024-08-23 01:08:40.617 [warning] ExtHostTextEditorOptions 'setCursorStyle' failed:'
2024-08-23 01:08:40.617 [warning] Illegal argument: TextEditor(vs.editor.ICodeEditor:1,$model1)
2024-08-23 01:23:29.442 [info] ExtensionService#_doActivateExtension vscode.debug-server-ready, startup: false, activationEvent: 'onDebugResolve'
2024-08-23 01:49:03.728 [info] ExtensionService#_doActivateExtension vscode.extension-editing, startup: false, activationEvent: 'onLanguage:markdown'
2024-08-23 01:49:03.756 [info] ExtensionService#_doActivateExtension vscode.markdown-language-features, startup: false, activationEvent: 'onLanguage:markdown'
2024-08-23 01:49:03.970 [info] ExtensionService#_doActivateExtension vscode.markdown-math, startup: false, activationEvent: 'api', root cause: vscode.markdown-language-features
2024-08-23 01:59:29.908 [warning] ExtHostTextEditorOptions 'setCursorStyle' failed:'
2024-08-23 01:59:29.908 [warning] Illegal argument: TextEditor(vs.editor.ICodeEditor:1,$model57)
2024-08-23 02:24:25.505 [error] Error: nvim_execute_lua: Error executing lua: ...-neovim-1.18.8-universal/runtime/lua/vscode/internal.lua:66: Invalid 'start_col': out of range
stack traceback:
	[C]: in function 'nvim_buf_set_text'
	...-neovim-1.18.8-universal/runtime/lua/vscode/internal.lua:66: in function <...-neovim-1.18.8-universal/runtime/lua/vscode/internal.lua:50>
	at /home/ser/.vscode-oss/extensions/asvetliakov.vscode-neovim-1.18.8-universal/dist/extension.js:2:129307
	at process.processTicksAndRejections (node:internal/process/task_queues:95:5)
2024-08-23 02:24:48.440 [error] Error: nvim_execute_lua: Error executing lua: ...-neovim-1.18.8-universal/runtime/lua/vscode/internal.lua:66: Invalid 'start_col': out of range
stack traceback:
	[C]: in function 'nvim_buf_set_text'
	...-neovim-1.18.8-universal/runtime/lua/vscode/internal.lua:66: in function <...-neovim-1.18.8-universal/runtime/lua/vscode/internal.lua:50>
	at /home/ser/.vscode-oss/extensions/asvetliakov.vscode-neovim-1.18.8-universal/dist/extension.js:2:129307
	at process.processTicksAndRejections (node:internal/process/task_queues:95:5)
2024-08-23 02:25:01.388 [error] Error: nvim_execute_lua: Error executing lua: ...-neovim-1.18.8-universal/runtime/lua/vscode/internal.lua:66: Invalid 'start_col': out of range
stack traceback:
	[C]: in function 'nvim_buf_set_text'
	...-neovim-1.18.8-universal/runtime/lua/vscode/internal.lua:66: in function <...-neovim-1.18.8-universal/runtime/lua/vscode/internal.lua:50>
	at /home/ser/.vscode-oss/extensions/asvetliakov.vscode-neovim-1.18.8-universal/dist/extension.js:2:129307
	at process.processTicksAndRejections (node:internal/process/task_queues:95:5)
2024-08-23 02:25:02.846 [error] Error: nvim_execute_lua: Error executing lua: ...-neovim-1.18.8-universal/runtime/lua/vscode/internal.lua:66: Invalid 'start_col': out of range
stack traceback:
	[C]: in function 'nvim_buf_set_text'
	...-neovim-1.18.8-universal/runtime/lua/vscode/internal.lua:66: in function <...-neovim-1.18.8-universal/runtime/lua/vscode/internal.lua:50>
	at /home/ser/.vscode-oss/extensions/asvetliakov.vscode-neovim-1.18.8-universal/dist/extension.js:2:129307
	at process.processTicksAndRejections (node:internal/process/task_queues:95:5)
2024-08-23 02:25:07.159 [error] Error: nvim_execute_lua: Error executing lua: ...-neovim-1.18.8-universal/runtime/lua/vscode/internal.lua:66: Invalid 'start_row': out of range
stack traceback:
	[C]: in function 'nvim_buf_set_text'
	...-neovim-1.18.8-universal/runtime/lua/vscode/internal.lua:66: in function <...-neovim-1.18.8-universal/runtime/lua/vscode/internal.lua:50>
	at /home/ser/.vscode-oss/extensions/asvetliakov.vscode-neovim-1.18.8-universal/dist/extension.js:2:129307
	at process.processTicksAndRejections (node:internal/process/task_queues:95:5)
2024-08-23 02:25:07.353 [error] Error: nvim_execute_lua: Error executing lua: ...-neovim-1.18.8-universal/runtime/lua/vscode/internal.lua:66: Invalid 'start_row': out of range
stack traceback:
	[C]: in function 'nvim_buf_set_text'
	...-neovim-1.18.8-universal/runtime/lua/vscode/internal.lua:66: in function <...-neovim-1.18.8-universal/runtime/lua/vscode/internal.lua:50>
	at /home/ser/.vscode-oss/extensions/asvetliakov.vscode-neovim-1.18.8-universal/dist/extension.js:2:129307
	at process.processTicksAndRejections (node:internal/process/task_queues:95:5)
2024-08-23 02:25:07.555 [error] Error: nvim_execute_lua: Error executing lua: ...-neovim-1.18.8-universal/runtime/lua/vscode/internal.lua:66: Invalid 'start_row': out of range
stack traceback:
	[C]: in function 'nvim_buf_set_text'
	...-neovim-1.18.8-universal/runtime/lua/vscode/internal.lua:66: in function <...-neovim-1.18.8-universal/runtime/lua/vscode/internal.lua:50>
	at /home/ser/.vscode-oss/extensions/asvetliakov.vscode-neovim-1.18.8-universal/dist/extension.js:2:129307
	at process.processTicksAndRejections (node:internal/process/task_queues:95:5)
2024-08-23 02:25:08.172 [error] Error: nvim_execute_lua: Error executing lua: ...-neovim-1.18.8-universal/runtime/lua/vscode/internal.lua:66: Invalid 'start_row': out of range
stack traceback:
	[C]: in function 'nvim_buf_set_text'
	...-neovim-1.18.8-universal/runtime/lua/vscode/internal.lua:66: in function <...-neovim-1.18.8-universal/runtime/lua/vscode/internal.lua:50>
	at /home/ser/.vscode-oss/extensions/asvetliakov.vscode-neovim-1.18.8-universal/dist/extension.js:2:129307
	at process.processTicksAndRejections (node:internal/process/task_queues:95:5)
2024-08-23 02:25:08.329 [error] Error: nvim_execute_lua: Error executing lua: ...-neovim-1.18.8-universal/runtime/lua/vscode/internal.lua:66: Invalid 'start_row': out of range
stack traceback:
	[C]: in function 'nvim_buf_set_text'
	...-neovim-1.18.8-universal/runtime/lua/vscode/internal.lua:66: in function <...-neovim-1.18.8-universal/runtime/lua/vscode/internal.lua:50>
	at /home/ser/.vscode-oss/extensions/asvetliakov.vscode-neovim-1.18.8-universal/dist/extension.js:2:129307
	at process.processTicksAndRejections (node:internal/process/task_queues:95:5)
2024-08-23 02:25:08.911 [error] Error: nvim_execute_lua: Error executing lua: ...-neovim-1.18.8-universal/runtime/lua/vscode/internal.lua:66: Invalid 'start_row': out of range
stack traceback:
	[C]: in function 'nvim_buf_set_text'
	...-neovim-1.18.8-universal/runtime/lua/vscode/internal.lua:66: in function <...-neovim-1.18.8-universal/runtime/lua/vscode/internal.lua:50>
	at /home/ser/.vscode-oss/extensions/asvetliakov.vscode-neovim-1.18.8-universal/dist/extension.js:2:129307
	at process.processTicksAndRejections (node:internal/process/task_queues:95:5)
2024-08-23 02:25:15.668 [error] Error: nvim_execute_lua: Error executing lua: ...-neovim-1.18.8-universal/runtime/lua/vscode/internal.lua:66: Invalid 'start_row': out of range
stack traceback:
	[C]: in function 'nvim_buf_set_text'
	...-neovim-1.18.8-universal/runtime/lua/vscode/internal.lua:66: in function <...-neovim-1.18.8-universal/runtime/lua/vscode/internal.lua:50>
	at /home/ser/.vscode-oss/extensions/asvetliakov.vscode-neovim-1.18.8-universal/dist/extension.js:2:129307
	at process.processTicksAndRejections (node:internal/process/task_queues:95:5)
2024-08-23 02:25:15.898 [error] Error: nvim_execute_lua: Error executing lua: ...-neovim-1.18.8-universal/runtime/lua/vscode/internal.lua:66: Invalid 'start_row': out of range
stack traceback:
	[C]: in function 'nvim_buf_set_text'
	...-neovim-1.18.8-universal/runtime/lua/vscode/internal.lua:66: in function <...-neovim-1.18.8-universal/runtime/lua/vscode/internal.lua:50>
	at /home/ser/.vscode-oss/extensions/asvetliakov.vscode-neovim-1.18.8-universal/dist/extension.js:2:129307
	at process.processTicksAndRejections (node:internal/process/task_queues:95:5)
2024-08-23 02:25:16.557 [error] Error: nvim_execute_lua: Error executing lua: ...-neovim-1.18.8-universal/runtime/lua/vscode/internal.lua:66: Invalid 'start_row': out of range
stack traceback:
	[C]: in function 'nvim_buf_set_text'
	...-neovim-1.18.8-universal/runtime/lua/vscode/internal.lua:66: in function <...-neovim-1.18.8-universal/runtime/lua/vscode/internal.lua:50>
	at /home/ser/.vscode-oss/extensions/asvetliakov.vscode-neovim-1.18.8-universal/dist/extension.js:2:129307
	at process.processTicksAndRejections (node:internal/process/task_queues:95:5)
2024-08-23 02:25:16.598 [error] Error: nvim_execute_lua: Error executing lua: ...-neovim-1.18.8-universal/runtime/lua/vscode/internal.lua:66: Invalid 'start_row': out of range
stack traceback:
	[C]: in function 'nvim_buf_set_text'
	...-neovim-1.18.8-universal/runtime/lua/vscode/internal.lua:66: in function <...-neovim-1.18.8-universal/runtime/lua/vscode/internal.lua:50>
	at /home/ser/.vscode-oss/extensions/asvetliakov.vscode-neovim-1.18.8-universal/dist/extension.js:2:129307
	at process.processTicksAndRejections (node:internal/process/task_queues:95:5)
2024-08-23 02:25:16.637 [error] Error: nvim_execute_lua: Error executing lua: ...-neovim-1.18.8-universal/runtime/lua/vscode/internal.lua:66: Invalid 'start_row': out of range
stack traceback:
	[C]: in function 'nvim_buf_set_text'
	...-neovim-1.18.8-universal/runtime/lua/vscode/internal.lua:66: in function <...-neovim-1.18.8-universal/runtime/lua/vscode/internal.lua:50>
	at /home/ser/.vscode-oss/extensions/asvetliakov.vscode-neovim-1.18.8-universal/dist/extension.js:2:129307
	at process.processTicksAndRejections (node:internal/process/task_queues:95:5)
2024-08-23 02:25:16.676 [error] Error: nvim_execute_lua: Error executing lua: ...-neovim-1.18.8-universal/runtime/lua/vscode/internal.lua:66: Invalid 'start_row': out of range
stack traceback:
	[C]: in function 'nvim_buf_set_text'
	...-neovim-1.18.8-universal/runtime/lua/vscode/internal.lua:66: in function <...-neovim-1.18.8-universal/runtime/lua/vscode/internal.lua:50>
	at /home/ser/.vscode-oss/extensions/asvetliakov.vscode-neovim-1.18.8-universal/dist/extension.js:2:129307
	at process.processTicksAndRejections (node:internal/process/task_queues:95:5)
2024-08-23 02:25:16.718 [error] Error: nvim_execute_lua: Error executing lua: ...-neovim-1.18.8-universal/runtime/lua/vscode/internal.lua:66: Invalid 'start_row': out of range
stack traceback:
	[C]: in function 'nvim_buf_set_text'
	...-neovim-1.18.8-universal/runtime/lua/vscode/internal.lua:66: in function <...-neovim-1.18.8-universal/runtime/lua/vscode/internal.lua:50>
	at /home/ser/.vscode-oss/extensions/asvetliakov.vscode-neovim-1.18.8-universal/dist/extension.js:2:129307
	at process.processTicksAndRejections (node:internal/process/task_queues:95:5)
2024-08-23 02:25:16.758 [error] Error: nvim_execute_lua: Error executing lua: ...-neovim-1.18.8-universal/runtime/lua/vscode/internal.lua:66: Invalid 'start_row': out of range
stack traceback:
	[C]: in function 'nvim_buf_set_text'
	...-neovim-1.18.8-universal/runtime/lua/vscode/internal.lua:66: in function <...-neovim-1.18.8-universal/runtime/lua/vscode/internal.lua:50>
	at /home/ser/.vscode-oss/extensions/asvetliakov.vscode-neovim-1.18.8-universal/dist/extension.js:2:129307
	at process.processTicksAndRejections (node:internal/process/task_queues:95:5)
2024-08-23 02:25:16.797 [error] Error: nvim_execute_lua: Error executing lua: ...-neovim-1.18.8-universal/runtime/lua/vscode/internal.lua:66: Invalid 'start_row': out of range
stack traceback:
	[C]: in function 'nvim_buf_set_text'
	...-neovim-1.18.8-universal/runtime/lua/vscode/internal.lua:66: in function <...-neovim-1.18.8-universal/runtime/lua/vscode/internal.lua:50>
	at /home/ser/.vscode-oss/extensions/asvetliakov.vscode-neovim-1.18.8-universal/dist/extension.js:2:129307
	at process.processTicksAndRejections (node:internal/process/task_queues:95:5)
2024-08-23 02:25:17.090 [error] Error: nvim_execute_lua: Error executing lua: ...-neovim-1.18.8-universal/runtime/lua/vscode/internal.lua:66: Invalid 'start_row': out of range
stack traceback:
	[C]: in function 'nvim_buf_set_text'
	...-neovim-1.18.8-universal/runtime/lua/vscode/internal.lua:66: in function <...-neovim-1.18.8-universal/runtime/lua/vscode/internal.lua:50>
	at /home/ser/.vscode-oss/extensions/asvetliakov.vscode-neovim-1.18.8-universal/dist/extension.js:2:129307
	at process.processTicksAndRejections (node:internal/process/task_queues:95:5)
2024-08-23 02:25:17.326 [error] Error: nvim_execute_lua: Error executing lua: ...-neovim-1.18.8-universal/runtime/lua/vscode/internal.lua:66: Invalid 'start_row': out of range
stack traceback:
	[C]: in function 'nvim_buf_set_text'
	...-neovim-1.18.8-universal/runtime/lua/vscode/internal.lua:66: in function <...-neovim-1.18.8-universal/runtime/lua/vscode/internal.lua:50>
	at /home/ser/.vscode-oss/extensions/asvetliakov.vscode-neovim-1.18.8-universal/dist/extension.js:2:129307
	at process.processTicksAndRejections (node:internal/process/task_queues:95:5)
2024-08-23 02:25:17.625 [error] Error: nvim_execute_lua: Error executing lua: ...-neovim-1.18.8-universal/runtime/lua/vscode/internal.lua:66: Invalid 'start_row': out of range
stack traceback:
	[C]: in function 'nvim_buf_set_text'
	...-neovim-1.18.8-universal/runtime/lua/vscode/internal.lua:66: in function <...-neovim-1.18.8-universal/runtime/lua/vscode/internal.lua:50>
	at /home/ser/.vscode-oss/extensions/asvetliakov.vscode-neovim-1.18.8-universal/dist/extension.js:2:129307
	at process.processTicksAndRejections (node:internal/process/task_queues:95:5)
2024-08-23 02:29:20.102 [info] Extension host terminating: renderer closed the MessagePort
2024-08-23 02:29:20.208 [warning] ExtHostTextEditorOptions 'setCursorStyle' failed:'
2024-08-23 02:29:20.208 [warning] Canceled
2024-08-23 02:29:20.208 [warning] ExtHostTextEditorOptions 'setCursorStyle' failed:'
2024-08-23 02:29:20.209 [warning] Canceled
2024-08-23 02:29:20.211 [error] Canceled: Canceled
	at new T (/nix/store/3j0nsr6g8fc0kb20hxhvfnsh83bk0fg6-vscodium-1.91.1.24193/lib/vscode/resources/app/out/vs/workbench/api/node/extensionHostProcess.js:144:39096)
	at y._remoteCall (/nix/store/3j0nsr6g8fc0kb20hxhvfnsh83bk0fg6-vscodium-1.91.1.24193/lib/vscode/resources/app/out/vs/workbench/api/node/extensionHostProcess.js:151:8166)
	at U.<computed>.F.charCodeAt.R.CharCode.DollarSign.U.<computed> (/nix/store/3j0nsr6g8fc0kb20hxhvfnsh83bk0fg6-vscodium-1.91.1.24193/lib/vscode/resources/app/out/vs/workbench/api/node/extensionHostProcess.js:151:4351)
	at f._doExecuteCommand (/nix/store/3j0nsr6g8fc0kb20hxhvfnsh83bk0fg6-vscodium-1.91.1.24193/lib/vscode/resources/app/out/vs/workbench/api/node/extensionHostProcess.js:154:241286)
	at f.executeCommand (/nix/store/3j0nsr6g8fc0kb20hxhvfnsh83bk0fg6-vscodium-1.91.1.24193/lib/vscode/resources/app/out/vs/workbench/api/node/extensionHostProcess.js:154:240611)
	at k.registerCommand.description (/nix/store/3j0nsr6g8fc0kb20hxhvfnsh83bk0fg6-vscodium-1.91.1.24193/lib/vscode/resources/app/out/vs/workbench/api/node/extensionHostProcess.js:154:239855)
	at f._executeContributedCommand (/nix/store/3j0nsr6g8fc0kb20hxhvfnsh83bk0fg6-vscodium-1.91.1.24193/lib/vscode/resources/app/out/vs/workbench/api/node/extensionHostProcess.js:154:241924)
	at f._doExecuteCommand (/nix/store/3j0nsr6g8fc0kb20hxhvfnsh83bk0fg6-vscodium-1.91.1.24193/lib/vscode/resources/app/out/vs/workbench/api/node/extensionHostProcess.js:154:240744)
	at f.executeCommand (/nix/store/3j0nsr6g8fc0kb20hxhvfnsh83bk0fg6-vscodium-1.91.1.24193/lib/vscode/resources/app/out/vs/workbench/api/node/extensionHostProcess.js:154:240611)
	at Object.executeCommand (/nix/store/3j0nsr6g8fc0kb20hxhvfnsh83bk0fg6-vscodium-1.91.1.24193/lib/vscode/resources/app/out/vs/workbench/api/node/extensionHostProcess.js:164:29715)
	at T.reset (/home/ser/.vscode-oss/extensions/asvetliakov.vscode-neovim-1.18.8-universal/dist/extension.js:2:187723)
	at l.<anonymous> (/home/ser/.vscode-oss/extensions/asvetliakov.vscode-neovim-1.18.8-universal/dist/extension.js:2:406042)
	at l.dispose (/nix/store/3j0nsr6g8fc0kb20hxhvfnsh83bk0fg6-vscodium-1.91.1.24193/lib/vscode/resources/app/out/vs/workbench/api/node/extensionHostProcess.js:152:6342)
	at h (/nix/store/3j0nsr6g8fc0kb20hxhvfnsh83bk0fg6-vscodium-1.91.1.24193/lib/vscode/resources/app/out/vs/workbench/api/node/extensionHostProcess.js:30:758)
	at m._deactivate (/nix/store/3j0nsr6g8fc0kb20hxhvfnsh83bk0fg6-vscodium-1.91.1.24193/lib/vscode/resources/app/out/vs/workbench/api/node/extensionHostProcess.js:160:13048)
	at /nix/store/3j0nsr6g8fc0kb20hxhvfnsh83bk0fg6-vscodium-1.91.1.24193/lib/vscode/resources/app/out/vs/workbench/api/node/extensionHostProcess.js:160:10194
	at Array.map (<anonymous>)
	at m._deactivateAll (/nix/store/3j0nsr6g8fc0kb20hxhvfnsh83bk0fg6-vscodium-1.91.1.24193/lib/vscode/resources/app/out/vs/workbench/api/node/extensionHostProcess.js:160:10181)
	at m.terminate (/nix/store/3j0nsr6g8fc0kb20hxhvfnsh83bk0fg6-vscodium-1.91.1.24193/lib/vscode/resources/app/out/vs/workbench/api/node/extensionHostProcess.js:160:10564)
	at h.terminate (/nix/store/3j0nsr6g8fc0kb20hxhvfnsh83bk0fg6-vscodium-1.91.1.24193/lib/vscode/resources/app/out/vs/workbench/api/node/extensionHostProcess.js:164:1908)
	at i (/nix/store/3j0nsr6g8fc0kb20hxhvfnsh83bk0fg6-vscodium-1.91.1.24193/lib/vscode/resources/app/out/vs/workbench/api/node/extensionHostProcess.js:177:12354)
	at MessagePortMain.<anonymous> (/nix/store/3j0nsr6g8fc0kb20hxhvfnsh83bk0fg6-vscodium-1.91.1.24193/lib/vscode/resources/app/out/vs/workbench/api/node/extensionHostProcess.js:177:8164)
	at MessagePortMain.emit (node:events:514:28)
	at MessagePortMain._internalPort.emit (node:electron/js2c/utility_init:2:2285) setContext undefined
2024-08-23 02:29:20.211 [error] Canceled: Canceled
	at new T (/nix/store/3j0nsr6g8fc0kb20hxhvfnsh83bk0fg6-vscodium-1.91.1.24193/lib/vscode/resources/app/out/vs/workbench/api/node/extensionHostProcess.js:144:39096)
	at y._remoteCall (/nix/store/3j0nsr6g8fc0kb20hxhvfnsh83bk0fg6-vscodium-1.91.1.24193/lib/vscode/resources/app/out/vs/workbench/api/node/extensionHostProcess.js:151:8166)
	at U.<computed>.F.charCodeAt.R.CharCode.DollarSign.U.<computed> (/nix/store/3j0nsr6g8fc0kb20hxhvfnsh83bk0fg6-vscodium-1.91.1.24193/lib/vscode/resources/app/out/vs/workbench/api/node/extensionHostProcess.js:151:4351)
	at f._doExecuteCommand (/nix/store/3j0nsr6g8fc0kb20hxhvfnsh83bk0fg6-vscodium-1.91.1.24193/lib/vscode/resources/app/out/vs/workbench/api/node/extensionHostProcess.js:154:241286)
	at f.executeCommand (/nix/store/3j0nsr6g8fc0kb20hxhvfnsh83bk0fg6-vscodium-1.91.1.24193/lib/vscode/resources/app/out/vs/workbench/api/node/extensionHostProcess.js:154:240611)
	at k.registerCommand.description (/nix/store/3j0nsr6g8fc0kb20hxhvfnsh83bk0fg6-vscodium-1.91.1.24193/lib/vscode/resources/app/out/vs/workbench/api/node/extensionHostProcess.js:154:239855)
	at f._executeContributedCommand (/nix/store/3j0nsr6g8fc0kb20hxhvfnsh83bk0fg6-vscodium-1.91.1.24193/lib/vscode/resources/app/out/vs/workbench/api/node/extensionHostProcess.js:154:241924)
	at f._doExecuteCommand (/nix/store/3j0nsr6g8fc0kb20hxhvfnsh83bk0fg6-vscodium-1.91.1.24193/lib/vscode/resources/app/out/vs/workbench/api/node/extensionHostProcess.js:154:240744)
	at f.executeCommand (/nix/store/3j0nsr6g8fc0kb20hxhvfnsh83bk0fg6-vscodium-1.91.1.24193/lib/vscode/resources/app/out/vs/workbench/api/node/extensionHostProcess.js:154:240611)
	at Object.executeCommand (/nix/store/3j0nsr6g8fc0kb20hxhvfnsh83bk0fg6-vscodium-1.91.1.24193/lib/vscode/resources/app/out/vs/workbench/api/node/extensionHostProcess.js:164:29715)
	at T.reset (/home/ser/.vscode-oss/extensions/asvetliakov.vscode-neovim-1.18.8-universal/dist/extension.js:2:187723)
	at l.<anonymous> (/home/ser/.vscode-oss/extensions/asvetliakov.vscode-neovim-1.18.8-universal/dist/extension.js:2:406042)
	at l.dispose (/nix/store/3j0nsr6g8fc0kb20hxhvfnsh83bk0fg6-vscodium-1.91.1.24193/lib/vscode/resources/app/out/vs/workbench/api/node/extensionHostProcess.js:152:6342)
	at h (/nix/store/3j0nsr6g8fc0kb20hxhvfnsh83bk0fg6-vscodium-1.91.1.24193/lib/vscode/resources/app/out/vs/workbench/api/node/extensionHostProcess.js:30:758)
	at m._deactivate (/nix/store/3j0nsr6g8fc0kb20hxhvfnsh83bk0fg6-vscodium-1.91.1.24193/lib/vscode/resources/app/out/vs/workbench/api/node/extensionHostProcess.js:160:13048)
	at /nix/store/3j0nsr6g8fc0kb20hxhvfnsh83bk0fg6-vscodium-1.91.1.24193/lib/vscode/resources/app/out/vs/workbench/api/node/extensionHostProcess.js:160:10194
	at Array.map (<anonymous>)
	at m._deactivateAll (/nix/store/3j0nsr6g8fc0kb20hxhvfnsh83bk0fg6-vscodium-1.91.1.24193/lib/vscode/resources/app/out/vs/workbench/api/node/extensionHostProcess.js:160:10181)
	at m.terminate (/nix/store/3j0nsr6g8fc0kb20hxhvfnsh83bk0fg6-vscodium-1.91.1.24193/lib/vscode/resources/app/out/vs/workbench/api/node/extensionHostProcess.js:160:10564)
	at h.terminate (/nix/store/3j0nsr6g8fc0kb20hxhvfnsh83bk0fg6-vscodium-1.91.1.24193/lib/vscode/resources/app/out/vs/workbench/api/node/extensionHostProcess.js:164:1908)
	at i (/nix/store/3j0nsr6g8fc0kb20hxhvfnsh83bk0fg6-vscodium-1.91.1.24193/lib/vscode/resources/app/out/vs/workbench/api/node/extensionHostProcess.js:177:12354)
	at MessagePortMain.<anonymous> (/nix/store/3j0nsr6g8fc0kb20hxhvfnsh83bk0fg6-vscodium-1.91.1.24193/lib/vscode/resources/app/out/vs/workbench/api/node/extensionHostProcess.js:177:8164)
	at MessagePortMain.emit (node:events:514:28)
	at MessagePortMain._internalPort.emit (node:electron/js2c/utility_init:2:2285) setContext undefined
2024-08-23 02:29:20.211 [error] Canceled: Canceled
	at new T (/nix/store/3j0nsr6g8fc0kb20hxhvfnsh83bk0fg6-vscodium-1.91.1.24193/lib/vscode/resources/app/out/vs/workbench/api/node/extensionHostProcess.js:144:39096)
	at y._remoteCall (/nix/store/3j0nsr6g8fc0kb20hxhvfnsh83bk0fg6-vscodium-1.91.1.24193/lib/vscode/resources/app/out/vs/workbench/api/node/extensionHostProcess.js:151:8166)
	at U.<computed>.F.charCodeAt.R.CharCode.DollarSign.U.<computed> (/nix/store/3j0nsr6g8fc0kb20hxhvfnsh83bk0fg6-vscodium-1.91.1.24193/lib/vscode/resources/app/out/vs/workbench/api/node/extensionHostProcess.js:151:4351)
	at f._doExecuteCommand (/nix/store/3j0nsr6g8fc0kb20hxhvfnsh83bk0fg6-vscodium-1.91.1.24193/lib/vscode/resources/app/out/vs/workbench/api/node/extensionHostProcess.js:154:241286)
	at f.executeCommand (/nix/store/3j0nsr6g8fc0kb20hxhvfnsh83bk0fg6-vscodium-1.91.1.24193/lib/vscode/resources/app/out/vs/workbench/api/node/extensionHostProcess.js:154:240611)
	at k.registerCommand.description (/nix/store/3j0nsr6g8fc0kb20hxhvfnsh83bk0fg6-vscodium-1.91.1.24193/lib/vscode/resources/app/out/vs/workbench/api/node/extensionHostProcess.js:154:239855)
	at f._executeContributedCommand (/nix/store/3j0nsr6g8fc0kb20hxhvfnsh83bk0fg6-vscodium-1.91.1.24193/lib/vscode/resources/app/out/vs/workbench/api/node/extensionHostProcess.js:154:241924)
	at f._doExecuteCommand (/nix/store/3j0nsr6g8fc0kb20hxhvfnsh83bk0fg6-vscodium-1.91.1.24193/lib/vscode/resources/app/out/vs/workbench/api/node/extensionHostProcess.js:154:240744)
	at f.executeCommand (/nix/store/3j0nsr6g8fc0kb20hxhvfnsh83bk0fg6-vscodium-1.91.1.24193/lib/vscode/resources/app/out/vs/workbench/api/node/extensionHostProcess.js:154:240611)
	at Object.executeCommand (/nix/store/3j0nsr6g8fc0kb20hxhvfnsh83bk0fg6-vscodium-1.91.1.24193/lib/vscode/resources/app/out/vs/workbench/api/node/extensionHostProcess.js:164:29715)
	at T.reset (/home/ser/.vscode-oss/extensions/asvetliakov.vscode-neovim-1.18.8-universal/dist/extension.js:2:187723)
	at l.<anonymous> (/home/ser/.vscode-oss/extensions/asvetliakov.vscode-neovim-1.18.8-universal/dist/extension.js:2:406042)
	at l.dispose (/nix/store/3j0nsr6g8fc0kb20hxhvfnsh83bk0fg6-vscodium-1.91.1.24193/lib/vscode/resources/app/out/vs/workbench/api/node/extensionHostProcess.js:152:6342)
	at h (/nix/store/3j0nsr6g8fc0kb20hxhvfnsh83bk0fg6-vscodium-1.91.1.24193/lib/vscode/resources/app/out/vs/workbench/api/node/extensionHostProcess.js:30:758)
	at m._deactivate (/nix/store/3j0nsr6g8fc0kb20hxhvfnsh83bk0fg6-vscodium-1.91.1.24193/lib/vscode/resources/app/out/vs/workbench/api/node/extensionHostProcess.js:160:13048)
	at /nix/store/3j0nsr6g8fc0kb20hxhvfnsh83bk0fg6-vscodium-1.91.1.24193/lib/vscode/resources/app/out/vs/workbench/api/node/extensionHostProcess.js:160:10194
	at Array.map (<anonymous>)
	at m._deactivateAll (/nix/store/3j0nsr6g8fc0kb20hxhvfnsh83bk0fg6-vscodium-1.91.1.24193/lib/vscode/resources/app/out/vs/workbench/api/node/extensionHostProcess.js:160:10181)
	at m.terminate (/nix/store/3j0nsr6g8fc0kb20hxhvfnsh83bk0fg6-vscodium-1.91.1.24193/lib/vscode/resources/app/out/vs/workbench/api/node/extensionHostProcess.js:160:10564)
	at h.terminate (/nix/store/3j0nsr6g8fc0kb20hxhvfnsh83bk0fg6-vscodium-1.91.1.24193/lib/vscode/resources/app/out/vs/workbench/api/node/extensionHostProcess.js:164:1908)
	at i (/nix/store/3j0nsr6g8fc0kb20hxhvfnsh83bk0fg6-vscodium-1.91.1.24193/lib/vscode/resources/app/out/vs/workbench/api/node/extensionHostProcess.js:177:12354)
	at MessagePortMain.<anonymous> (/nix/store/3j0nsr6g8fc0kb20hxhvfnsh83bk0fg6-vscodium-1.91.1.24193/lib/vscode/resources/app/out/vs/workbench/api/node/extensionHostProcess.js:177:8164)
	at MessagePortMain.emit (node:events:514:28)
	at MessagePortMain._internalPort.emit (node:electron/js2c/utility_init:2:2285) setContext undefined
2024-08-23 02:29:20.211 [error] Canceled: Canceled
	at new T (/nix/store/3j0nsr6g8fc0kb20hxhvfnsh83bk0fg6-vscodium-1.91.1.24193/lib/vscode/resources/app/out/vs/workbench/api/node/extensionHostProcess.js:144:39096)
	at y._remoteCall (/nix/store/3j0nsr6g8fc0kb20hxhvfnsh83bk0fg6-vscodium-1.91.1.24193/lib/vscode/resources/app/out/vs/workbench/api/node/extensionHostProcess.js:151:8166)
	at U.<computed>.F.charCodeAt.R.CharCode.DollarSign.U.<computed> (/nix/store/3j0nsr6g8fc0kb20hxhvfnsh83bk0fg6-vscodium-1.91.1.24193/lib/vscode/resources/app/out/vs/workbench/api/node/extensionHostProcess.js:151:4351)
	at f._doExecuteCommand (/nix/store/3j0nsr6g8fc0kb20hxhvfnsh83bk0fg6-vscodium-1.91.1.24193/lib/vscode/resources/app/out/vs/workbench/api/node/extensionHostProcess.js:154:241286)
	at f.executeCommand (/nix/store/3j0nsr6g8fc0kb20hxhvfnsh83bk0fg6-vscodium-1.91.1.24193/lib/vscode/resources/app/out/vs/workbench/api/node/extensionHostProcess.js:154:240611)
	at k.registerCommand.description (/nix/store/3j0nsr6g8fc0kb20hxhvfnsh83bk0fg6-vscodium-1.91.1.24193/lib/vscode/resources/app/out/vs/workbench/api/node/extensionHostProcess.js:154:239855)
	at f._executeContributedCommand (/nix/store/3j0nsr6g8fc0kb20hxhvfnsh83bk0fg6-vscodium-1.91.1.24193/lib/vscode/resources/app/out/vs/workbench/api/node/extensionHostProcess.js:154:241924)
	at f._doExecuteCommand (/nix/store/3j0nsr6g8fc0kb20hxhvfnsh83bk0fg6-vscodium-1.91.1.24193/lib/vscode/resources/app/out/vs/workbench/api/node/extensionHostProcess.js:154:240744)
	at f.executeCommand (/nix/store/3j0nsr6g8fc0kb20hxhvfnsh83bk0fg6-vscodium-1.91.1.24193/lib/vscode/resources/app/out/vs/workbench/api/node/extensionHostProcess.js:154:240611)
	at Object.executeCommand (/nix/store/3j0nsr6g8fc0kb20hxhvfnsh83bk0fg6-vscodium-1.91.1.24193/lib/vscode/resources/app/out/vs/workbench/api/node/extensionHostProcess.js:164:29715)
	at T.reset (/home/ser/.vscode-oss/extensions/asvetliakov.vscode-neovim-1.18.8-universal/dist/extension.js:2:187723)
	at l.<anonymous> (/home/ser/.vscode-oss/extensions/asvetliakov.vscode-neovim-1.18.8-universal/dist/extension.js:2:406042)
	at l.dispose (/nix/store/3j0nsr6g8fc0kb20hxhvfnsh83bk0fg6-vscodium-1.91.1.24193/lib/vscode/resources/app/out/vs/workbench/api/node/extensionHostProcess.js:152:6342)
	at h (/nix/store/3j0nsr6g8fc0kb20hxhvfnsh83bk0fg6-vscodium-1.91.1.24193/lib/vscode/resources/app/out/vs/workbench/api/node/extensionHostProcess.js:30:758)
	at m._deactivate (/nix/store/3j0nsr6g8fc0kb20hxhvfnsh83bk0fg6-vscodium-1.91.1.24193/lib/vscode/resources/app/out/vs/workbench/api/node/extensionHostProcess.js:160:13048)
	at /nix/store/3j0nsr6g8fc0kb20hxhvfnsh83bk0fg6-vscodium-1.91.1.24193/lib/vscode/resources/app/out/vs/workbench/api/node/extensionHostProcess.js:160:10194
	at Array.map (<anonymous>)
	at m._deactivateAll (/nix/store/3j0nsr6g8fc0kb20hxhvfnsh83bk0fg6-vscodium-1.91.1.24193/lib/vscode/resources/app/out/vs/workbench/api/node/extensionHostProcess.js:160:10181)
	at m.terminate (/nix/store/3j0nsr6g8fc0kb20hxhvfnsh83bk0fg6-vscodium-1.91.1.24193/lib/vscode/resources/app/out/vs/workbench/api/node/extensionHostProcess.js:160:10564)
	at h.terminate (/nix/store/3j0nsr6g8fc0kb20hxhvfnsh83bk0fg6-vscodium-1.91.1.24193/lib/vscode/resources/app/out/vs/workbench/api/node/extensionHostProcess.js:164:1908)
	at i (/nix/store/3j0nsr6g8fc0kb20hxhvfnsh83bk0fg6-vscodium-1.91.1.24193/lib/vscode/resources/app/out/vs/workbench/api/node/extensionHostProcess.js:177:12354)
	at MessagePortMain.<anonymous> (/nix/store/3j0nsr6g8fc0kb20hxhvfnsh83bk0fg6-vscodium-1.91.1.24193/lib/vscode/resources/app/out/vs/workbench/api/node/extensionHostProcess.js:177:8164)
	at MessagePortMain.emit (node:events:514:28)
	at MessagePortMain._internalPort.emit (node:electron/js2c/utility_init:2:2285) setContext undefined
2024-08-23 02:29:20.211 [error] Canceled: Canceled
	at new T (/nix/store/3j0nsr6g8fc0kb20hxhvfnsh83bk0fg6-vscodium-1.91.1.24193/lib/vscode/resources/app/out/vs/workbench/api/node/extensionHostProcess.js:144:39096)
	at y._remoteCall (/nix/store/3j0nsr6g8fc0kb20hxhvfnsh83bk0fg6-vscodium-1.91.1.24193/lib/vscode/resources/app/out/vs/workbench/api/node/extensionHostProcess.js:151:8166)
	at U.<computed>.F.charCodeAt.R.CharCode.DollarSign.U.<computed> (/nix/store/3j0nsr6g8fc0kb20hxhvfnsh83bk0fg6-vscodium-1.91.1.24193/lib/vscode/resources/app/out/vs/workbench/api/node/extensionHostProcess.js:151:4351)
	at f._doExecuteCommand (/nix/store/3j0nsr6g8fc0kb20hxhvfnsh83bk0fg6-vscodium-1.91.1.24193/lib/vscode/resources/app/out/vs/workbench/api/node/extensionHostProcess.js:154:241286)
	at f.executeCommand (/nix/store/3j0nsr6g8fc0kb20hxhvfnsh83bk0fg6-vscodium-1.91.1.24193/lib/vscode/resources/app/out/vs/workbench/api/node/extensionHostProcess.js:154:240611)
	at k.registerCommand.description (/nix/store/3j0nsr6g8fc0kb20hxhvfnsh83bk0fg6-vscodium-1.91.1.24193/lib/vscode/resources/app/out/vs/workbench/api/node/extensionHostProcess.js:154:239855)
	at f._executeContributedCommand (/nix/store/3j0nsr6g8fc0kb20hxhvfnsh83bk0fg6-vscodium-1.91.1.24193/lib/vscode/resources/app/out/vs/workbench/api/node/extensionHostProcess.js:154:241924)
	at f._doExecuteCommand (/nix/store/3j0nsr6g8fc0kb20hxhvfnsh83bk0fg6-vscodium-1.91.1.24193/lib/vscode/resources/app/out/vs/workbench/api/node/extensionHostProcess.js:154:240744)
	at f.executeCommand (/nix/store/3j0nsr6g8fc0kb20hxhvfnsh83bk0fg6-vscodium-1.91.1.24193/lib/vscode/resources/app/out/vs/workbench/api/node/extensionHostProcess.js:154:240611)
	at Object.executeCommand (/nix/store/3j0nsr6g8fc0kb20hxhvfnsh83bk0fg6-vscodium-1.91.1.24193/lib/vscode/resources/app/out/vs/workbench/api/node/extensionHostProcess.js:164:29715)
	at T.reset (/home/ser/.vscode-oss/extensions/asvetliakov.vscode-neovim-1.18.8-universal/dist/extension.js:2:187723)
	at l.<anonymous> (/home/ser/.vscode-oss/extensions/asvetliakov.vscode-neovim-1.18.8-universal/dist/extension.js:2:406042)
	at l.dispose (/nix/store/3j0nsr6g8fc0kb20hxhvfnsh83bk0fg6-vscodium-1.91.1.24193/lib/vscode/resources/app/out/vs/workbench/api/node/extensionHostProcess.js:152:6342)
	at h (/nix/store/3j0nsr6g8fc0kb20hxhvfnsh83bk0fg6-vscodium-1.91.1.24193/lib/vscode/resources/app/out/vs/workbench/api/node/extensionHostProcess.js:30:758)
	at m._deactivate (/nix/store/3j0nsr6g8fc0kb20hxhvfnsh83bk0fg6-vscodium-1.91.1.24193/lib/vscode/resources/app/out/vs/workbench/api/node/extensionHostProcess.js:160:13048)
	at /nix/store/3j0nsr6g8fc0kb20hxhvfnsh83bk0fg6-vscodium-1.91.1.24193/lib/vscode/resources/app/out/vs/workbench/api/node/extensionHostProcess.js:160:10194
	at Array.map (<anonymous>)
	at m._deactivateAll (/nix/store/3j0nsr6g8fc0kb20hxhvfnsh83bk0fg6-vscodium-1.91.1.24193/lib/vscode/resources/app/out/vs/workbench/api/node/extensionHostProcess.js:160:10181)
	at m.terminate (/nix/store/3j0nsr6g8fc0kb20hxhvfnsh83bk0fg6-vscodium-1.91.1.24193/lib/vscode/resources/app/out/vs/workbench/api/node/extensionHostProcess.js:160:10564)
	at h.terminate (/nix/store/3j0nsr6g8fc0kb20hxhvfnsh83bk0fg6-vscodium-1.91.1.24193/lib/vscode/resources/app/out/vs/workbench/api/node/extensionHostProcess.js:164:1908)
	at i (/nix/store/3j0nsr6g8fc0kb20hxhvfnsh83bk0fg6-vscodium-1.91.1.24193/lib/vscode/resources/app/out/vs/workbench/api/node/extensionHostProcess.js:177:12354)
	at MessagePortMain.<anonymous> (/nix/store/3j0nsr6g8fc0kb20hxhvfnsh83bk0fg6-vscodium-1.91.1.24193/lib/vscode/resources/app/out/vs/workbench/api/node/extensionHostProcess.js:177:8164)
	at MessagePortMain.emit (node:events:514:28)
	at MessagePortMain._internalPort.emit (node:electron/js2c/utility_init:2:2285) setContext undefined
2024-08-23 02:29:20.211 [error] Canceled: Canceled
	at new T (/nix/store/3j0nsr6g8fc0kb20hxhvfnsh83bk0fg6-vscodium-1.91.1.24193/lib/vscode/resources/app/out/vs/workbench/api/node/extensionHostProcess.js:144:39096)
	at y._remoteCall (/nix/store/3j0nsr6g8fc0kb20hxhvfnsh83bk0fg6-vscodium-1.91.1.24193/lib/vscode/resources/app/out/vs/workbench/api/node/extensionHostProcess.js:151:8166)
	at U.<computed>.F.charCodeAt.R.CharCode.DollarSign.U.<computed> (/nix/store/3j0nsr6g8fc0kb20hxhvfnsh83bk0fg6-vscodium-1.91.1.24193/lib/vscode/resources/app/out/vs/workbench/api/node/extensionHostProcess.js:151:4351)
	at f._doExecuteCommand (/nix/store/3j0nsr6g8fc0kb20hxhvfnsh83bk0fg6-vscodium-1.91.1.24193/lib/vscode/resources/app/out/vs/workbench/api/node/extensionHostProcess.js:154:241286)
	at f.executeCommand (/nix/store/3j0nsr6g8fc0kb20hxhvfnsh83bk0fg6-vscodium-1.91.1.24193/lib/vscode/resources/app/out/vs/workbench/api/node/extensionHostProcess.js:154:240611)
	at k.registerCommand.description (/nix/store/3j0nsr6g8fc0kb20hxhvfnsh83bk0fg6-vscodium-1.91.1.24193/lib/vscode/resources/app/out/vs/workbench/api/node/extensionHostProcess.js:154:239855)
	at f._executeContributedCommand (/nix/store/3j0nsr6g8fc0kb20hxhvfnsh83bk0fg6-vscodium-1.91.1.24193/lib/vscode/resources/app/out/vs/workbench/api/node/extensionHostProcess.js:154:241924)
	at f._doExecuteCommand (/nix/store/3j0nsr6g8fc0kb20hxhvfnsh83bk0fg6-vscodium-1.91.1.24193/lib/vscode/resources/app/out/vs/workbench/api/node/extensionHostProcess.js:154:240744)
	at f.executeCommand (/nix/store/3j0nsr6g8fc0kb20hxhvfnsh83bk0fg6-vscodium-1.91.1.24193/lib/vscode/resources/app/out/vs/workbench/api/node/extensionHostProcess.js:154:240611)
	at Object.executeCommand (/nix/store/3j0nsr6g8fc0kb20hxhvfnsh83bk0fg6-vscodium-1.91.1.24193/lib/vscode/resources/app/out/vs/workbench/api/node/extensionHostProcess.js:164:29715)
	at T.reset (/home/ser/.vscode-oss/extensions/asvetliakov.vscode-neovim-1.18.8-universal/dist/extension.js:2:187723)
	at l.<anonymous> (/home/ser/.vscode-oss/extensions/asvetliakov.vscode-neovim-1.18.8-universal/dist/extension.js:2:406042)
	at l.dispose (/nix/store/3j0nsr6g8fc0kb20hxhvfnsh83bk0fg6-vscodium-1.91.1.24193/lib/vscode/resources/app/out/vs/workbench/api/node/extensionHostProcess.js:152:6342)
	at h (/nix/store/3j0nsr6g8fc0kb20hxhvfnsh83bk0fg6-vscodium-1.91.1.24193/lib/vscode/resources/app/out/vs/workbench/api/node/extensionHostProcess.js:30:758)
	at m._deactivate (/nix/store/3j0nsr6g8fc0kb20hxhvfnsh83bk0fg6-vscodium-1.91.1.24193/lib/vscode/resources/app/out/vs/workbench/api/node/extensionHostProcess.js:160:13048)
	at /nix/store/3j0nsr6g8fc0kb20hxhvfnsh83bk0fg6-vscodium-1.91.1.24193/lib/vscode/resources/app/out/vs/workbench/api/node/extensionHostProcess.js:160:10194
	at Array.map (<anonymous>)
	at m._deactivateAll (/nix/store/3j0nsr6g8fc0kb20hxhvfnsh83bk0fg6-vscodium-1.91.1.24193/lib/vscode/resources/app/out/vs/workbench/api/node/extensionHostProcess.js:160:10181)
	at m.terminate (/nix/store/3j0nsr6g8fc0kb20hxhvfnsh83bk0fg6-vscodium-1.91.1.24193/lib/vscode/resources/app/out/vs/workbench/api/node/extensionHostProcess.js:160:10564)
	at h.terminate (/nix/store/3j0nsr6g8fc0kb20hxhvfnsh83bk0fg6-vscodium-1.91.1.24193/lib/vscode/resources/app/out/vs/workbench/api/node/extensionHostProcess.js:164:1908)
	at i (/nix/store/3j0nsr6g8fc0kb20hxhvfnsh83bk0fg6-vscodium-1.91.1.24193/lib/vscode/resources/app/out/vs/workbench/api/node/extensionHostProcess.js:177:12354)
	at MessagePortMain.<anonymous> (/nix/store/3j0nsr6g8fc0kb20hxhvfnsh83bk0fg6-vscodium-1.91.1.24193/lib/vscode/resources/app/out/vs/workbench/api/node/extensionHostProcess.js:177:8164)
	at MessagePortMain.emit (node:events:514:28)
	at MessagePortMain._internalPort.emit (node:electron/js2c/utility_init:2:2285) setContext undefined
2024-08-23 02:29:20.211 [error] Canceled: Canceled
	at new T (/nix/store/3j0nsr6g8fc0kb20hxhvfnsh83bk0fg6-vscodium-1.91.1.24193/lib/vscode/resources/app/out/vs/workbench/api/node/extensionHostProcess.js:144:39096)
	at y._remoteCall (/nix/store/3j0nsr6g8fc0kb20hxhvfnsh83bk0fg6-vscodium-1.91.1.24193/lib/vscode/resources/app/out/vs/workbench/api/node/extensionHostProcess.js:151:8166)
	at U.<computed>.F.charCodeAt.R.CharCode.DollarSign.U.<computed> (/nix/store/3j0nsr6g8fc0kb20hxhvfnsh83bk0fg6-vscodium-1.91.1.24193/lib/vscode/resources/app/out/vs/workbench/api/node/extensionHostProcess.js:151:4351)
	at f._doExecuteCommand (/nix/store/3j0nsr6g8fc0kb20hxhvfnsh83bk0fg6-vscodium-1.91.1.24193/lib/vscode/resources/app/out/vs/workbench/api/node/extensionHostProcess.js:154:241286)
	at f.executeCommand (/nix/store/3j0nsr6g8fc0kb20hxhvfnsh83bk0fg6-vscodium-1.91.1.24193/lib/vscode/resources/app/out/vs/workbench/api/node/extensionHostProcess.js:154:240611)
	at k.registerCommand.description (/nix/store/3j0nsr6g8fc0kb20hxhvfnsh83bk0fg6-vscodium-1.91.1.24193/lib/vscode/resources/app/out/vs/workbench/api/node/extensionHostProcess.js:154:239855)
	at f._executeContributedCommand (/nix/store/3j0nsr6g8fc0kb20hxhvfnsh83bk0fg6-vscodium-1.91.1.24193/lib/vscode/resources/app/out/vs/workbench/api/node/extensionHostProcess.js:154:241924)
	at f._doExecuteCommand (/nix/store/3j0nsr6g8fc0kb20hxhvfnsh83bk0fg6-vscodium-1.91.1.24193/lib/vscode/resources/app/out/vs/workbench/api/node/extensionHostProcess.js:154:240744)
	at f.executeCommand (/nix/store/3j0nsr6g8fc0kb20hxhvfnsh83bk0fg6-vscodium-1.91.1.24193/lib/vscode/resources/app/out/vs/workbench/api/node/extensionHostProcess.js:154:240611)
	at Object.executeCommand (/nix/store/3j0nsr6g8fc0kb20hxhvfnsh83bk0fg6-vscodium-1.91.1.24193/lib/vscode/resources/app/out/vs/workbench/api/node/extensionHostProcess.js:164:29715)
	at T.reset (/home/ser/.vscode-oss/extensions/asvetliakov.vscode-neovim-1.18.8-universal/dist/extension.js:2:187723)
	at l.<anonymous> (/home/ser/.vscode-oss/extensions/asvetliakov.vscode-neovim-1.18.8-universal/dist/extension.js:2:406042)
	at l.dispose (/nix/store/3j0nsr6g8fc0kb20hxhvfnsh83bk0fg6-vscodium-1.91.1.24193/lib/vscode/resources/app/out/vs/workbench/api/node/extensionHostProcess.js:152:6342)
	at h (/nix/store/3j0nsr6g8fc0kb20hxhvfnsh83bk0fg6-vscodium-1.91.1.24193/lib/vscode/resources/app/out/vs/workbench/api/node/extensionHostProcess.js:30:758)
	at m._deactivate (/nix/store/3j0nsr6g8fc0kb20hxhvfnsh83bk0fg6-vscodium-1.91.1.24193/lib/vscode/resources/app/out/vs/workbench/api/node/extensionHostProcess.js:160:13048)
	at /nix/store/3j0nsr6g8fc0kb20hxhvfnsh83bk0fg6-vscodium-1.91.1.24193/lib/vscode/resources/app/out/vs/workbench/api/node/extensionHostProcess.js:160:10194
	at Array.map (<anonymous>)
	at m._deactivateAll (/nix/store/3j0nsr6g8fc0kb20hxhvfnsh83bk0fg6-vscodium-1.91.1.24193/lib/vscode/resources/app/out/vs/workbench/api/node/extensionHostProcess.js:160:10181)
	at m.terminate (/nix/store/3j0nsr6g8fc0kb20hxhvfnsh83bk0fg6-vscodium-1.91.1.24193/lib/vscode/resources/app/out/vs/workbench/api/node/extensionHostProcess.js:160:10564)
	at h.terminate (/nix/store/3j0nsr6g8fc0kb20hxhvfnsh83bk0fg6-vscodium-1.91.1.24193/lib/vscode/resources/app/out/vs/workbench/api/node/extensionHostProcess.js:164:1908)
	at i (/nix/store/3j0nsr6g8fc0kb20hxhvfnsh83bk0fg6-vscodium-1.91.1.24193/lib/vscode/resources/app/out/vs/workbench/api/node/extensionHostProcess.js:177:12354)
	at MessagePortMain.<anonymous> (/nix/store/3j0nsr6g8fc0kb20hxhvfnsh83bk0fg6-vscodium-1.91.1.24193/lib/vscode/resources/app/out/vs/workbench/api/node/extensionHostProcess.js:177:8164)
	at MessagePortMain.emit (node:events:514:28)
	at MessagePortMain._internalPort.emit (node:electron/js2c/utility_init:2:2285) setContext undefined
2024-08-23 02:29:20.212 [error] Canceled: Canceled
	at new T (/nix/store/3j0nsr6g8fc0kb20hxhvfnsh83bk0fg6-vscodium-1.91.1.24193/lib/vscode/resources/app/out/vs/workbench/api/node/extensionHostProcess.js:144:39096)
	at y._remoteCall (/nix/store/3j0nsr6g8fc0kb20hxhvfnsh83bk0fg6-vscodium-1.91.1.24193/lib/vscode/resources/app/out/vs/workbench/api/node/extensionHostProcess.js:151:8166)
	at U.<computed>.F.charCodeAt.R.CharCode.DollarSign.U.<computed> (/nix/store/3j0nsr6g8fc0kb20hxhvfnsh83bk0fg6-vscodium-1.91.1.24193/lib/vscode/resources/app/out/vs/workbench/api/node/extensionHostProcess.js:151:4351)
	at f._doExecuteCommand (/nix/store/3j0nsr6g8fc0kb20hxhvfnsh83bk0fg6-vscodium-1.91.1.24193/lib/vscode/resources/app/out/vs/workbench/api/node/extensionHostProcess.js:154:241286)
	at f.executeCommand (/nix/store/3j0nsr6g8fc0kb20hxhvfnsh83bk0fg6-vscodium-1.91.1.24193/lib/vscode/resources/app/out/vs/workbench/api/node/extensionHostProcess.js:154:240611)
	at k.registerCommand.description (/nix/store/3j0nsr6g8fc0kb20hxhvfnsh83bk0fg6-vscodium-1.91.1.24193/lib/vscode/resources/app/out/vs/workbench/api/node/extensionHostProcess.js:154:239855)
	at f._executeContributedCommand (/nix/store/3j0nsr6g8fc0kb20hxhvfnsh83bk0fg6-vscodium-1.91.1.24193/lib/vscode/resources/app/out/vs/workbench/api/node/extensionHostProcess.js:154:241924)
	at f._doExecuteCommand (/nix/store/3j0nsr6g8fc0kb20hxhvfnsh83bk0fg6-vscodium-1.91.1.24193/lib/vscode/resources/app/out/vs/workbench/api/node/extensionHostProcess.js:154:240744)
	at f.executeCommand (/nix/store/3j0nsr6g8fc0kb20hxhvfnsh83bk0fg6-vscodium-1.91.1.24193/lib/vscode/resources/app/out/vs/workbench/api/node/extensionHostProcess.js:154:240611)
	at Object.executeCommand (/nix/store/3j0nsr6g8fc0kb20hxhvfnsh83bk0fg6-vscodium-1.91.1.24193/lib/vscode/resources/app/out/vs/workbench/api/node/extensionHostProcess.js:164:29715)
	at T.reset (/home/ser/.vscode-oss/extensions/asvetliakov.vscode-neovim-1.18.8-universal/dist/extension.js:2:187723)
	at l.<anonymous> (/home/ser/.vscode-oss/extensions/asvetliakov.vscode-neovim-1.18.8-universal/dist/extension.js:2:406042)
	at l.dispose (/nix/store/3j0nsr6g8fc0kb20hxhvfnsh83bk0fg6-vscodium-1.91.1.24193/lib/vscode/resources/app/out/vs/workbench/api/node/extensionHostProcess.js:152:6342)
	at h (/nix/store/3j0nsr6g8fc0kb20hxhvfnsh83bk0fg6-vscodium-1.91.1.24193/lib/vscode/resources/app/out/vs/workbench/api/node/extensionHostProcess.js:30:758)
	at m._deactivate (/nix/store/3j0nsr6g8fc0kb20hxhvfnsh83bk0fg6-vscodium-1.91.1.24193/lib/vscode/resources/app/out/vs/workbench/api/node/extensionHostProcess.js:160:13048)
	at /nix/store/3j0nsr6g8fc0kb20hxhvfnsh83bk0fg6-vscodium-1.91.1.24193/lib/vscode/resources/app/out/vs/workbench/api/node/extensionHostProcess.js:160:10194
	at Array.map (<anonymous>)
	at m._deactivateAll (/nix/store/3j0nsr6g8fc0kb20hxhvfnsh83bk0fg6-vscodium-1.91.1.24193/lib/vscode/resources/app/out/vs/workbench/api/node/extensionHostProcess.js:160:10181)
	at m.terminate (/nix/store/3j0nsr6g8fc0kb20hxhvfnsh83bk0fg6-vscodium-1.91.1.24193/lib/vscode/resources/app/out/vs/workbench/api/node/extensionHostProcess.js:160:10564)
	at h.terminate (/nix/store/3j0nsr6g8fc0kb20hxhvfnsh83bk0fg6-vscodium-1.91.1.24193/lib/vscode/resources/app/out/vs/workbench/api/node/extensionHostProcess.js:164:1908)
	at i (/nix/store/3j0nsr6g8fc0kb20hxhvfnsh83bk0fg6-vscodium-1.91.1.24193/lib/vscode/resources/app/out/vs/workbench/api/node/extensionHostProcess.js:177:12354)
	at MessagePortMain.<anonymous> (/nix/store/3j0nsr6g8fc0kb20hxhvfnsh83bk0fg6-vscodium-1.91.1.24193/lib/vscode/resources/app/out/vs/workbench/api/node/extensionHostProcess.js:177:8164)
	at MessagePortMain.emit (node:events:514:28)
	at MessagePortMain._internalPort.emit (node:electron/js2c/utility_init:2:2285) setContext undefined
2024-08-23 02:29:20.212 [error] Canceled: Canceled
	at new T (/nix/store/3j0nsr6g8fc0kb20hxhvfnsh83bk0fg6-vscodium-1.91.1.24193/lib/vscode/resources/app/out/vs/workbench/api/node/extensionHostProcess.js:144:39096)
	at y._remoteCall (/nix/store/3j0nsr6g8fc0kb20hxhvfnsh83bk0fg6-vscodium-1.91.1.24193/lib/vscode/resources/app/out/vs/workbench/api/node/extensionHostProcess.js:151:8166)
	at U.<computed>.F.charCodeAt.R.CharCode.DollarSign.U.<computed> (/nix/store/3j0nsr6g8fc0kb20hxhvfnsh83bk0fg6-vscodium-1.91.1.24193/lib/vscode/resources/app/out/vs/workbench/api/node/extensionHostProcess.js:151:4351)
	at f._doExecuteCommand (/nix/store/3j0nsr6g8fc0kb20hxhvfnsh83bk0fg6-vscodium-1.91.1.24193/lib/vscode/resources/app/out/vs/workbench/api/node/extensionHostProcess.js:154:241286)
	at f.executeCommand (/nix/store/3j0nsr6g8fc0kb20hxhvfnsh83bk0fg6-vscodium-1.91.1.24193/lib/vscode/resources/app/out/vs/workbench/api/node/extensionHostProcess.js:154:240611)
	at k.registerCommand.description (/nix/store/3j0nsr6g8fc0kb20hxhvfnsh83bk0fg6-vscodium-1.91.1.24193/lib/vscode/resources/app/out/vs/workbench/api/node/extensionHostProcess.js:154:239855)
	at f._executeContributedCommand (/nix/store/3j0nsr6g8fc0kb20hxhvfnsh83bk0fg6-vscodium-1.91.1.24193/lib/vscode/resources/app/out/vs/workbench/api/node/extensionHostProcess.js:154:241924)
	at f._doExecuteCommand (/nix/store/3j0nsr6g8fc0kb20hxhvfnsh83bk0fg6-vscodium-1.91.1.24193/lib/vscode/resources/app/out/vs/workbench/api/node/extensionHostProcess.js:154:240744)
	at f.executeCommand (/nix/store/3j0nsr6g8fc0kb20hxhvfnsh83bk0fg6-vscodium-1.91.1.24193/lib/vscode/resources/app/out/vs/workbench/api/node/extensionHostProcess.js:154:240611)
	at Object.executeCommand (/nix/store/3j0nsr6g8fc0kb20hxhvfnsh83bk0fg6-vscodium-1.91.1.24193/lib/vscode/resources/app/out/vs/workbench/api/node/extensionHostProcess.js:164:29715)
	at T.reset (/home/ser/.vscode-oss/extensions/asvetliakov.vscode-neovim-1.18.8-universal/dist/extension.js:2:187723)
	at l.<anonymous> (/home/ser/.vscode-oss/extensions/asvetliakov.vscode-neovim-1.18.8-universal/dist/extension.js:2:406042)
	at l.dispose (/nix/store/3j0nsr6g8fc0kb20hxhvfnsh83bk0fg6-vscodium-1.91.1.24193/lib/vscode/resources/app/out/vs/workbench/api/node/extensionHostProcess.js:152:6342)
	at h (/nix/store/3j0nsr6g8fc0kb20hxhvfnsh83bk0fg6-vscodium-1.91.1.24193/lib/vscode/resources/app/out/vs/workbench/api/node/extensionHostProcess.js:30:758)
	at m._deactivate (/nix/store/3j0nsr6g8fc0kb20hxhvfnsh83bk0fg6-vscodium-1.91.1.24193/lib/vscode/resources/app/out/vs/workbench/api/node/extensionHostProcess.js:160:13048)
	at /nix/store/3j0nsr6g8fc0kb20hxhvfnsh83bk0fg6-vscodium-1.91.1.24193/lib/vscode/resources/app/out/vs/workbench/api/node/extensionHostProcess.js:160:10194
	at Array.map (<anonymous>)
	at m._deactivateAll (/nix/store/3j0nsr6g8fc0kb20hxhvfnsh83bk0fg6-vscodium-1.91.1.24193/lib/vscode/resources/app/out/vs/workbench/api/node/extensionHostProcess.js:160:10181)
	at m.terminate (/nix/store/3j0nsr6g8fc0kb20hxhvfnsh83bk0fg6-vscodium-1.91.1.24193/lib/vscode/resources/app/out/vs/workbench/api/node/extensionHostProcess.js:160:10564)
	at h.terminate (/nix/store/3j0nsr6g8fc0kb20hxhvfnsh83bk0fg6-vscodium-1.91.1.24193/lib/vscode/resources/app/out/vs/workbench/api/node/extensionHostProcess.js:164:1908)
	at i (/nix/store/3j0nsr6g8fc0kb20hxhvfnsh83bk0fg6-vscodium-1.91.1.24193/lib/vscode/resources/app/out/vs/workbench/api/node/extensionHostProcess.js:177:12354)
	at MessagePortMain.<anonymous> (/nix/store/3j0nsr6g8fc0kb20hxhvfnsh83bk0fg6-vscodium-1.91.1.24193/lib/vscode/resources/app/out/vs/workbench/api/node/extensionHostProcess.js:177:8164)
	at MessagePortMain.emit (node:events:514:28)
	at MessagePortMain._internalPort.emit (node:electron/js2c/utility_init:2:2285) setContext undefined
2024-08-23 02:29:20.212 [error] Canceled: Canceled
	at new T (/nix/store/3j0nsr6g8fc0kb20hxhvfnsh83bk0fg6-vscodium-1.91.1.24193/lib/vscode/resources/app/out/vs/workbench/api/node/extensionHostProcess.js:144:39096)
	at y._remoteCall (/nix/store/3j0nsr6g8fc0kb20hxhvfnsh83bk0fg6-vscodium-1.91.1.24193/lib/vscode/resources/app/out/vs/workbench/api/node/extensionHostProcess.js:151:8166)
	at U.<computed>.F.charCodeAt.R.CharCode.DollarSign.U.<computed> (/nix/store/3j0nsr6g8fc0kb20hxhvfnsh83bk0fg6-vscodium-1.91.1.24193/lib/vscode/resources/app/out/vs/workbench/api/node/extensionHostProcess.js:151:4351)
	at f._doExecuteCommand (/nix/store/3j0nsr6g8fc0kb20hxhvfnsh83bk0fg6-vscodium-1.91.1.24193/lib/vscode/resources/app/out/vs/workbench/api/node/extensionHostProcess.js:154:241286)
	at f.executeCommand (/nix/store/3j0nsr6g8fc0kb20hxhvfnsh83bk0fg6-vscodium-1.91.1.24193/lib/vscode/resources/app/out/vs/workbench/api/node/extensionHostProcess.js:154:240611)
	at k.registerCommand.description (/nix/store/3j0nsr6g8fc0kb20hxhvfnsh83bk0fg6-vscodium-1.91.1.24193/lib/vscode/resources/app/out/vs/workbench/api/node/extensionHostProcess.js:154:239855)
	at f._executeContributedCommand (/nix/store/3j0nsr6g8fc0kb20hxhvfnsh83bk0fg6-vscodium-1.91.1.24193/lib/vscode/resources/app/out/vs/workbench/api/node/extensionHostProcess.js:154:241924)
	at f._doExecuteCommand (/nix/store/3j0nsr6g8fc0kb20hxhvfnsh83bk0fg6-vscodium-1.91.1.24193/lib/vscode/resources/app/out/vs/workbench/api/node/extensionHostProcess.js:154:240744)
	at f.executeCommand (/nix/store/3j0nsr6g8fc0kb20hxhvfnsh83bk0fg6-vscodium-1.91.1.24193/lib/vscode/resources/app/out/vs/workbench/api/node/extensionHostProcess.js:154:240611)
	at Object.executeCommand (/nix/store/3j0nsr6g8fc0kb20hxhvfnsh83bk0fg6-vscodium-1.91.1.24193/lib/vscode/resources/app/out/vs/workbench/api/node/extensionHostProcess.js:164:29715)
	at T.reset (/home/ser/.vscode-oss/extensions/asvetliakov.vscode-neovim-1.18.8-universal/dist/extension.js:2:187723)
	at l.<anonymous> (/home/ser/.vscode-oss/extensions/asvetliakov.vscode-neovim-1.18.8-universal/dist/extension.js:2:406042)
	at l.dispose (/nix/store/3j0nsr6g8fc0kb20hxhvfnsh83bk0fg6-vscodium-1.91.1.24193/lib/vscode/resources/app/out/vs/workbench/api/node/extensionHostProcess.js:152:6342)
	at h (/nix/store/3j0nsr6g8fc0kb20hxhvfnsh83bk0fg6-vscodium-1.91.1.24193/lib/vscode/resources/app/out/vs/workbench/api/node/extensionHostProcess.js:30:758)
	at m._deactivate (/nix/store/3j0nsr6g8fc0kb20hxhvfnsh83bk0fg6-vscodium-1.91.1.24193/lib/vscode/resources/app/out/vs/workbench/api/node/extensionHostProcess.js:160:13048)
	at /nix/store/3j0nsr6g8fc0kb20hxhvfnsh83bk0fg6-vscodium-1.91.1.24193/lib/vscode/resources/app/out/vs/workbench/api/node/extensionHostProcess.js:160:10194
	at Array.map (<anonymous>)
	at m._deactivateAll (/nix/store/3j0nsr6g8fc0kb20hxhvfnsh83bk0fg6-vscodium-1.91.1.24193/lib/vscode/resources/app/out/vs/workbench/api/node/extensionHostProcess.js:160:10181)
	at m.terminate (/nix/store/3j0nsr6g8fc0kb20hxhvfnsh83bk0fg6-vscodium-1.91.1.24193/lib/vscode/resources/app/out/vs/workbench/api/node/extensionHostProcess.js:160:10564)
	at h.terminate (/nix/store/3j0nsr6g8fc0kb20hxhvfnsh83bk0fg6-vscodium-1.91.1.24193/lib/vscode/resources/app/out/vs/workbench/api/node/extensionHostProcess.js:164:1908)
	at i (/nix/store/3j0nsr6g8fc0kb20hxhvfnsh83bk0fg6-vscodium-1.91.1.24193/lib/vscode/resources/app/out/vs/workbench/api/node/extensionHostProcess.js:177:12354)
	at MessagePortMain.<anonymous> (/nix/store/3j0nsr6g8fc0kb20hxhvfnsh83bk0fg6-vscodium-1.91.1.24193/lib/vscode/resources/app/out/vs/workbench/api/node/extensionHostProcess.js:177:8164)
	at MessagePortMain.emit (node:events:514:28)
	at MessagePortMain._internalPort.emit (node:electron/js2c/utility_init:2:2285) setContext undefined
2024-08-23 02:29:20.212 [error] Canceled: Canceled
	at new T (/nix/store/3j0nsr6g8fc0kb20hxhvfnsh83bk0fg6-vscodium-1.91.1.24193/lib/vscode/resources/app/out/vs/workbench/api/node/extensionHostProcess.js:144:39096)
	at y._remoteCall (/nix/store/3j0nsr6g8fc0kb20hxhvfnsh83bk0fg6-vscodium-1.91.1.24193/lib/vscode/resources/app/out/vs/workbench/api/node/extensionHostProcess.js:151:8166)
	at U.<computed>.F.charCodeAt.R.CharCode.DollarSign.U.<computed> (/nix/store/3j0nsr6g8fc0kb20hxhvfnsh83bk0fg6-vscodium-1.91.1.24193/lib/vscode/resources/app/out/vs/workbench/api/node/extensionHostProcess.js:151:4351)
	at f._doExecuteCommand (/nix/store/3j0nsr6g8fc0kb20hxhvfnsh83bk0fg6-vscodium-1.91.1.24193/lib/vscode/resources/app/out/vs/workbench/api/node/extensionHostProcess.js:154:241286)
	at f.executeCommand (/nix/store/3j0nsr6g8fc0kb20hxhvfnsh83bk0fg6-vscodium-1.91.1.24193/lib/vscode/resources/app/out/vs/workbench/api/node/extensionHostProcess.js:154:240611)
	at k.registerCommand.description (/nix/store/3j0nsr6g8fc0kb20hxhvfnsh83bk0fg6-vscodium-1.91.1.24193/lib/vscode/resources/app/out/vs/workbench/api/node/extensionHostProcess.js:154:239855)
	at f._executeContributedCommand (/nix/store/3j0nsr6g8fc0kb20hxhvfnsh83bk0fg6-vscodium-1.91.1.24193/lib/vscode/resources/app/out/vs/workbench/api/node/extensionHostProcess.js:154:241924)
	at f._doExecuteCommand (/nix/store/3j0nsr6g8fc0kb20hxhvfnsh83bk0fg6-vscodium-1.91.1.24193/lib/vscode/resources/app/out/vs/workbench/api/node/extensionHostProcess.js:154:240744)
	at f.executeCommand (/nix/store/3j0nsr6g8fc0kb20hxhvfnsh83bk0fg6-vscodium-1.91.1.24193/lib/vscode/resources/app/out/vs/workbench/api/node/extensionHostProcess.js:154:240611)
	at Object.executeCommand (/nix/store/3j0nsr6g8fc0kb20hxhvfnsh83bk0fg6-vscodium-1.91.1.24193/lib/vscode/resources/app/out/vs/workbench/api/node/extensionHostProcess.js:164:29715)
	at T.reset (/home/ser/.vscode-oss/extensions/asvetliakov.vscode-neovim-1.18.8-universal/dist/extension.js:2:187723)
	at l.<anonymous> (/home/ser/.vscode-oss/extensions/asvetliakov.vscode-neovim-1.18.8-universal/dist/extension.js:2:406042)
	at l.dispose (/nix/store/3j0nsr6g8fc0kb20hxhvfnsh83bk0fg6-vscodium-1.91.1.24193/lib/vscode/resources/app/out/vs/workbench/api/node/extensionHostProcess.js:152:6342)
	at h (/nix/store/3j0nsr6g8fc0kb20hxhvfnsh83bk0fg6-vscodium-1.91.1.24193/lib/vscode/resources/app/out/vs/workbench/api/node/extensionHostProcess.js:30:758)
	at m._deactivate (/nix/store/3j0nsr6g8fc0kb20hxhvfnsh83bk0fg6-vscodium-1.91.1.24193/lib/vscode/resources/app/out/vs/workbench/api/node/extensionHostProcess.js:160:13048)
	at /nix/store/3j0nsr6g8fc0kb20hxhvfnsh83bk0fg6-vscodium-1.91.1.24193/lib/vscode/resources/app/out/vs/workbench/api/node/extensionHostProcess.js:160:10194
	at Array.map (<anonymous>)
	at m._deactivateAll (/nix/store/3j0nsr6g8fc0kb20hxhvfnsh83bk0fg6-vscodium-1.91.1.24193/lib/vscode/resources/app/out/vs/workbench/api/node/extensionHostProcess.js:160:10181)
	at m.terminate (/nix/store/3j0nsr6g8fc0kb20hxhvfnsh83bk0fg6-vscodium-1.91.1.24193/lib/vscode/resources/app/out/vs/workbench/api/node/extensionHostProcess.js:160:10564)
	at h.terminate (/nix/store/3j0nsr6g8fc0kb20hxhvfnsh83bk0fg6-vscodium-1.91.1.24193/lib/vscode/resources/app/out/vs/workbench/api/node/extensionHostProcess.js:164:1908)
	at i (/nix/store/3j0nsr6g8fc0kb20hxhvfnsh83bk0fg6-vscodium-1.91.1.24193/lib/vscode/resources/app/out/vs/workbench/api/node/extensionHostProcess.js:177:12354)
	at MessagePortMain.<anonymous> (/nix/store/3j0nsr6g8fc0kb20hxhvfnsh83bk0fg6-vscodium-1.91.1.24193/lib/vscode/resources/app/out/vs/workbench/api/node/extensionHostProcess.js:177:8164)
	at MessagePortMain.emit (node:events:514:28)
	at MessagePortMain._internalPort.emit (node:electron/js2c/utility_init:2:2285) setContext undefined
2024-08-23 02:29:20.212 [error] Canceled: Canceled
	at new T (/nix/store/3j0nsr6g8fc0kb20hxhvfnsh83bk0fg6-vscodium-1.91.1.24193/lib/vscode/resources/app/out/vs/workbench/api/node/extensionHostProcess.js:144:39096)
	at y._remoteCall (/nix/store/3j0nsr6g8fc0kb20hxhvfnsh83bk0fg6-vscodium-1.91.1.24193/lib/vscode/resources/app/out/vs/workbench/api/node/extensionHostProcess.js:151:8166)
	at U.<computed>.F.charCodeAt.R.CharCode.DollarSign.U.<computed> (/nix/store/3j0nsr6g8fc0kb20hxhvfnsh83bk0fg6-vscodium-1.91.1.24193/lib/vscode/resources/app/out/vs/workbench/api/node/extensionHostProcess.js:151:4351)
	at f._doExecuteCommand (/nix/store/3j0nsr6g8fc0kb20hxhvfnsh83bk0fg6-vscodium-1.91.1.24193/lib/vscode/resources/app/out/vs/workbench/api/node/extensionHostProcess.js:154:241286)
	at f.executeCommand (/nix/store/3j0nsr6g8fc0kb20hxhvfnsh83bk0fg6-vscodium-1.91.1.24193/lib/vscode/resources/app/out/vs/workbench/api/node/extensionHostProcess.js:154:240611)
	at k.registerCommand.description (/nix/store/3j0nsr6g8fc0kb20hxhvfnsh83bk0fg6-vscodium-1.91.1.24193/lib/vscode/resources/app/out/vs/workbench/api/node/extensionHostProcess.js:154:239855)
	at f._executeContributedCommand (/nix/store/3j0nsr6g8fc0kb20hxhvfnsh83bk0fg6-vscodium-1.91.1.24193/lib/vscode/resources/app/out/vs/workbench/api/node/extensionHostProcess.js:154:241924)
	at f._doExecuteCommand (/nix/store/3j0nsr6g8fc0kb20hxhvfnsh83bk0fg6-vscodium-1.91.1.24193/lib/vscode/resources/app/out/vs/workbench/api/node/extensionHostProcess.js:154:240744)
	at f.executeCommand (/nix/store/3j0nsr6g8fc0kb20hxhvfnsh83bk0fg6-vscodium-1.91.1.24193/lib/vscode/resources/app/out/vs/workbench/api/node/extensionHostProcess.js:154:240611)
	at Object.executeCommand (/nix/store/3j0nsr6g8fc0kb20hxhvfnsh83bk0fg6-vscodium-1.91.1.24193/lib/vscode/resources/app/out/vs/workbench/api/node/extensionHostProcess.js:164:29715)
	at T.reset (/home/ser/.vscode-oss/extensions/asvetliakov.vscode-neovim-1.18.8-universal/dist/extension.js:2:187723)
	at l.<anonymous> (/home/ser/.vscode-oss/extensions/asvetliakov.vscode-neovim-1.18.8-universal/dist/extension.js:2:406042)
	at l.dispose (/nix/store/3j0nsr6g8fc0kb20hxhvfnsh83bk0fg6-vscodium-1.91.1.24193/lib/vscode/resources/app/out/vs/workbench/api/node/extensionHostProcess.js:152:6342)
	at h (/nix/store/3j0nsr6g8fc0kb20hxhvfnsh83bk0fg6-vscodium-1.91.1.24193/lib/vscode/resources/app/out/vs/workbench/api/node/extensionHostProcess.js:30:758)
	at m._deactivate (/nix/store/3j0nsr6g8fc0kb20hxhvfnsh83bk0fg6-vscodium-1.91.1.24193/lib/vscode/resources/app/out/vs/workbench/api/node/extensionHostProcess.js:160:13048)
	at /nix/store/3j0nsr6g8fc0kb20hxhvfnsh83bk0fg6-vscodium-1.91.1.24193/lib/vscode/resources/app/out/vs/workbench/api/node/extensionHostProcess.js:160:10194
	at Array.map (<anonymous>)
	at m._deactivateAll (/nix/store/3j0nsr6g8fc0kb20hxhvfnsh83bk0fg6-vscodium-1.91.1.24193/lib/vscode/resources/app/out/vs/workbench/api/node/extensionHostProcess.js:160:10181)
	at m.terminate (/nix/store/3j0nsr6g8fc0kb20hxhvfnsh83bk0fg6-vscodium-1.91.1.24193/lib/vscode/resources/app/out/vs/workbench/api/node/extensionHostProcess.js:160:10564)
	at h.terminate (/nix/store/3j0nsr6g8fc0kb20hxhvfnsh83bk0fg6-vscodium-1.91.1.24193/lib/vscode/resources/app/out/vs/workbench/api/node/extensionHostProcess.js:164:1908)
	at i (/nix/store/3j0nsr6g8fc0kb20hxhvfnsh83bk0fg6-vscodium-1.91.1.24193/lib/vscode/resources/app/out/vs/workbench/api/node/extensionHostProcess.js:177:12354)
	at MessagePortMain.<anonymous> (/nix/store/3j0nsr6g8fc0kb20hxhvfnsh83bk0fg6-vscodium-1.91.1.24193/lib/vscode/resources/app/out/vs/workbench/api/node/extensionHostProcess.js:177:8164)
	at MessagePortMain.emit (node:events:514:28)
	at MessagePortMain._internalPort.emit (node:electron/js2c/utility_init:2:2285) setContext undefined
2024-08-23 02:29:20.212 [error] Canceled: Canceled
	at new T (/nix/store/3j0nsr6g8fc0kb20hxhvfnsh83bk0fg6-vscodium-1.91.1.24193/lib/vscode/resources/app/out/vs/workbench/api/node/extensionHostProcess.js:144:39096)
	at y._remoteCall (/nix/store/3j0nsr6g8fc0kb20hxhvfnsh83bk0fg6-vscodium-1.91.1.24193/lib/vscode/resources/app/out/vs/workbench/api/node/extensionHostProcess.js:151:8166)
	at U.<computed>.F.charCodeAt.R.CharCode.DollarSign.U.<computed> (/nix/store/3j0nsr6g8fc0kb20hxhvfnsh83bk0fg6-vscodium-1.91.1.24193/lib/vscode/resources/app/out/vs/workbench/api/node/extensionHostProcess.js:151:4351)
	at f._doExecuteCommand (/nix/store/3j0nsr6g8fc0kb20hxhvfnsh83bk0fg6-vscodium-1.91.1.24193/lib/vscode/resources/app/out/vs/workbench/api/node/extensionHostProcess.js:154:241286)
	at f.executeCommand (/nix/store/3j0nsr6g8fc0kb20hxhvfnsh83bk0fg6-vscodium-1.91.1.24193/lib/vscode/resources/app/out/vs/workbench/api/node/extensionHostProcess.js:154:240611)
	at k.registerCommand.description (/nix/store/3j0nsr6g8fc0kb20hxhvfnsh83bk0fg6-vscodium-1.91.1.24193/lib/vscode/resources/app/out/vs/workbench/api/node/extensionHostProcess.js:154:239855)
	at f._executeContributedCommand (/nix/store/3j0nsr6g8fc0kb20hxhvfnsh83bk0fg6-vscodium-1.91.1.24193/lib/vscode/resources/app/out/vs/workbench/api/node/extensionHostProcess.js:154:241924)
	at f._doExecuteCommand (/nix/store/3j0nsr6g8fc0kb20hxhvfnsh83bk0fg6-vscodium-1.91.1.24193/lib/vscode/resources/app/out/vs/workbench/api/node/extensionHostProcess.js:154:240744)
	at f.executeCommand (/nix/store/3j0nsr6g8fc0kb20hxhvfnsh83bk0fg6-vscodium-1.91.1.24193/lib/vscode/resources/app/out/vs/workbench/api/node/extensionHostProcess.js:154:240611)
	at Object.executeCommand (/nix/store/3j0nsr6g8fc0kb20hxhvfnsh83bk0fg6-vscodium-1.91.1.24193/lib/vscode/resources/app/out/vs/workbench/api/node/extensionHostProcess.js:164:29715)
	at T.reset (/home/ser/.vscode-oss/extensions/asvetliakov.vscode-neovim-1.18.8-universal/dist/extension.js:2:187723)
	at l.<anonymous> (/home/ser/.vscode-oss/extensions/asvetliakov.vscode-neovim-1.18.8-universal/dist/extension.js:2:406042)
	at l.dispose (/nix/store/3j0nsr6g8fc0kb20hxhvfnsh83bk0fg6-vscodium-1.91.1.24193/lib/vscode/resources/app/out/vs/workbench/api/node/extensionHostProcess.js:152:6342)
	at h (/nix/store/3j0nsr6g8fc0kb20hxhvfnsh83bk0fg6-vscodium-1.91.1.24193/lib/vscode/resources/app/out/vs/workbench/api/node/extensionHostProcess.js:30:758)
	at m._deactivate (/nix/store/3j0nsr6g8fc0kb20hxhvfnsh83bk0fg6-vscodium-1.91.1.24193/lib/vscode/resources/app/out/vs/workbench/api/node/extensionHostProcess.js:160:13048)
	at /nix/store/3j0nsr6g8fc0kb20hxhvfnsh83bk0fg6-vscodium-1.91.1.24193/lib/vscode/resources/app/out/vs/workbench/api/node/extensionHostProcess.js:160:10194
	at Array.map (<anonymous>)
	at m._deactivateAll (/nix/store/3j0nsr6g8fc0kb20hxhvfnsh83bk0fg6-vscodium-1.91.1.24193/lib/vscode/resources/app/out/vs/workbench/api/node/extensionHostProcess.js:160:10181)
	at m.terminate (/nix/store/3j0nsr6g8fc0kb20hxhvfnsh83bk0fg6-vscodium-1.91.1.24193/lib/vscode/resources/app/out/vs/workbench/api/node/extensionHostProcess.js:160:10564)
	at h.terminate (/nix/store/3j0nsr6g8fc0kb20hxhvfnsh83bk0fg6-vscodium-1.91.1.24193/lib/vscode/resources/app/out/vs/workbench/api/node/extensionHostProcess.js:164:1908)
	at i (/nix/store/3j0nsr6g8fc0kb20hxhvfnsh83bk0fg6-vscodium-1.91.1.24193/lib/vscode/resources/app/out/vs/workbench/api/node/extensionHostProcess.js:177:12354)
	at MessagePortMain.<anonymous> (/nix/store/3j0nsr6g8fc0kb20hxhvfnsh83bk0fg6-vscodium-1.91.1.24193/lib/vscode/resources/app/out/vs/workbench/api/node/extensionHostProcess.js:177:8164)
	at MessagePortMain.emit (node:events:514:28)
	at MessagePortMain._internalPort.emit (node:electron/js2c/utility_init:2:2285) setContext undefined
2024-08-23 02:29:20.212 [error] Canceled: Canceled
	at new T (/nix/store/3j0nsr6g8fc0kb20hxhvfnsh83bk0fg6-vscodium-1.91.1.24193/lib/vscode/resources/app/out/vs/workbench/api/node/extensionHostProcess.js:144:39096)
	at y._remoteCall (/nix/store/3j0nsr6g8fc0kb20hxhvfnsh83bk0fg6-vscodium-1.91.1.24193/lib/vscode/resources/app/out/vs/workbench/api/node/extensionHostProcess.js:151:8166)
	at U.<computed>.F.charCodeAt.R.CharCode.DollarSign.U.<computed> (/nix/store/3j0nsr6g8fc0kb20hxhvfnsh83bk0fg6-vscodium-1.91.1.24193/lib/vscode/resources/app/out/vs/workbench/api/node/extensionHostProcess.js:151:4351)
	at f._doExecuteCommand (/nix/store/3j0nsr6g8fc0kb20hxhvfnsh83bk0fg6-vscodium-1.91.1.24193/lib/vscode/resources/app/out/vs/workbench/api/node/extensionHostProcess.js:154:241286)
	at f.executeCommand (/nix/store/3j0nsr6g8fc0kb20hxhvfnsh83bk0fg6-vscodium-1.91.1.24193/lib/vscode/resources/app/out/vs/workbench/api/node/extensionHostProcess.js:154:240611)
	at k.registerCommand.description (/nix/store/3j0nsr6g8fc0kb20hxhvfnsh83bk0fg6-vscodium-1.91.1.24193/lib/vscode/resources/app/out/vs/workbench/api/node/extensionHostProcess.js:154:239855)
	at f._executeContributedCommand (/nix/store/3j0nsr6g8fc0kb20hxhvfnsh83bk0fg6-vscodium-1.91.1.24193/lib/vscode/resources/app/out/vs/workbench/api/node/extensionHostProcess.js:154:241924)
	at f._doExecuteCommand (/nix/store/3j0nsr6g8fc0kb20hxhvfnsh83bk0fg6-vscodium-1.91.1.24193/lib/vscode/resources/app/out/vs/workbench/api/node/extensionHostProcess.js:154:240744)
	at f.executeCommand (/nix/store/3j0nsr6g8fc0kb20hxhvfnsh83bk0fg6-vscodium-1.91.1.24193/lib/vscode/resources/app/out/vs/workbench/api/node/extensionHostProcess.js:154:240611)
	at Object.executeCommand (/nix/store/3j0nsr6g8fc0kb20hxhvfnsh83bk0fg6-vscodium-1.91.1.24193/lib/vscode/resources/app/out/vs/workbench/api/node/extensionHostProcess.js:164:29715)
	at T.reset (/home/ser/.vscode-oss/extensions/asvetliakov.vscode-neovim-1.18.8-universal/dist/extension.js:2:187723)
	at l.<anonymous> (/home/ser/.vscode-oss/extensions/asvetliakov.vscode-neovim-1.18.8-universal/dist/extension.js:2:406042)
	at l.dispose (/nix/store/3j0nsr6g8fc0kb20hxhvfnsh83bk0fg6-vscodium-1.91.1.24193/lib/vscode/resources/app/out/vs/workbench/api/node/extensionHostProcess.js:152:6342)
	at h (/nix/store/3j0nsr6g8fc0kb20hxhvfnsh83bk0fg6-vscodium-1.91.1.24193/lib/vscode/resources/app/out/vs/workbench/api/node/extensionHostProcess.js:30:758)
	at m._deactivate (/nix/store/3j0nsr6g8fc0kb20hxhvfnsh83bk0fg6-vscodium-1.91.1.24193/lib/vscode/resources/app/out/vs/workbench/api/node/extensionHostProcess.js:160:13048)
	at /nix/store/3j0nsr6g8fc0kb20hxhvfnsh83bk0fg6-vscodium-1.91.1.24193/lib/vscode/resources/app/out/vs/workbench/api/node/extensionHostProcess.js:160:10194
	at Array.map (<anonymous>)
	at m._deactivateAll (/nix/store/3j0nsr6g8fc0kb20hxhvfnsh83bk0fg6-vscodium-1.91.1.24193/lib/vscode/resources/app/out/vs/workbench/api/node/extensionHostProcess.js:160:10181)
	at m.terminate (/nix/store/3j0nsr6g8fc0kb20hxhvfnsh83bk0fg6-vscodium-1.91.1.24193/lib/vscode/resources/app/out/vs/workbench/api/node/extensionHostProcess.js:160:10564)
	at h.terminate (/nix/store/3j0nsr6g8fc0kb20hxhvfnsh83bk0fg6-vscodium-1.91.1.24193/lib/vscode/resources/app/out/vs/workbench/api/node/extensionHostProcess.js:164:1908)
	at i (/nix/store/3j0nsr6g8fc0kb20hxhvfnsh83bk0fg6-vscodium-1.91.1.24193/lib/vscode/resources/app/out/vs/workbench/api/node/extensionHostProcess.js:177:12354)
	at MessagePortMain.<anonymous> (/nix/store/3j0nsr6g8fc0kb20hxhvfnsh83bk0fg6-vscodium-1.91.1.24193/lib/vscode/resources/app/out/vs/workbench/api/node/extensionHostProcess.js:177:8164)
	at MessagePortMain.emit (node:events:514:28)
	at MessagePortMain._internalPort.emit (node:electron/js2c/utility_init:2:2285) setContext undefined
2024-08-23 02:29:20.212 [error] Canceled: Canceled
	at new T (/nix/store/3j0nsr6g8fc0kb20hxhvfnsh83bk0fg6-vscodium-1.91.1.24193/lib/vscode/resources/app/out/vs/workbench/api/node/extensionHostProcess.js:144:39096)
	at y._remoteCall (/nix/store/3j0nsr6g8fc0kb20hxhvfnsh83bk0fg6-vscodium-1.91.1.24193/lib/vscode/resources/app/out/vs/workbench/api/node/extensionHostProcess.js:151:8166)
	at U.<computed>.F.charCodeAt.R.CharCode.DollarSign.U.<computed> (/nix/store/3j0nsr6g8fc0kb20hxhvfnsh83bk0fg6-vscodium-1.91.1.24193/lib/vscode/resources/app/out/vs/workbench/api/node/extensionHostProcess.js:151:4351)
	at f._doExecuteCommand (/nix/store/3j0nsr6g8fc0kb20hxhvfnsh83bk0fg6-vscodium-1.91.1.24193/lib/vscode/resources/app/out/vs/workbench/api/node/extensionHostProcess.js:154:241286)
	at f.executeCommand (/nix/store/3j0nsr6g8fc0kb20hxhvfnsh83bk0fg6-vscodium-1.91.1.24193/lib/vscode/resources/app/out/vs/workbench/api/node/extensionHostProcess.js:154:240611)
	at k.registerCommand.description (/nix/store/3j0nsr6g8fc0kb20hxhvfnsh83bk0fg6-vscodium-1.91.1.24193/lib/vscode/resources/app/out/vs/workbench/api/node/extensionHostProcess.js:154:239855)
	at f._executeContributedCommand (/nix/store/3j0nsr6g8fc0kb20hxhvfnsh83bk0fg6-vscodium-1.91.1.24193/lib/vscode/resources/app/out/vs/workbench/api/node/extensionHostProcess.js:154:241924)
	at f._doExecuteCommand (/nix/store/3j0nsr6g8fc0kb20hxhvfnsh83bk0fg6-vscodium-1.91.1.24193/lib/vscode/resources/app/out/vs/workbench/api/node/extensionHostProcess.js:154:240744)
	at f.executeCommand (/nix/store/3j0nsr6g8fc0kb20hxhvfnsh83bk0fg6-vscodium-1.91.1.24193/lib/vscode/resources/app/out/vs/workbench/api/node/extensionHostProcess.js:154:240611)
	at Object.executeCommand (/nix/store/3j0nsr6g8fc0kb20hxhvfnsh83bk0fg6-vscodium-1.91.1.24193/lib/vscode/resources/app/out/vs/workbench/api/node/extensionHostProcess.js:164:29715)
	at T.reset (/home/ser/.vscode-oss/extensions/asvetliakov.vscode-neovim-1.18.8-universal/dist/extension.js:2:187723)
	at l.<anonymous> (/home/ser/.vscode-oss/extensions/asvetliakov.vscode-neovim-1.18.8-universal/dist/extension.js:2:406042)
	at l.dispose (/nix/store/3j0nsr6g8fc0kb20hxhvfnsh83bk0fg6-vscodium-1.91.1.24193/lib/vscode/resources/app/out/vs/workbench/api/node/extensionHostProcess.js:152:6342)
	at h (/nix/store/3j0nsr6g8fc0kb20hxhvfnsh83bk0fg6-vscodium-1.91.1.24193/lib/vscode/resources/app/out/vs/workbench/api/node/extensionHostProcess.js:30:758)
	at m._deactivate (/nix/store/3j0nsr6g8fc0kb20hxhvfnsh83bk0fg6-vscodium-1.91.1.24193/lib/vscode/resources/app/out/vs/workbench/api/node/extensionHostProcess.js:160:13048)
	at /nix/store/3j0nsr6g8fc0kb20hxhvfnsh83bk0fg6-vscodium-1.91.1.24193/lib/vscode/resources/app/out/vs/workbench/api/node/extensionHostProcess.js:160:10194
	at Array.map (<anonymous>)
	at m._deactivateAll (/nix/store/3j0nsr6g8fc0kb20hxhvfnsh83bk0fg6-vscodium-1.91.1.24193/lib/vscode/resources/app/out/vs/workbench/api/node/extensionHostProcess.js:160:10181)
	at m.terminate (/nix/store/3j0nsr6g8fc0kb20hxhvfnsh83bk0fg6-vscodium-1.91.1.24193/lib/vscode/resources/app/out/vs/workbench/api/node/extensionHostProcess.js:160:10564)
	at h.terminate (/nix/store/3j0nsr6g8fc0kb20hxhvfnsh83bk0fg6-vscodium-1.91.1.24193/lib/vscode/resources/app/out/vs/workbench/api/node/extensionHostProcess.js:164:1908)
	at i (/nix/store/3j0nsr6g8fc0kb20hxhvfnsh83bk0fg6-vscodium-1.91.1.24193/lib/vscode/resources/app/out/vs/workbench/api/node/extensionHostProcess.js:177:12354)
	at MessagePortMain.<anonymous> (/nix/store/3j0nsr6g8fc0kb20hxhvfnsh83bk0fg6-vscodium-1.91.1.24193/lib/vscode/resources/app/out/vs/workbench/api/node/extensionHostProcess.js:177:8164)
	at MessagePortMain.emit (node:events:514:28)
	at MessagePortMain._internalPort.emit (node:electron/js2c/utility_init:2:2285) setContext undefined
2024-08-23 02:29:20.212 [error] Canceled: Canceled
	at new T (/nix/store/3j0nsr6g8fc0kb20hxhvfnsh83bk0fg6-vscodium-1.91.1.24193/lib/vscode/resources/app/out/vs/workbench/api/node/extensionHostProcess.js:144:39096)
	at y._remoteCall (/nix/store/3j0nsr6g8fc0kb20hxhvfnsh83bk0fg6-vscodium-1.91.1.24193/lib/vscode/resources/app/out/vs/workbench/api/node/extensionHostProcess.js:151:8166)
	at U.<computed>.F.charCodeAt.R.CharCode.DollarSign.U.<computed> (/nix/store/3j0nsr6g8fc0kb20hxhvfnsh83bk0fg6-vscodium-1.91.1.24193/lib/vscode/resources/app/out/vs/workbench/api/node/extensionHostProcess.js:151:4351)
	at f._doExecuteCommand (/nix/store/3j0nsr6g8fc0kb20hxhvfnsh83bk0fg6-vscodium-1.91.1.24193/lib/vscode/resources/app/out/vs/workbench/api/node/extensionHostProcess.js:154:241286)
	at f.executeCommand (/nix/store/3j0nsr6g8fc0kb20hxhvfnsh83bk0fg6-vscodium-1.91.1.24193/lib/vscode/resources/app/out/vs/workbench/api/node/extensionHostProcess.js:154:240611)
	at k.registerCommand.description (/nix/store/3j0nsr6g8fc0kb20hxhvfnsh83bk0fg6-vscodium-1.91.1.24193/lib/vscode/resources/app/out/vs/workbench/api/node/extensionHostProcess.js:154:239855)
	at f._executeContributedCommand (/nix/store/3j0nsr6g8fc0kb20hxhvfnsh83bk0fg6-vscodium-1.91.1.24193/lib/vscode/resources/app/out/vs/workbench/api/node/extensionHostProcess.js:154:241924)
	at f._doExecuteCommand (/nix/store/3j0nsr6g8fc0kb20hxhvfnsh83bk0fg6-vscodium-1.91.1.24193/lib/vscode/resources/app/out/vs/workbench/api/node/extensionHostProcess.js:154:240744)
	at f.executeCommand (/nix/store/3j0nsr6g8fc0kb20hxhvfnsh83bk0fg6-vscodium-1.91.1.24193/lib/vscode/resources/app/out/vs/workbench/api/node/extensionHostProcess.js:154:240611)
	at Object.executeCommand (/nix/store/3j0nsr6g8fc0kb20hxhvfnsh83bk0fg6-vscodium-1.91.1.24193/lib/vscode/resources/app/out/vs/workbench/api/node/extensionHostProcess.js:164:29715)
	at T.reset (/home/ser/.vscode-oss/extensions/asvetliakov.vscode-neovim-1.18.8-universal/dist/extension.js:2:187723)
	at l.<anonymous> (/home/ser/.vscode-oss/extensions/asvetliakov.vscode-neovim-1.18.8-universal/dist/extension.js:2:406042)
	at l.dispose (/nix/store/3j0nsr6g8fc0kb20hxhvfnsh83bk0fg6-vscodium-1.91.1.24193/lib/vscode/resources/app/out/vs/workbench/api/node/extensionHostProcess.js:152:6342)
	at h (/nix/store/3j0nsr6g8fc0kb20hxhvfnsh83bk0fg6-vscodium-1.91.1.24193/lib/vscode/resources/app/out/vs/workbench/api/node/extensionHostProcess.js:30:758)
	at m._deactivate (/nix/store/3j0nsr6g8fc0kb20hxhvfnsh83bk0fg6-vscodium-1.91.1.24193/lib/vscode/resources/app/out/vs/workbench/api/node/extensionHostProcess.js:160:13048)
	at /nix/store/3j0nsr6g8fc0kb20hxhvfnsh83bk0fg6-vscodium-1.91.1.24193/lib/vscode/resources/app/out/vs/workbench/api/node/extensionHostProcess.js:160:10194
	at Array.map (<anonymous>)
	at m._deactivateAll (/nix/store/3j0nsr6g8fc0kb20hxhvfnsh83bk0fg6-vscodium-1.91.1.24193/lib/vscode/resources/app/out/vs/workbench/api/node/extensionHostProcess.js:160:10181)
	at m.terminate (/nix/store/3j0nsr6g8fc0kb20hxhvfnsh83bk0fg6-vscodium-1.91.1.24193/lib/vscode/resources/app/out/vs/workbench/api/node/extensionHostProcess.js:160:10564)
	at h.terminate (/nix/store/3j0nsr6g8fc0kb20hxhvfnsh83bk0fg6-vscodium-1.91.1.24193/lib/vscode/resources/app/out/vs/workbench/api/node/extensionHostProcess.js:164:1908)
	at i (/nix/store/3j0nsr6g8fc0kb20hxhvfnsh83bk0fg6-vscodium-1.91.1.24193/lib/vscode/resources/app/out/vs/workbench/api/node/extensionHostProcess.js:177:12354)
	at MessagePortMain.<anonymous> (/nix/store/3j0nsr6g8fc0kb20hxhvfnsh83bk0fg6-vscodium-1.91.1.24193/lib/vscode/resources/app/out/vs/workbench/api/node/extensionHostProcess.js:177:8164)
	at MessagePortMain.emit (node:events:514:28)
	at MessagePortMain._internalPort.emit (node:electron/js2c/utility_init:2:2285) setContext undefined
2024-08-23 02:29:20.213 [error] Canceled: Canceled
	at new T (/nix/store/3j0nsr6g8fc0kb20hxhvfnsh83bk0fg6-vscodium-1.91.1.24193/lib/vscode/resources/app/out/vs/workbench/api/node/extensionHostProcess.js:144:39096)
	at y._remoteCall (/nix/store/3j0nsr6g8fc0kb20hxhvfnsh83bk0fg6-vscodium-1.91.1.24193/lib/vscode/resources/app/out/vs/workbench/api/node/extensionHostProcess.js:151:8166)
	at U.<computed>.F.charCodeAt.R.CharCode.DollarSign.U.<computed> (/nix/store/3j0nsr6g8fc0kb20hxhvfnsh83bk0fg6-vscodium-1.91.1.24193/lib/vscode/resources/app/out/vs/workbench/api/node/extensionHostProcess.js:151:4351)
	at f._doExecuteCommand (/nix/store/3j0nsr6g8fc0kb20hxhvfnsh83bk0fg6-vscodium-1.91.1.24193/lib/vscode/resources/app/out/vs/workbench/api/node/extensionHostProcess.js:154:241286)
	at f.executeCommand (/nix/store/3j0nsr6g8fc0kb20hxhvfnsh83bk0fg6-vscodium-1.91.1.24193/lib/vscode/resources/app/out/vs/workbench/api/node/extensionHostProcess.js:154:240611)
	at k.registerCommand.description (/nix/store/3j0nsr6g8fc0kb20hxhvfnsh83bk0fg6-vscodium-1.91.1.24193/lib/vscode/resources/app/out/vs/workbench/api/node/extensionHostProcess.js:154:239855)
	at f._executeContributedCommand (/nix/store/3j0nsr6g8fc0kb20hxhvfnsh83bk0fg6-vscodium-1.91.1.24193/lib/vscode/resources/app/out/vs/workbench/api/node/extensionHostProcess.js:154:241924)
	at f._doExecuteCommand (/nix/store/3j0nsr6g8fc0kb20hxhvfnsh83bk0fg6-vscodium-1.91.1.24193/lib/vscode/resources/app/out/vs/workbench/api/node/extensionHostProcess.js:154:240744)
	at f.executeCommand (/nix/store/3j0nsr6g8fc0kb20hxhvfnsh83bk0fg6-vscodium-1.91.1.24193/lib/vscode/resources/app/out/vs/workbench/api/node/extensionHostProcess.js:154:240611)
	at Object.executeCommand (/nix/store/3j0nsr6g8fc0kb20hxhvfnsh83bk0fg6-vscodium-1.91.1.24193/lib/vscode/resources/app/out/vs/workbench/api/node/extensionHostProcess.js:164:29715)
	at T.reset (/home/ser/.vscode-oss/extensions/asvetliakov.vscode-neovim-1.18.8-universal/dist/extension.js:2:187723)
	at l.<anonymous> (/home/ser/.vscode-oss/extensions/asvetliakov.vscode-neovim-1.18.8-universal/dist/extension.js:2:406042)
	at l.dispose (/nix/store/3j0nsr6g8fc0kb20hxhvfnsh83bk0fg6-vscodium-1.91.1.24193/lib/vscode/resources/app/out/vs/workbench/api/node/extensionHostProcess.js:152:6342)
	at h (/nix/store/3j0nsr6g8fc0kb20hxhvfnsh83bk0fg6-vscodium-1.91.1.24193/lib/vscode/resources/app/out/vs/workbench/api/node/extensionHostProcess.js:30:758)
	at m._deactivate (/nix/store/3j0nsr6g8fc0kb20hxhvfnsh83bk0fg6-vscodium-1.91.1.24193/lib/vscode/resources/app/out/vs/workbench/api/node/extensionHostProcess.js:160:13048)
	at /nix/store/3j0nsr6g8fc0kb20hxhvfnsh83bk0fg6-vscodium-1.91.1.24193/lib/vscode/resources/app/out/vs/workbench/api/node/extensionHostProcess.js:160:10194
	at Array.map (<anonymous>)
	at m._deactivateAll (/nix/store/3j0nsr6g8fc0kb20hxhvfnsh83bk0fg6-vscodium-1.91.1.24193/lib/vscode/resources/app/out/vs/workbench/api/node/extensionHostProcess.js:160:10181)
	at m.terminate (/nix/store/3j0nsr6g8fc0kb20hxhvfnsh83bk0fg6-vscodium-1.91.1.24193/lib/vscode/resources/app/out/vs/workbench/api/node/extensionHostProcess.js:160:10564)
	at h.terminate (/nix/store/3j0nsr6g8fc0kb20hxhvfnsh83bk0fg6-vscodium-1.91.1.24193/lib/vscode/resources/app/out/vs/workbench/api/node/extensionHostProcess.js:164:1908)
	at i (/nix/store/3j0nsr6g8fc0kb20hxhvfnsh83bk0fg6-vscodium-1.91.1.24193/lib/vscode/resources/app/out/vs/workbench/api/node/extensionHostProcess.js:177:12354)
	at MessagePortMain.<anonymous> (/nix/store/3j0nsr6g8fc0kb20hxhvfnsh83bk0fg6-vscodium-1.91.1.24193/lib/vscode/resources/app/out/vs/workbench/api/node/extensionHostProcess.js:177:8164)
	at MessagePortMain.emit (node:events:514:28)
	at MessagePortMain._internalPort.emit (node:electron/js2c/utility_init:2:2285) setContext undefined
2024-08-23 02:29:20.213 [error] Canceled: Canceled
	at new T (/nix/store/3j0nsr6g8fc0kb20hxhvfnsh83bk0fg6-vscodium-1.91.1.24193/lib/vscode/resources/app/out/vs/workbench/api/node/extensionHostProcess.js:144:39096)
	at y._remoteCall (/nix/store/3j0nsr6g8fc0kb20hxhvfnsh83bk0fg6-vscodium-1.91.1.24193/lib/vscode/resources/app/out/vs/workbench/api/node/extensionHostProcess.js:151:8166)
	at U.<computed>.F.charCodeAt.R.CharCode.DollarSign.U.<computed> (/nix/store/3j0nsr6g8fc0kb20hxhvfnsh83bk0fg6-vscodium-1.91.1.24193/lib/vscode/resources/app/out/vs/workbench/api/node/extensionHostProcess.js:151:4351)
	at f._doExecuteCommand (/nix/store/3j0nsr6g8fc0kb20hxhvfnsh83bk0fg6-vscodium-1.91.1.24193/lib/vscode/resources/app/out/vs/workbench/api/node/extensionHostProcess.js:154:241286)
	at f.executeCommand (/nix/store/3j0nsr6g8fc0kb20hxhvfnsh83bk0fg6-vscodium-1.91.1.24193/lib/vscode/resources/app/out/vs/workbench/api/node/extensionHostProcess.js:154:240611)
	at k.registerCommand.description (/nix/store/3j0nsr6g8fc0kb20hxhvfnsh83bk0fg6-vscodium-1.91.1.24193/lib/vscode/resources/app/out/vs/workbench/api/node/extensionHostProcess.js:154:239855)
	at f._executeContributedCommand (/nix/store/3j0nsr6g8fc0kb20hxhvfnsh83bk0fg6-vscodium-1.91.1.24193/lib/vscode/resources/app/out/vs/workbench/api/node/extensionHostProcess.js:154:241924)
	at f._doExecuteCommand (/nix/store/3j0nsr6g8fc0kb20hxhvfnsh83bk0fg6-vscodium-1.91.1.24193/lib/vscode/resources/app/out/vs/workbench/api/node/extensionHostProcess.js:154:240744)
	at f.executeCommand (/nix/store/3j0nsr6g8fc0kb20hxhvfnsh83bk0fg6-vscodium-1.91.1.24193/lib/vscode/resources/app/out/vs/workbench/api/node/extensionHostProcess.js:154:240611)
	at Object.executeCommand (/nix/store/3j0nsr6g8fc0kb20hxhvfnsh83bk0fg6-vscodium-1.91.1.24193/lib/vscode/resources/app/out/vs/workbench/api/node/extensionHostProcess.js:164:29715)
	at T.reset (/home/ser/.vscode-oss/extensions/asvetliakov.vscode-neovim-1.18.8-universal/dist/extension.js:2:187723)
	at l.<anonymous> (/home/ser/.vscode-oss/extensions/asvetliakov.vscode-neovim-1.18.8-universal/dist/extension.js:2:406042)
	at l.dispose (/nix/store/3j0nsr6g8fc0kb20hxhvfnsh83bk0fg6-vscodium-1.91.1.24193/lib/vscode/resources/app/out/vs/workbench/api/node/extensionHostProcess.js:152:6342)
	at h (/nix/store/3j0nsr6g8fc0kb20hxhvfnsh83bk0fg6-vscodium-1.91.1.24193/lib/vscode/resources/app/out/vs/workbench/api/node/extensionHostProcess.js:30:758)
	at m._deactivate (/nix/store/3j0nsr6g8fc0kb20hxhvfnsh83bk0fg6-vscodium-1.91.1.24193/lib/vscode/resources/app/out/vs/workbench/api/node/extensionHostProcess.js:160:13048)
	at /nix/store/3j0nsr6g8fc0kb20hxhvfnsh83bk0fg6-vscodium-1.91.1.24193/lib/vscode/resources/app/out/vs/workbench/api/node/extensionHostProcess.js:160:10194
	at Array.map (<anonymous>)
	at m._deactivateAll (/nix/store/3j0nsr6g8fc0kb20hxhvfnsh83bk0fg6-vscodium-1.91.1.24193/lib/vscode/resources/app/out/vs/workbench/api/node/extensionHostProcess.js:160:10181)
	at m.terminate (/nix/store/3j0nsr6g8fc0kb20hxhvfnsh83bk0fg6-vscodium-1.91.1.24193/lib/vscode/resources/app/out/vs/workbench/api/node/extensionHostProcess.js:160:10564)
	at h.terminate (/nix/store/3j0nsr6g8fc0kb20hxhvfnsh83bk0fg6-vscodium-1.91.1.24193/lib/vscode/resources/app/out/vs/workbench/api/node/extensionHostProcess.js:164:1908)
	at i (/nix/store/3j0nsr6g8fc0kb20hxhvfnsh83bk0fg6-vscodium-1.91.1.24193/lib/vscode/resources/app/out/vs/workbench/api/node/extensionHostProcess.js:177:12354)
	at MessagePortMain.<anonymous> (/nix/store/3j0nsr6g8fc0kb20hxhvfnsh83bk0fg6-vscodium-1.91.1.24193/lib/vscode/resources/app/out/vs/workbench/api/node/extensionHostProcess.js:177:8164)
	at MessagePortMain.emit (node:events:514:28)
	at MessagePortMain._internalPort.emit (node:electron/js2c/utility_init:2:2285) setContext undefined
2024-08-23 02:29:20.213 [error] Canceled: Canceled
	at new T (/nix/store/3j0nsr6g8fc0kb20hxhvfnsh83bk0fg6-vscodium-1.91.1.24193/lib/vscode/resources/app/out/vs/workbench/api/node/extensionHostProcess.js:144:39096)
	at y._remoteCall (/nix/store/3j0nsr6g8fc0kb20hxhvfnsh83bk0fg6-vscodium-1.91.1.24193/lib/vscode/resources/app/out/vs/workbench/api/node/extensionHostProcess.js:151:8166)
	at U.<computed>.F.charCodeAt.R.CharCode.DollarSign.U.<computed> (/nix/store/3j0nsr6g8fc0kb20hxhvfnsh83bk0fg6-vscodium-1.91.1.24193/lib/vscode/resources/app/out/vs/workbench/api/node/extensionHostProcess.js:151:4351)
	at f._doExecuteCommand (/nix/store/3j0nsr6g8fc0kb20hxhvfnsh83bk0fg6-vscodium-1.91.1.24193/lib/vscode/resources/app/out/vs/workbench/api/node/extensionHostProcess.js:154:241286)
	at f.executeCommand (/nix/store/3j0nsr6g8fc0kb20hxhvfnsh83bk0fg6-vscodium-1.91.1.24193/lib/vscode/resources/app/out/vs/workbench/api/node/extensionHostProcess.js:154:240611)
	at k.registerCommand.description (/nix/store/3j0nsr6g8fc0kb20hxhvfnsh83bk0fg6-vscodium-1.91.1.24193/lib/vscode/resources/app/out/vs/workbench/api/node/extensionHostProcess.js:154:239855)
	at f._executeContributedCommand (/nix/store/3j0nsr6g8fc0kb20hxhvfnsh83bk0fg6-vscodium-1.91.1.24193/lib/vscode/resources/app/out/vs/workbench/api/node/extensionHostProcess.js:154:241924)
	at f._doExecuteCommand (/nix/store/3j0nsr6g8fc0kb20hxhvfnsh83bk0fg6-vscodium-1.91.1.24193/lib/vscode/resources/app/out/vs/workbench/api/node/extensionHostProcess.js:154:240744)
	at f.executeCommand (/nix/store/3j0nsr6g8fc0kb20hxhvfnsh83bk0fg6-vscodium-1.91.1.24193/lib/vscode/resources/app/out/vs/workbench/api/node/extensionHostProcess.js:154:240611)
	at Object.executeCommand (/nix/store/3j0nsr6g8fc0kb20hxhvfnsh83bk0fg6-vscodium-1.91.1.24193/lib/vscode/resources/app/out/vs/workbench/api/node/extensionHostProcess.js:164:29715)
	at T.reset (/home/ser/.vscode-oss/extensions/asvetliakov.vscode-neovim-1.18.8-universal/dist/extension.js:2:187723)
	at l.<anonymous> (/home/ser/.vscode-oss/extensions/asvetliakov.vscode-neovim-1.18.8-universal/dist/extension.js:2:406042)
	at l.dispose (/nix/store/3j0nsr6g8fc0kb20hxhvfnsh83bk0fg6-vscodium-1.91.1.24193/lib/vscode/resources/app/out/vs/workbench/api/node/extensionHostProcess.js:152:6342)
	at h (/nix/store/3j0nsr6g8fc0kb20hxhvfnsh83bk0fg6-vscodium-1.91.1.24193/lib/vscode/resources/app/out/vs/workbench/api/node/extensionHostProcess.js:30:758)
	at m._deactivate (/nix/store/3j0nsr6g8fc0kb20hxhvfnsh83bk0fg6-vscodium-1.91.1.24193/lib/vscode/resources/app/out/vs/workbench/api/node/extensionHostProcess.js:160:13048)
	at /nix/store/3j0nsr6g8fc0kb20hxhvfnsh83bk0fg6-vscodium-1.91.1.24193/lib/vscode/resources/app/out/vs/workbench/api/node/extensionHostProcess.js:160:10194
	at Array.map (<anonymous>)
	at m._deactivateAll (/nix/store/3j0nsr6g8fc0kb20hxhvfnsh83bk0fg6-vscodium-1.91.1.24193/lib/vscode/resources/app/out/vs/workbench/api/node/extensionHostProcess.js:160:10181)
	at m.terminate (/nix/store/3j0nsr6g8fc0kb20hxhvfnsh83bk0fg6-vscodium-1.91.1.24193/lib/vscode/resources/app/out/vs/workbench/api/node/extensionHostProcess.js:160:10564)
	at h.terminate (/nix/store/3j0nsr6g8fc0kb20hxhvfnsh83bk0fg6-vscodium-1.91.1.24193/lib/vscode/resources/app/out/vs/workbench/api/node/extensionHostProcess.js:164:1908)
	at i (/nix/store/3j0nsr6g8fc0kb20hxhvfnsh83bk0fg6-vscodium-1.91.1.24193/lib/vscode/resources/app/out/vs/workbench/api/node/extensionHostProcess.js:177:12354)
	at MessagePortMain.<anonymous> (/nix/store/3j0nsr6g8fc0kb20hxhvfnsh83bk0fg6-vscodium-1.91.1.24193/lib/vscode/resources/app/out/vs/workbench/api/node/extensionHostProcess.js:177:8164)
	at MessagePortMain.emit (node:events:514:28)
	at MessagePortMain._internalPort.emit (node:electron/js2c/utility_init:2:2285) setContext undefined
2024-08-23 02:29:20.213 [error] Canceled: Canceled
	at new T (/nix/store/3j0nsr6g8fc0kb20hxhvfnsh83bk0fg6-vscodium-1.91.1.24193/lib/vscode/resources/app/out/vs/workbench/api/node/extensionHostProcess.js:144:39096)
	at y._remoteCall (/nix/store/3j0nsr6g8fc0kb20hxhvfnsh83bk0fg6-vscodium-1.91.1.24193/lib/vscode/resources/app/out/vs/workbench/api/node/extensionHostProcess.js:151:8166)
	at U.<computed>.F.charCodeAt.R.CharCode.DollarSign.U.<computed> (/nix/store/3j0nsr6g8fc0kb20hxhvfnsh83bk0fg6-vscodium-1.91.1.24193/lib/vscode/resources/app/out/vs/workbench/api/node/extensionHostProcess.js:151:4351)
	at f._doExecuteCommand (/nix/store/3j0nsr6g8fc0kb20hxhvfnsh83bk0fg6-vscodium-1.91.1.24193/lib/vscode/resources/app/out/vs/workbench/api/node/extensionHostProcess.js:154:241286)
	at f.executeCommand (/nix/store/3j0nsr6g8fc0kb20hxhvfnsh83bk0fg6-vscodium-1.91.1.24193/lib/vscode/resources/app/out/vs/workbench/api/node/extensionHostProcess.js:154:240611)
	at k.registerCommand.description (/nix/store/3j0nsr6g8fc0kb20hxhvfnsh83bk0fg6-vscodium-1.91.1.24193/lib/vscode/resources/app/out/vs/workbench/api/node/extensionHostProcess.js:154:239855)
	at f._executeContributedCommand (/nix/store/3j0nsr6g8fc0kb20hxhvfnsh83bk0fg6-vscodium-1.91.1.24193/lib/vscode/resources/app/out/vs/workbench/api/node/extensionHostProcess.js:154:241924)
	at f._doExecuteCommand (/nix/store/3j0nsr6g8fc0kb20hxhvfnsh83bk0fg6-vscodium-1.91.1.24193/lib/vscode/resources/app/out/vs/workbench/api/node/extensionHostProcess.js:154:240744)
	at f.executeCommand (/nix/store/3j0nsr6g8fc0kb20hxhvfnsh83bk0fg6-vscodium-1.91.1.24193/lib/vscode/resources/app/out/vs/workbench/api/node/extensionHostProcess.js:154:240611)
	at Object.executeCommand (/nix/store/3j0nsr6g8fc0kb20hxhvfnsh83bk0fg6-vscodium-1.91.1.24193/lib/vscode/resources/app/out/vs/workbench/api/node/extensionHostProcess.js:164:29715)
	at T.reset (/home/ser/.vscode-oss/extensions/asvetliakov.vscode-neovim-1.18.8-universal/dist/extension.js:2:187723)
	at l.<anonymous> (/home/ser/.vscode-oss/extensions/asvetliakov.vscode-neovim-1.18.8-universal/dist/extension.js:2:406042)
	at l.dispose (/nix/store/3j0nsr6g8fc0kb20hxhvfnsh83bk0fg6-vscodium-1.91.1.24193/lib/vscode/resources/app/out/vs/workbench/api/node/extensionHostProcess.js:152:6342)
	at h (/nix/store/3j0nsr6g8fc0kb20hxhvfnsh83bk0fg6-vscodium-1.91.1.24193/lib/vscode/resources/app/out/vs/workbench/api/node/extensionHostProcess.js:30:758)
	at m._deactivate (/nix/store/3j0nsr6g8fc0kb20hxhvfnsh83bk0fg6-vscodium-1.91.1.24193/lib/vscode/resources/app/out/vs/workbench/api/node/extensionHostProcess.js:160:13048)
	at /nix/store/3j0nsr6g8fc0kb20hxhvfnsh83bk0fg6-vscodium-1.91.1.24193/lib/vscode/resources/app/out/vs/workbench/api/node/extensionHostProcess.js:160:10194
	at Array.map (<anonymous>)
	at m._deactivateAll (/nix/store/3j0nsr6g8fc0kb20hxhvfnsh83bk0fg6-vscodium-1.91.1.24193/lib/vscode/resources/app/out/vs/workbench/api/node/extensionHostProcess.js:160:10181)
	at m.terminate (/nix/store/3j0nsr6g8fc0kb20hxhvfnsh83bk0fg6-vscodium-1.91.1.24193/lib/vscode/resources/app/out/vs/workbench/api/node/extensionHostProcess.js:160:10564)
	at h.terminate (/nix/store/3j0nsr6g8fc0kb20hxhvfnsh83bk0fg6-vscodium-1.91.1.24193/lib/vscode/resources/app/out/vs/workbench/api/node/extensionHostProcess.js:164:1908)
	at i (/nix/store/3j0nsr6g8fc0kb20hxhvfnsh83bk0fg6-vscodium-1.91.1.24193/lib/vscode/resources/app/out/vs/workbench/api/node/extensionHostProcess.js:177:12354)
	at MessagePortMain.<anonymous> (/nix/store/3j0nsr6g8fc0kb20hxhvfnsh83bk0fg6-vscodium-1.91.1.24193/lib/vscode/resources/app/out/vs/workbench/api/node/extensionHostProcess.js:177:8164)
	at MessagePortMain.emit (node:events:514:28)
	at MessagePortMain._internalPort.emit (node:electron/js2c/utility_init:2:2285) setContext undefined
2024-08-23 02:29:20.213 [error] Canceled: Canceled
	at new T (/nix/store/3j0nsr6g8fc0kb20hxhvfnsh83bk0fg6-vscodium-1.91.1.24193/lib/vscode/resources/app/out/vs/workbench/api/node/extensionHostProcess.js:144:39096)
	at y._remoteCall (/nix/store/3j0nsr6g8fc0kb20hxhvfnsh83bk0fg6-vscodium-1.91.1.24193/lib/vscode/resources/app/out/vs/workbench/api/node/extensionHostProcess.js:151:8166)
	at U.<computed>.F.charCodeAt.R.CharCode.DollarSign.U.<computed> (/nix/store/3j0nsr6g8fc0kb20hxhvfnsh83bk0fg6-vscodium-1.91.1.24193/lib/vscode/resources/app/out/vs/workbench/api/node/extensionHostProcess.js:151:4351)
	at f._doExecuteCommand (/nix/store/3j0nsr6g8fc0kb20hxhvfnsh83bk0fg6-vscodium-1.91.1.24193/lib/vscode/resources/app/out/vs/workbench/api/node/extensionHostProcess.js:154:241286)
	at f.executeCommand (/nix/store/3j0nsr6g8fc0kb20hxhvfnsh83bk0fg6-vscodium-1.91.1.24193/lib/vscode/resources/app/out/vs/workbench/api/node/extensionHostProcess.js:154:240611)
	at k.registerCommand.description (/nix/store/3j0nsr6g8fc0kb20hxhvfnsh83bk0fg6-vscodium-1.91.1.24193/lib/vscode/resources/app/out/vs/workbench/api/node/extensionHostProcess.js:154:239855)
	at f._executeContributedCommand (/nix/store/3j0nsr6g8fc0kb20hxhvfnsh83bk0fg6-vscodium-1.91.1.24193/lib/vscode/resources/app/out/vs/workbench/api/node/extensionHostProcess.js:154:241924)
	at f._doExecuteCommand (/nix/store/3j0nsr6g8fc0kb20hxhvfnsh83bk0fg6-vscodium-1.91.1.24193/lib/vscode/resources/app/out/vs/workbench/api/node/extensionHostProcess.js:154:240744)
	at f.executeCommand (/nix/store/3j0nsr6g8fc0kb20hxhvfnsh83bk0fg6-vscodium-1.91.1.24193/lib/vscode/resources/app/out/vs/workbench/api/node/extensionHostProcess.js:154:240611)
	at Object.executeCommand (/nix/store/3j0nsr6g8fc0kb20hxhvfnsh83bk0fg6-vscodium-1.91.1.24193/lib/vscode/resources/app/out/vs/workbench/api/node/extensionHostProcess.js:164:29715)
	at T.reset (/home/ser/.vscode-oss/extensions/asvetliakov.vscode-neovim-1.18.8-universal/dist/extension.js:2:187723)
	at l.<anonymous> (/home/ser/.vscode-oss/extensions/asvetliakov.vscode-neovim-1.18.8-universal/dist/extension.js:2:406042)
	at l.dispose (/nix/store/3j0nsr6g8fc0kb20hxhvfnsh83bk0fg6-vscodium-1.91.1.24193/lib/vscode/resources/app/out/vs/workbench/api/node/extensionHostProcess.js:152:6342)
	at h (/nix/store/3j0nsr6g8fc0kb20hxhvfnsh83bk0fg6-vscodium-1.91.1.24193/lib/vscode/resources/app/out/vs/workbench/api/node/extensionHostProcess.js:30:758)
	at m._deactivate (/nix/store/3j0nsr6g8fc0kb20hxhvfnsh83bk0fg6-vscodium-1.91.1.24193/lib/vscode/resources/app/out/vs/workbench/api/node/extensionHostProcess.js:160:13048)
	at /nix/store/3j0nsr6g8fc0kb20hxhvfnsh83bk0fg6-vscodium-1.91.1.24193/lib/vscode/resources/app/out/vs/workbench/api/node/extensionHostProcess.js:160:10194
	at Array.map (<anonymous>)
	at m._deactivateAll (/nix/store/3j0nsr6g8fc0kb20hxhvfnsh83bk0fg6-vscodium-1.91.1.24193/lib/vscode/resources/app/out/vs/workbench/api/node/extensionHostProcess.js:160:10181)
	at m.terminate (/nix/store/3j0nsr6g8fc0kb20hxhvfnsh83bk0fg6-vscodium-1.91.1.24193/lib/vscode/resources/app/out/vs/workbench/api/node/extensionHostProcess.js:160:10564)
	at h.terminate (/nix/store/3j0nsr6g8fc0kb20hxhvfnsh83bk0fg6-vscodium-1.91.1.24193/lib/vscode/resources/app/out/vs/workbench/api/node/extensionHostProcess.js:164:1908)
	at i (/nix/store/3j0nsr6g8fc0kb20hxhvfnsh83bk0fg6-vscodium-1.91.1.24193/lib/vscode/resources/app/out/vs/workbench/api/node/extensionHostProcess.js:177:12354)
	at MessagePortMain.<anonymous> (/nix/store/3j0nsr6g8fc0kb20hxhvfnsh83bk0fg6-vscodium-1.91.1.24193/lib/vscode/resources/app/out/vs/workbench/api/node/extensionHostProcess.js:177:8164)
	at MessagePortMain.emit (node:events:514:28)
	at MessagePortMain._internalPort.emit (node:electron/js2c/utility_init:2:2285) setContext undefined
2024-08-23 02:29:20.213 [error] Canceled: Canceled
	at new T (/nix/store/3j0nsr6g8fc0kb20hxhvfnsh83bk0fg6-vscodium-1.91.1.24193/lib/vscode/resources/app/out/vs/workbench/api/node/extensionHostProcess.js:144:39096)
	at y._remoteCall (/nix/store/3j0nsr6g8fc0kb20hxhvfnsh83bk0fg6-vscodium-1.91.1.24193/lib/vscode/resources/app/out/vs/workbench/api/node/extensionHostProcess.js:151:8166)
	at U.<computed>.F.charCodeAt.R.CharCode.DollarSign.U.<computed> (/nix/store/3j0nsr6g8fc0kb20hxhvfnsh83bk0fg6-vscodium-1.91.1.24193/lib/vscode/resources/app/out/vs/workbench/api/node/extensionHostProcess.js:151:4351)
	at f._doExecuteCommand (/nix/store/3j0nsr6g8fc0kb20hxhvfnsh83bk0fg6-vscodium-1.91.1.24193/lib/vscode/resources/app/out/vs/workbench/api/node/extensionHostProcess.js:154:241286)
	at f.executeCommand (/nix/store/3j0nsr6g8fc0kb20hxhvfnsh83bk0fg6-vscodium-1.91.1.24193/lib/vscode/resources/app/out/vs/workbench/api/node/extensionHostProcess.js:154:240611)
	at k.registerCommand.description (/nix/store/3j0nsr6g8fc0kb20hxhvfnsh83bk0fg6-vscodium-1.91.1.24193/lib/vscode/resources/app/out/vs/workbench/api/node/extensionHostProcess.js:154:239855)
	at f._executeContributedCommand (/nix/store/3j0nsr6g8fc0kb20hxhvfnsh83bk0fg6-vscodium-1.91.1.24193/lib/vscode/resources/app/out/vs/workbench/api/node/extensionHostProcess.js:154:241924)
	at f._doExecuteCommand (/nix/store/3j0nsr6g8fc0kb20hxhvfnsh83bk0fg6-vscodium-1.91.1.24193/lib/vscode/resources/app/out/vs/workbench/api/node/extensionHostProcess.js:154:240744)
	at f.executeCommand (/nix/store/3j0nsr6g8fc0kb20hxhvfnsh83bk0fg6-vscodium-1.91.1.24193/lib/vscode/resources/app/out/vs/workbench/api/node/extensionHostProcess.js:154:240611)
	at Object.executeCommand (/nix/store/3j0nsr6g8fc0kb20hxhvfnsh83bk0fg6-vscodium-1.91.1.24193/lib/vscode/resources/app/out/vs/workbench/api/node/extensionHostProcess.js:164:29715)
	at T.reset (/home/ser/.vscode-oss/extensions/asvetliakov.vscode-neovim-1.18.8-universal/dist/extension.js:2:187723)
	at l.<anonymous> (/home/ser/.vscode-oss/extensions/asvetliakov.vscode-neovim-1.18.8-universal/dist/extension.js:2:406042)
	at l.dispose (/nix/store/3j0nsr6g8fc0kb20hxhvfnsh83bk0fg6-vscodium-1.91.1.24193/lib/vscode/resources/app/out/vs/workbench/api/node/extensionHostProcess.js:152:6342)
	at h (/nix/store/3j0nsr6g8fc0kb20hxhvfnsh83bk0fg6-vscodium-1.91.1.24193/lib/vscode/resources/app/out/vs/workbench/api/node/extensionHostProcess.js:30:758)
	at m._deactivate (/nix/store/3j0nsr6g8fc0kb20hxhvfnsh83bk0fg6-vscodium-1.91.1.24193/lib/vscode/resources/app/out/vs/workbench/api/node/extensionHostProcess.js:160:13048)
	at /nix/store/3j0nsr6g8fc0kb20hxhvfnsh83bk0fg6-vscodium-1.91.1.24193/lib/vscode/resources/app/out/vs/workbench/api/node/extensionHostProcess.js:160:10194
	at Array.map (<anonymous>)
	at m._deactivateAll (/nix/store/3j0nsr6g8fc0kb20hxhvfnsh83bk0fg6-vscodium-1.91.1.24193/lib/vscode/resources/app/out/vs/workbench/api/node/extensionHostProcess.js:160:10181)
	at m.terminate (/nix/store/3j0nsr6g8fc0kb20hxhvfnsh83bk0fg6-vscodium-1.91.1.24193/lib/vscode/resources/app/out/vs/workbench/api/node/extensionHostProcess.js:160:10564)
	at h.terminate (/nix/store/3j0nsr6g8fc0kb20hxhvfnsh83bk0fg6-vscodium-1.91.1.24193/lib/vscode/resources/app/out/vs/workbench/api/node/extensionHostProcess.js:164:1908)
	at i (/nix/store/3j0nsr6g8fc0kb20hxhvfnsh83bk0fg6-vscodium-1.91.1.24193/lib/vscode/resources/app/out/vs/workbench/api/node/extensionHostProcess.js:177:12354)
	at MessagePortMain.<anonymous> (/nix/store/3j0nsr6g8fc0kb20hxhvfnsh83bk0fg6-vscodium-1.91.1.24193/lib/vscode/resources/app/out/vs/workbench/api/node/extensionHostProcess.js:177:8164)
	at MessagePortMain.emit (node:events:514:28)
	at MessagePortMain._internalPort.emit (node:electron/js2c/utility_init:2:2285) setContext undefined
2024-08-23 02:29:20.213 [error] Canceled: Canceled
	at new T (/nix/store/3j0nsr6g8fc0kb20hxhvfnsh83bk0fg6-vscodium-1.91.1.24193/lib/vscode/resources/app/out/vs/workbench/api/node/extensionHostProcess.js:144:39096)
	at y._remoteCall (/nix/store/3j0nsr6g8fc0kb20hxhvfnsh83bk0fg6-vscodium-1.91.1.24193/lib/vscode/resources/app/out/vs/workbench/api/node/extensionHostProcess.js:151:8166)
	at U.<computed>.F.charCodeAt.R.CharCode.DollarSign.U.<computed> (/nix/store/3j0nsr6g8fc0kb20hxhvfnsh83bk0fg6-vscodium-1.91.1.24193/lib/vscode/resources/app/out/vs/workbench/api/node/extensionHostProcess.js:151:4351)
	at f._doExecuteCommand (/nix/store/3j0nsr6g8fc0kb20hxhvfnsh83bk0fg6-vscodium-1.91.1.24193/lib/vscode/resources/app/out/vs/workbench/api/node/extensionHostProcess.js:154:241286)
	at f.executeCommand (/nix/store/3j0nsr6g8fc0kb20hxhvfnsh83bk0fg6-vscodium-1.91.1.24193/lib/vscode/resources/app/out/vs/workbench/api/node/extensionHostProcess.js:154:240611)
	at k.registerCommand.description (/nix/store/3j0nsr6g8fc0kb20hxhvfnsh83bk0fg6-vscodium-1.91.1.24193/lib/vscode/resources/app/out/vs/workbench/api/node/extensionHostProcess.js:154:239855)
	at f._executeContributedCommand (/nix/store/3j0nsr6g8fc0kb20hxhvfnsh83bk0fg6-vscodium-1.91.1.24193/lib/vscode/resources/app/out/vs/workbench/api/node/extensionHostProcess.js:154:241924)
	at f._doExecuteCommand (/nix/store/3j0nsr6g8fc0kb20hxhvfnsh83bk0fg6-vscodium-1.91.1.24193/lib/vscode/resources/app/out/vs/workbench/api/node/extensionHostProcess.js:154:240744)
	at f.executeCommand (/nix/store/3j0nsr6g8fc0kb20hxhvfnsh83bk0fg6-vscodium-1.91.1.24193/lib/vscode/resources/app/out/vs/workbench/api/node/extensionHostProcess.js:154:240611)
	at Object.executeCommand (/nix/store/3j0nsr6g8fc0kb20hxhvfnsh83bk0fg6-vscodium-1.91.1.24193/lib/vscode/resources/app/out/vs/workbench/api/node/extensionHostProcess.js:164:29715)
	at T.reset (/home/ser/.vscode-oss/extensions/asvetliakov.vscode-neovim-1.18.8-universal/dist/extension.js:2:187723)
	at l.<anonymous> (/home/ser/.vscode-oss/extensions/asvetliakov.vscode-neovim-1.18.8-universal/dist/extension.js:2:406042)
	at l.dispose (/nix/store/3j0nsr6g8fc0kb20hxhvfnsh83bk0fg6-vscodium-1.91.1.24193/lib/vscode/resources/app/out/vs/workbench/api/node/extensionHostProcess.js:152:6342)
	at h (/nix/store/3j0nsr6g8fc0kb20hxhvfnsh83bk0fg6-vscodium-1.91.1.24193/lib/vscode/resources/app/out/vs/workbench/api/node/extensionHostProcess.js:30:758)
	at m._deactivate (/nix/store/3j0nsr6g8fc0kb20hxhvfnsh83bk0fg6-vscodium-1.91.1.24193/lib/vscode/resources/app/out/vs/workbench/api/node/extensionHostProcess.js:160:13048)
	at /nix/store/3j0nsr6g8fc0kb20hxhvfnsh83bk0fg6-vscodium-1.91.1.24193/lib/vscode/resources/app/out/vs/workbench/api/node/extensionHostProcess.js:160:10194
	at Array.map (<anonymous>)
	at m._deactivateAll (/nix/store/3j0nsr6g8fc0kb20hxhvfnsh83bk0fg6-vscodium-1.91.1.24193/lib/vscode/resources/app/out/vs/workbench/api/node/extensionHostProcess.js:160:10181)
	at m.terminate (/nix/store/3j0nsr6g8fc0kb20hxhvfnsh83bk0fg6-vscodium-1.91.1.24193/lib/vscode/resources/app/out/vs/workbench/api/node/extensionHostProcess.js:160:10564)
	at h.terminate (/nix/store/3j0nsr6g8fc0kb20hxhvfnsh83bk0fg6-vscodium-1.91.1.24193/lib/vscode/resources/app/out/vs/workbench/api/node/extensionHostProcess.js:164:1908)
	at i (/nix/store/3j0nsr6g8fc0kb20hxhvfnsh83bk0fg6-vscodium-1.91.1.24193/lib/vscode/resources/app/out/vs/workbench/api/node/extensionHostProcess.js:177:12354)
	at MessagePortMain.<anonymous> (/nix/store/3j0nsr6g8fc0kb20hxhvfnsh83bk0fg6-vscodium-1.91.1.24193/lib/vscode/resources/app/out/vs/workbench/api/node/extensionHostProcess.js:177:8164)
	at MessagePortMain.emit (node:events:514:28)
	at MessagePortMain._internalPort.emit (node:electron/js2c/utility_init:2:2285) setContext undefined
2024-08-23 02:29:20.213 [error] Canceled: Canceled
	at new T (/nix/store/3j0nsr6g8fc0kb20hxhvfnsh83bk0fg6-vscodium-1.91.1.24193/lib/vscode/resources/app/out/vs/workbench/api/node/extensionHostProcess.js:144:39096)
	at y._remoteCall (/nix/store/3j0nsr6g8fc0kb20hxhvfnsh83bk0fg6-vscodium-1.91.1.24193/lib/vscode/resources/app/out/vs/workbench/api/node/extensionHostProcess.js:151:8166)
	at U.<computed>.F.charCodeAt.R.CharCode.DollarSign.U.<computed> (/nix/store/3j0nsr6g8fc0kb20hxhvfnsh83bk0fg6-vscodium-1.91.1.24193/lib/vscode/resources/app/out/vs/workbench/api/node/extensionHostProcess.js:151:4351)
	at f._doExecuteCommand (/nix/store/3j0nsr6g8fc0kb20hxhvfnsh83bk0fg6-vscodium-1.91.1.24193/lib/vscode/resources/app/out/vs/workbench/api/node/extensionHostProcess.js:154:241286)
	at f.executeCommand (/nix/store/3j0nsr6g8fc0kb20hxhvfnsh83bk0fg6-vscodium-1.91.1.24193/lib/vscode/resources/app/out/vs/workbench/api/node/extensionHostProcess.js:154:240611)
	at k.registerCommand.description (/nix/store/3j0nsr6g8fc0kb20hxhvfnsh83bk0fg6-vscodium-1.91.1.24193/lib/vscode/resources/app/out/vs/workbench/api/node/extensionHostProcess.js:154:239855)
	at f._executeContributedCommand (/nix/store/3j0nsr6g8fc0kb20hxhvfnsh83bk0fg6-vscodium-1.91.1.24193/lib/vscode/resources/app/out/vs/workbench/api/node/extensionHostProcess.js:154:241924)
	at f._doExecuteCommand (/nix/store/3j0nsr6g8fc0kb20hxhvfnsh83bk0fg6-vscodium-1.91.1.24193/lib/vscode/resources/app/out/vs/workbench/api/node/extensionHostProcess.js:154:240744)
	at f.executeCommand (/nix/store/3j0nsr6g8fc0kb20hxhvfnsh83bk0fg6-vscodium-1.91.1.24193/lib/vscode/resources/app/out/vs/workbench/api/node/extensionHostProcess.js:154:240611)
	at Object.executeCommand (/nix/store/3j0nsr6g8fc0kb20hxhvfnsh83bk0fg6-vscodium-1.91.1.24193/lib/vscode/resources/app/out/vs/workbench/api/node/extensionHostProcess.js:164:29715)
	at T.reset (/home/ser/.vscode-oss/extensions/asvetliakov.vscode-neovim-1.18.8-universal/dist/extension.js:2:187723)
	at l.<anonymous> (/home/ser/.vscode-oss/extensions/asvetliakov.vscode-neovim-1.18.8-universal/dist/extension.js:2:406042)
	at l.dispose (/nix/store/3j0nsr6g8fc0kb20hxhvfnsh83bk0fg6-vscodium-1.91.1.24193/lib/vscode/resources/app/out/vs/workbench/api/node/extensionHostProcess.js:152:6342)
	at h (/nix/store/3j0nsr6g8fc0kb20hxhvfnsh83bk0fg6-vscodium-1.91.1.24193/lib/vscode/resources/app/out/vs/workbench/api/node/extensionHostProcess.js:30:758)
	at m._deactivate (/nix/store/3j0nsr6g8fc0kb20hxhvfnsh83bk0fg6-vscodium-1.91.1.24193/lib/vscode/resources/app/out/vs/workbench/api/node/extensionHostProcess.js:160:13048)
	at /nix/store/3j0nsr6g8fc0kb20hxhvfnsh83bk0fg6-vscodium-1.91.1.24193/lib/vscode/resources/app/out/vs/workbench/api/node/extensionHostProcess.js:160:10194
	at Array.map (<anonymous>)
	at m._deactivateAll (/nix/store/3j0nsr6g8fc0kb20hxhvfnsh83bk0fg6-vscodium-1.91.1.24193/lib/vscode/resources/app/out/vs/workbench/api/node/extensionHostProcess.js:160:10181)
	at m.terminate (/nix/store/3j0nsr6g8fc0kb20hxhvfnsh83bk0fg6-vscodium-1.91.1.24193/lib/vscode/resources/app/out/vs/workbench/api/node/extensionHostProcess.js:160:10564)
	at h.terminate (/nix/store/3j0nsr6g8fc0kb20hxhvfnsh83bk0fg6-vscodium-1.91.1.24193/lib/vscode/resources/app/out/vs/workbench/api/node/extensionHostProcess.js:164:1908)
	at i (/nix/store/3j0nsr6g8fc0kb20hxhvfnsh83bk0fg6-vscodium-1.91.1.24193/lib/vscode/resources/app/out/vs/workbench/api/node/extensionHostProcess.js:177:12354)
	at MessagePortMain.<anonymous> (/nix/store/3j0nsr6g8fc0kb20hxhvfnsh83bk0fg6-vscodium-1.91.1.24193/lib/vscode/resources/app/out/vs/workbench/api/node/extensionHostProcess.js:177:8164)
	at MessagePortMain.emit (node:events:514:28)
	at MessagePortMain._internalPort.emit (node:electron/js2c/utility_init:2:2285) setContext undefined
2024-08-23 02:29:20.213 [error] Canceled: Canceled
	at new T (/nix/store/3j0nsr6g8fc0kb20hxhvfnsh83bk0fg6-vscodium-1.91.1.24193/lib/vscode/resources/app/out/vs/workbench/api/node/extensionHostProcess.js:144:39096)
	at y._remoteCall (/nix/store/3j0nsr6g8fc0kb20hxhvfnsh83bk0fg6-vscodium-1.91.1.24193/lib/vscode/resources/app/out/vs/workbench/api/node/extensionHostProcess.js:151:8166)
	at U.<computed>.F.charCodeAt.R.CharCode.DollarSign.U.<computed> (/nix/store/3j0nsr6g8fc0kb20hxhvfnsh83bk0fg6-vscodium-1.91.1.24193/lib/vscode/resources/app/out/vs/workbench/api/node/extensionHostProcess.js:151:4351)
	at f._doExecuteCommand (/nix/store/3j0nsr6g8fc0kb20hxhvfnsh83bk0fg6-vscodium-1.91.1.24193/lib/vscode/resources/app/out/vs/workbench/api/node/extensionHostProcess.js:154:241286)
	at f.executeCommand (/nix/store/3j0nsr6g8fc0kb20hxhvfnsh83bk0fg6-vscodium-1.91.1.24193/lib/vscode/resources/app/out/vs/workbench/api/node/extensionHostProcess.js:154:240611)
	at k.registerCommand.description (/nix/store/3j0nsr6g8fc0kb20hxhvfnsh83bk0fg6-vscodium-1.91.1.24193/lib/vscode/resources/app/out/vs/workbench/api/node/extensionHostProcess.js:154:239855)
	at f._executeContributedCommand (/nix/store/3j0nsr6g8fc0kb20hxhvfnsh83bk0fg6-vscodium-1.91.1.24193/lib/vscode/resources/app/out/vs/workbench/api/node/extensionHostProcess.js:154:241924)
	at f._doExecuteCommand (/nix/store/3j0nsr6g8fc0kb20hxhvfnsh83bk0fg6-vscodium-1.91.1.24193/lib/vscode/resources/app/out/vs/workbench/api/node/extensionHostProcess.js:154:240744)
	at f.executeCommand (/nix/store/3j0nsr6g8fc0kb20hxhvfnsh83bk0fg6-vscodium-1.91.1.24193/lib/vscode/resources/app/out/vs/workbench/api/node/extensionHostProcess.js:154:240611)
	at Object.executeCommand (/nix/store/3j0nsr6g8fc0kb20hxhvfnsh83bk0fg6-vscodium-1.91.1.24193/lib/vscode/resources/app/out/vs/workbench/api/node/extensionHostProcess.js:164:29715)
	at T.reset (/home/ser/.vscode-oss/extensions/asvetliakov.vscode-neovim-1.18.8-universal/dist/extension.js:2:187723)
	at l.<anonymous> (/home/ser/.vscode-oss/extensions/asvetliakov.vscode-neovim-1.18.8-universal/dist/extension.js:2:406042)
	at l.dispose (/nix/store/3j0nsr6g8fc0kb20hxhvfnsh83bk0fg6-vscodium-1.91.1.24193/lib/vscode/resources/app/out/vs/workbench/api/node/extensionHostProcess.js:152:6342)
	at h (/nix/store/3j0nsr6g8fc0kb20hxhvfnsh83bk0fg6-vscodium-1.91.1.24193/lib/vscode/resources/app/out/vs/workbench/api/node/extensionHostProcess.js:30:758)
	at m._deactivate (/nix/store/3j0nsr6g8fc0kb20hxhvfnsh83bk0fg6-vscodium-1.91.1.24193/lib/vscode/resources/app/out/vs/workbench/api/node/extensionHostProcess.js:160:13048)
	at /nix/store/3j0nsr6g8fc0kb20hxhvfnsh83bk0fg6-vscodium-1.91.1.24193/lib/vscode/resources/app/out/vs/workbench/api/node/extensionHostProcess.js:160:10194
	at Array.map (<anonymous>)
	at m._deactivateAll (/nix/store/3j0nsr6g8fc0kb20hxhvfnsh83bk0fg6-vscodium-1.91.1.24193/lib/vscode/resources/app/out/vs/workbench/api/node/extensionHostProcess.js:160:10181)
	at m.terminate (/nix/store/3j0nsr6g8fc0kb20hxhvfnsh83bk0fg6-vscodium-1.91.1.24193/lib/vscode/resources/app/out/vs/workbench/api/node/extensionHostProcess.js:160:10564)
	at h.terminate (/nix/store/3j0nsr6g8fc0kb20hxhvfnsh83bk0fg6-vscodium-1.91.1.24193/lib/vscode/resources/app/out/vs/workbench/api/node/extensionHostProcess.js:164:1908)
	at i (/nix/store/3j0nsr6g8fc0kb20hxhvfnsh83bk0fg6-vscodium-1.91.1.24193/lib/vscode/resources/app/out/vs/workbench/api/node/extensionHostProcess.js:177:12354)
	at MessagePortMain.<anonymous> (/nix/store/3j0nsr6g8fc0kb20hxhvfnsh83bk0fg6-vscodium-1.91.1.24193/lib/vscode/resources/app/out/vs/workbench/api/node/extensionHostProcess.js:177:8164)
	at MessagePortMain.emit (node:events:514:28)
	at MessagePortMain._internalPort.emit (node:electron/js2c/utility_init:2:2285) setContext undefined
2024-08-23 02:29:20.214 [error] Canceled: Canceled
	at new T (/nix/store/3j0nsr6g8fc0kb20hxhvfnsh83bk0fg6-vscodium-1.91.1.24193/lib/vscode/resources/app/out/vs/workbench/api/node/extensionHostProcess.js:144:39096)
	at y._remoteCall (/nix/store/3j0nsr6g8fc0kb20hxhvfnsh83bk0fg6-vscodium-1.91.1.24193/lib/vscode/resources/app/out/vs/workbench/api/node/extensionHostProcess.js:151:8166)
	at U.<computed>.F.charCodeAt.R.CharCode.DollarSign.U.<computed> (/nix/store/3j0nsr6g8fc0kb20hxhvfnsh83bk0fg6-vscodium-1.91.1.24193/lib/vscode/resources/app/out/vs/workbench/api/node/extensionHostProcess.js:151:4351)
	at f._doExecuteCommand (/nix/store/3j0nsr6g8fc0kb20hxhvfnsh83bk0fg6-vscodium-1.91.1.24193/lib/vscode/resources/app/out/vs/workbench/api/node/extensionHostProcess.js:154:241286)
	at f.executeCommand (/nix/store/3j0nsr6g8fc0kb20hxhvfnsh83bk0fg6-vscodium-1.91.1.24193/lib/vscode/resources/app/out/vs/workbench/api/node/extensionHostProcess.js:154:240611)
	at k.registerCommand.description (/nix/store/3j0nsr6g8fc0kb20hxhvfnsh83bk0fg6-vscodium-1.91.1.24193/lib/vscode/resources/app/out/vs/workbench/api/node/extensionHostProcess.js:154:239855)
	at f._executeContributedCommand (/nix/store/3j0nsr6g8fc0kb20hxhvfnsh83bk0fg6-vscodium-1.91.1.24193/lib/vscode/resources/app/out/vs/workbench/api/node/extensionHostProcess.js:154:241924)
	at f._doExecuteCommand (/nix/store/3j0nsr6g8fc0kb20hxhvfnsh83bk0fg6-vscodium-1.91.1.24193/lib/vscode/resources/app/out/vs/workbench/api/node/extensionHostProcess.js:154:240744)
	at f.executeCommand (/nix/store/3j0nsr6g8fc0kb20hxhvfnsh83bk0fg6-vscodium-1.91.1.24193/lib/vscode/resources/app/out/vs/workbench/api/node/extensionHostProcess.js:154:240611)
	at Object.executeCommand (/nix/store/3j0nsr6g8fc0kb20hxhvfnsh83bk0fg6-vscodium-1.91.1.24193/lib/vscode/resources/app/out/vs/workbench/api/node/extensionHostProcess.js:164:29715)
	at T.reset (/home/ser/.vscode-oss/extensions/asvetliakov.vscode-neovim-1.18.8-universal/dist/extension.js:2:187723)
	at l.<anonymous> (/home/ser/.vscode-oss/extensions/asvetliakov.vscode-neovim-1.18.8-universal/dist/extension.js:2:406042)
	at l.dispose (/nix/store/3j0nsr6g8fc0kb20hxhvfnsh83bk0fg6-vscodium-1.91.1.24193/lib/vscode/resources/app/out/vs/workbench/api/node/extensionHostProcess.js:152:6342)
	at h (/nix/store/3j0nsr6g8fc0kb20hxhvfnsh83bk0fg6-vscodium-1.91.1.24193/lib/vscode/resources/app/out/vs/workbench/api/node/extensionHostProcess.js:30:758)
	at m._deactivate (/nix/store/3j0nsr6g8fc0kb20hxhvfnsh83bk0fg6-vscodium-1.91.1.24193/lib/vscode/resources/app/out/vs/workbench/api/node/extensionHostProcess.js:160:13048)
	at /nix/store/3j0nsr6g8fc0kb20hxhvfnsh83bk0fg6-vscodium-1.91.1.24193/lib/vscode/resources/app/out/vs/workbench/api/node/extensionHostProcess.js:160:10194
	at Array.map (<anonymous>)
	at m._deactivateAll (/nix/store/3j0nsr6g8fc0kb20hxhvfnsh83bk0fg6-vscodium-1.91.1.24193/lib/vscode/resources/app/out/vs/workbench/api/node/extensionHostProcess.js:160:10181)
	at m.terminate (/nix/store/3j0nsr6g8fc0kb20hxhvfnsh83bk0fg6-vscodium-1.91.1.24193/lib/vscode/resources/app/out/vs/workbench/api/node/extensionHostProcess.js:160:10564)
	at h.terminate (/nix/store/3j0nsr6g8fc0kb20hxhvfnsh83bk0fg6-vscodium-1.91.1.24193/lib/vscode/resources/app/out/vs/workbench/api/node/extensionHostProcess.js:164:1908)
	at i (/nix/store/3j0nsr6g8fc0kb20hxhvfnsh83bk0fg6-vscodium-1.91.1.24193/lib/vscode/resources/app/out/vs/workbench/api/node/extensionHostProcess.js:177:12354)
	at MessagePortMain.<anonymous> (/nix/store/3j0nsr6g8fc0kb20hxhvfnsh83bk0fg6-vscodium-1.91.1.24193/lib/vscode/resources/app/out/vs/workbench/api/node/extensionHostProcess.js:177:8164)
	at MessagePortMain.emit (node:events:514:28)
	at MessagePortMain._internalPort.emit (node:electron/js2c/utility_init:2:2285) setContext undefined
2024-08-23 02:29:20.214 [error] Canceled: Canceled
	at new T (/nix/store/3j0nsr6g8fc0kb20hxhvfnsh83bk0fg6-vscodium-1.91.1.24193/lib/vscode/resources/app/out/vs/workbench/api/node/extensionHostProcess.js:144:39096)
	at y._remoteCall (/nix/store/3j0nsr6g8fc0kb20hxhvfnsh83bk0fg6-vscodium-1.91.1.24193/lib/vscode/resources/app/out/vs/workbench/api/node/extensionHostProcess.js:151:8166)
	at U.<computed>.F.charCodeAt.R.CharCode.DollarSign.U.<computed> (/nix/store/3j0nsr6g8fc0kb20hxhvfnsh83bk0fg6-vscodium-1.91.1.24193/lib/vscode/resources/app/out/vs/workbench/api/node/extensionHostProcess.js:151:4351)
	at f._doExecuteCommand (/nix/store/3j0nsr6g8fc0kb20hxhvfnsh83bk0fg6-vscodium-1.91.1.24193/lib/vscode/resources/app/out/vs/workbench/api/node/extensionHostProcess.js:154:241286)
	at f.executeCommand (/nix/store/3j0nsr6g8fc0kb20hxhvfnsh83bk0fg6-vscodium-1.91.1.24193/lib/vscode/resources/app/out/vs/workbench/api/node/extensionHostProcess.js:154:240611)
	at k.registerCommand.description (/nix/store/3j0nsr6g8fc0kb20hxhvfnsh83bk0fg6-vscodium-1.91.1.24193/lib/vscode/resources/app/out/vs/workbench/api/node/extensionHostProcess.js:154:239855)
	at f._executeContributedCommand (/nix/store/3j0nsr6g8fc0kb20hxhvfnsh83bk0fg6-vscodium-1.91.1.24193/lib/vscode/resources/app/out/vs/workbench/api/node/extensionHostProcess.js:154:241924)
	at f._doExecuteCommand (/nix/store/3j0nsr6g8fc0kb20hxhvfnsh83bk0fg6-vscodium-1.91.1.24193/lib/vscode/resources/app/out/vs/workbench/api/node/extensionHostProcess.js:154:240744)
	at f.executeCommand (/nix/store/3j0nsr6g8fc0kb20hxhvfnsh83bk0fg6-vscodium-1.91.1.24193/lib/vscode/resources/app/out/vs/workbench/api/node/extensionHostProcess.js:154:240611)
	at Object.executeCommand (/nix/store/3j0nsr6g8fc0kb20hxhvfnsh83bk0fg6-vscodium-1.91.1.24193/lib/vscode/resources/app/out/vs/workbench/api/node/extensionHostProcess.js:164:29715)
	at T.reset (/home/ser/.vscode-oss/extensions/asvetliakov.vscode-neovim-1.18.8-universal/dist/extension.js:2:187723)
	at l.<anonymous> (/home/ser/.vscode-oss/extensions/asvetliakov.vscode-neovim-1.18.8-universal/dist/extension.js:2:406042)
	at l.dispose (/nix/store/3j0nsr6g8fc0kb20hxhvfnsh83bk0fg6-vscodium-1.91.1.24193/lib/vscode/resources/app/out/vs/workbench/api/node/extensionHostProcess.js:152:6342)
	at h (/nix/store/3j0nsr6g8fc0kb20hxhvfnsh83bk0fg6-vscodium-1.91.1.24193/lib/vscode/resources/app/out/vs/workbench/api/node/extensionHostProcess.js:30:758)
	at m._deactivate (/nix/store/3j0nsr6g8fc0kb20hxhvfnsh83bk0fg6-vscodium-1.91.1.24193/lib/vscode/resources/app/out/vs/workbench/api/node/extensionHostProcess.js:160:13048)
	at /nix/store/3j0nsr6g8fc0kb20hxhvfnsh83bk0fg6-vscodium-1.91.1.24193/lib/vscode/resources/app/out/vs/workbench/api/node/extensionHostProcess.js:160:10194
	at Array.map (<anonymous>)
	at m._deactivateAll (/nix/store/3j0nsr6g8fc0kb20hxhvfnsh83bk0fg6-vscodium-1.91.1.24193/lib/vscode/resources/app/out/vs/workbench/api/node/extensionHostProcess.js:160:10181)
	at m.terminate (/nix/store/3j0nsr6g8fc0kb20hxhvfnsh83bk0fg6-vscodium-1.91.1.24193/lib/vscode/resources/app/out/vs/workbench/api/node/extensionHostProcess.js:160:10564)
	at h.terminate (/nix/store/3j0nsr6g8fc0kb20hxhvfnsh83bk0fg6-vscodium-1.91.1.24193/lib/vscode/resources/app/out/vs/workbench/api/node/extensionHostProcess.js:164:1908)
	at i (/nix/store/3j0nsr6g8fc0kb20hxhvfnsh83bk0fg6-vscodium-1.91.1.24193/lib/vscode/resources/app/out/vs/workbench/api/node/extensionHostProcess.js:177:12354)
	at MessagePortMain.<anonymous> (/nix/store/3j0nsr6g8fc0kb20hxhvfnsh83bk0fg6-vscodium-1.91.1.24193/lib/vscode/resources/app/out/vs/workbench/api/node/extensionHostProcess.js:177:8164)
	at MessagePortMain.emit (node:events:514:28)
	at MessagePortMain._internalPort.emit (node:electron/js2c/utility_init:2:2285) setContext undefined
2024-08-23 02:29:20.214 [error] Canceled: Canceled
	at new T (/nix/store/3j0nsr6g8fc0kb20hxhvfnsh83bk0fg6-vscodium-1.91.1.24193/lib/vscode/resources/app/out/vs/workbench/api/node/extensionHostProcess.js:144:39096)
	at y._remoteCall (/nix/store/3j0nsr6g8fc0kb20hxhvfnsh83bk0fg6-vscodium-1.91.1.24193/lib/vscode/resources/app/out/vs/workbench/api/node/extensionHostProcess.js:151:8166)
	at U.<computed>.F.charCodeAt.R.CharCode.DollarSign.U.<computed> (/nix/store/3j0nsr6g8fc0kb20hxhvfnsh83bk0fg6-vscodium-1.91.1.24193/lib/vscode/resources/app/out/vs/workbench/api/node/extensionHostProcess.js:151:4351)
	at f._doExecuteCommand (/nix/store/3j0nsr6g8fc0kb20hxhvfnsh83bk0fg6-vscodium-1.91.1.24193/lib/vscode/resources/app/out/vs/workbench/api/node/extensionHostProcess.js:154:241286)
	at f.executeCommand (/nix/store/3j0nsr6g8fc0kb20hxhvfnsh83bk0fg6-vscodium-1.91.1.24193/lib/vscode/resources/app/out/vs/workbench/api/node/extensionHostProcess.js:154:240611)
	at k.registerCommand.description (/nix/store/3j0nsr6g8fc0kb20hxhvfnsh83bk0fg6-vscodium-1.91.1.24193/lib/vscode/resources/app/out/vs/workbench/api/node/extensionHostProcess.js:154:239855)
	at f._executeContributedCommand (/nix/store/3j0nsr6g8fc0kb20hxhvfnsh83bk0fg6-vscodium-1.91.1.24193/lib/vscode/resources/app/out/vs/workbench/api/node/extensionHostProcess.js:154:241924)
	at f._doExecuteCommand (/nix/store/3j0nsr6g8fc0kb20hxhvfnsh83bk0fg6-vscodium-1.91.1.24193/lib/vscode/resources/app/out/vs/workbench/api/node/extensionHostProcess.js:154:240744)
	at f.executeCommand (/nix/store/3j0nsr6g8fc0kb20hxhvfnsh83bk0fg6-vscodium-1.91.1.24193/lib/vscode/resources/app/out/vs/workbench/api/node/extensionHostProcess.js:154:240611)
	at Object.executeCommand (/nix/store/3j0nsr6g8fc0kb20hxhvfnsh83bk0fg6-vscodium-1.91.1.24193/lib/vscode/resources/app/out/vs/workbench/api/node/extensionHostProcess.js:164:29715)
	at T.reset (/home/ser/.vscode-oss/extensions/asvetliakov.vscode-neovim-1.18.8-universal/dist/extension.js:2:187723)
	at l.<anonymous> (/home/ser/.vscode-oss/extensions/asvetliakov.vscode-neovim-1.18.8-universal/dist/extension.js:2:406042)
	at l.dispose (/nix/store/3j0nsr6g8fc0kb20hxhvfnsh83bk0fg6-vscodium-1.91.1.24193/lib/vscode/resources/app/out/vs/workbench/api/node/extensionHostProcess.js:152:6342)
	at h (/nix/store/3j0nsr6g8fc0kb20hxhvfnsh83bk0fg6-vscodium-1.91.1.24193/lib/vscode/resources/app/out/vs/workbench/api/node/extensionHostProcess.js:30:758)
	at m._deactivate (/nix/store/3j0nsr6g8fc0kb20hxhvfnsh83bk0fg6-vscodium-1.91.1.24193/lib/vscode/resources/app/out/vs/workbench/api/node/extensionHostProcess.js:160:13048)
	at /nix/store/3j0nsr6g8fc0kb20hxhvfnsh83bk0fg6-vscodium-1.91.1.24193/lib/vscode/resources/app/out/vs/workbench/api/node/extensionHostProcess.js:160:10194
	at Array.map (<anonymous>)
	at m._deactivateAll (/nix/store/3j0nsr6g8fc0kb20hxhvfnsh83bk0fg6-vscodium-1.91.1.24193/lib/vscode/resources/app/out/vs/workbench/api/node/extensionHostProcess.js:160:10181)
	at m.terminate (/nix/store/3j0nsr6g8fc0kb20hxhvfnsh83bk0fg6-vscodium-1.91.1.24193/lib/vscode/resources/app/out/vs/workbench/api/node/extensionHostProcess.js:160:10564)
	at h.terminate (/nix/store/3j0nsr6g8fc0kb20hxhvfnsh83bk0fg6-vscodium-1.91.1.24193/lib/vscode/resources/app/out/vs/workbench/api/node/extensionHostProcess.js:164:1908)
	at i (/nix/store/3j0nsr6g8fc0kb20hxhvfnsh83bk0fg6-vscodium-1.91.1.24193/lib/vscode/resources/app/out/vs/workbench/api/node/extensionHostProcess.js:177:12354)
	at MessagePortMain.<anonymous> (/nix/store/3j0nsr6g8fc0kb20hxhvfnsh83bk0fg6-vscodium-1.91.1.24193/lib/vscode/resources/app/out/vs/workbench/api/node/extensionHostProcess.js:177:8164)
	at MessagePortMain.emit (node:events:514:28)
	at MessagePortMain._internalPort.emit (node:electron/js2c/utility_init:2:2285) setContext undefined
2024-08-23 02:29:20.214 [error] Canceled: Canceled
	at new T (/nix/store/3j0nsr6g8fc0kb20hxhvfnsh83bk0fg6-vscodium-1.91.1.24193/lib/vscode/resources/app/out/vs/workbench/api/node/extensionHostProcess.js:144:39096)
	at y._remoteCall (/nix/store/3j0nsr6g8fc0kb20hxhvfnsh83bk0fg6-vscodium-1.91.1.24193/lib/vscode/resources/app/out/vs/workbench/api/node/extensionHostProcess.js:151:8166)
	at U.<computed>.F.charCodeAt.R.CharCode.DollarSign.U.<computed> (/nix/store/3j0nsr6g8fc0kb20hxhvfnsh83bk0fg6-vscodium-1.91.1.24193/lib/vscode/resources/app/out/vs/workbench/api/node/extensionHostProcess.js:151:4351)
	at f._doExecuteCommand (/nix/store/3j0nsr6g8fc0kb20hxhvfnsh83bk0fg6-vscodium-1.91.1.24193/lib/vscode/resources/app/out/vs/workbench/api/node/extensionHostProcess.js:154:241286)
	at f.executeCommand (/nix/store/3j0nsr6g8fc0kb20hxhvfnsh83bk0fg6-vscodium-1.91.1.24193/lib/vscode/resources/app/out/vs/workbench/api/node/extensionHostProcess.js:154:240611)
	at k.registerCommand.description (/nix/store/3j0nsr6g8fc0kb20hxhvfnsh83bk0fg6-vscodium-1.91.1.24193/lib/vscode/resources/app/out/vs/workbench/api/node/extensionHostProcess.js:154:239855)
	at f._executeContributedCommand (/nix/store/3j0nsr6g8fc0kb20hxhvfnsh83bk0fg6-vscodium-1.91.1.24193/lib/vscode/resources/app/out/vs/workbench/api/node/extensionHostProcess.js:154:241924)
	at f._doExecuteCommand (/nix/store/3j0nsr6g8fc0kb20hxhvfnsh83bk0fg6-vscodium-1.91.1.24193/lib/vscode/resources/app/out/vs/workbench/api/node/extensionHostProcess.js:154:240744)
	at f.executeCommand (/nix/store/3j0nsr6g8fc0kb20hxhvfnsh83bk0fg6-vscodium-1.91.1.24193/lib/vscode/resources/app/out/vs/workbench/api/node/extensionHostProcess.js:154:240611)
	at Object.executeCommand (/nix/store/3j0nsr6g8fc0kb20hxhvfnsh83bk0fg6-vscodium-1.91.1.24193/lib/vscode/resources/app/out/vs/workbench/api/node/extensionHostProcess.js:164:29715)
	at T.reset (/home/ser/.vscode-oss/extensions/asvetliakov.vscode-neovim-1.18.8-universal/dist/extension.js:2:187723)
	at l.<anonymous> (/home/ser/.vscode-oss/extensions/asvetliakov.vscode-neovim-1.18.8-universal/dist/extension.js:2:406042)
	at l.dispose (/nix/store/3j0nsr6g8fc0kb20hxhvfnsh83bk0fg6-vscodium-1.91.1.24193/lib/vscode/resources/app/out/vs/workbench/api/node/extensionHostProcess.js:152:6342)
	at h (/nix/store/3j0nsr6g8fc0kb20hxhvfnsh83bk0fg6-vscodium-1.91.1.24193/lib/vscode/resources/app/out/vs/workbench/api/node/extensionHostProcess.js:30:758)
	at m._deactivate (/nix/store/3j0nsr6g8fc0kb20hxhvfnsh83bk0fg6-vscodium-1.91.1.24193/lib/vscode/resources/app/out/vs/workbench/api/node/extensionHostProcess.js:160:13048)
	at /nix/store/3j0nsr6g8fc0kb20hxhvfnsh83bk0fg6-vscodium-1.91.1.24193/lib/vscode/resources/app/out/vs/workbench/api/node/extensionHostProcess.js:160:10194
	at Array.map (<anonymous>)
	at m._deactivateAll (/nix/store/3j0nsr6g8fc0kb20hxhvfnsh83bk0fg6-vscodium-1.91.1.24193/lib/vscode/resources/app/out/vs/workbench/api/node/extensionHostProcess.js:160:10181)
	at m.terminate (/nix/store/3j0nsr6g8fc0kb20hxhvfnsh83bk0fg6-vscodium-1.91.1.24193/lib/vscode/resources/app/out/vs/workbench/api/node/extensionHostProcess.js:160:10564)
	at h.terminate (/nix/store/3j0nsr6g8fc0kb20hxhvfnsh83bk0fg6-vscodium-1.91.1.24193/lib/vscode/resources/app/out/vs/workbench/api/node/extensionHostProcess.js:164:1908)
	at i (/nix/store/3j0nsr6g8fc0kb20hxhvfnsh83bk0fg6-vscodium-1.91.1.24193/lib/vscode/resources/app/out/vs/workbench/api/node/extensionHostProcess.js:177:12354)
	at MessagePortMain.<anonymous> (/nix/store/3j0nsr6g8fc0kb20hxhvfnsh83bk0fg6-vscodium-1.91.1.24193/lib/vscode/resources/app/out/vs/workbench/api/node/extensionHostProcess.js:177:8164)
	at MessagePortMain.emit (node:events:514:28)
	at MessagePortMain._internalPort.emit (node:electron/js2c/utility_init:2:2285) setContext undefined
2024-08-23 02:29:20.215 [error] Canceled: Canceled
	at new T (/nix/store/3j0nsr6g8fc0kb20hxhvfnsh83bk0fg6-vscodium-1.91.1.24193/lib/vscode/resources/app/out/vs/workbench/api/node/extensionHostProcess.js:144:39096)
	at y._remoteCall (/nix/store/3j0nsr6g8fc0kb20hxhvfnsh83bk0fg6-vscodium-1.91.1.24193/lib/vscode/resources/app/out/vs/workbench/api/node/extensionHostProcess.js:151:8166)
	at U.<computed>.F.charCodeAt.R.CharCode.DollarSign.U.<computed> (/nix/store/3j0nsr6g8fc0kb20hxhvfnsh83bk0fg6-vscodium-1.91.1.24193/lib/vscode/resources/app/out/vs/workbench/api/node/extensionHostProcess.js:151:4351)
	at f._doExecuteCommand (/nix/store/3j0nsr6g8fc0kb20hxhvfnsh83bk0fg6-vscodium-1.91.1.24193/lib/vscode/resources/app/out/vs/workbench/api/node/extensionHostProcess.js:154:241286)
	at f.executeCommand (/nix/store/3j0nsr6g8fc0kb20hxhvfnsh83bk0fg6-vscodium-1.91.1.24193/lib/vscode/resources/app/out/vs/workbench/api/node/extensionHostProcess.js:154:240611)
	at k.registerCommand.description (/nix/store/3j0nsr6g8fc0kb20hxhvfnsh83bk0fg6-vscodium-1.91.1.24193/lib/vscode/resources/app/out/vs/workbench/api/node/extensionHostProcess.js:154:239855)
	at f._executeContributedCommand (/nix/store/3j0nsr6g8fc0kb20hxhvfnsh83bk0fg6-vscodium-1.91.1.24193/lib/vscode/resources/app/out/vs/workbench/api/node/extensionHostProcess.js:154:241924)
	at f._doExecuteCommand (/nix/store/3j0nsr6g8fc0kb20hxhvfnsh83bk0fg6-vscodium-1.91.1.24193/lib/vscode/resources/app/out/vs/workbench/api/node/extensionHostProcess.js:154:240744)
	at f.executeCommand (/nix/store/3j0nsr6g8fc0kb20hxhvfnsh83bk0fg6-vscodium-1.91.1.24193/lib/vscode/resources/app/out/vs/workbench/api/node/extensionHostProcess.js:154:240611)
	at Object.executeCommand (/nix/store/3j0nsr6g8fc0kb20hxhvfnsh83bk0fg6-vscodium-1.91.1.24193/lib/vscode/resources/app/out/vs/workbench/api/node/extensionHostProcess.js:164:29715)
	at T.reset (/home/ser/.vscode-oss/extensions/asvetliakov.vscode-neovim-1.18.8-universal/dist/extension.js:2:187723)
	at l.<anonymous> (/home/ser/.vscode-oss/extensions/asvetliakov.vscode-neovim-1.18.8-universal/dist/extension.js:2:406042)
	at l.dispose (/nix/store/3j0nsr6g8fc0kb20hxhvfnsh83bk0fg6-vscodium-1.91.1.24193/lib/vscode/resources/app/out/vs/workbench/api/node/extensionHostProcess.js:152:6342)
	at h (/nix/store/3j0nsr6g8fc0kb20hxhvfnsh83bk0fg6-vscodium-1.91.1.24193/lib/vscode/resources/app/out/vs/workbench/api/node/extensionHostProcess.js:30:758)
	at m._deactivate (/nix/store/3j0nsr6g8fc0kb20hxhvfnsh83bk0fg6-vscodium-1.91.1.24193/lib/vscode/resources/app/out/vs/workbench/api/node/extensionHostProcess.js:160:13048)
	at /nix/store/3j0nsr6g8fc0kb20hxhvfnsh83bk0fg6-vscodium-1.91.1.24193/lib/vscode/resources/app/out/vs/workbench/api/node/extensionHostProcess.js:160:10194
	at Array.map (<anonymous>)
	at m._deactivateAll (/nix/store/3j0nsr6g8fc0kb20hxhvfnsh83bk0fg6-vscodium-1.91.1.24193/lib/vscode/resources/app/out/vs/workbench/api/node/extensionHostProcess.js:160:10181)
	at m.terminate (/nix/store/3j0nsr6g8fc0kb20hxhvfnsh83bk0fg6-vscodium-1.91.1.24193/lib/vscode/resources/app/out/vs/workbench/api/node/extensionHostProcess.js:160:10564)
	at h.terminate (/nix/store/3j0nsr6g8fc0kb20hxhvfnsh83bk0fg6-vscodium-1.91.1.24193/lib/vscode/resources/app/out/vs/workbench/api/node/extensionHostProcess.js:164:1908)
	at i (/nix/store/3j0nsr6g8fc0kb20hxhvfnsh83bk0fg6-vscodium-1.91.1.24193/lib/vscode/resources/app/out/vs/workbench/api/node/extensionHostProcess.js:177:12354)
	at MessagePortMain.<anonymous> (/nix/store/3j0nsr6g8fc0kb20hxhvfnsh83bk0fg6-vscodium-1.91.1.24193/lib/vscode/resources/app/out/vs/workbench/api/node/extensionHostProcess.js:177:8164)
	at MessagePortMain.emit (node:events:514:28)
	at MessagePortMain._internalPort.emit (node:electron/js2c/utility_init:2:2285) setContext undefined
2024-08-23 02:29:20.215 [error] Canceled: Canceled
	at new T (/nix/store/3j0nsr6g8fc0kb20hxhvfnsh83bk0fg6-vscodium-1.91.1.24193/lib/vscode/resources/app/out/vs/workbench/api/node/extensionHostProcess.js:144:39096)
	at y._remoteCall (/nix/store/3j0nsr6g8fc0kb20hxhvfnsh83bk0fg6-vscodium-1.91.1.24193/lib/vscode/resources/app/out/vs/workbench/api/node/extensionHostProcess.js:151:8166)
	at U.<computed>.F.charCodeAt.R.CharCode.DollarSign.U.<computed> (/nix/store/3j0nsr6g8fc0kb20hxhvfnsh83bk0fg6-vscodium-1.91.1.24193/lib/vscode/resources/app/out/vs/workbench/api/node/extensionHostProcess.js:151:4351)
	at f._doExecuteCommand (/nix/store/3j0nsr6g8fc0kb20hxhvfnsh83bk0fg6-vscodium-1.91.1.24193/lib/vscode/resources/app/out/vs/workbench/api/node/extensionHostProcess.js:154:241286)
	at f.executeCommand (/nix/store/3j0nsr6g8fc0kb20hxhvfnsh83bk0fg6-vscodium-1.91.1.24193/lib/vscode/resources/app/out/vs/workbench/api/node/extensionHostProcess.js:154:240611)
	at k.registerCommand.description (/nix/store/3j0nsr6g8fc0kb20hxhvfnsh83bk0fg6-vscodium-1.91.1.24193/lib/vscode/resources/app/out/vs/workbench/api/node/extensionHostProcess.js:154:239855)
	at f._executeContributedCommand (/nix/store/3j0nsr6g8fc0kb20hxhvfnsh83bk0fg6-vscodium-1.91.1.24193/lib/vscode/resources/app/out/vs/workbench/api/node/extensionHostProcess.js:154:241924)
	at f._doExecuteCommand (/nix/store/3j0nsr6g8fc0kb20hxhvfnsh83bk0fg6-vscodium-1.91.1.24193/lib/vscode/resources/app/out/vs/workbench/api/node/extensionHostProcess.js:154:240744)
	at f.executeCommand (/nix/store/3j0nsr6g8fc0kb20hxhvfnsh83bk0fg6-vscodium-1.91.1.24193/lib/vscode/resources/app/out/vs/workbench/api/node/extensionHostProcess.js:154:240611)
	at Object.executeCommand (/nix/store/3j0nsr6g8fc0kb20hxhvfnsh83bk0fg6-vscodium-1.91.1.24193/lib/vscode/resources/app/out/vs/workbench/api/node/extensionHostProcess.js:164:29715)
	at T.reset (/home/ser/.vscode-oss/extensions/asvetliakov.vscode-neovim-1.18.8-universal/dist/extension.js:2:187723)
	at l.<anonymous> (/home/ser/.vscode-oss/extensions/asvetliakov.vscode-neovim-1.18.8-universal/dist/extension.js:2:406042)
	at l.dispose (/nix/store/3j0nsr6g8fc0kb20hxhvfnsh83bk0fg6-vscodium-1.91.1.24193/lib/vscode/resources/app/out/vs/workbench/api/node/extensionHostProcess.js:152:6342)
	at h (/nix/store/3j0nsr6g8fc0kb20hxhvfnsh83bk0fg6-vscodium-1.91.1.24193/lib/vscode/resources/app/out/vs/workbench/api/node/extensionHostProcess.js:30:758)
	at m._deactivate (/nix/store/3j0nsr6g8fc0kb20hxhvfnsh83bk0fg6-vscodium-1.91.1.24193/lib/vscode/resources/app/out/vs/workbench/api/node/extensionHostProcess.js:160:13048)
	at /nix/store/3j0nsr6g8fc0kb20hxhvfnsh83bk0fg6-vscodium-1.91.1.24193/lib/vscode/resources/app/out/vs/workbench/api/node/extensionHostProcess.js:160:10194
	at Array.map (<anonymous>)
	at m._deactivateAll (/nix/store/3j0nsr6g8fc0kb20hxhvfnsh83bk0fg6-vscodium-1.91.1.24193/lib/vscode/resources/app/out/vs/workbench/api/node/extensionHostProcess.js:160:10181)
	at m.terminate (/nix/store/3j0nsr6g8fc0kb20hxhvfnsh83bk0fg6-vscodium-1.91.1.24193/lib/vscode/resources/app/out/vs/workbench/api/node/extensionHostProcess.js:160:10564)
	at h.terminate (/nix/store/3j0nsr6g8fc0kb20hxhvfnsh83bk0fg6-vscodium-1.91.1.24193/lib/vscode/resources/app/out/vs/workbench/api/node/extensionHostProcess.js:164:1908)
	at i (/nix/store/3j0nsr6g8fc0kb20hxhvfnsh83bk0fg6-vscodium-1.91.1.24193/lib/vscode/resources/app/out/vs/workbench/api/node/extensionHostProcess.js:177:12354)
	at MessagePortMain.<anonymous> (/nix/store/3j0nsr6g8fc0kb20hxhvfnsh83bk0fg6-vscodium-1.91.1.24193/lib/vscode/resources/app/out/vs/workbench/api/node/extensionHostProcess.js:177:8164)
	at MessagePortMain.emit (node:events:514:28)
	at MessagePortMain._internalPort.emit (node:electron/js2c/utility_init:2:2285) setContext undefined
2024-08-23 02:29:20.215 [error] Canceled: Canceled
	at new T (/nix/store/3j0nsr6g8fc0kb20hxhvfnsh83bk0fg6-vscodium-1.91.1.24193/lib/vscode/resources/app/out/vs/workbench/api/node/extensionHostProcess.js:144:39096)
	at y._remoteCall (/nix/store/3j0nsr6g8fc0kb20hxhvfnsh83bk0fg6-vscodium-1.91.1.24193/lib/vscode/resources/app/out/vs/workbench/api/node/extensionHostProcess.js:151:8166)
	at U.<computed>.F.charCodeAt.R.CharCode.DollarSign.U.<computed> (/nix/store/3j0nsr6g8fc0kb20hxhvfnsh83bk0fg6-vscodium-1.91.1.24193/lib/vscode/resources/app/out/vs/workbench/api/node/extensionHostProcess.js:151:4351)
	at f._doExecuteCommand (/nix/store/3j0nsr6g8fc0kb20hxhvfnsh83bk0fg6-vscodium-1.91.1.24193/lib/vscode/resources/app/out/vs/workbench/api/node/extensionHostProcess.js:154:241286)
	at f.executeCommand (/nix/store/3j0nsr6g8fc0kb20hxhvfnsh83bk0fg6-vscodium-1.91.1.24193/lib/vscode/resources/app/out/vs/workbench/api/node/extensionHostProcess.js:154:240611)
	at k.registerCommand.description (/nix/store/3j0nsr6g8fc0kb20hxhvfnsh83bk0fg6-vscodium-1.91.1.24193/lib/vscode/resources/app/out/vs/workbench/api/node/extensionHostProcess.js:154:239855)
	at f._executeContributedCommand (/nix/store/3j0nsr6g8fc0kb20hxhvfnsh83bk0fg6-vscodium-1.91.1.24193/lib/vscode/resources/app/out/vs/workbench/api/node/extensionHostProcess.js:154:241924)
	at f._doExecuteCommand (/nix/store/3j0nsr6g8fc0kb20hxhvfnsh83bk0fg6-vscodium-1.91.1.24193/lib/vscode/resources/app/out/vs/workbench/api/node/extensionHostProcess.js:154:240744)
	at f.executeCommand (/nix/store/3j0nsr6g8fc0kb20hxhvfnsh83bk0fg6-vscodium-1.91.1.24193/lib/vscode/resources/app/out/vs/workbench/api/node/extensionHostProcess.js:154:240611)
	at Object.executeCommand (/nix/store/3j0nsr6g8fc0kb20hxhvfnsh83bk0fg6-vscodium-1.91.1.24193/lib/vscode/resources/app/out/vs/workbench/api/node/extensionHostProcess.js:164:29715)
	at T.reset (/home/ser/.vscode-oss/extensions/asvetliakov.vscode-neovim-1.18.8-universal/dist/extension.js:2:187723)
	at l.<anonymous> (/home/ser/.vscode-oss/extensions/asvetliakov.vscode-neovim-1.18.8-universal/dist/extension.js:2:406042)
	at l.dispose (/nix/store/3j0nsr6g8fc0kb20hxhvfnsh83bk0fg6-vscodium-1.91.1.24193/lib/vscode/resources/app/out/vs/workbench/api/node/extensionHostProcess.js:152:6342)
	at h (/nix/store/3j0nsr6g8fc0kb20hxhvfnsh83bk0fg6-vscodium-1.91.1.24193/lib/vscode/resources/app/out/vs/workbench/api/node/extensionHostProcess.js:30:758)
	at m._deactivate (/nix/store/3j0nsr6g8fc0kb20hxhvfnsh83bk0fg6-vscodium-1.91.1.24193/lib/vscode/resources/app/out/vs/workbench/api/node/extensionHostProcess.js:160:13048)
	at /nix/store/3j0nsr6g8fc0kb20hxhvfnsh83bk0fg6-vscodium-1.91.1.24193/lib/vscode/resources/app/out/vs/workbench/api/node/extensionHostProcess.js:160:10194
	at Array.map (<anonymous>)
	at m._deactivateAll (/nix/store/3j0nsr6g8fc0kb20hxhvfnsh83bk0fg6-vscodium-1.91.1.24193/lib/vscode/resources/app/out/vs/workbench/api/node/extensionHostProcess.js:160:10181)
	at m.terminate (/nix/store/3j0nsr6g8fc0kb20hxhvfnsh83bk0fg6-vscodium-1.91.1.24193/lib/vscode/resources/app/out/vs/workbench/api/node/extensionHostProcess.js:160:10564)
	at h.terminate (/nix/store/3j0nsr6g8fc0kb20hxhvfnsh83bk0fg6-vscodium-1.91.1.24193/lib/vscode/resources/app/out/vs/workbench/api/node/extensionHostProcess.js:164:1908)
	at i (/nix/store/3j0nsr6g8fc0kb20hxhvfnsh83bk0fg6-vscodium-1.91.1.24193/lib/vscode/resources/app/out/vs/workbench/api/node/extensionHostProcess.js:177:12354)
	at MessagePortMain.<anonymous> (/nix/store/3j0nsr6g8fc0kb20hxhvfnsh83bk0fg6-vscodium-1.91.1.24193/lib/vscode/resources/app/out/vs/workbench/api/node/extensionHostProcess.js:177:8164)
	at MessagePortMain.emit (node:events:514:28)
	at MessagePortMain._internalPort.emit (node:electron/js2c/utility_init:2:2285) setContext undefined
2024-08-23 02:29:20.215 [error] Canceled: Canceled
	at new T (/nix/store/3j0nsr6g8fc0kb20hxhvfnsh83bk0fg6-vscodium-1.91.1.24193/lib/vscode/resources/app/out/vs/workbench/api/node/extensionHostProcess.js:144:39096)
	at y._remoteCall (/nix/store/3j0nsr6g8fc0kb20hxhvfnsh83bk0fg6-vscodium-1.91.1.24193/lib/vscode/resources/app/out/vs/workbench/api/node/extensionHostProcess.js:151:8166)
	at U.<computed>.F.charCodeAt.R.CharCode.DollarSign.U.<computed> (/nix/store/3j0nsr6g8fc0kb20hxhvfnsh83bk0fg6-vscodium-1.91.1.24193/lib/vscode/resources/app/out/vs/workbench/api/node/extensionHostProcess.js:151:4351)
	at f._doExecuteCommand (/nix/store/3j0nsr6g8fc0kb20hxhvfnsh83bk0fg6-vscodium-1.91.1.24193/lib/vscode/resources/app/out/vs/workbench/api/node/extensionHostProcess.js:154:241286)
	at f.executeCommand (/nix/store/3j0nsr6g8fc0kb20hxhvfnsh83bk0fg6-vscodium-1.91.1.24193/lib/vscode/resources/app/out/vs/workbench/api/node/extensionHostProcess.js:154:240611)
	at k.registerCommand.description (/nix/store/3j0nsr6g8fc0kb20hxhvfnsh83bk0fg6-vscodium-1.91.1.24193/lib/vscode/resources/app/out/vs/workbench/api/node/extensionHostProcess.js:154:239855)
	at f._executeContributedCommand (/nix/store/3j0nsr6g8fc0kb20hxhvfnsh83bk0fg6-vscodium-1.91.1.24193/lib/vscode/resources/app/out/vs/workbench/api/node/extensionHostProcess.js:154:241924)
	at f._doExecuteCommand (/nix/store/3j0nsr6g8fc0kb20hxhvfnsh83bk0fg6-vscodium-1.91.1.24193/lib/vscode/resources/app/out/vs/workbench/api/node/extensionHostProcess.js:154:240744)
	at f.executeCommand (/nix/store/3j0nsr6g8fc0kb20hxhvfnsh83bk0fg6-vscodium-1.91.1.24193/lib/vscode/resources/app/out/vs/workbench/api/node/extensionHostProcess.js:154:240611)
	at Object.executeCommand (/nix/store/3j0nsr6g8fc0kb20hxhvfnsh83bk0fg6-vscodium-1.91.1.24193/lib/vscode/resources/app/out/vs/workbench/api/node/extensionHostProcess.js:164:29715)
	at T.reset (/home/ser/.vscode-oss/extensions/asvetliakov.vscode-neovim-1.18.8-universal/dist/extension.js:2:187723)
	at l.<anonymous> (/home/ser/.vscode-oss/extensions/asvetliakov.vscode-neovim-1.18.8-universal/dist/extension.js:2:406042)
	at l.dispose (/nix/store/3j0nsr6g8fc0kb20hxhvfnsh83bk0fg6-vscodium-1.91.1.24193/lib/vscode/resources/app/out/vs/workbench/api/node/extensionHostProcess.js:152:6342)
	at h (/nix/store/3j0nsr6g8fc0kb20hxhvfnsh83bk0fg6-vscodium-1.91.1.24193/lib/vscode/resources/app/out/vs/workbench/api/node/extensionHostProcess.js:30:758)
	at m._deactivate (/nix/store/3j0nsr6g8fc0kb20hxhvfnsh83bk0fg6-vscodium-1.91.1.24193/lib/vscode/resources/app/out/vs/workbench/api/node/extensionHostProcess.js:160:13048)
	at /nix/store/3j0nsr6g8fc0kb20hxhvfnsh83bk0fg6-vscodium-1.91.1.24193/lib/vscode/resources/app/out/vs/workbench/api/node/extensionHostProcess.js:160:10194
	at Array.map (<anonymous>)
	at m._deactivateAll (/nix/store/3j0nsr6g8fc0kb20hxhvfnsh83bk0fg6-vscodium-1.91.1.24193/lib/vscode/resources/app/out/vs/workbench/api/node/extensionHostProcess.js:160:10181)
	at m.terminate (/nix/store/3j0nsr6g8fc0kb20hxhvfnsh83bk0fg6-vscodium-1.91.1.24193/lib/vscode/resources/app/out/vs/workbench/api/node/extensionHostProcess.js:160:10564)
	at h.terminate (/nix/store/3j0nsr6g8fc0kb20hxhvfnsh83bk0fg6-vscodium-1.91.1.24193/lib/vscode/resources/app/out/vs/workbench/api/node/extensionHostProcess.js:164:1908)
	at i (/nix/store/3j0nsr6g8fc0kb20hxhvfnsh83bk0fg6-vscodium-1.91.1.24193/lib/vscode/resources/app/out/vs/workbench/api/node/extensionHostProcess.js:177:12354)
	at MessagePortMain.<anonymous> (/nix/store/3j0nsr6g8fc0kb20hxhvfnsh83bk0fg6-vscodium-1.91.1.24193/lib/vscode/resources/app/out/vs/workbench/api/node/extensionHostProcess.js:177:8164)
	at MessagePortMain.emit (node:events:514:28)
	at MessagePortMain._internalPort.emit (node:electron/js2c/utility_init:2:2285) setContext undefined
2024-08-23 02:29:20.215 [error] Canceled: Canceled
	at new T (/nix/store/3j0nsr6g8fc0kb20hxhvfnsh83bk0fg6-vscodium-1.91.1.24193/lib/vscode/resources/app/out/vs/workbench/api/node/extensionHostProcess.js:144:39096)
	at y._remoteCall (/nix/store/3j0nsr6g8fc0kb20hxhvfnsh83bk0fg6-vscodium-1.91.1.24193/lib/vscode/resources/app/out/vs/workbench/api/node/extensionHostProcess.js:151:8166)
	at U.<computed>.F.charCodeAt.R.CharCode.DollarSign.U.<computed> (/nix/store/3j0nsr6g8fc0kb20hxhvfnsh83bk0fg6-vscodium-1.91.1.24193/lib/vscode/resources/app/out/vs/workbench/api/node/extensionHostProcess.js:151:4351)
	at f._doExecuteCommand (/nix/store/3j0nsr6g8fc0kb20hxhvfnsh83bk0fg6-vscodium-1.91.1.24193/lib/vscode/resources/app/out/vs/workbench/api/node/extensionHostProcess.js:154:241286)
	at f.executeCommand (/nix/store/3j0nsr6g8fc0kb20hxhvfnsh83bk0fg6-vscodium-1.91.1.24193/lib/vscode/resources/app/out/vs/workbench/api/node/extensionHostProcess.js:154:240611)
	at k.registerCommand.description (/nix/store/3j0nsr6g8fc0kb20hxhvfnsh83bk0fg6-vscodium-1.91.1.24193/lib/vscode/resources/app/out/vs/workbench/api/node/extensionHostProcess.js:154:239855)
	at f._executeContributedCommand (/nix/store/3j0nsr6g8fc0kb20hxhvfnsh83bk0fg6-vscodium-1.91.1.24193/lib/vscode/resources/app/out/vs/workbench/api/node/extensionHostProcess.js:154:241924)
	at f._doExecuteCommand (/nix/store/3j0nsr6g8fc0kb20hxhvfnsh83bk0fg6-vscodium-1.91.1.24193/lib/vscode/resources/app/out/vs/workbench/api/node/extensionHostProcess.js:154:240744)
	at f.executeCommand (/nix/store/3j0nsr6g8fc0kb20hxhvfnsh83bk0fg6-vscodium-1.91.1.24193/lib/vscode/resources/app/out/vs/workbench/api/node/extensionHostProcess.js:154:240611)
	at Object.executeCommand (/nix/store/3j0nsr6g8fc0kb20hxhvfnsh83bk0fg6-vscodium-1.91.1.24193/lib/vscode/resources/app/out/vs/workbench/api/node/extensionHostProcess.js:164:29715)
	at T.reset (/home/ser/.vscode-oss/extensions/asvetliakov.vscode-neovim-1.18.8-universal/dist/extension.js:2:187723)
	at l.<anonymous> (/home/ser/.vscode-oss/extensions/asvetliakov.vscode-neovim-1.18.8-universal/dist/extension.js:2:406042)
	at l.dispose (/nix/store/3j0nsr6g8fc0kb20hxhvfnsh83bk0fg6-vscodium-1.91.1.24193/lib/vscode/resources/app/out/vs/workbench/api/node/extensionHostProcess.js:152:6342)
	at h (/nix/store/3j0nsr6g8fc0kb20hxhvfnsh83bk0fg6-vscodium-1.91.1.24193/lib/vscode/resources/app/out/vs/workbench/api/node/extensionHostProcess.js:30:758)
	at m._deactivate (/nix/store/3j0nsr6g8fc0kb20hxhvfnsh83bk0fg6-vscodium-1.91.1.24193/lib/vscode/resources/app/out/vs/workbench/api/node/extensionHostProcess.js:160:13048)
	at /nix/store/3j0nsr6g8fc0kb20hxhvfnsh83bk0fg6-vscodium-1.91.1.24193/lib/vscode/resources/app/out/vs/workbench/api/node/extensionHostProcess.js:160:10194
	at Array.map (<anonymous>)
	at m._deactivateAll (/nix/store/3j0nsr6g8fc0kb20hxhvfnsh83bk0fg6-vscodium-1.91.1.24193/lib/vscode/resources/app/out/vs/workbench/api/node/extensionHostProcess.js:160:10181)
	at m.terminate (/nix/store/3j0nsr6g8fc0kb20hxhvfnsh83bk0fg6-vscodium-1.91.1.24193/lib/vscode/resources/app/out/vs/workbench/api/node/extensionHostProcess.js:160:10564)
	at h.terminate (/nix/store/3j0nsr6g8fc0kb20hxhvfnsh83bk0fg6-vscodium-1.91.1.24193/lib/vscode/resources/app/out/vs/workbench/api/node/extensionHostProcess.js:164:1908)
	at i (/nix/store/3j0nsr6g8fc0kb20hxhvfnsh83bk0fg6-vscodium-1.91.1.24193/lib/vscode/resources/app/out/vs/workbench/api/node/extensionHostProcess.js:177:12354)
	at MessagePortMain.<anonymous> (/nix/store/3j0nsr6g8fc0kb20hxhvfnsh83bk0fg6-vscodium-1.91.1.24193/lib/vscode/resources/app/out/vs/workbench/api/node/extensionHostProcess.js:177:8164)
	at MessagePortMain.emit (node:events:514:28)
	at MessagePortMain._internalPort.emit (node:electron/js2c/utility_init:2:2285) setContext undefined
2024-08-23 02:29:20.215 [error] Canceled: Canceled
	at new T (/nix/store/3j0nsr6g8fc0kb20hxhvfnsh83bk0fg6-vscodium-1.91.1.24193/lib/vscode/resources/app/out/vs/workbench/api/node/extensionHostProcess.js:144:39096)
	at y._remoteCall (/nix/store/3j0nsr6g8fc0kb20hxhvfnsh83bk0fg6-vscodium-1.91.1.24193/lib/vscode/resources/app/out/vs/workbench/api/node/extensionHostProcess.js:151:8166)
	at U.<computed>.F.charCodeAt.R.CharCode.DollarSign.U.<computed> (/nix/store/3j0nsr6g8fc0kb20hxhvfnsh83bk0fg6-vscodium-1.91.1.24193/lib/vscode/resources/app/out/vs/workbench/api/node/extensionHostProcess.js:151:4351)
	at f._doExecuteCommand (/nix/store/3j0nsr6g8fc0kb20hxhvfnsh83bk0fg6-vscodium-1.91.1.24193/lib/vscode/resources/app/out/vs/workbench/api/node/extensionHostProcess.js:154:241286)
	at f.executeCommand (/nix/store/3j0nsr6g8fc0kb20hxhvfnsh83bk0fg6-vscodium-1.91.1.24193/lib/vscode/resources/app/out/vs/workbench/api/node/extensionHostProcess.js:154:240611)
	at k.registerCommand.description (/nix/store/3j0nsr6g8fc0kb20hxhvfnsh83bk0fg6-vscodium-1.91.1.24193/lib/vscode/resources/app/out/vs/workbench/api/node/extensionHostProcess.js:154:239855)
	at f._executeContributedCommand (/nix/store/3j0nsr6g8fc0kb20hxhvfnsh83bk0fg6-vscodium-1.91.1.24193/lib/vscode/resources/app/out/vs/workbench/api/node/extensionHostProcess.js:154:241924)
	at f._doExecuteCommand (/nix/store/3j0nsr6g8fc0kb20hxhvfnsh83bk0fg6-vscodium-1.91.1.24193/lib/vscode/resources/app/out/vs/workbench/api/node/extensionHostProcess.js:154:240744)
	at f.executeCommand (/nix/store/3j0nsr6g8fc0kb20hxhvfnsh83bk0fg6-vscodium-1.91.1.24193/lib/vscode/resources/app/out/vs/workbench/api/node/extensionHostProcess.js:154:240611)
	at Object.executeCommand (/nix/store/3j0nsr6g8fc0kb20hxhvfnsh83bk0fg6-vscodium-1.91.1.24193/lib/vscode/resources/app/out/vs/workbench/api/node/extensionHostProcess.js:164:29715)
	at T.reset (/home/ser/.vscode-oss/extensions/asvetliakov.vscode-neovim-1.18.8-universal/dist/extension.js:2:187723)
	at l.<anonymous> (/home/ser/.vscode-oss/extensions/asvetliakov.vscode-neovim-1.18.8-universal/dist/extension.js:2:406042)
	at l.dispose (/nix/store/3j0nsr6g8fc0kb20hxhvfnsh83bk0fg6-vscodium-1.91.1.24193/lib/vscode/resources/app/out/vs/workbench/api/node/extensionHostProcess.js:152:6342)
	at h (/nix/store/3j0nsr6g8fc0kb20hxhvfnsh83bk0fg6-vscodium-1.91.1.24193/lib/vscode/resources/app/out/vs/workbench/api/node/extensionHostProcess.js:30:758)
	at m._deactivate (/nix/store/3j0nsr6g8fc0kb20hxhvfnsh83bk0fg6-vscodium-1.91.1.24193/lib/vscode/resources/app/out/vs/workbench/api/node/extensionHostProcess.js:160:13048)
	at /nix/store/3j0nsr6g8fc0kb20hxhvfnsh83bk0fg6-vscodium-1.91.1.24193/lib/vscode/resources/app/out/vs/workbench/api/node/extensionHostProcess.js:160:10194
	at Array.map (<anonymous>)
	at m._deactivateAll (/nix/store/3j0nsr6g8fc0kb20hxhvfnsh83bk0fg6-vscodium-1.91.1.24193/lib/vscode/resources/app/out/vs/workbench/api/node/extensionHostProcess.js:160:10181)
	at m.terminate (/nix/store/3j0nsr6g8fc0kb20hxhvfnsh83bk0fg6-vscodium-1.91.1.24193/lib/vscode/resources/app/out/vs/workbench/api/node/extensionHostProcess.js:160:10564)
	at h.terminate (/nix/store/3j0nsr6g8fc0kb20hxhvfnsh83bk0fg6-vscodium-1.91.1.24193/lib/vscode/resources/app/out/vs/workbench/api/node/extensionHostProcess.js:164:1908)
	at i (/nix/store/3j0nsr6g8fc0kb20hxhvfnsh83bk0fg6-vscodium-1.91.1.24193/lib/vscode/resources/app/out/vs/workbench/api/node/extensionHostProcess.js:177:12354)
	at MessagePortMain.<anonymous> (/nix/store/3j0nsr6g8fc0kb20hxhvfnsh83bk0fg6-vscodium-1.91.1.24193/lib/vscode/resources/app/out/vs/workbench/api/node/extensionHostProcess.js:177:8164)
	at MessagePortMain.emit (node:events:514:28)
	at MessagePortMain._internalPort.emit (node:electron/js2c/utility_init:2:2285) setContext undefined
2024-08-23 02:29:20.216 [error] Canceled: Canceled
	at new T (/nix/store/3j0nsr6g8fc0kb20hxhvfnsh83bk0fg6-vscodium-1.91.1.24193/lib/vscode/resources/app/out/vs/workbench/api/node/extensionHostProcess.js:144:39096)
	at y._remoteCall (/nix/store/3j0nsr6g8fc0kb20hxhvfnsh83bk0fg6-vscodium-1.91.1.24193/lib/vscode/resources/app/out/vs/workbench/api/node/extensionHostProcess.js:151:8166)
	at U.<computed>.F.charCodeAt.R.CharCode.DollarSign.U.<computed> (/nix/store/3j0nsr6g8fc0kb20hxhvfnsh83bk0fg6-vscodium-1.91.1.24193/lib/vscode/resources/app/out/vs/workbench/api/node/extensionHostProcess.js:151:4351)
	at f._doExecuteCommand (/nix/store/3j0nsr6g8fc0kb20hxhvfnsh83bk0fg6-vscodium-1.91.1.24193/lib/vscode/resources/app/out/vs/workbench/api/node/extensionHostProcess.js:154:241286)
	at f.executeCommand (/nix/store/3j0nsr6g8fc0kb20hxhvfnsh83bk0fg6-vscodium-1.91.1.24193/lib/vscode/resources/app/out/vs/workbench/api/node/extensionHostProcess.js:154:240611)
	at k.registerCommand.description (/nix/store/3j0nsr6g8fc0kb20hxhvfnsh83bk0fg6-vscodium-1.91.1.24193/lib/vscode/resources/app/out/vs/workbench/api/node/extensionHostProcess.js:154:239855)
	at f._executeContributedCommand (/nix/store/3j0nsr6g8fc0kb20hxhvfnsh83bk0fg6-vscodium-1.91.1.24193/lib/vscode/resources/app/out/vs/workbench/api/node/extensionHostProcess.js:154:241924)
	at f._doExecuteCommand (/nix/store/3j0nsr6g8fc0kb20hxhvfnsh83bk0fg6-vscodium-1.91.1.24193/lib/vscode/resources/app/out/vs/workbench/api/node/extensionHostProcess.js:154:240744)
	at f.executeCommand (/nix/store/3j0nsr6g8fc0kb20hxhvfnsh83bk0fg6-vscodium-1.91.1.24193/lib/vscode/resources/app/out/vs/workbench/api/node/extensionHostProcess.js:154:240611)
	at Object.executeCommand (/nix/store/3j0nsr6g8fc0kb20hxhvfnsh83bk0fg6-vscodium-1.91.1.24193/lib/vscode/resources/app/out/vs/workbench/api/node/extensionHostProcess.js:164:29715)
	at T.reset (/home/ser/.vscode-oss/extensions/asvetliakov.vscode-neovim-1.18.8-universal/dist/extension.js:2:187723)
	at l.<anonymous> (/home/ser/.vscode-oss/extensions/asvetliakov.vscode-neovim-1.18.8-universal/dist/extension.js:2:406042)
	at l.dispose (/nix/store/3j0nsr6g8fc0kb20hxhvfnsh83bk0fg6-vscodium-1.91.1.24193/lib/vscode/resources/app/out/vs/workbench/api/node/extensionHostProcess.js:152:6342)
	at h (/nix/store/3j0nsr6g8fc0kb20hxhvfnsh83bk0fg6-vscodium-1.91.1.24193/lib/vscode/resources/app/out/vs/workbench/api/node/extensionHostProcess.js:30:758)
	at m._deactivate (/nix/store/3j0nsr6g8fc0kb20hxhvfnsh83bk0fg6-vscodium-1.91.1.24193/lib/vscode/resources/app/out/vs/workbench/api/node/extensionHostProcess.js:160:13048)
	at /nix/store/3j0nsr6g8fc0kb20hxhvfnsh83bk0fg6-vscodium-1.91.1.24193/lib/vscode/resources/app/out/vs/workbench/api/node/extensionHostProcess.js:160:10194
	at Array.map (<anonymous>)
	at m._deactivateAll (/nix/store/3j0nsr6g8fc0kb20hxhvfnsh83bk0fg6-vscodium-1.91.1.24193/lib/vscode/resources/app/out/vs/workbench/api/node/extensionHostProcess.js:160:10181)
	at m.terminate (/nix/store/3j0nsr6g8fc0kb20hxhvfnsh83bk0fg6-vscodium-1.91.1.24193/lib/vscode/resources/app/out/vs/workbench/api/node/extensionHostProcess.js:160:10564)
	at h.terminate (/nix/store/3j0nsr6g8fc0kb20hxhvfnsh83bk0fg6-vscodium-1.91.1.24193/lib/vscode/resources/app/out/vs/workbench/api/node/extensionHostProcess.js:164:1908)
	at i (/nix/store/3j0nsr6g8fc0kb20hxhvfnsh83bk0fg6-vscodium-1.91.1.24193/lib/vscode/resources/app/out/vs/workbench/api/node/extensionHostProcess.js:177:12354)
	at MessagePortMain.<anonymous> (/nix/store/3j0nsr6g8fc0kb20hxhvfnsh83bk0fg6-vscodium-1.91.1.24193/lib/vscode/resources/app/out/vs/workbench/api/node/extensionHostProcess.js:177:8164)
	at MessagePortMain.emit (node:events:514:28)
	at MessagePortMain._internalPort.emit (node:electron/js2c/utility_init:2:2285) setContext undefined
2024-08-23 02:29:20.216 [error] Canceled: Canceled
	at new T (/nix/store/3j0nsr6g8fc0kb20hxhvfnsh83bk0fg6-vscodium-1.91.1.24193/lib/vscode/resources/app/out/vs/workbench/api/node/extensionHostProcess.js:144:39096)
	at y._remoteCall (/nix/store/3j0nsr6g8fc0kb20hxhvfnsh83bk0fg6-vscodium-1.91.1.24193/lib/vscode/resources/app/out/vs/workbench/api/node/extensionHostProcess.js:151:8166)
	at U.<computed>.F.charCodeAt.R.CharCode.DollarSign.U.<computed> (/nix/store/3j0nsr6g8fc0kb20hxhvfnsh83bk0fg6-vscodium-1.91.1.24193/lib/vscode/resources/app/out/vs/workbench/api/node/extensionHostProcess.js:151:4351)
	at f._doExecuteCommand (/nix/store/3j0nsr6g8fc0kb20hxhvfnsh83bk0fg6-vscodium-1.91.1.24193/lib/vscode/resources/app/out/vs/workbench/api/node/extensionHostProcess.js:154:241286)
	at f.executeCommand (/nix/store/3j0nsr6g8fc0kb20hxhvfnsh83bk0fg6-vscodium-1.91.1.24193/lib/vscode/resources/app/out/vs/workbench/api/node/extensionHostProcess.js:154:240611)
	at k.registerCommand.description (/nix/store/3j0nsr6g8fc0kb20hxhvfnsh83bk0fg6-vscodium-1.91.1.24193/lib/vscode/resources/app/out/vs/workbench/api/node/extensionHostProcess.js:154:239855)
	at f._executeContributedCommand (/nix/store/3j0nsr6g8fc0kb20hxhvfnsh83bk0fg6-vscodium-1.91.1.24193/lib/vscode/resources/app/out/vs/workbench/api/node/extensionHostProcess.js:154:241924)
	at f._doExecuteCommand (/nix/store/3j0nsr6g8fc0kb20hxhvfnsh83bk0fg6-vscodium-1.91.1.24193/lib/vscode/resources/app/out/vs/workbench/api/node/extensionHostProcess.js:154:240744)
	at f.executeCommand (/nix/store/3j0nsr6g8fc0kb20hxhvfnsh83bk0fg6-vscodium-1.91.1.24193/lib/vscode/resources/app/out/vs/workbench/api/node/extensionHostProcess.js:154:240611)
	at Object.executeCommand (/nix/store/3j0nsr6g8fc0kb20hxhvfnsh83bk0fg6-vscodium-1.91.1.24193/lib/vscode/resources/app/out/vs/workbench/api/node/extensionHostProcess.js:164:29715)
	at T.reset (/home/ser/.vscode-oss/extensions/asvetliakov.vscode-neovim-1.18.8-universal/dist/extension.js:2:187723)
	at l.<anonymous> (/home/ser/.vscode-oss/extensions/asvetliakov.vscode-neovim-1.18.8-universal/dist/extension.js:2:406042)
	at l.dispose (/nix/store/3j0nsr6g8fc0kb20hxhvfnsh83bk0fg6-vscodium-1.91.1.24193/lib/vscode/resources/app/out/vs/workbench/api/node/extensionHostProcess.js:152:6342)
	at h (/nix/store/3j0nsr6g8fc0kb20hxhvfnsh83bk0fg6-vscodium-1.91.1.24193/lib/vscode/resources/app/out/vs/workbench/api/node/extensionHostProcess.js:30:758)
	at m._deactivate (/nix/store/3j0nsr6g8fc0kb20hxhvfnsh83bk0fg6-vscodium-1.91.1.24193/lib/vscode/resources/app/out/vs/workbench/api/node/extensionHostProcess.js:160:13048)
	at /nix/store/3j0nsr6g8fc0kb20hxhvfnsh83bk0fg6-vscodium-1.91.1.24193/lib/vscode/resources/app/out/vs/workbench/api/node/extensionHostProcess.js:160:10194
	at Array.map (<anonymous>)
	at m._deactivateAll (/nix/store/3j0nsr6g8fc0kb20hxhvfnsh83bk0fg6-vscodium-1.91.1.24193/lib/vscode/resources/app/out/vs/workbench/api/node/extensionHostProcess.js:160:10181)
	at m.terminate (/nix/store/3j0nsr6g8fc0kb20hxhvfnsh83bk0fg6-vscodium-1.91.1.24193/lib/vscode/resources/app/out/vs/workbench/api/node/extensionHostProcess.js:160:10564)
	at h.terminate (/nix/store/3j0nsr6g8fc0kb20hxhvfnsh83bk0fg6-vscodium-1.91.1.24193/lib/vscode/resources/app/out/vs/workbench/api/node/extensionHostProcess.js:164:1908)
	at i (/nix/store/3j0nsr6g8fc0kb20hxhvfnsh83bk0fg6-vscodium-1.91.1.24193/lib/vscode/resources/app/out/vs/workbench/api/node/extensionHostProcess.js:177:12354)
	at MessagePortMain.<anonymous> (/nix/store/3j0nsr6g8fc0kb20hxhvfnsh83bk0fg6-vscodium-1.91.1.24193/lib/vscode/resources/app/out/vs/workbench/api/node/extensionHostProcess.js:177:8164)
	at MessagePortMain.emit (node:events:514:28)
	at MessagePortMain._internalPort.emit (node:electron/js2c/utility_init:2:2285) setContext undefined
2024-08-23 02:29:20.216 [error] Canceled: Canceled
	at new T (/nix/store/3j0nsr6g8fc0kb20hxhvfnsh83bk0fg6-vscodium-1.91.1.24193/lib/vscode/resources/app/out/vs/workbench/api/node/extensionHostProcess.js:144:39096)
	at y._remoteCall (/nix/store/3j0nsr6g8fc0kb20hxhvfnsh83bk0fg6-vscodium-1.91.1.24193/lib/vscode/resources/app/out/vs/workbench/api/node/extensionHostProcess.js:151:8166)
	at U.<computed>.F.charCodeAt.R.CharCode.DollarSign.U.<computed> (/nix/store/3j0nsr6g8fc0kb20hxhvfnsh83bk0fg6-vscodium-1.91.1.24193/lib/vscode/resources/app/out/vs/workbench/api/node/extensionHostProcess.js:151:4351)
	at f._doExecuteCommand (/nix/store/3j0nsr6g8fc0kb20hxhvfnsh83bk0fg6-vscodium-1.91.1.24193/lib/vscode/resources/app/out/vs/workbench/api/node/extensionHostProcess.js:154:241286)
	at f.executeCommand (/nix/store/3j0nsr6g8fc0kb20hxhvfnsh83bk0fg6-vscodium-1.91.1.24193/lib/vscode/resources/app/out/vs/workbench/api/node/extensionHostProcess.js:154:240611)
	at k.registerCommand.description (/nix/store/3j0nsr6g8fc0kb20hxhvfnsh83bk0fg6-vscodium-1.91.1.24193/lib/vscode/resources/app/out/vs/workbench/api/node/extensionHostProcess.js:154:239855)
	at f._executeContributedCommand (/nix/store/3j0nsr6g8fc0kb20hxhvfnsh83bk0fg6-vscodium-1.91.1.24193/lib/vscode/resources/app/out/vs/workbench/api/node/extensionHostProcess.js:154:241924)
	at f._doExecuteCommand (/nix/store/3j0nsr6g8fc0kb20hxhvfnsh83bk0fg6-vscodium-1.91.1.24193/lib/vscode/resources/app/out/vs/workbench/api/node/extensionHostProcess.js:154:240744)
	at f.executeCommand (/nix/store/3j0nsr6g8fc0kb20hxhvfnsh83bk0fg6-vscodium-1.91.1.24193/lib/vscode/resources/app/out/vs/workbench/api/node/extensionHostProcess.js:154:240611)
	at Object.executeCommand (/nix/store/3j0nsr6g8fc0kb20hxhvfnsh83bk0fg6-vscodium-1.91.1.24193/lib/vscode/resources/app/out/vs/workbench/api/node/extensionHostProcess.js:164:29715)
	at T.reset (/home/ser/.vscode-oss/extensions/asvetliakov.vscode-neovim-1.18.8-universal/dist/extension.js:2:187723)
	at l.<anonymous> (/home/ser/.vscode-oss/extensions/asvetliakov.vscode-neovim-1.18.8-universal/dist/extension.js:2:406042)
	at l.dispose (/nix/store/3j0nsr6g8fc0kb20hxhvfnsh83bk0fg6-vscodium-1.91.1.24193/lib/vscode/resources/app/out/vs/workbench/api/node/extensionHostProcess.js:152:6342)
	at h (/nix/store/3j0nsr6g8fc0kb20hxhvfnsh83bk0fg6-vscodium-1.91.1.24193/lib/vscode/resources/app/out/vs/workbench/api/node/extensionHostProcess.js:30:758)
	at m._deactivate (/nix/store/3j0nsr6g8fc0kb20hxhvfnsh83bk0fg6-vscodium-1.91.1.24193/lib/vscode/resources/app/out/vs/workbench/api/node/extensionHostProcess.js:160:13048)
	at /nix/store/3j0nsr6g8fc0kb20hxhvfnsh83bk0fg6-vscodium-1.91.1.24193/lib/vscode/resources/app/out/vs/workbench/api/node/extensionHostProcess.js:160:10194
	at Array.map (<anonymous>)
	at m._deactivateAll (/nix/store/3j0nsr6g8fc0kb20hxhvfnsh83bk0fg6-vscodium-1.91.1.24193/lib/vscode/resources/app/out/vs/workbench/api/node/extensionHostProcess.js:160:10181)
	at m.terminate (/nix/store/3j0nsr6g8fc0kb20hxhvfnsh83bk0fg6-vscodium-1.91.1.24193/lib/vscode/resources/app/out/vs/workbench/api/node/extensionHostProcess.js:160:10564)
	at h.terminate (/nix/store/3j0nsr6g8fc0kb20hxhvfnsh83bk0fg6-vscodium-1.91.1.24193/lib/vscode/resources/app/out/vs/workbench/api/node/extensionHostProcess.js:164:1908)
	at i (/nix/store/3j0nsr6g8fc0kb20hxhvfnsh83bk0fg6-vscodium-1.91.1.24193/lib/vscode/resources/app/out/vs/workbench/api/node/extensionHostProcess.js:177:12354)
	at MessagePortMain.<anonymous> (/nix/store/3j0nsr6g8fc0kb20hxhvfnsh83bk0fg6-vscodium-1.91.1.24193/lib/vscode/resources/app/out/vs/workbench/api/node/extensionHostProcess.js:177:8164)
	at MessagePortMain.emit (node:events:514:28)
	at MessagePortMain._internalPort.emit (node:electron/js2c/utility_init:2:2285) setContext undefined
2024-08-23 02:29:20.216 [error] Canceled: Canceled
	at new T (/nix/store/3j0nsr6g8fc0kb20hxhvfnsh83bk0fg6-vscodium-1.91.1.24193/lib/vscode/resources/app/out/vs/workbench/api/node/extensionHostProcess.js:144:39096)
	at y._remoteCall (/nix/store/3j0nsr6g8fc0kb20hxhvfnsh83bk0fg6-vscodium-1.91.1.24193/lib/vscode/resources/app/out/vs/workbench/api/node/extensionHostProcess.js:151:8166)
	at U.<computed>.F.charCodeAt.R.CharCode.DollarSign.U.<computed> (/nix/store/3j0nsr6g8fc0kb20hxhvfnsh83bk0fg6-vscodium-1.91.1.24193/lib/vscode/resources/app/out/vs/workbench/api/node/extensionHostProcess.js:151:4351)
	at f._doExecuteCommand (/nix/store/3j0nsr6g8fc0kb20hxhvfnsh83bk0fg6-vscodium-1.91.1.24193/lib/vscode/resources/app/out/vs/workbench/api/node/extensionHostProcess.js:154:241286)
	at f.executeCommand (/nix/store/3j0nsr6g8fc0kb20hxhvfnsh83bk0fg6-vscodium-1.91.1.24193/lib/vscode/resources/app/out/vs/workbench/api/node/extensionHostProcess.js:154:240611)
	at k.registerCommand.description (/nix/store/3j0nsr6g8fc0kb20hxhvfnsh83bk0fg6-vscodium-1.91.1.24193/lib/vscode/resources/app/out/vs/workbench/api/node/extensionHostProcess.js:154:239855)
	at f._executeContributedCommand (/nix/store/3j0nsr6g8fc0kb20hxhvfnsh83bk0fg6-vscodium-1.91.1.24193/lib/vscode/resources/app/out/vs/workbench/api/node/extensionHostProcess.js:154:241924)
	at f._doExecuteCommand (/nix/store/3j0nsr6g8fc0kb20hxhvfnsh83bk0fg6-vscodium-1.91.1.24193/lib/vscode/resources/app/out/vs/workbench/api/node/extensionHostProcess.js:154:240744)
	at f.executeCommand (/nix/store/3j0nsr6g8fc0kb20hxhvfnsh83bk0fg6-vscodium-1.91.1.24193/lib/vscode/resources/app/out/vs/workbench/api/node/extensionHostProcess.js:154:240611)
	at Object.executeCommand (/nix/store/3j0nsr6g8fc0kb20hxhvfnsh83bk0fg6-vscodium-1.91.1.24193/lib/vscode/resources/app/out/vs/workbench/api/node/extensionHostProcess.js:164:29715)
	at T.reset (/home/ser/.vscode-oss/extensions/asvetliakov.vscode-neovim-1.18.8-universal/dist/extension.js:2:187723)
	at l.<anonymous> (/home/ser/.vscode-oss/extensions/asvetliakov.vscode-neovim-1.18.8-universal/dist/extension.js:2:406042)
	at l.dispose (/nix/store/3j0nsr6g8fc0kb20hxhvfnsh83bk0fg6-vscodium-1.91.1.24193/lib/vscode/resources/app/out/vs/workbench/api/node/extensionHostProcess.js:152:6342)
	at h (/nix/store/3j0nsr6g8fc0kb20hxhvfnsh83bk0fg6-vscodium-1.91.1.24193/lib/vscode/resources/app/out/vs/workbench/api/node/extensionHostProcess.js:30:758)
	at m._deactivate (/nix/store/3j0nsr6g8fc0kb20hxhvfnsh83bk0fg6-vscodium-1.91.1.24193/lib/vscode/resources/app/out/vs/workbench/api/node/extensionHostProcess.js:160:13048)
	at /nix/store/3j0nsr6g8fc0kb20hxhvfnsh83bk0fg6-vscodium-1.91.1.24193/lib/vscode/resources/app/out/vs/workbench/api/node/extensionHostProcess.js:160:10194
	at Array.map (<anonymous>)
	at m._deactivateAll (/nix/store/3j0nsr6g8fc0kb20hxhvfnsh83bk0fg6-vscodium-1.91.1.24193/lib/vscode/resources/app/out/vs/workbench/api/node/extensionHostProcess.js:160:10181)
	at m.terminate (/nix/store/3j0nsr6g8fc0kb20hxhvfnsh83bk0fg6-vscodium-1.91.1.24193/lib/vscode/resources/app/out/vs/workbench/api/node/extensionHostProcess.js:160:10564)
	at h.terminate (/nix/store/3j0nsr6g8fc0kb20hxhvfnsh83bk0fg6-vscodium-1.91.1.24193/lib/vscode/resources/app/out/vs/workbench/api/node/extensionHostProcess.js:164:1908)
	at i (/nix/store/3j0nsr6g8fc0kb20hxhvfnsh83bk0fg6-vscodium-1.91.1.24193/lib/vscode/resources/app/out/vs/workbench/api/node/extensionHostProcess.js:177:12354)
	at MessagePortMain.<anonymous> (/nix/store/3j0nsr6g8fc0kb20hxhvfnsh83bk0fg6-vscodium-1.91.1.24193/lib/vscode/resources/app/out/vs/workbench/api/node/extensionHostProcess.js:177:8164)
	at MessagePortMain.emit (node:events:514:28)
	at MessagePortMain._internalPort.emit (node:electron/js2c/utility_init:2:2285) setContext undefined
2024-08-23 02:29:20.216 [error] Canceled: Canceled
	at new T (/nix/store/3j0nsr6g8fc0kb20hxhvfnsh83bk0fg6-vscodium-1.91.1.24193/lib/vscode/resources/app/out/vs/workbench/api/node/extensionHostProcess.js:144:39096)
	at y._remoteCall (/nix/store/3j0nsr6g8fc0kb20hxhvfnsh83bk0fg6-vscodium-1.91.1.24193/lib/vscode/resources/app/out/vs/workbench/api/node/extensionHostProcess.js:151:8166)
	at U.<computed>.F.charCodeAt.R.CharCode.DollarSign.U.<computed> (/nix/store/3j0nsr6g8fc0kb20hxhvfnsh83bk0fg6-vscodium-1.91.1.24193/lib/vscode/resources/app/out/vs/workbench/api/node/extensionHostProcess.js:151:4351)
	at f._doExecuteCommand (/nix/store/3j0nsr6g8fc0kb20hxhvfnsh83bk0fg6-vscodium-1.91.1.24193/lib/vscode/resources/app/out/vs/workbench/api/node/extensionHostProcess.js:154:241286)
	at f.executeCommand (/nix/store/3j0nsr6g8fc0kb20hxhvfnsh83bk0fg6-vscodium-1.91.1.24193/lib/vscode/resources/app/out/vs/workbench/api/node/extensionHostProcess.js:154:240611)
	at k.registerCommand.description (/nix/store/3j0nsr6g8fc0kb20hxhvfnsh83bk0fg6-vscodium-1.91.1.24193/lib/vscode/resources/app/out/vs/workbench/api/node/extensionHostProcess.js:154:239855)
	at f._executeContributedCommand (/nix/store/3j0nsr6g8fc0kb20hxhvfnsh83bk0fg6-vscodium-1.91.1.24193/lib/vscode/resources/app/out/vs/workbench/api/node/extensionHostProcess.js:154:241924)
	at f._doExecuteCommand (/nix/store/3j0nsr6g8fc0kb20hxhvfnsh83bk0fg6-vscodium-1.91.1.24193/lib/vscode/resources/app/out/vs/workbench/api/node/extensionHostProcess.js:154:240744)
	at f.executeCommand (/nix/store/3j0nsr6g8fc0kb20hxhvfnsh83bk0fg6-vscodium-1.91.1.24193/lib/vscode/resources/app/out/vs/workbench/api/node/extensionHostProcess.js:154:240611)
	at Object.executeCommand (/nix/store/3j0nsr6g8fc0kb20hxhvfnsh83bk0fg6-vscodium-1.91.1.24193/lib/vscode/resources/app/out/vs/workbench/api/node/extensionHostProcess.js:164:29715)
	at T.reset (/home/ser/.vscode-oss/extensions/asvetliakov.vscode-neovim-1.18.8-universal/dist/extension.js:2:187723)
	at l.<anonymous> (/home/ser/.vscode-oss/extensions/asvetliakov.vscode-neovim-1.18.8-universal/dist/extension.js:2:406042)
	at l.dispose (/nix/store/3j0nsr6g8fc0kb20hxhvfnsh83bk0fg6-vscodium-1.91.1.24193/lib/vscode/resources/app/out/vs/workbench/api/node/extensionHostProcess.js:152:6342)
	at h (/nix/store/3j0nsr6g8fc0kb20hxhvfnsh83bk0fg6-vscodium-1.91.1.24193/lib/vscode/resources/app/out/vs/workbench/api/node/extensionHostProcess.js:30:758)
	at m._deactivate (/nix/store/3j0nsr6g8fc0kb20hxhvfnsh83bk0fg6-vscodium-1.91.1.24193/lib/vscode/resources/app/out/vs/workbench/api/node/extensionHostProcess.js:160:13048)
	at /nix/store/3j0nsr6g8fc0kb20hxhvfnsh83bk0fg6-vscodium-1.91.1.24193/lib/vscode/resources/app/out/vs/workbench/api/node/extensionHostProcess.js:160:10194
	at Array.map (<anonymous>)
	at m._deactivateAll (/nix/store/3j0nsr6g8fc0kb20hxhvfnsh83bk0fg6-vscodium-1.91.1.24193/lib/vscode/resources/app/out/vs/workbench/api/node/extensionHostProcess.js:160:10181)
	at m.terminate (/nix/store/3j0nsr6g8fc0kb20hxhvfnsh83bk0fg6-vscodium-1.91.1.24193/lib/vscode/resources/app/out/vs/workbench/api/node/extensionHostProcess.js:160:10564)
	at h.terminate (/nix/store/3j0nsr6g8fc0kb20hxhvfnsh83bk0fg6-vscodium-1.91.1.24193/lib/vscode/resources/app/out/vs/workbench/api/node/extensionHostProcess.js:164:1908)
	at i (/nix/store/3j0nsr6g8fc0kb20hxhvfnsh83bk0fg6-vscodium-1.91.1.24193/lib/vscode/resources/app/out/vs/workbench/api/node/extensionHostProcess.js:177:12354)
	at MessagePortMain.<anonymous> (/nix/store/3j0nsr6g8fc0kb20hxhvfnsh83bk0fg6-vscodium-1.91.1.24193/lib/vscode/resources/app/out/vs/workbench/api/node/extensionHostProcess.js:177:8164)
	at MessagePortMain.emit (node:events:514:28)
	at MessagePortMain._internalPort.emit (node:electron/js2c/utility_init:2:2285) setContext undefined
2024-08-23 02:29:20.216 [error] Canceled: Canceled
	at new T (/nix/store/3j0nsr6g8fc0kb20hxhvfnsh83bk0fg6-vscodium-1.91.1.24193/lib/vscode/resources/app/out/vs/workbench/api/node/extensionHostProcess.js:144:39096)
	at y._remoteCall (/nix/store/3j0nsr6g8fc0kb20hxhvfnsh83bk0fg6-vscodium-1.91.1.24193/lib/vscode/resources/app/out/vs/workbench/api/node/extensionHostProcess.js:151:8166)
	at U.<computed>.F.charCodeAt.R.CharCode.DollarSign.U.<computed> (/nix/store/3j0nsr6g8fc0kb20hxhvfnsh83bk0fg6-vscodium-1.91.1.24193/lib/vscode/resources/app/out/vs/workbench/api/node/extensionHostProcess.js:151:4351)
	at f._doExecuteCommand (/nix/store/3j0nsr6g8fc0kb20hxhvfnsh83bk0fg6-vscodium-1.91.1.24193/lib/vscode/resources/app/out/vs/workbench/api/node/extensionHostProcess.js:154:241286)
	at f.executeCommand (/nix/store/3j0nsr6g8fc0kb20hxhvfnsh83bk0fg6-vscodium-1.91.1.24193/lib/vscode/resources/app/out/vs/workbench/api/node/extensionHostProcess.js:154:240611)
	at k.registerCommand.description (/nix/store/3j0nsr6g8fc0kb20hxhvfnsh83bk0fg6-vscodium-1.91.1.24193/lib/vscode/resources/app/out/vs/workbench/api/node/extensionHostProcess.js:154:239855)
	at f._executeContributedCommand (/nix/store/3j0nsr6g8fc0kb20hxhvfnsh83bk0fg6-vscodium-1.91.1.24193/lib/vscode/resources/app/out/vs/workbench/api/node/extensionHostProcess.js:154:241924)
	at f._doExecuteCommand (/nix/store/3j0nsr6g8fc0kb20hxhvfnsh83bk0fg6-vscodium-1.91.1.24193/lib/vscode/resources/app/out/vs/workbench/api/node/extensionHostProcess.js:154:240744)
	at f.executeCommand (/nix/store/3j0nsr6g8fc0kb20hxhvfnsh83bk0fg6-vscodium-1.91.1.24193/lib/vscode/resources/app/out/vs/workbench/api/node/extensionHostProcess.js:154:240611)
	at Object.executeCommand (/nix/store/3j0nsr6g8fc0kb20hxhvfnsh83bk0fg6-vscodium-1.91.1.24193/lib/vscode/resources/app/out/vs/workbench/api/node/extensionHostProcess.js:164:29715)
	at T.reset (/home/ser/.vscode-oss/extensions/asvetliakov.vscode-neovim-1.18.8-universal/dist/extension.js:2:187723)
	at l.<anonymous> (/home/ser/.vscode-oss/extensions/asvetliakov.vscode-neovim-1.18.8-universal/dist/extension.js:2:406042)
	at l.dispose (/nix/store/3j0nsr6g8fc0kb20hxhvfnsh83bk0fg6-vscodium-1.91.1.24193/lib/vscode/resources/app/out/vs/workbench/api/node/extensionHostProcess.js:152:6342)
	at h (/nix/store/3j0nsr6g8fc0kb20hxhvfnsh83bk0fg6-vscodium-1.91.1.24193/lib/vscode/resources/app/out/vs/workbench/api/node/extensionHostProcess.js:30:758)
	at m._deactivate (/nix/store/3j0nsr6g8fc0kb20hxhvfnsh83bk0fg6-vscodium-1.91.1.24193/lib/vscode/resources/app/out/vs/workbench/api/node/extensionHostProcess.js:160:13048)
	at /nix/store/3j0nsr6g8fc0kb20hxhvfnsh83bk0fg6-vscodium-1.91.1.24193/lib/vscode/resources/app/out/vs/workbench/api/node/extensionHostProcess.js:160:10194
	at Array.map (<anonymous>)
	at m._deactivateAll (/nix/store/3j0nsr6g8fc0kb20hxhvfnsh83bk0fg6-vscodium-1.91.1.24193/lib/vscode/resources/app/out/vs/workbench/api/node/extensionHostProcess.js:160:10181)
	at m.terminate (/nix/store/3j0nsr6g8fc0kb20hxhvfnsh83bk0fg6-vscodium-1.91.1.24193/lib/vscode/resources/app/out/vs/workbench/api/node/extensionHostProcess.js:160:10564)
	at h.terminate (/nix/store/3j0nsr6g8fc0kb20hxhvfnsh83bk0fg6-vscodium-1.91.1.24193/lib/vscode/resources/app/out/vs/workbench/api/node/extensionHostProcess.js:164:1908)
	at i (/nix/store/3j0nsr6g8fc0kb20hxhvfnsh83bk0fg6-vscodium-1.91.1.24193/lib/vscode/resources/app/out/vs/workbench/api/node/extensionHostProcess.js:177:12354)
	at MessagePortMain.<anonymous> (/nix/store/3j0nsr6g8fc0kb20hxhvfnsh83bk0fg6-vscodium-1.91.1.24193/lib/vscode/resources/app/out/vs/workbench/api/node/extensionHostProcess.js:177:8164)
	at MessagePortMain.emit (node:events:514:28)
	at MessagePortMain._internalPort.emit (node:electron/js2c/utility_init:2:2285) setContext undefined
2024-08-23 02:29:20.216 [error] Canceled: Canceled
	at new T (/nix/store/3j0nsr6g8fc0kb20hxhvfnsh83bk0fg6-vscodium-1.91.1.24193/lib/vscode/resources/app/out/vs/workbench/api/node/extensionHostProcess.js:144:39096)
	at y._remoteCall (/nix/store/3j0nsr6g8fc0kb20hxhvfnsh83bk0fg6-vscodium-1.91.1.24193/lib/vscode/resources/app/out/vs/workbench/api/node/extensionHostProcess.js:151:8166)
	at U.<computed>.F.charCodeAt.R.CharCode.DollarSign.U.<computed> (/nix/store/3j0nsr6g8fc0kb20hxhvfnsh83bk0fg6-vscodium-1.91.1.24193/lib/vscode/resources/app/out/vs/workbench/api/node/extensionHostProcess.js:151:4351)
	at f._doExecuteCommand (/nix/store/3j0nsr6g8fc0kb20hxhvfnsh83bk0fg6-vscodium-1.91.1.24193/lib/vscode/resources/app/out/vs/workbench/api/node/extensionHostProcess.js:154:241286)
	at f.executeCommand (/nix/store/3j0nsr6g8fc0kb20hxhvfnsh83bk0fg6-vscodium-1.91.1.24193/lib/vscode/resources/app/out/vs/workbench/api/node/extensionHostProcess.js:154:240611)
	at k.registerCommand.description (/nix/store/3j0nsr6g8fc0kb20hxhvfnsh83bk0fg6-vscodium-1.91.1.24193/lib/vscode/resources/app/out/vs/workbench/api/node/extensionHostProcess.js:154:239855)
	at f._executeContributedCommand (/nix/store/3j0nsr6g8fc0kb20hxhvfnsh83bk0fg6-vscodium-1.91.1.24193/lib/vscode/resources/app/out/vs/workbench/api/node/extensionHostProcess.js:154:241924)
	at f._doExecuteCommand (/nix/store/3j0nsr6g8fc0kb20hxhvfnsh83bk0fg6-vscodium-1.91.1.24193/lib/vscode/resources/app/out/vs/workbench/api/node/extensionHostProcess.js:154:240744)
	at f.executeCommand (/nix/store/3j0nsr6g8fc0kb20hxhvfnsh83bk0fg6-vscodium-1.91.1.24193/lib/vscode/resources/app/out/vs/workbench/api/node/extensionHostProcess.js:154:240611)
	at Object.executeCommand (/nix/store/3j0nsr6g8fc0kb20hxhvfnsh83bk0fg6-vscodium-1.91.1.24193/lib/vscode/resources/app/out/vs/workbench/api/node/extensionHostProcess.js:164:29715)
	at T.reset (/home/ser/.vscode-oss/extensions/asvetliakov.vscode-neovim-1.18.8-universal/dist/extension.js:2:187723)
	at l.<anonymous> (/home/ser/.vscode-oss/extensions/asvetliakov.vscode-neovim-1.18.8-universal/dist/extension.js:2:406042)
	at l.dispose (/nix/store/3j0nsr6g8fc0kb20hxhvfnsh83bk0fg6-vscodium-1.91.1.24193/lib/vscode/resources/app/out/vs/workbench/api/node/extensionHostProcess.js:152:6342)
	at h (/nix/store/3j0nsr6g8fc0kb20hxhvfnsh83bk0fg6-vscodium-1.91.1.24193/lib/vscode/resources/app/out/vs/workbench/api/node/extensionHostProcess.js:30:758)
	at m._deactivate (/nix/store/3j0nsr6g8fc0kb20hxhvfnsh83bk0fg6-vscodium-1.91.1.24193/lib/vscode/resources/app/out/vs/workbench/api/node/extensionHostProcess.js:160:13048)
	at /nix/store/3j0nsr6g8fc0kb20hxhvfnsh83bk0fg6-vscodium-1.91.1.24193/lib/vscode/resources/app/out/vs/workbench/api/node/extensionHostProcess.js:160:10194
	at Array.map (<anonymous>)
	at m._deactivateAll (/nix/store/3j0nsr6g8fc0kb20hxhvfnsh83bk0fg6-vscodium-1.91.1.24193/lib/vscode/resources/app/out/vs/workbench/api/node/extensionHostProcess.js:160:10181)
	at m.terminate (/nix/store/3j0nsr6g8fc0kb20hxhvfnsh83bk0fg6-vscodium-1.91.1.24193/lib/vscode/resources/app/out/vs/workbench/api/node/extensionHostProcess.js:160:10564)
	at h.terminate (/nix/store/3j0nsr6g8fc0kb20hxhvfnsh83bk0fg6-vscodium-1.91.1.24193/lib/vscode/resources/app/out/vs/workbench/api/node/extensionHostProcess.js:164:1908)
	at i (/nix/store/3j0nsr6g8fc0kb20hxhvfnsh83bk0fg6-vscodium-1.91.1.24193/lib/vscode/resources/app/out/vs/workbench/api/node/extensionHostProcess.js:177:12354)
	at MessagePortMain.<anonymous> (/nix/store/3j0nsr6g8fc0kb20hxhvfnsh83bk0fg6-vscodium-1.91.1.24193/lib/vscode/resources/app/out/vs/workbench/api/node/extensionHostProcess.js:177:8164)
	at MessagePortMain.emit (node:events:514:28)
	at MessagePortMain._internalPort.emit (node:electron/js2c/utility_init:2:2285) setContext undefined
2024-08-23 02:29:20.216 [error] Canceled: Canceled
	at new T (/nix/store/3j0nsr6g8fc0kb20hxhvfnsh83bk0fg6-vscodium-1.91.1.24193/lib/vscode/resources/app/out/vs/workbench/api/node/extensionHostProcess.js:144:39096)
	at y._remoteCall (/nix/store/3j0nsr6g8fc0kb20hxhvfnsh83bk0fg6-vscodium-1.91.1.24193/lib/vscode/resources/app/out/vs/workbench/api/node/extensionHostProcess.js:151:8166)
	at U.<computed>.F.charCodeAt.R.CharCode.DollarSign.U.<computed> (/nix/store/3j0nsr6g8fc0kb20hxhvfnsh83bk0fg6-vscodium-1.91.1.24193/lib/vscode/resources/app/out/vs/workbench/api/node/extensionHostProcess.js:151:4351)
	at f._doExecuteCommand (/nix/store/3j0nsr6g8fc0kb20hxhvfnsh83bk0fg6-vscodium-1.91.1.24193/lib/vscode/resources/app/out/vs/workbench/api/node/extensionHostProcess.js:154:241286)
	at f.executeCommand (/nix/store/3j0nsr6g8fc0kb20hxhvfnsh83bk0fg6-vscodium-1.91.1.24193/lib/vscode/resources/app/out/vs/workbench/api/node/extensionHostProcess.js:154:240611)
	at k.registerCommand.description (/nix/store/3j0nsr6g8fc0kb20hxhvfnsh83bk0fg6-vscodium-1.91.1.24193/lib/vscode/resources/app/out/vs/workbench/api/node/extensionHostProcess.js:154:239855)
	at f._executeContributedCommand (/nix/store/3j0nsr6g8fc0kb20hxhvfnsh83bk0fg6-vscodium-1.91.1.24193/lib/vscode/resources/app/out/vs/workbench/api/node/extensionHostProcess.js:154:241924)
	at f._doExecuteCommand (/nix/store/3j0nsr6g8fc0kb20hxhvfnsh83bk0fg6-vscodium-1.91.1.24193/lib/vscode/resources/app/out/vs/workbench/api/node/extensionHostProcess.js:154:240744)
	at f.executeCommand (/nix/store/3j0nsr6g8fc0kb20hxhvfnsh83bk0fg6-vscodium-1.91.1.24193/lib/vscode/resources/app/out/vs/workbench/api/node/extensionHostProcess.js:154:240611)
	at Object.executeCommand (/nix/store/3j0nsr6g8fc0kb20hxhvfnsh83bk0fg6-vscodium-1.91.1.24193/lib/vscode/resources/app/out/vs/workbench/api/node/extensionHostProcess.js:164:29715)
	at T.reset (/home/ser/.vscode-oss/extensions/asvetliakov.vscode-neovim-1.18.8-universal/dist/extension.js:2:187723)
	at l.<anonymous> (/home/ser/.vscode-oss/extensions/asvetliakov.vscode-neovim-1.18.8-universal/dist/extension.js:2:406042)
	at l.dispose (/nix/store/3j0nsr6g8fc0kb20hxhvfnsh83bk0fg6-vscodium-1.91.1.24193/lib/vscode/resources/app/out/vs/workbench/api/node/extensionHostProcess.js:152:6342)
	at h (/nix/store/3j0nsr6g8fc0kb20hxhvfnsh83bk0fg6-vscodium-1.91.1.24193/lib/vscode/resources/app/out/vs/workbench/api/node/extensionHostProcess.js:30:758)
	at m._deactivate (/nix/store/3j0nsr6g8fc0kb20hxhvfnsh83bk0fg6-vscodium-1.91.1.24193/lib/vscode/resources/app/out/vs/workbench/api/node/extensionHostProcess.js:160:13048)
	at /nix/store/3j0nsr6g8fc0kb20hxhvfnsh83bk0fg6-vscodium-1.91.1.24193/lib/vscode/resources/app/out/vs/workbench/api/node/extensionHostProcess.js:160:10194
	at Array.map (<anonymous>)
	at m._deactivateAll (/nix/store/3j0nsr6g8fc0kb20hxhvfnsh83bk0fg6-vscodium-1.91.1.24193/lib/vscode/resources/app/out/vs/workbench/api/node/extensionHostProcess.js:160:10181)
	at m.terminate (/nix/store/3j0nsr6g8fc0kb20hxhvfnsh83bk0fg6-vscodium-1.91.1.24193/lib/vscode/resources/app/out/vs/workbench/api/node/extensionHostProcess.js:160:10564)
	at h.terminate (/nix/store/3j0nsr6g8fc0kb20hxhvfnsh83bk0fg6-vscodium-1.91.1.24193/lib/vscode/resources/app/out/vs/workbench/api/node/extensionHostProcess.js:164:1908)
	at i (/nix/store/3j0nsr6g8fc0kb20hxhvfnsh83bk0fg6-vscodium-1.91.1.24193/lib/vscode/resources/app/out/vs/workbench/api/node/extensionHostProcess.js:177:12354)
	at MessagePortMain.<anonymous> (/nix/store/3j0nsr6g8fc0kb20hxhvfnsh83bk0fg6-vscodium-1.91.1.24193/lib/vscode/resources/app/out/vs/workbench/api/node/extensionHostProcess.js:177:8164)
	at MessagePortMain.emit (node:events:514:28)
	at MessagePortMain._internalPort.emit (node:electron/js2c/utility_init:2:2285) setContext undefined
2024-08-23 02:29:20.216 [error] Canceled: Canceled
	at new T (/nix/store/3j0nsr6g8fc0kb20hxhvfnsh83bk0fg6-vscodium-1.91.1.24193/lib/vscode/resources/app/out/vs/workbench/api/node/extensionHostProcess.js:144:39096)
	at y._remoteCall (/nix/store/3j0nsr6g8fc0kb20hxhvfnsh83bk0fg6-vscodium-1.91.1.24193/lib/vscode/resources/app/out/vs/workbench/api/node/extensionHostProcess.js:151:8166)
	at U.<computed>.F.charCodeAt.R.CharCode.DollarSign.U.<computed> (/nix/store/3j0nsr6g8fc0kb20hxhvfnsh83bk0fg6-vscodium-1.91.1.24193/lib/vscode/resources/app/out/vs/workbench/api/node/extensionHostProcess.js:151:4351)
	at f._doExecuteCommand (/nix/store/3j0nsr6g8fc0kb20hxhvfnsh83bk0fg6-vscodium-1.91.1.24193/lib/vscode/resources/app/out/vs/workbench/api/node/extensionHostProcess.js:154:241286)
	at f.executeCommand (/nix/store/3j0nsr6g8fc0kb20hxhvfnsh83bk0fg6-vscodium-1.91.1.24193/lib/vscode/resources/app/out/vs/workbench/api/node/extensionHostProcess.js:154:240611)
	at k.registerCommand.description (/nix/store/3j0nsr6g8fc0kb20hxhvfnsh83bk0fg6-vscodium-1.91.1.24193/lib/vscode/resources/app/out/vs/workbench/api/node/extensionHostProcess.js:154:239855)
	at f._executeContributedCommand (/nix/store/3j0nsr6g8fc0kb20hxhvfnsh83bk0fg6-vscodium-1.91.1.24193/lib/vscode/resources/app/out/vs/workbench/api/node/extensionHostProcess.js:154:241924)
	at f._doExecuteCommand (/nix/store/3j0nsr6g8fc0kb20hxhvfnsh83bk0fg6-vscodium-1.91.1.24193/lib/vscode/resources/app/out/vs/workbench/api/node/extensionHostProcess.js:154:240744)
	at f.executeCommand (/nix/store/3j0nsr6g8fc0kb20hxhvfnsh83bk0fg6-vscodium-1.91.1.24193/lib/vscode/resources/app/out/vs/workbench/api/node/extensionHostProcess.js:154:240611)
	at Object.executeCommand (/nix/store/3j0nsr6g8fc0kb20hxhvfnsh83bk0fg6-vscodium-1.91.1.24193/lib/vscode/resources/app/out/vs/workbench/api/node/extensionHostProcess.js:164:29715)
	at T.reset (/home/ser/.vscode-oss/extensions/asvetliakov.vscode-neovim-1.18.8-universal/dist/extension.js:2:187723)
	at l.<anonymous> (/home/ser/.vscode-oss/extensions/asvetliakov.vscode-neovim-1.18.8-universal/dist/extension.js:2:406042)
	at l.dispose (/nix/store/3j0nsr6g8fc0kb20hxhvfnsh83bk0fg6-vscodium-1.91.1.24193/lib/vscode/resources/app/out/vs/workbench/api/node/extensionHostProcess.js:152:6342)
	at h (/nix/store/3j0nsr6g8fc0kb20hxhvfnsh83bk0fg6-vscodium-1.91.1.24193/lib/vscode/resources/app/out/vs/workbench/api/node/extensionHostProcess.js:30:758)
	at m._deactivate (/nix/store/3j0nsr6g8fc0kb20hxhvfnsh83bk0fg6-vscodium-1.91.1.24193/lib/vscode/resources/app/out/vs/workbench/api/node/extensionHostProcess.js:160:13048)
	at /nix/store/3j0nsr6g8fc0kb20hxhvfnsh83bk0fg6-vscodium-1.91.1.24193/lib/vscode/resources/app/out/vs/workbench/api/node/extensionHostProcess.js:160:10194
	at Array.map (<anonymous>)
	at m._deactivateAll (/nix/store/3j0nsr6g8fc0kb20hxhvfnsh83bk0fg6-vscodium-1.91.1.24193/lib/vscode/resources/app/out/vs/workbench/api/node/extensionHostProcess.js:160:10181)
	at m.terminate (/nix/store/3j0nsr6g8fc0kb20hxhvfnsh83bk0fg6-vscodium-1.91.1.24193/lib/vscode/resources/app/out/vs/workbench/api/node/extensionHostProcess.js:160:10564)
	at h.terminate (/nix/store/3j0nsr6g8fc0kb20hxhvfnsh83bk0fg6-vscodium-1.91.1.24193/lib/vscode/resources/app/out/vs/workbench/api/node/extensionHostProcess.js:164:1908)
	at i (/nix/store/3j0nsr6g8fc0kb20hxhvfnsh83bk0fg6-vscodium-1.91.1.24193/lib/vscode/resources/app/out/vs/workbench/api/node/extensionHostProcess.js:177:12354)
	at MessagePortMain.<anonymous> (/nix/store/3j0nsr6g8fc0kb20hxhvfnsh83bk0fg6-vscodium-1.91.1.24193/lib/vscode/resources/app/out/vs/workbench/api/node/extensionHostProcess.js:177:8164)
	at MessagePortMain.emit (node:events:514:28)
	at MessagePortMain._internalPort.emit (node:electron/js2c/utility_init:2:2285) setContext undefined
2024-08-23 02:29:20.217 [error] Canceled: Canceled
	at new T (/nix/store/3j0nsr6g8fc0kb20hxhvfnsh83bk0fg6-vscodium-1.91.1.24193/lib/vscode/resources/app/out/vs/workbench/api/node/extensionHostProcess.js:144:39096)
	at y._remoteCall (/nix/store/3j0nsr6g8fc0kb20hxhvfnsh83bk0fg6-vscodium-1.91.1.24193/lib/vscode/resources/app/out/vs/workbench/api/node/extensionHostProcess.js:151:8166)
	at U.<computed>.F.charCodeAt.R.CharCode.DollarSign.U.<computed> (/nix/store/3j0nsr6g8fc0kb20hxhvfnsh83bk0fg6-vscodium-1.91.1.24193/lib/vscode/resources/app/out/vs/workbench/api/node/extensionHostProcess.js:151:4351)
	at f._doExecuteCommand (/nix/store/3j0nsr6g8fc0kb20hxhvfnsh83bk0fg6-vscodium-1.91.1.24193/lib/vscode/resources/app/out/vs/workbench/api/node/extensionHostProcess.js:154:241286)
	at f.executeCommand (/nix/store/3j0nsr6g8fc0kb20hxhvfnsh83bk0fg6-vscodium-1.91.1.24193/lib/vscode/resources/app/out/vs/workbench/api/node/extensionHostProcess.js:154:240611)
	at k.registerCommand.description (/nix/store/3j0nsr6g8fc0kb20hxhvfnsh83bk0fg6-vscodium-1.91.1.24193/lib/vscode/resources/app/out/vs/workbench/api/node/extensionHostProcess.js:154:239855)
	at f._executeContributedCommand (/nix/store/3j0nsr6g8fc0kb20hxhvfnsh83bk0fg6-vscodium-1.91.1.24193/lib/vscode/resources/app/out/vs/workbench/api/node/extensionHostProcess.js:154:241924)
	at f._doExecuteCommand (/nix/store/3j0nsr6g8fc0kb20hxhvfnsh83bk0fg6-vscodium-1.91.1.24193/lib/vscode/resources/app/out/vs/workbench/api/node/extensionHostProcess.js:154:240744)
	at f.executeCommand (/nix/store/3j0nsr6g8fc0kb20hxhvfnsh83bk0fg6-vscodium-1.91.1.24193/lib/vscode/resources/app/out/vs/workbench/api/node/extensionHostProcess.js:154:240611)
	at Object.executeCommand (/nix/store/3j0nsr6g8fc0kb20hxhvfnsh83bk0fg6-vscodium-1.91.1.24193/lib/vscode/resources/app/out/vs/workbench/api/node/extensionHostProcess.js:164:29715)
	at T.reset (/home/ser/.vscode-oss/extensions/asvetliakov.vscode-neovim-1.18.8-universal/dist/extension.js:2:187723)
	at l.<anonymous> (/home/ser/.vscode-oss/extensions/asvetliakov.vscode-neovim-1.18.8-universal/dist/extension.js:2:406042)
	at l.dispose (/nix/store/3j0nsr6g8fc0kb20hxhvfnsh83bk0fg6-vscodium-1.91.1.24193/lib/vscode/resources/app/out/vs/workbench/api/node/extensionHostProcess.js:152:6342)
	at h (/nix/store/3j0nsr6g8fc0kb20hxhvfnsh83bk0fg6-vscodium-1.91.1.24193/lib/vscode/resources/app/out/vs/workbench/api/node/extensionHostProcess.js:30:758)
	at m._deactivate (/nix/store/3j0nsr6g8fc0kb20hxhvfnsh83bk0fg6-vscodium-1.91.1.24193/lib/vscode/resources/app/out/vs/workbench/api/node/extensionHostProcess.js:160:13048)
	at /nix/store/3j0nsr6g8fc0kb20hxhvfnsh83bk0fg6-vscodium-1.91.1.24193/lib/vscode/resources/app/out/vs/workbench/api/node/extensionHostProcess.js:160:10194
	at Array.map (<anonymous>)
	at m._deactivateAll (/nix/store/3j0nsr6g8fc0kb20hxhvfnsh83bk0fg6-vscodium-1.91.1.24193/lib/vscode/resources/app/out/vs/workbench/api/node/extensionHostProcess.js:160:10181)
	at m.terminate (/nix/store/3j0nsr6g8fc0kb20hxhvfnsh83bk0fg6-vscodium-1.91.1.24193/lib/vscode/resources/app/out/vs/workbench/api/node/extensionHostProcess.js:160:10564)
	at h.terminate (/nix/store/3j0nsr6g8fc0kb20hxhvfnsh83bk0fg6-vscodium-1.91.1.24193/lib/vscode/resources/app/out/vs/workbench/api/node/extensionHostProcess.js:164:1908)
	at i (/nix/store/3j0nsr6g8fc0kb20hxhvfnsh83bk0fg6-vscodium-1.91.1.24193/lib/vscode/resources/app/out/vs/workbench/api/node/extensionHostProcess.js:177:12354)
	at MessagePortMain.<anonymous> (/nix/store/3j0nsr6g8fc0kb20hxhvfnsh83bk0fg6-vscodium-1.91.1.24193/lib/vscode/resources/app/out/vs/workbench/api/node/extensionHostProcess.js:177:8164)
	at MessagePortMain.emit (node:events:514:28)
	at MessagePortMain._internalPort.emit (node:electron/js2c/utility_init:2:2285) setContext undefined
2024-08-23 02:29:20.217 [error] Canceled: Canceled
	at new T (/nix/store/3j0nsr6g8fc0kb20hxhvfnsh83bk0fg6-vscodium-1.91.1.24193/lib/vscode/resources/app/out/vs/workbench/api/node/extensionHostProcess.js:144:39096)
	at y._remoteCall (/nix/store/3j0nsr6g8fc0kb20hxhvfnsh83bk0fg6-vscodium-1.91.1.24193/lib/vscode/resources/app/out/vs/workbench/api/node/extensionHostProcess.js:151:8166)
	at U.<computed>.F.charCodeAt.R.CharCode.DollarSign.U.<computed> (/nix/store/3j0nsr6g8fc0kb20hxhvfnsh83bk0fg6-vscodium-1.91.1.24193/lib/vscode/resources/app/out/vs/workbench/api/node/extensionHostProcess.js:151:4351)
	at f._doExecuteCommand (/nix/store/3j0nsr6g8fc0kb20hxhvfnsh83bk0fg6-vscodium-1.91.1.24193/lib/vscode/resources/app/out/vs/workbench/api/node/extensionHostProcess.js:154:241286)
	at f.executeCommand (/nix/store/3j0nsr6g8fc0kb20hxhvfnsh83bk0fg6-vscodium-1.91.1.24193/lib/vscode/resources/app/out/vs/workbench/api/node/extensionHostProcess.js:154:240611)
	at k.registerCommand.description (/nix/store/3j0nsr6g8fc0kb20hxhvfnsh83bk0fg6-vscodium-1.91.1.24193/lib/vscode/resources/app/out/vs/workbench/api/node/extensionHostProcess.js:154:239855)
	at f._executeContributedCommand (/nix/store/3j0nsr6g8fc0kb20hxhvfnsh83bk0fg6-vscodium-1.91.1.24193/lib/vscode/resources/app/out/vs/workbench/api/node/extensionHostProcess.js:154:241924)
	at f._doExecuteCommand (/nix/store/3j0nsr6g8fc0kb20hxhvfnsh83bk0fg6-vscodium-1.91.1.24193/lib/vscode/resources/app/out/vs/workbench/api/node/extensionHostProcess.js:154:240744)
	at f.executeCommand (/nix/store/3j0nsr6g8fc0kb20hxhvfnsh83bk0fg6-vscodium-1.91.1.24193/lib/vscode/resources/app/out/vs/workbench/api/node/extensionHostProcess.js:154:240611)
	at Object.executeCommand (/nix/store/3j0nsr6g8fc0kb20hxhvfnsh83bk0fg6-vscodium-1.91.1.24193/lib/vscode/resources/app/out/vs/workbench/api/node/extensionHostProcess.js:164:29715)
	at T.reset (/home/ser/.vscode-oss/extensions/asvetliakov.vscode-neovim-1.18.8-universal/dist/extension.js:2:187723)
	at l.<anonymous> (/home/ser/.vscode-oss/extensions/asvetliakov.vscode-neovim-1.18.8-universal/dist/extension.js:2:406042)
	at l.dispose (/nix/store/3j0nsr6g8fc0kb20hxhvfnsh83bk0fg6-vscodium-1.91.1.24193/lib/vscode/resources/app/out/vs/workbench/api/node/extensionHostProcess.js:152:6342)
	at h (/nix/store/3j0nsr6g8fc0kb20hxhvfnsh83bk0fg6-vscodium-1.91.1.24193/lib/vscode/resources/app/out/vs/workbench/api/node/extensionHostProcess.js:30:758)
	at m._deactivate (/nix/store/3j0nsr6g8fc0kb20hxhvfnsh83bk0fg6-vscodium-1.91.1.24193/lib/vscode/resources/app/out/vs/workbench/api/node/extensionHostProcess.js:160:13048)
	at /nix/store/3j0nsr6g8fc0kb20hxhvfnsh83bk0fg6-vscodium-1.91.1.24193/lib/vscode/resources/app/out/vs/workbench/api/node/extensionHostProcess.js:160:10194
	at Array.map (<anonymous>)
	at m._deactivateAll (/nix/store/3j0nsr6g8fc0kb20hxhvfnsh83bk0fg6-vscodium-1.91.1.24193/lib/vscode/resources/app/out/vs/workbench/api/node/extensionHostProcess.js:160:10181)
	at m.terminate (/nix/store/3j0nsr6g8fc0kb20hxhvfnsh83bk0fg6-vscodium-1.91.1.24193/lib/vscode/resources/app/out/vs/workbench/api/node/extensionHostProcess.js:160:10564)
	at h.terminate (/nix/store/3j0nsr6g8fc0kb20hxhvfnsh83bk0fg6-vscodium-1.91.1.24193/lib/vscode/resources/app/out/vs/workbench/api/node/extensionHostProcess.js:164:1908)
	at i (/nix/store/3j0nsr6g8fc0kb20hxhvfnsh83bk0fg6-vscodium-1.91.1.24193/lib/vscode/resources/app/out/vs/workbench/api/node/extensionHostProcess.js:177:12354)
	at MessagePortMain.<anonymous> (/nix/store/3j0nsr6g8fc0kb20hxhvfnsh83bk0fg6-vscodium-1.91.1.24193/lib/vscode/resources/app/out/vs/workbench/api/node/extensionHostProcess.js:177:8164)
	at MessagePortMain.emit (node:events:514:28)
	at MessagePortMain._internalPort.emit (node:electron/js2c/utility_init:2:2285) setContext undefined
2024-08-23 02:29:20.217 [error] Canceled: Canceled
	at new T (/nix/store/3j0nsr6g8fc0kb20hxhvfnsh83bk0fg6-vscodium-1.91.1.24193/lib/vscode/resources/app/out/vs/workbench/api/node/extensionHostProcess.js:144:39096)
	at y._remoteCall (/nix/store/3j0nsr6g8fc0kb20hxhvfnsh83bk0fg6-vscodium-1.91.1.24193/lib/vscode/resources/app/out/vs/workbench/api/node/extensionHostProcess.js:151:8166)
	at U.<computed>.F.charCodeAt.R.CharCode.DollarSign.U.<computed> (/nix/store/3j0nsr6g8fc0kb20hxhvfnsh83bk0fg6-vscodium-1.91.1.24193/lib/vscode/resources/app/out/vs/workbench/api/node/extensionHostProcess.js:151:4351)
	at f._doExecuteCommand (/nix/store/3j0nsr6g8fc0kb20hxhvfnsh83bk0fg6-vscodium-1.91.1.24193/lib/vscode/resources/app/out/vs/workbench/api/node/extensionHostProcess.js:154:241286)
	at f.executeCommand (/nix/store/3j0nsr6g8fc0kb20hxhvfnsh83bk0fg6-vscodium-1.91.1.24193/lib/vscode/resources/app/out/vs/workbench/api/node/extensionHostProcess.js:154:240611)
	at k.registerCommand.description (/nix/store/3j0nsr6g8fc0kb20hxhvfnsh83bk0fg6-vscodium-1.91.1.24193/lib/vscode/resources/app/out/vs/workbench/api/node/extensionHostProcess.js:154:239855)
	at f._executeContributedCommand (/nix/store/3j0nsr6g8fc0kb20hxhvfnsh83bk0fg6-vscodium-1.91.1.24193/lib/vscode/resources/app/out/vs/workbench/api/node/extensionHostProcess.js:154:241924)
	at f._doExecuteCommand (/nix/store/3j0nsr6g8fc0kb20hxhvfnsh83bk0fg6-vscodium-1.91.1.24193/lib/vscode/resources/app/out/vs/workbench/api/node/extensionHostProcess.js:154:240744)
	at f.executeCommand (/nix/store/3j0nsr6g8fc0kb20hxhvfnsh83bk0fg6-vscodium-1.91.1.24193/lib/vscode/resources/app/out/vs/workbench/api/node/extensionHostProcess.js:154:240611)
	at Object.executeCommand (/nix/store/3j0nsr6g8fc0kb20hxhvfnsh83bk0fg6-vscodium-1.91.1.24193/lib/vscode/resources/app/out/vs/workbench/api/node/extensionHostProcess.js:164:29715)
	at T.reset (/home/ser/.vscode-oss/extensions/asvetliakov.vscode-neovim-1.18.8-universal/dist/extension.js:2:187723)
	at l.<anonymous> (/home/ser/.vscode-oss/extensions/asvetliakov.vscode-neovim-1.18.8-universal/dist/extension.js:2:406042)
	at l.dispose (/nix/store/3j0nsr6g8fc0kb20hxhvfnsh83bk0fg6-vscodium-1.91.1.24193/lib/vscode/resources/app/out/vs/workbench/api/node/extensionHostProcess.js:152:6342)
	at h (/nix/store/3j0nsr6g8fc0kb20hxhvfnsh83bk0fg6-vscodium-1.91.1.24193/lib/vscode/resources/app/out/vs/workbench/api/node/extensionHostProcess.js:30:758)
	at m._deactivate (/nix/store/3j0nsr6g8fc0kb20hxhvfnsh83bk0fg6-vscodium-1.91.1.24193/lib/vscode/resources/app/out/vs/workbench/api/node/extensionHostProcess.js:160:13048)
	at /nix/store/3j0nsr6g8fc0kb20hxhvfnsh83bk0fg6-vscodium-1.91.1.24193/lib/vscode/resources/app/out/vs/workbench/api/node/extensionHostProcess.js:160:10194
	at Array.map (<anonymous>)
	at m._deactivateAll (/nix/store/3j0nsr6g8fc0kb20hxhvfnsh83bk0fg6-vscodium-1.91.1.24193/lib/vscode/resources/app/out/vs/workbench/api/node/extensionHostProcess.js:160:10181)
	at m.terminate (/nix/store/3j0nsr6g8fc0kb20hxhvfnsh83bk0fg6-vscodium-1.91.1.24193/lib/vscode/resources/app/out/vs/workbench/api/node/extensionHostProcess.js:160:10564)
	at h.terminate (/nix/store/3j0nsr6g8fc0kb20hxhvfnsh83bk0fg6-vscodium-1.91.1.24193/lib/vscode/resources/app/out/vs/workbench/api/node/extensionHostProcess.js:164:1908)
	at i (/nix/store/3j0nsr6g8fc0kb20hxhvfnsh83bk0fg6-vscodium-1.91.1.24193/lib/vscode/resources/app/out/vs/workbench/api/node/extensionHostProcess.js:177:12354)
	at MessagePortMain.<anonymous> (/nix/store/3j0nsr6g8fc0kb20hxhvfnsh83bk0fg6-vscodium-1.91.1.24193/lib/vscode/resources/app/out/vs/workbench/api/node/extensionHostProcess.js:177:8164)
	at MessagePortMain.emit (node:events:514:28)
	at MessagePortMain._internalPort.emit (node:electron/js2c/utility_init:2:2285) setContext undefined
2024-08-23 02:29:20.217 [error] Canceled: Canceled
	at new T (/nix/store/3j0nsr6g8fc0kb20hxhvfnsh83bk0fg6-vscodium-1.91.1.24193/lib/vscode/resources/app/out/vs/workbench/api/node/extensionHostProcess.js:144:39096)
	at y._remoteCall (/nix/store/3j0nsr6g8fc0kb20hxhvfnsh83bk0fg6-vscodium-1.91.1.24193/lib/vscode/resources/app/out/vs/workbench/api/node/extensionHostProcess.js:151:8166)
	at U.<computed>.F.charCodeAt.R.CharCode.DollarSign.U.<computed> (/nix/store/3j0nsr6g8fc0kb20hxhvfnsh83bk0fg6-vscodium-1.91.1.24193/lib/vscode/resources/app/out/vs/workbench/api/node/extensionHostProcess.js:151:4351)
	at f._doExecuteCommand (/nix/store/3j0nsr6g8fc0kb20hxhvfnsh83bk0fg6-vscodium-1.91.1.24193/lib/vscode/resources/app/out/vs/workbench/api/node/extensionHostProcess.js:154:241286)
	at f.executeCommand (/nix/store/3j0nsr6g8fc0kb20hxhvfnsh83bk0fg6-vscodium-1.91.1.24193/lib/vscode/resources/app/out/vs/workbench/api/node/extensionHostProcess.js:154:240611)
	at k.registerCommand.description (/nix/store/3j0nsr6g8fc0kb20hxhvfnsh83bk0fg6-vscodium-1.91.1.24193/lib/vscode/resources/app/out/vs/workbench/api/node/extensionHostProcess.js:154:239855)
	at f._executeContributedCommand (/nix/store/3j0nsr6g8fc0kb20hxhvfnsh83bk0fg6-vscodium-1.91.1.24193/lib/vscode/resources/app/out/vs/workbench/api/node/extensionHostProcess.js:154:241924)
	at f._doExecuteCommand (/nix/store/3j0nsr6g8fc0kb20hxhvfnsh83bk0fg6-vscodium-1.91.1.24193/lib/vscode/resources/app/out/vs/workbench/api/node/extensionHostProcess.js:154:240744)
	at f.executeCommand (/nix/store/3j0nsr6g8fc0kb20hxhvfnsh83bk0fg6-vscodium-1.91.1.24193/lib/vscode/resources/app/out/vs/workbench/api/node/extensionHostProcess.js:154:240611)
	at Object.executeCommand (/nix/store/3j0nsr6g8fc0kb20hxhvfnsh83bk0fg6-vscodium-1.91.1.24193/lib/vscode/resources/app/out/vs/workbench/api/node/extensionHostProcess.js:164:29715)
	at T.reset (/home/ser/.vscode-oss/extensions/asvetliakov.vscode-neovim-1.18.8-universal/dist/extension.js:2:187723)
	at l.<anonymous> (/home/ser/.vscode-oss/extensions/asvetliakov.vscode-neovim-1.18.8-universal/dist/extension.js:2:406042)
	at l.dispose (/nix/store/3j0nsr6g8fc0kb20hxhvfnsh83bk0fg6-vscodium-1.91.1.24193/lib/vscode/resources/app/out/vs/workbench/api/node/extensionHostProcess.js:152:6342)
	at h (/nix/store/3j0nsr6g8fc0kb20hxhvfnsh83bk0fg6-vscodium-1.91.1.24193/lib/vscode/resources/app/out/vs/workbench/api/node/extensionHostProcess.js:30:758)
	at m._deactivate (/nix/store/3j0nsr6g8fc0kb20hxhvfnsh83bk0fg6-vscodium-1.91.1.24193/lib/vscode/resources/app/out/vs/workbench/api/node/extensionHostProcess.js:160:13048)
	at /nix/store/3j0nsr6g8fc0kb20hxhvfnsh83bk0fg6-vscodium-1.91.1.24193/lib/vscode/resources/app/out/vs/workbench/api/node/extensionHostProcess.js:160:10194
	at Array.map (<anonymous>)
	at m._deactivateAll (/nix/store/3j0nsr6g8fc0kb20hxhvfnsh83bk0fg6-vscodium-1.91.1.24193/lib/vscode/resources/app/out/vs/workbench/api/node/extensionHostProcess.js:160:10181)
	at m.terminate (/nix/store/3j0nsr6g8fc0kb20hxhvfnsh83bk0fg6-vscodium-1.91.1.24193/lib/vscode/resources/app/out/vs/workbench/api/node/extensionHostProcess.js:160:10564)
	at h.terminate (/nix/store/3j0nsr6g8fc0kb20hxhvfnsh83bk0fg6-vscodium-1.91.1.24193/lib/vscode/resources/app/out/vs/workbench/api/node/extensionHostProcess.js:164:1908)
	at i (/nix/store/3j0nsr6g8fc0kb20hxhvfnsh83bk0fg6-vscodium-1.91.1.24193/lib/vscode/resources/app/out/vs/workbench/api/node/extensionHostProcess.js:177:12354)
	at MessagePortMain.<anonymous> (/nix/store/3j0nsr6g8fc0kb20hxhvfnsh83bk0fg6-vscodium-1.91.1.24193/lib/vscode/resources/app/out/vs/workbench/api/node/extensionHostProcess.js:177:8164)
	at MessagePortMain.emit (node:events:514:28)
	at MessagePortMain._internalPort.emit (node:electron/js2c/utility_init:2:2285) setContext undefined
2024-08-23 02:29:20.217 [error] Canceled: Canceled
	at new T (/nix/store/3j0nsr6g8fc0kb20hxhvfnsh83bk0fg6-vscodium-1.91.1.24193/lib/vscode/resources/app/out/vs/workbench/api/node/extensionHostProcess.js:144:39096)
	at y._remoteCall (/nix/store/3j0nsr6g8fc0kb20hxhvfnsh83bk0fg6-vscodium-1.91.1.24193/lib/vscode/resources/app/out/vs/workbench/api/node/extensionHostProcess.js:151:8166)
	at U.<computed>.F.charCodeAt.R.CharCode.DollarSign.U.<computed> (/nix/store/3j0nsr6g8fc0kb20hxhvfnsh83bk0fg6-vscodium-1.91.1.24193/lib/vscode/resources/app/out/vs/workbench/api/node/extensionHostProcess.js:151:4351)
	at f._doExecuteCommand (/nix/store/3j0nsr6g8fc0kb20hxhvfnsh83bk0fg6-vscodium-1.91.1.24193/lib/vscode/resources/app/out/vs/workbench/api/node/extensionHostProcess.js:154:241286)
	at f.executeCommand (/nix/store/3j0nsr6g8fc0kb20hxhvfnsh83bk0fg6-vscodium-1.91.1.24193/lib/vscode/resources/app/out/vs/workbench/api/node/extensionHostProcess.js:154:240611)
	at k.registerCommand.description (/nix/store/3j0nsr6g8fc0kb20hxhvfnsh83bk0fg6-vscodium-1.91.1.24193/lib/vscode/resources/app/out/vs/workbench/api/node/extensionHostProcess.js:154:239855)
	at f._executeContributedCommand (/nix/store/3j0nsr6g8fc0kb20hxhvfnsh83bk0fg6-vscodium-1.91.1.24193/lib/vscode/resources/app/out/vs/workbench/api/node/extensionHostProcess.js:154:241924)
	at f._doExecuteCommand (/nix/store/3j0nsr6g8fc0kb20hxhvfnsh83bk0fg6-vscodium-1.91.1.24193/lib/vscode/resources/app/out/vs/workbench/api/node/extensionHostProcess.js:154:240744)
	at f.executeCommand (/nix/store/3j0nsr6g8fc0kb20hxhvfnsh83bk0fg6-vscodium-1.91.1.24193/lib/vscode/resources/app/out/vs/workbench/api/node/extensionHostProcess.js:154:240611)
	at Object.executeCommand (/nix/store/3j0nsr6g8fc0kb20hxhvfnsh83bk0fg6-vscodium-1.91.1.24193/lib/vscode/resources/app/out/vs/workbench/api/node/extensionHostProcess.js:164:29715)
	at T.reset (/home/ser/.vscode-oss/extensions/asvetliakov.vscode-neovim-1.18.8-universal/dist/extension.js:2:187723)
	at l.<anonymous> (/home/ser/.vscode-oss/extensions/asvetliakov.vscode-neovim-1.18.8-universal/dist/extension.js:2:406042)
	at l.dispose (/nix/store/3j0nsr6g8fc0kb20hxhvfnsh83bk0fg6-vscodium-1.91.1.24193/lib/vscode/resources/app/out/vs/workbench/api/node/extensionHostProcess.js:152:6342)
	at h (/nix/store/3j0nsr6g8fc0kb20hxhvfnsh83bk0fg6-vscodium-1.91.1.24193/lib/vscode/resources/app/out/vs/workbench/api/node/extensionHostProcess.js:30:758)
	at m._deactivate (/nix/store/3j0nsr6g8fc0kb20hxhvfnsh83bk0fg6-vscodium-1.91.1.24193/lib/vscode/resources/app/out/vs/workbench/api/node/extensionHostProcess.js:160:13048)
	at /nix/store/3j0nsr6g8fc0kb20hxhvfnsh83bk0fg6-vscodium-1.91.1.24193/lib/vscode/resources/app/out/vs/workbench/api/node/extensionHostProcess.js:160:10194
	at Array.map (<anonymous>)
	at m._deactivateAll (/nix/store/3j0nsr6g8fc0kb20hxhvfnsh83bk0fg6-vscodium-1.91.1.24193/lib/vscode/resources/app/out/vs/workbench/api/node/extensionHostProcess.js:160:10181)
	at m.terminate (/nix/store/3j0nsr6g8fc0kb20hxhvfnsh83bk0fg6-vscodium-1.91.1.24193/lib/vscode/resources/app/out/vs/workbench/api/node/extensionHostProcess.js:160:10564)
	at h.terminate (/nix/store/3j0nsr6g8fc0kb20hxhvfnsh83bk0fg6-vscodium-1.91.1.24193/lib/vscode/resources/app/out/vs/workbench/api/node/extensionHostProcess.js:164:1908)
	at i (/nix/store/3j0nsr6g8fc0kb20hxhvfnsh83bk0fg6-vscodium-1.91.1.24193/lib/vscode/resources/app/out/vs/workbench/api/node/extensionHostProcess.js:177:12354)
	at MessagePortMain.<anonymous> (/nix/store/3j0nsr6g8fc0kb20hxhvfnsh83bk0fg6-vscodium-1.91.1.24193/lib/vscode/resources/app/out/vs/workbench/api/node/extensionHostProcess.js:177:8164)
	at MessagePortMain.emit (node:events:514:28)
	at MessagePortMain._internalPort.emit (node:electron/js2c/utility_init:2:2285) setContext undefined
2024-08-23 02:29:20.217 [error] Canceled: Canceled
	at new T (/nix/store/3j0nsr6g8fc0kb20hxhvfnsh83bk0fg6-vscodium-1.91.1.24193/lib/vscode/resources/app/out/vs/workbench/api/node/extensionHostProcess.js:144:39096)
	at y._remoteCall (/nix/store/3j0nsr6g8fc0kb20hxhvfnsh83bk0fg6-vscodium-1.91.1.24193/lib/vscode/resources/app/out/vs/workbench/api/node/extensionHostProcess.js:151:8166)
	at U.<computed>.F.charCodeAt.R.CharCode.DollarSign.U.<computed> (/nix/store/3j0nsr6g8fc0kb20hxhvfnsh83bk0fg6-vscodium-1.91.1.24193/lib/vscode/resources/app/out/vs/workbench/api/node/extensionHostProcess.js:151:4351)
	at f._doExecuteCommand (/nix/store/3j0nsr6g8fc0kb20hxhvfnsh83bk0fg6-vscodium-1.91.1.24193/lib/vscode/resources/app/out/vs/workbench/api/node/extensionHostProcess.js:154:241286)
	at f.executeCommand (/nix/store/3j0nsr6g8fc0kb20hxhvfnsh83bk0fg6-vscodium-1.91.1.24193/lib/vscode/resources/app/out/vs/workbench/api/node/extensionHostProcess.js:154:240611)
	at k.registerCommand.description (/nix/store/3j0nsr6g8fc0kb20hxhvfnsh83bk0fg6-vscodium-1.91.1.24193/lib/vscode/resources/app/out/vs/workbench/api/node/extensionHostProcess.js:154:239855)
	at f._executeContributedCommand (/nix/store/3j0nsr6g8fc0kb20hxhvfnsh83bk0fg6-vscodium-1.91.1.24193/lib/vscode/resources/app/out/vs/workbench/api/node/extensionHostProcess.js:154:241924)
	at f._doExecuteCommand (/nix/store/3j0nsr6g8fc0kb20hxhvfnsh83bk0fg6-vscodium-1.91.1.24193/lib/vscode/resources/app/out/vs/workbench/api/node/extensionHostProcess.js:154:240744)
	at f.executeCommand (/nix/store/3j0nsr6g8fc0kb20hxhvfnsh83bk0fg6-vscodium-1.91.1.24193/lib/vscode/resources/app/out/vs/workbench/api/node/extensionHostProcess.js:154:240611)
	at Object.executeCommand (/nix/store/3j0nsr6g8fc0kb20hxhvfnsh83bk0fg6-vscodium-1.91.1.24193/lib/vscode/resources/app/out/vs/workbench/api/node/extensionHostProcess.js:164:29715)
	at T.reset (/home/ser/.vscode-oss/extensions/asvetliakov.vscode-neovim-1.18.8-universal/dist/extension.js:2:187723)
	at l.<anonymous> (/home/ser/.vscode-oss/extensions/asvetliakov.vscode-neovim-1.18.8-universal/dist/extension.js:2:406042)
	at l.dispose (/nix/store/3j0nsr6g8fc0kb20hxhvfnsh83bk0fg6-vscodium-1.91.1.24193/lib/vscode/resources/app/out/vs/workbench/api/node/extensionHostProcess.js:152:6342)
	at h (/nix/store/3j0nsr6g8fc0kb20hxhvfnsh83bk0fg6-vscodium-1.91.1.24193/lib/vscode/resources/app/out/vs/workbench/api/node/extensionHostProcess.js:30:758)
	at m._deactivate (/nix/store/3j0nsr6g8fc0kb20hxhvfnsh83bk0fg6-vscodium-1.91.1.24193/lib/vscode/resources/app/out/vs/workbench/api/node/extensionHostProcess.js:160:13048)
	at /nix/store/3j0nsr6g8fc0kb20hxhvfnsh83bk0fg6-vscodium-1.91.1.24193/lib/vscode/resources/app/out/vs/workbench/api/node/extensionHostProcess.js:160:10194
	at Array.map (<anonymous>)
	at m._deactivateAll (/nix/store/3j0nsr6g8fc0kb20hxhvfnsh83bk0fg6-vscodium-1.91.1.24193/lib/vscode/resources/app/out/vs/workbench/api/node/extensionHostProcess.js:160:10181)
	at m.terminate (/nix/store/3j0nsr6g8fc0kb20hxhvfnsh83bk0fg6-vscodium-1.91.1.24193/lib/vscode/resources/app/out/vs/workbench/api/node/extensionHostProcess.js:160:10564)
	at h.terminate (/nix/store/3j0nsr6g8fc0kb20hxhvfnsh83bk0fg6-vscodium-1.91.1.24193/lib/vscode/resources/app/out/vs/workbench/api/node/extensionHostProcess.js:164:1908)
	at i (/nix/store/3j0nsr6g8fc0kb20hxhvfnsh83bk0fg6-vscodium-1.91.1.24193/lib/vscode/resources/app/out/vs/workbench/api/node/extensionHostProcess.js:177:12354)
	at MessagePortMain.<anonymous> (/nix/store/3j0nsr6g8fc0kb20hxhvfnsh83bk0fg6-vscodium-1.91.1.24193/lib/vscode/resources/app/out/vs/workbench/api/node/extensionHostProcess.js:177:8164)
	at MessagePortMain.emit (node:events:514:28)
	at MessagePortMain._internalPort.emit (node:electron/js2c/utility_init:2:2285) setContext undefined
2024-08-23 02:29:20.217 [error] Canceled: Canceled
	at new T (/nix/store/3j0nsr6g8fc0kb20hxhvfnsh83bk0fg6-vscodium-1.91.1.24193/lib/vscode/resources/app/out/vs/workbench/api/node/extensionHostProcess.js:144:39096)
	at y._remoteCall (/nix/store/3j0nsr6g8fc0kb20hxhvfnsh83bk0fg6-vscodium-1.91.1.24193/lib/vscode/resources/app/out/vs/workbench/api/node/extensionHostProcess.js:151:8166)
	at U.<computed>.F.charCodeAt.R.CharCode.DollarSign.U.<computed> (/nix/store/3j0nsr6g8fc0kb20hxhvfnsh83bk0fg6-vscodium-1.91.1.24193/lib/vscode/resources/app/out/vs/workbench/api/node/extensionHostProcess.js:151:4351)
	at f._doExecuteCommand (/nix/store/3j0nsr6g8fc0kb20hxhvfnsh83bk0fg6-vscodium-1.91.1.24193/lib/vscode/resources/app/out/vs/workbench/api/node/extensionHostProcess.js:154:241286)
	at f.executeCommand (/nix/store/3j0nsr6g8fc0kb20hxhvfnsh83bk0fg6-vscodium-1.91.1.24193/lib/vscode/resources/app/out/vs/workbench/api/node/extensionHostProcess.js:154:240611)
	at k.registerCommand.description (/nix/store/3j0nsr6g8fc0kb20hxhvfnsh83bk0fg6-vscodium-1.91.1.24193/lib/vscode/resources/app/out/vs/workbench/api/node/extensionHostProcess.js:154:239855)
	at f._executeContributedCommand (/nix/store/3j0nsr6g8fc0kb20hxhvfnsh83bk0fg6-vscodium-1.91.1.24193/lib/vscode/resources/app/out/vs/workbench/api/node/extensionHostProcess.js:154:241924)
	at f._doExecuteCommand (/nix/store/3j0nsr6g8fc0kb20hxhvfnsh83bk0fg6-vscodium-1.91.1.24193/lib/vscode/resources/app/out/vs/workbench/api/node/extensionHostProcess.js:154:240744)
	at f.executeCommand (/nix/store/3j0nsr6g8fc0kb20hxhvfnsh83bk0fg6-vscodium-1.91.1.24193/lib/vscode/resources/app/out/vs/workbench/api/node/extensionHostProcess.js:154:240611)
	at Object.executeCommand (/nix/store/3j0nsr6g8fc0kb20hxhvfnsh83bk0fg6-vscodium-1.91.1.24193/lib/vscode/resources/app/out/vs/workbench/api/node/extensionHostProcess.js:164:29715)
	at T.reset (/home/ser/.vscode-oss/extensions/asvetliakov.vscode-neovim-1.18.8-universal/dist/extension.js:2:187723)
	at l.<anonymous> (/home/ser/.vscode-oss/extensions/asvetliakov.vscode-neovim-1.18.8-universal/dist/extension.js:2:406042)
	at l.dispose (/nix/store/3j0nsr6g8fc0kb20hxhvfnsh83bk0fg6-vscodium-1.91.1.24193/lib/vscode/resources/app/out/vs/workbench/api/node/extensionHostProcess.js:152:6342)
	at h (/nix/store/3j0nsr6g8fc0kb20hxhvfnsh83bk0fg6-vscodium-1.91.1.24193/lib/vscode/resources/app/out/vs/workbench/api/node/extensionHostProcess.js:30:758)
	at m._deactivate (/nix/store/3j0nsr6g8fc0kb20hxhvfnsh83bk0fg6-vscodium-1.91.1.24193/lib/vscode/resources/app/out/vs/workbench/api/node/extensionHostProcess.js:160:13048)
	at /nix/store/3j0nsr6g8fc0kb20hxhvfnsh83bk0fg6-vscodium-1.91.1.24193/lib/vscode/resources/app/out/vs/workbench/api/node/extensionHostProcess.js:160:10194
	at Array.map (<anonymous>)
	at m._deactivateAll (/nix/store/3j0nsr6g8fc0kb20hxhvfnsh83bk0fg6-vscodium-1.91.1.24193/lib/vscode/resources/app/out/vs/workbench/api/node/extensionHostProcess.js:160:10181)
	at m.terminate (/nix/store/3j0nsr6g8fc0kb20hxhvfnsh83bk0fg6-vscodium-1.91.1.24193/lib/vscode/resources/app/out/vs/workbench/api/node/extensionHostProcess.js:160:10564)
	at h.terminate (/nix/store/3j0nsr6g8fc0kb20hxhvfnsh83bk0fg6-vscodium-1.91.1.24193/lib/vscode/resources/app/out/vs/workbench/api/node/extensionHostProcess.js:164:1908)
	at i (/nix/store/3j0nsr6g8fc0kb20hxhvfnsh83bk0fg6-vscodium-1.91.1.24193/lib/vscode/resources/app/out/vs/workbench/api/node/extensionHostProcess.js:177:12354)
	at MessagePortMain.<anonymous> (/nix/store/3j0nsr6g8fc0kb20hxhvfnsh83bk0fg6-vscodium-1.91.1.24193/lib/vscode/resources/app/out/vs/workbench/api/node/extensionHostProcess.js:177:8164)
	at MessagePortMain.emit (node:events:514:28)
	at MessagePortMain._internalPort.emit (node:electron/js2c/utility_init:2:2285) setContext undefined
2024-08-23 02:29:20.217 [error] Canceled: Canceled
	at new T (/nix/store/3j0nsr6g8fc0kb20hxhvfnsh83bk0fg6-vscodium-1.91.1.24193/lib/vscode/resources/app/out/vs/workbench/api/node/extensionHostProcess.js:144:39096)
	at y._remoteCall (/nix/store/3j0nsr6g8fc0kb20hxhvfnsh83bk0fg6-vscodium-1.91.1.24193/lib/vscode/resources/app/out/vs/workbench/api/node/extensionHostProcess.js:151:8166)
	at U.<computed>.F.charCodeAt.R.CharCode.DollarSign.U.<computed> (/nix/store/3j0nsr6g8fc0kb20hxhvfnsh83bk0fg6-vscodium-1.91.1.24193/lib/vscode/resources/app/out/vs/workbench/api/node/extensionHostProcess.js:151:4351)
	at f._doExecuteCommand (/nix/store/3j0nsr6g8fc0kb20hxhvfnsh83bk0fg6-vscodium-1.91.1.24193/lib/vscode/resources/app/out/vs/workbench/api/node/extensionHostProcess.js:154:241286)
	at f.executeCommand (/nix/store/3j0nsr6g8fc0kb20hxhvfnsh83bk0fg6-vscodium-1.91.1.24193/lib/vscode/resources/app/out/vs/workbench/api/node/extensionHostProcess.js:154:240611)
	at k.registerCommand.description (/nix/store/3j0nsr6g8fc0kb20hxhvfnsh83bk0fg6-vscodium-1.91.1.24193/lib/vscode/resources/app/out/vs/workbench/api/node/extensionHostProcess.js:154:239855)
	at f._executeContributedCommand (/nix/store/3j0nsr6g8fc0kb20hxhvfnsh83bk0fg6-vscodium-1.91.1.24193/lib/vscode/resources/app/out/vs/workbench/api/node/extensionHostProcess.js:154:241924)
	at f._doExecuteCommand (/nix/store/3j0nsr6g8fc0kb20hxhvfnsh83bk0fg6-vscodium-1.91.1.24193/lib/vscode/resources/app/out/vs/workbench/api/node/extensionHostProcess.js:154:240744)
	at f.executeCommand (/nix/store/3j0nsr6g8fc0kb20hxhvfnsh83bk0fg6-vscodium-1.91.1.24193/lib/vscode/resources/app/out/vs/workbench/api/node/extensionHostProcess.js:154:240611)
	at Object.executeCommand (/nix/store/3j0nsr6g8fc0kb20hxhvfnsh83bk0fg6-vscodium-1.91.1.24193/lib/vscode/resources/app/out/vs/workbench/api/node/extensionHostProcess.js:164:29715)
	at T.reset (/home/ser/.vscode-oss/extensions/asvetliakov.vscode-neovim-1.18.8-universal/dist/extension.js:2:187723)
	at l.<anonymous> (/home/ser/.vscode-oss/extensions/asvetliakov.vscode-neovim-1.18.8-universal/dist/extension.js:2:406042)
	at l.dispose (/nix/store/3j0nsr6g8fc0kb20hxhvfnsh83bk0fg6-vscodium-1.91.1.24193/lib/vscode/resources/app/out/vs/workbench/api/node/extensionHostProcess.js:152:6342)
	at h (/nix/store/3j0nsr6g8fc0kb20hxhvfnsh83bk0fg6-vscodium-1.91.1.24193/lib/vscode/resources/app/out/vs/workbench/api/node/extensionHostProcess.js:30:758)
	at m._deactivate (/nix/store/3j0nsr6g8fc0kb20hxhvfnsh83bk0fg6-vscodium-1.91.1.24193/lib/vscode/resources/app/out/vs/workbench/api/node/extensionHostProcess.js:160:13048)
	at /nix/store/3j0nsr6g8fc0kb20hxhvfnsh83bk0fg6-vscodium-1.91.1.24193/lib/vscode/resources/app/out/vs/workbench/api/node/extensionHostProcess.js:160:10194
	at Array.map (<anonymous>)
	at m._deactivateAll (/nix/store/3j0nsr6g8fc0kb20hxhvfnsh83bk0fg6-vscodium-1.91.1.24193/lib/vscode/resources/app/out/vs/workbench/api/node/extensionHostProcess.js:160:10181)
	at m.terminate (/nix/store/3j0nsr6g8fc0kb20hxhvfnsh83bk0fg6-vscodium-1.91.1.24193/lib/vscode/resources/app/out/vs/workbench/api/node/extensionHostProcess.js:160:10564)
	at h.terminate (/nix/store/3j0nsr6g8fc0kb20hxhvfnsh83bk0fg6-vscodium-1.91.1.24193/lib/vscode/resources/app/out/vs/workbench/api/node/extensionHostProcess.js:164:1908)
	at i (/nix/store/3j0nsr6g8fc0kb20hxhvfnsh83bk0fg6-vscodium-1.91.1.24193/lib/vscode/resources/app/out/vs/workbench/api/node/extensionHostProcess.js:177:12354)
	at MessagePortMain.<anonymous> (/nix/store/3j0nsr6g8fc0kb20hxhvfnsh83bk0fg6-vscodium-1.91.1.24193/lib/vscode/resources/app/out/vs/workbench/api/node/extensionHostProcess.js:177:8164)
	at MessagePortMain.emit (node:events:514:28)
	at MessagePortMain._internalPort.emit (node:electron/js2c/utility_init:2:2285) setContext undefined
2024-08-23 02:29:20.218 [error] Canceled: Canceled
	at new T (/nix/store/3j0nsr6g8fc0kb20hxhvfnsh83bk0fg6-vscodium-1.91.1.24193/lib/vscode/resources/app/out/vs/workbench/api/node/extensionHostProcess.js:144:39096)
	at y._remoteCall (/nix/store/3j0nsr6g8fc0kb20hxhvfnsh83bk0fg6-vscodium-1.91.1.24193/lib/vscode/resources/app/out/vs/workbench/api/node/extensionHostProcess.js:151:8166)
	at U.<computed>.F.charCodeAt.R.CharCode.DollarSign.U.<computed> (/nix/store/3j0nsr6g8fc0kb20hxhvfnsh83bk0fg6-vscodium-1.91.1.24193/lib/vscode/resources/app/out/vs/workbench/api/node/extensionHostProcess.js:151:4351)
	at f._doExecuteCommand (/nix/store/3j0nsr6g8fc0kb20hxhvfnsh83bk0fg6-vscodium-1.91.1.24193/lib/vscode/resources/app/out/vs/workbench/api/node/extensionHostProcess.js:154:241286)
	at f.executeCommand (/nix/store/3j0nsr6g8fc0kb20hxhvfnsh83bk0fg6-vscodium-1.91.1.24193/lib/vscode/resources/app/out/vs/workbench/api/node/extensionHostProcess.js:154:240611)
	at k.registerCommand.description (/nix/store/3j0nsr6g8fc0kb20hxhvfnsh83bk0fg6-vscodium-1.91.1.24193/lib/vscode/resources/app/out/vs/workbench/api/node/extensionHostProcess.js:154:239855)
	at f._executeContributedCommand (/nix/store/3j0nsr6g8fc0kb20hxhvfnsh83bk0fg6-vscodium-1.91.1.24193/lib/vscode/resources/app/out/vs/workbench/api/node/extensionHostProcess.js:154:241924)
	at f._doExecuteCommand (/nix/store/3j0nsr6g8fc0kb20hxhvfnsh83bk0fg6-vscodium-1.91.1.24193/lib/vscode/resources/app/out/vs/workbench/api/node/extensionHostProcess.js:154:240744)
	at f.executeCommand (/nix/store/3j0nsr6g8fc0kb20hxhvfnsh83bk0fg6-vscodium-1.91.1.24193/lib/vscode/resources/app/out/vs/workbench/api/node/extensionHostProcess.js:154:240611)
	at Object.executeCommand (/nix/store/3j0nsr6g8fc0kb20hxhvfnsh83bk0fg6-vscodium-1.91.1.24193/lib/vscode/resources/app/out/vs/workbench/api/node/extensionHostProcess.js:164:29715)
	at T.reset (/home/ser/.vscode-oss/extensions/asvetliakov.vscode-neovim-1.18.8-universal/dist/extension.js:2:187723)
	at l.<anonymous> (/home/ser/.vscode-oss/extensions/asvetliakov.vscode-neovim-1.18.8-universal/dist/extension.js:2:406042)
	at l.dispose (/nix/store/3j0nsr6g8fc0kb20hxhvfnsh83bk0fg6-vscodium-1.91.1.24193/lib/vscode/resources/app/out/vs/workbench/api/node/extensionHostProcess.js:152:6342)
	at h (/nix/store/3j0nsr6g8fc0kb20hxhvfnsh83bk0fg6-vscodium-1.91.1.24193/lib/vscode/resources/app/out/vs/workbench/api/node/extensionHostProcess.js:30:758)
	at m._deactivate (/nix/store/3j0nsr6g8fc0kb20hxhvfnsh83bk0fg6-vscodium-1.91.1.24193/lib/vscode/resources/app/out/vs/workbench/api/node/extensionHostProcess.js:160:13048)
	at /nix/store/3j0nsr6g8fc0kb20hxhvfnsh83bk0fg6-vscodium-1.91.1.24193/lib/vscode/resources/app/out/vs/workbench/api/node/extensionHostProcess.js:160:10194
	at Array.map (<anonymous>)
	at m._deactivateAll (/nix/store/3j0nsr6g8fc0kb20hxhvfnsh83bk0fg6-vscodium-1.91.1.24193/lib/vscode/resources/app/out/vs/workbench/api/node/extensionHostProcess.js:160:10181)
	at m.terminate (/nix/store/3j0nsr6g8fc0kb20hxhvfnsh83bk0fg6-vscodium-1.91.1.24193/lib/vscode/resources/app/out/vs/workbench/api/node/extensionHostProcess.js:160:10564)
	at h.terminate (/nix/store/3j0nsr6g8fc0kb20hxhvfnsh83bk0fg6-vscodium-1.91.1.24193/lib/vscode/resources/app/out/vs/workbench/api/node/extensionHostProcess.js:164:1908)
	at i (/nix/store/3j0nsr6g8fc0kb20hxhvfnsh83bk0fg6-vscodium-1.91.1.24193/lib/vscode/resources/app/out/vs/workbench/api/node/extensionHostProcess.js:177:12354)
	at MessagePortMain.<anonymous> (/nix/store/3j0nsr6g8fc0kb20hxhvfnsh83bk0fg6-vscodium-1.91.1.24193/lib/vscode/resources/app/out/vs/workbench/api/node/extensionHostProcess.js:177:8164)
	at MessagePortMain.emit (node:events:514:28)
	at MessagePortMain._internalPort.emit (node:electron/js2c/utility_init:2:2285) setContext undefined
2024-08-23 02:29:20.218 [error] Canceled: Canceled
	at new T (/nix/store/3j0nsr6g8fc0kb20hxhvfnsh83bk0fg6-vscodium-1.91.1.24193/lib/vscode/resources/app/out/vs/workbench/api/node/extensionHostProcess.js:144:39096)
	at y._remoteCall (/nix/store/3j0nsr6g8fc0kb20hxhvfnsh83bk0fg6-vscodium-1.91.1.24193/lib/vscode/resources/app/out/vs/workbench/api/node/extensionHostProcess.js:151:8166)
	at U.<computed>.F.charCodeAt.R.CharCode.DollarSign.U.<computed> (/nix/store/3j0nsr6g8fc0kb20hxhvfnsh83bk0fg6-vscodium-1.91.1.24193/lib/vscode/resources/app/out/vs/workbench/api/node/extensionHostProcess.js:151:4351)
	at f._doExecuteCommand (/nix/store/3j0nsr6g8fc0kb20hxhvfnsh83bk0fg6-vscodium-1.91.1.24193/lib/vscode/resources/app/out/vs/workbench/api/node/extensionHostProcess.js:154:241286)
	at f.executeCommand (/nix/store/3j0nsr6g8fc0kb20hxhvfnsh83bk0fg6-vscodium-1.91.1.24193/lib/vscode/resources/app/out/vs/workbench/api/node/extensionHostProcess.js:154:240611)
	at k.registerCommand.description (/nix/store/3j0nsr6g8fc0kb20hxhvfnsh83bk0fg6-vscodium-1.91.1.24193/lib/vscode/resources/app/out/vs/workbench/api/node/extensionHostProcess.js:154:239855)
	at f._executeContributedCommand (/nix/store/3j0nsr6g8fc0kb20hxhvfnsh83bk0fg6-vscodium-1.91.1.24193/lib/vscode/resources/app/out/vs/workbench/api/node/extensionHostProcess.js:154:241924)
	at f._doExecuteCommand (/nix/store/3j0nsr6g8fc0kb20hxhvfnsh83bk0fg6-vscodium-1.91.1.24193/lib/vscode/resources/app/out/vs/workbench/api/node/extensionHostProcess.js:154:240744)
	at f.executeCommand (/nix/store/3j0nsr6g8fc0kb20hxhvfnsh83bk0fg6-vscodium-1.91.1.24193/lib/vscode/resources/app/out/vs/workbench/api/node/extensionHostProcess.js:154:240611)
	at Object.executeCommand (/nix/store/3j0nsr6g8fc0kb20hxhvfnsh83bk0fg6-vscodium-1.91.1.24193/lib/vscode/resources/app/out/vs/workbench/api/node/extensionHostProcess.js:164:29715)
	at T.reset (/home/ser/.vscode-oss/extensions/asvetliakov.vscode-neovim-1.18.8-universal/dist/extension.js:2:187723)
	at l.<anonymous> (/home/ser/.vscode-oss/extensions/asvetliakov.vscode-neovim-1.18.8-universal/dist/extension.js:2:406042)
	at l.dispose (/nix/store/3j0nsr6g8fc0kb20hxhvfnsh83bk0fg6-vscodium-1.91.1.24193/lib/vscode/resources/app/out/vs/workbench/api/node/extensionHostProcess.js:152:6342)
	at h (/nix/store/3j0nsr6g8fc0kb20hxhvfnsh83bk0fg6-vscodium-1.91.1.24193/lib/vscode/resources/app/out/vs/workbench/api/node/extensionHostProcess.js:30:758)
	at m._deactivate (/nix/store/3j0nsr6g8fc0kb20hxhvfnsh83bk0fg6-vscodium-1.91.1.24193/lib/vscode/resources/app/out/vs/workbench/api/node/extensionHostProcess.js:160:13048)
	at /nix/store/3j0nsr6g8fc0kb20hxhvfnsh83bk0fg6-vscodium-1.91.1.24193/lib/vscode/resources/app/out/vs/workbench/api/node/extensionHostProcess.js:160:10194
	at Array.map (<anonymous>)
	at m._deactivateAll (/nix/store/3j0nsr6g8fc0kb20hxhvfnsh83bk0fg6-vscodium-1.91.1.24193/lib/vscode/resources/app/out/vs/workbench/api/node/extensionHostProcess.js:160:10181)
	at m.terminate (/nix/store/3j0nsr6g8fc0kb20hxhvfnsh83bk0fg6-vscodium-1.91.1.24193/lib/vscode/resources/app/out/vs/workbench/api/node/extensionHostProcess.js:160:10564)
	at h.terminate (/nix/store/3j0nsr6g8fc0kb20hxhvfnsh83bk0fg6-vscodium-1.91.1.24193/lib/vscode/resources/app/out/vs/workbench/api/node/extensionHostProcess.js:164:1908)
	at i (/nix/store/3j0nsr6g8fc0kb20hxhvfnsh83bk0fg6-vscodium-1.91.1.24193/lib/vscode/resources/app/out/vs/workbench/api/node/extensionHostProcess.js:177:12354)
	at MessagePortMain.<anonymous> (/nix/store/3j0nsr6g8fc0kb20hxhvfnsh83bk0fg6-vscodium-1.91.1.24193/lib/vscode/resources/app/out/vs/workbench/api/node/extensionHostProcess.js:177:8164)
	at MessagePortMain.emit (node:events:514:28)
	at MessagePortMain._internalPort.emit (node:electron/js2c/utility_init:2:2285) setContext undefined
2024-08-23 02:29:20.218 [error] Canceled: Canceled
	at new T (/nix/store/3j0nsr6g8fc0kb20hxhvfnsh83bk0fg6-vscodium-1.91.1.24193/lib/vscode/resources/app/out/vs/workbench/api/node/extensionHostProcess.js:144:39096)
	at y._remoteCall (/nix/store/3j0nsr6g8fc0kb20hxhvfnsh83bk0fg6-vscodium-1.91.1.24193/lib/vscode/resources/app/out/vs/workbench/api/node/extensionHostProcess.js:151:8166)
	at U.<computed>.F.charCodeAt.R.CharCode.DollarSign.U.<computed> (/nix/store/3j0nsr6g8fc0kb20hxhvfnsh83bk0fg6-vscodium-1.91.1.24193/lib/vscode/resources/app/out/vs/workbench/api/node/extensionHostProcess.js:151:4351)
	at f._doExecuteCommand (/nix/store/3j0nsr6g8fc0kb20hxhvfnsh83bk0fg6-vscodium-1.91.1.24193/lib/vscode/resources/app/out/vs/workbench/api/node/extensionHostProcess.js:154:241286)
	at f.executeCommand (/nix/store/3j0nsr6g8fc0kb20hxhvfnsh83bk0fg6-vscodium-1.91.1.24193/lib/vscode/resources/app/out/vs/workbench/api/node/extensionHostProcess.js:154:240611)
	at k.registerCommand.description (/nix/store/3j0nsr6g8fc0kb20hxhvfnsh83bk0fg6-vscodium-1.91.1.24193/lib/vscode/resources/app/out/vs/workbench/api/node/extensionHostProcess.js:154:239855)
	at f._executeContributedCommand (/nix/store/3j0nsr6g8fc0kb20hxhvfnsh83bk0fg6-vscodium-1.91.1.24193/lib/vscode/resources/app/out/vs/workbench/api/node/extensionHostProcess.js:154:241924)
	at f._doExecuteCommand (/nix/store/3j0nsr6g8fc0kb20hxhvfnsh83bk0fg6-vscodium-1.91.1.24193/lib/vscode/resources/app/out/vs/workbench/api/node/extensionHostProcess.js:154:240744)
	at f.executeCommand (/nix/store/3j0nsr6g8fc0kb20hxhvfnsh83bk0fg6-vscodium-1.91.1.24193/lib/vscode/resources/app/out/vs/workbench/api/node/extensionHostProcess.js:154:240611)
	at Object.executeCommand (/nix/store/3j0nsr6g8fc0kb20hxhvfnsh83bk0fg6-vscodium-1.91.1.24193/lib/vscode/resources/app/out/vs/workbench/api/node/extensionHostProcess.js:164:29715)
	at T.reset (/home/ser/.vscode-oss/extensions/asvetliakov.vscode-neovim-1.18.8-universal/dist/extension.js:2:187723)
	at l.<anonymous> (/home/ser/.vscode-oss/extensions/asvetliakov.vscode-neovim-1.18.8-universal/dist/extension.js:2:406042)
	at l.dispose (/nix/store/3j0nsr6g8fc0kb20hxhvfnsh83bk0fg6-vscodium-1.91.1.24193/lib/vscode/resources/app/out/vs/workbench/api/node/extensionHostProcess.js:152:6342)
	at h (/nix/store/3j0nsr6g8fc0kb20hxhvfnsh83bk0fg6-vscodium-1.91.1.24193/lib/vscode/resources/app/out/vs/workbench/api/node/extensionHostProcess.js:30:758)
	at m._deactivate (/nix/store/3j0nsr6g8fc0kb20hxhvfnsh83bk0fg6-vscodium-1.91.1.24193/lib/vscode/resources/app/out/vs/workbench/api/node/extensionHostProcess.js:160:13048)
	at /nix/store/3j0nsr6g8fc0kb20hxhvfnsh83bk0fg6-vscodium-1.91.1.24193/lib/vscode/resources/app/out/vs/workbench/api/node/extensionHostProcess.js:160:10194
	at Array.map (<anonymous>)
	at m._deactivateAll (/nix/store/3j0nsr6g8fc0kb20hxhvfnsh83bk0fg6-vscodium-1.91.1.24193/lib/vscode/resources/app/out/vs/workbench/api/node/extensionHostProcess.js:160:10181)
	at m.terminate (/nix/store/3j0nsr6g8fc0kb20hxhvfnsh83bk0fg6-vscodium-1.91.1.24193/lib/vscode/resources/app/out/vs/workbench/api/node/extensionHostProcess.js:160:10564)
	at h.terminate (/nix/store/3j0nsr6g8fc0kb20hxhvfnsh83bk0fg6-vscodium-1.91.1.24193/lib/vscode/resources/app/out/vs/workbench/api/node/extensionHostProcess.js:164:1908)
	at i (/nix/store/3j0nsr6g8fc0kb20hxhvfnsh83bk0fg6-vscodium-1.91.1.24193/lib/vscode/resources/app/out/vs/workbench/api/node/extensionHostProcess.js:177:12354)
	at MessagePortMain.<anonymous> (/nix/store/3j0nsr6g8fc0kb20hxhvfnsh83bk0fg6-vscodium-1.91.1.24193/lib/vscode/resources/app/out/vs/workbench/api/node/extensionHostProcess.js:177:8164)
	at MessagePortMain.emit (node:events:514:28)
	at MessagePortMain._internalPort.emit (node:electron/js2c/utility_init:2:2285) setContext undefined
2024-08-23 02:29:20.218 [error] Canceled: Canceled
	at new T (/nix/store/3j0nsr6g8fc0kb20hxhvfnsh83bk0fg6-vscodium-1.91.1.24193/lib/vscode/resources/app/out/vs/workbench/api/node/extensionHostProcess.js:144:39096)
	at y._remoteCall (/nix/store/3j0nsr6g8fc0kb20hxhvfnsh83bk0fg6-vscodium-1.91.1.24193/lib/vscode/resources/app/out/vs/workbench/api/node/extensionHostProcess.js:151:8166)
	at U.<computed>.F.charCodeAt.R.CharCode.DollarSign.U.<computed> (/nix/store/3j0nsr6g8fc0kb20hxhvfnsh83bk0fg6-vscodium-1.91.1.24193/lib/vscode/resources/app/out/vs/workbench/api/node/extensionHostProcess.js:151:4351)
	at f._doExecuteCommand (/nix/store/3j0nsr6g8fc0kb20hxhvfnsh83bk0fg6-vscodium-1.91.1.24193/lib/vscode/resources/app/out/vs/workbench/api/node/extensionHostProcess.js:154:241286)
	at f.executeCommand (/nix/store/3j0nsr6g8fc0kb20hxhvfnsh83bk0fg6-vscodium-1.91.1.24193/lib/vscode/resources/app/out/vs/workbench/api/node/extensionHostProcess.js:154:240611)
	at k.registerCommand.description (/nix/store/3j0nsr6g8fc0kb20hxhvfnsh83bk0fg6-vscodium-1.91.1.24193/lib/vscode/resources/app/out/vs/workbench/api/node/extensionHostProcess.js:154:239855)
	at f._executeContributedCommand (/nix/store/3j0nsr6g8fc0kb20hxhvfnsh83bk0fg6-vscodium-1.91.1.24193/lib/vscode/resources/app/out/vs/workbench/api/node/extensionHostProcess.js:154:241924)
	at f._doExecuteCommand (/nix/store/3j0nsr6g8fc0kb20hxhvfnsh83bk0fg6-vscodium-1.91.1.24193/lib/vscode/resources/app/out/vs/workbench/api/node/extensionHostProcess.js:154:240744)
	at f.executeCommand (/nix/store/3j0nsr6g8fc0kb20hxhvfnsh83bk0fg6-vscodium-1.91.1.24193/lib/vscode/resources/app/out/vs/workbench/api/node/extensionHostProcess.js:154:240611)
	at Object.executeCommand (/nix/store/3j0nsr6g8fc0kb20hxhvfnsh83bk0fg6-vscodium-1.91.1.24193/lib/vscode/resources/app/out/vs/workbench/api/node/extensionHostProcess.js:164:29715)
	at T.reset (/home/ser/.vscode-oss/extensions/asvetliakov.vscode-neovim-1.18.8-universal/dist/extension.js:2:187723)
	at l.<anonymous> (/home/ser/.vscode-oss/extensions/asvetliakov.vscode-neovim-1.18.8-universal/dist/extension.js:2:406042)
	at l.dispose (/nix/store/3j0nsr6g8fc0kb20hxhvfnsh83bk0fg6-vscodium-1.91.1.24193/lib/vscode/resources/app/out/vs/workbench/api/node/extensionHostProcess.js:152:6342)
	at h (/nix/store/3j0nsr6g8fc0kb20hxhvfnsh83bk0fg6-vscodium-1.91.1.24193/lib/vscode/resources/app/out/vs/workbench/api/node/extensionHostProcess.js:30:758)
	at m._deactivate (/nix/store/3j0nsr6g8fc0kb20hxhvfnsh83bk0fg6-vscodium-1.91.1.24193/lib/vscode/resources/app/out/vs/workbench/api/node/extensionHostProcess.js:160:13048)
	at /nix/store/3j0nsr6g8fc0kb20hxhvfnsh83bk0fg6-vscodium-1.91.1.24193/lib/vscode/resources/app/out/vs/workbench/api/node/extensionHostProcess.js:160:10194
	at Array.map (<anonymous>)
	at m._deactivateAll (/nix/store/3j0nsr6g8fc0kb20hxhvfnsh83bk0fg6-vscodium-1.91.1.24193/lib/vscode/resources/app/out/vs/workbench/api/node/extensionHostProcess.js:160:10181)
	at m.terminate (/nix/store/3j0nsr6g8fc0kb20hxhvfnsh83bk0fg6-vscodium-1.91.1.24193/lib/vscode/resources/app/out/vs/workbench/api/node/extensionHostProcess.js:160:10564)
	at h.terminate (/nix/store/3j0nsr6g8fc0kb20hxhvfnsh83bk0fg6-vscodium-1.91.1.24193/lib/vscode/resources/app/out/vs/workbench/api/node/extensionHostProcess.js:164:1908)
	at i (/nix/store/3j0nsr6g8fc0kb20hxhvfnsh83bk0fg6-vscodium-1.91.1.24193/lib/vscode/resources/app/out/vs/workbench/api/node/extensionHostProcess.js:177:12354)
	at MessagePortMain.<anonymous> (/nix/store/3j0nsr6g8fc0kb20hxhvfnsh83bk0fg6-vscodium-1.91.1.24193/lib/vscode/resources/app/out/vs/workbench/api/node/extensionHostProcess.js:177:8164)
	at MessagePortMain.emit (node:events:514:28)
	at MessagePortMain._internalPort.emit (node:electron/js2c/utility_init:2:2285) setContext undefined
2024-08-23 02:29:20.218 [error] Canceled: Canceled
	at new T (/nix/store/3j0nsr6g8fc0kb20hxhvfnsh83bk0fg6-vscodium-1.91.1.24193/lib/vscode/resources/app/out/vs/workbench/api/node/extensionHostProcess.js:144:39096)
	at y._remoteCall (/nix/store/3j0nsr6g8fc0kb20hxhvfnsh83bk0fg6-vscodium-1.91.1.24193/lib/vscode/resources/app/out/vs/workbench/api/node/extensionHostProcess.js:151:8166)
	at U.<computed>.F.charCodeAt.R.CharCode.DollarSign.U.<computed> (/nix/store/3j0nsr6g8fc0kb20hxhvfnsh83bk0fg6-vscodium-1.91.1.24193/lib/vscode/resources/app/out/vs/workbench/api/node/extensionHostProcess.js:151:4351)
	at f._doExecuteCommand (/nix/store/3j0nsr6g8fc0kb20hxhvfnsh83bk0fg6-vscodium-1.91.1.24193/lib/vscode/resources/app/out/vs/workbench/api/node/extensionHostProcess.js:154:241286)
	at f.executeCommand (/nix/store/3j0nsr6g8fc0kb20hxhvfnsh83bk0fg6-vscodium-1.91.1.24193/lib/vscode/resources/app/out/vs/workbench/api/node/extensionHostProcess.js:154:240611)
	at k.registerCommand.description (/nix/store/3j0nsr6g8fc0kb20hxhvfnsh83bk0fg6-vscodium-1.91.1.24193/lib/vscode/resources/app/out/vs/workbench/api/node/extensionHostProcess.js:154:239855)
	at f._executeContributedCommand (/nix/store/3j0nsr6g8fc0kb20hxhvfnsh83bk0fg6-vscodium-1.91.1.24193/lib/vscode/resources/app/out/vs/workbench/api/node/extensionHostProcess.js:154:241924)
	at f._doExecuteCommand (/nix/store/3j0nsr6g8fc0kb20hxhvfnsh83bk0fg6-vscodium-1.91.1.24193/lib/vscode/resources/app/out/vs/workbench/api/node/extensionHostProcess.js:154:240744)
	at f.executeCommand (/nix/store/3j0nsr6g8fc0kb20hxhvfnsh83bk0fg6-vscodium-1.91.1.24193/lib/vscode/resources/app/out/vs/workbench/api/node/extensionHostProcess.js:154:240611)
	at Object.executeCommand (/nix/store/3j0nsr6g8fc0kb20hxhvfnsh83bk0fg6-vscodium-1.91.1.24193/lib/vscode/resources/app/out/vs/workbench/api/node/extensionHostProcess.js:164:29715)
	at T.reset (/home/ser/.vscode-oss/extensions/asvetliakov.vscode-neovim-1.18.8-universal/dist/extension.js:2:187723)
	at l.<anonymous> (/home/ser/.vscode-oss/extensions/asvetliakov.vscode-neovim-1.18.8-universal/dist/extension.js:2:406042)
	at l.dispose (/nix/store/3j0nsr6g8fc0kb20hxhvfnsh83bk0fg6-vscodium-1.91.1.24193/lib/vscode/resources/app/out/vs/workbench/api/node/extensionHostProcess.js:152:6342)
	at h (/nix/store/3j0nsr6g8fc0kb20hxhvfnsh83bk0fg6-vscodium-1.91.1.24193/lib/vscode/resources/app/out/vs/workbench/api/node/extensionHostProcess.js:30:758)
	at m._deactivate (/nix/store/3j0nsr6g8fc0kb20hxhvfnsh83bk0fg6-vscodium-1.91.1.24193/lib/vscode/resources/app/out/vs/workbench/api/node/extensionHostProcess.js:160:13048)
	at /nix/store/3j0nsr6g8fc0kb20hxhvfnsh83bk0fg6-vscodium-1.91.1.24193/lib/vscode/resources/app/out/vs/workbench/api/node/extensionHostProcess.js:160:10194
	at Array.map (<anonymous>)
	at m._deactivateAll (/nix/store/3j0nsr6g8fc0kb20hxhvfnsh83bk0fg6-vscodium-1.91.1.24193/lib/vscode/resources/app/out/vs/workbench/api/node/extensionHostProcess.js:160:10181)
	at m.terminate (/nix/store/3j0nsr6g8fc0kb20hxhvfnsh83bk0fg6-vscodium-1.91.1.24193/lib/vscode/resources/app/out/vs/workbench/api/node/extensionHostProcess.js:160:10564)
	at h.terminate (/nix/store/3j0nsr6g8fc0kb20hxhvfnsh83bk0fg6-vscodium-1.91.1.24193/lib/vscode/resources/app/out/vs/workbench/api/node/extensionHostProcess.js:164:1908)
	at i (/nix/store/3j0nsr6g8fc0kb20hxhvfnsh83bk0fg6-vscodium-1.91.1.24193/lib/vscode/resources/app/out/vs/workbench/api/node/extensionHostProcess.js:177:12354)
	at MessagePortMain.<anonymous> (/nix/store/3j0nsr6g8fc0kb20hxhvfnsh83bk0fg6-vscodium-1.91.1.24193/lib/vscode/resources/app/out/vs/workbench/api/node/extensionHostProcess.js:177:8164)
	at MessagePortMain.emit (node:events:514:28)
	at MessagePortMain._internalPort.emit (node:electron/js2c/utility_init:2:2285) setContext undefined
2024-08-23 02:29:20.218 [error] Canceled: Canceled
	at new T (/nix/store/3j0nsr6g8fc0kb20hxhvfnsh83bk0fg6-vscodium-1.91.1.24193/lib/vscode/resources/app/out/vs/workbench/api/node/extensionHostProcess.js:144:39096)
	at y._remoteCall (/nix/store/3j0nsr6g8fc0kb20hxhvfnsh83bk0fg6-vscodium-1.91.1.24193/lib/vscode/resources/app/out/vs/workbench/api/node/extensionHostProcess.js:151:8166)
	at U.<computed>.F.charCodeAt.R.CharCode.DollarSign.U.<computed> (/nix/store/3j0nsr6g8fc0kb20hxhvfnsh83bk0fg6-vscodium-1.91.1.24193/lib/vscode/resources/app/out/vs/workbench/api/node/extensionHostProcess.js:151:4351)
	at f._doExecuteCommand (/nix/store/3j0nsr6g8fc0kb20hxhvfnsh83bk0fg6-vscodium-1.91.1.24193/lib/vscode/resources/app/out/vs/workbench/api/node/extensionHostProcess.js:154:241286)
	at f.executeCommand (/nix/store/3j0nsr6g8fc0kb20hxhvfnsh83bk0fg6-vscodium-1.91.1.24193/lib/vscode/resources/app/out/vs/workbench/api/node/extensionHostProcess.js:154:240611)
	at k.registerCommand.description (/nix/store/3j0nsr6g8fc0kb20hxhvfnsh83bk0fg6-vscodium-1.91.1.24193/lib/vscode/resources/app/out/vs/workbench/api/node/extensionHostProcess.js:154:239855)
	at f._executeContributedCommand (/nix/store/3j0nsr6g8fc0kb20hxhvfnsh83bk0fg6-vscodium-1.91.1.24193/lib/vscode/resources/app/out/vs/workbench/api/node/extensionHostProcess.js:154:241924)
	at f._doExecuteCommand (/nix/store/3j0nsr6g8fc0kb20hxhvfnsh83bk0fg6-vscodium-1.91.1.24193/lib/vscode/resources/app/out/vs/workbench/api/node/extensionHostProcess.js:154:240744)
	at f.executeCommand (/nix/store/3j0nsr6g8fc0kb20hxhvfnsh83bk0fg6-vscodium-1.91.1.24193/lib/vscode/resources/app/out/vs/workbench/api/node/extensionHostProcess.js:154:240611)
	at Object.executeCommand (/nix/store/3j0nsr6g8fc0kb20hxhvfnsh83bk0fg6-vscodium-1.91.1.24193/lib/vscode/resources/app/out/vs/workbench/api/node/extensionHostProcess.js:164:29715)
	at T.reset (/home/ser/.vscode-oss/extensions/asvetliakov.vscode-neovim-1.18.8-universal/dist/extension.js:2:187723)
	at l.<anonymous> (/home/ser/.vscode-oss/extensions/asvetliakov.vscode-neovim-1.18.8-universal/dist/extension.js:2:406042)
	at l.dispose (/nix/store/3j0nsr6g8fc0kb20hxhvfnsh83bk0fg6-vscodium-1.91.1.24193/lib/vscode/resources/app/out/vs/workbench/api/node/extensionHostProcess.js:152:6342)
	at h (/nix/store/3j0nsr6g8fc0kb20hxhvfnsh83bk0fg6-vscodium-1.91.1.24193/lib/vscode/resources/app/out/vs/workbench/api/node/extensionHostProcess.js:30:758)
	at m._deactivate (/nix/store/3j0nsr6g8fc0kb20hxhvfnsh83bk0fg6-vscodium-1.91.1.24193/lib/vscode/resources/app/out/vs/workbench/api/node/extensionHostProcess.js:160:13048)
	at /nix/store/3j0nsr6g8fc0kb20hxhvfnsh83bk0fg6-vscodium-1.91.1.24193/lib/vscode/resources/app/out/vs/workbench/api/node/extensionHostProcess.js:160:10194
	at Array.map (<anonymous>)
	at m._deactivateAll (/nix/store/3j0nsr6g8fc0kb20hxhvfnsh83bk0fg6-vscodium-1.91.1.24193/lib/vscode/resources/app/out/vs/workbench/api/node/extensionHostProcess.js:160:10181)
	at m.terminate (/nix/store/3j0nsr6g8fc0kb20hxhvfnsh83bk0fg6-vscodium-1.91.1.24193/lib/vscode/resources/app/out/vs/workbench/api/node/extensionHostProcess.js:160:10564)
	at h.terminate (/nix/store/3j0nsr6g8fc0kb20hxhvfnsh83bk0fg6-vscodium-1.91.1.24193/lib/vscode/resources/app/out/vs/workbench/api/node/extensionHostProcess.js:164:1908)
	at i (/nix/store/3j0nsr6g8fc0kb20hxhvfnsh83bk0fg6-vscodium-1.91.1.24193/lib/vscode/resources/app/out/vs/workbench/api/node/extensionHostProcess.js:177:12354)
	at MessagePortMain.<anonymous> (/nix/store/3j0nsr6g8fc0kb20hxhvfnsh83bk0fg6-vscodium-1.91.1.24193/lib/vscode/resources/app/out/vs/workbench/api/node/extensionHostProcess.js:177:8164)
	at MessagePortMain.emit (node:events:514:28)
	at MessagePortMain._internalPort.emit (node:electron/js2c/utility_init:2:2285) setContext undefined
2024-08-23 02:29:20.218 [error] Canceled: Canceled
	at new T (/nix/store/3j0nsr6g8fc0kb20hxhvfnsh83bk0fg6-vscodium-1.91.1.24193/lib/vscode/resources/app/out/vs/workbench/api/node/extensionHostProcess.js:144:39096)
	at y._remoteCall (/nix/store/3j0nsr6g8fc0kb20hxhvfnsh83bk0fg6-vscodium-1.91.1.24193/lib/vscode/resources/app/out/vs/workbench/api/node/extensionHostProcess.js:151:8166)
	at U.<computed>.F.charCodeAt.R.CharCode.DollarSign.U.<computed> (/nix/store/3j0nsr6g8fc0kb20hxhvfnsh83bk0fg6-vscodium-1.91.1.24193/lib/vscode/resources/app/out/vs/workbench/api/node/extensionHostProcess.js:151:4351)
	at f._doExecuteCommand (/nix/store/3j0nsr6g8fc0kb20hxhvfnsh83bk0fg6-vscodium-1.91.1.24193/lib/vscode/resources/app/out/vs/workbench/api/node/extensionHostProcess.js:154:241286)
	at f.executeCommand (/nix/store/3j0nsr6g8fc0kb20hxhvfnsh83bk0fg6-vscodium-1.91.1.24193/lib/vscode/resources/app/out/vs/workbench/api/node/extensionHostProcess.js:154:240611)
	at k.registerCommand.description (/nix/store/3j0nsr6g8fc0kb20hxhvfnsh83bk0fg6-vscodium-1.91.1.24193/lib/vscode/resources/app/out/vs/workbench/api/node/extensionHostProcess.js:154:239855)
	at f._executeContributedCommand (/nix/store/3j0nsr6g8fc0kb20hxhvfnsh83bk0fg6-vscodium-1.91.1.24193/lib/vscode/resources/app/out/vs/workbench/api/node/extensionHostProcess.js:154:241924)
	at f._doExecuteCommand (/nix/store/3j0nsr6g8fc0kb20hxhvfnsh83bk0fg6-vscodium-1.91.1.24193/lib/vscode/resources/app/out/vs/workbench/api/node/extensionHostProcess.js:154:240744)
	at f.executeCommand (/nix/store/3j0nsr6g8fc0kb20hxhvfnsh83bk0fg6-vscodium-1.91.1.24193/lib/vscode/resources/app/out/vs/workbench/api/node/extensionHostProcess.js:154:240611)
	at Object.executeCommand (/nix/store/3j0nsr6g8fc0kb20hxhvfnsh83bk0fg6-vscodium-1.91.1.24193/lib/vscode/resources/app/out/vs/workbench/api/node/extensionHostProcess.js:164:29715)
	at T.reset (/home/ser/.vscode-oss/extensions/asvetliakov.vscode-neovim-1.18.8-universal/dist/extension.js:2:187723)
	at l.<anonymous> (/home/ser/.vscode-oss/extensions/asvetliakov.vscode-neovim-1.18.8-universal/dist/extension.js:2:406042)
	at l.dispose (/nix/store/3j0nsr6g8fc0kb20hxhvfnsh83bk0fg6-vscodium-1.91.1.24193/lib/vscode/resources/app/out/vs/workbench/api/node/extensionHostProcess.js:152:6342)
	at h (/nix/store/3j0nsr6g8fc0kb20hxhvfnsh83bk0fg6-vscodium-1.91.1.24193/lib/vscode/resources/app/out/vs/workbench/api/node/extensionHostProcess.js:30:758)
	at m._deactivate (/nix/store/3j0nsr6g8fc0kb20hxhvfnsh83bk0fg6-vscodium-1.91.1.24193/lib/vscode/resources/app/out/vs/workbench/api/node/extensionHostProcess.js:160:13048)
	at /nix/store/3j0nsr6g8fc0kb20hxhvfnsh83bk0fg6-vscodium-1.91.1.24193/lib/vscode/resources/app/out/vs/workbench/api/node/extensionHostProcess.js:160:10194
	at Array.map (<anonymous>)
	at m._deactivateAll (/nix/store/3j0nsr6g8fc0kb20hxhvfnsh83bk0fg6-vscodium-1.91.1.24193/lib/vscode/resources/app/out/vs/workbench/api/node/extensionHostProcess.js:160:10181)
	at m.terminate (/nix/store/3j0nsr6g8fc0kb20hxhvfnsh83bk0fg6-vscodium-1.91.1.24193/lib/vscode/resources/app/out/vs/workbench/api/node/extensionHostProcess.js:160:10564)
	at h.terminate (/nix/store/3j0nsr6g8fc0kb20hxhvfnsh83bk0fg6-vscodium-1.91.1.24193/lib/vscode/resources/app/out/vs/workbench/api/node/extensionHostProcess.js:164:1908)
	at i (/nix/store/3j0nsr6g8fc0kb20hxhvfnsh83bk0fg6-vscodium-1.91.1.24193/lib/vscode/resources/app/out/vs/workbench/api/node/extensionHostProcess.js:177:12354)
	at MessagePortMain.<anonymous> (/nix/store/3j0nsr6g8fc0kb20hxhvfnsh83bk0fg6-vscodium-1.91.1.24193/lib/vscode/resources/app/out/vs/workbench/api/node/extensionHostProcess.js:177:8164)
	at MessagePortMain.emit (node:events:514:28)
	at MessagePortMain._internalPort.emit (node:electron/js2c/utility_init:2:2285) setContext undefined
2024-08-23 02:29:20.218 [error] Canceled: Canceled
	at new T (/nix/store/3j0nsr6g8fc0kb20hxhvfnsh83bk0fg6-vscodium-1.91.1.24193/lib/vscode/resources/app/out/vs/workbench/api/node/extensionHostProcess.js:144:39096)
	at y._remoteCall (/nix/store/3j0nsr6g8fc0kb20hxhvfnsh83bk0fg6-vscodium-1.91.1.24193/lib/vscode/resources/app/out/vs/workbench/api/node/extensionHostProcess.js:151:8166)
	at U.<computed>.F.charCodeAt.R.CharCode.DollarSign.U.<computed> (/nix/store/3j0nsr6g8fc0kb20hxhvfnsh83bk0fg6-vscodium-1.91.1.24193/lib/vscode/resources/app/out/vs/workbench/api/node/extensionHostProcess.js:151:4351)
	at f._doExecuteCommand (/nix/store/3j0nsr6g8fc0kb20hxhvfnsh83bk0fg6-vscodium-1.91.1.24193/lib/vscode/resources/app/out/vs/workbench/api/node/extensionHostProcess.js:154:241286)
	at f.executeCommand (/nix/store/3j0nsr6g8fc0kb20hxhvfnsh83bk0fg6-vscodium-1.91.1.24193/lib/vscode/resources/app/out/vs/workbench/api/node/extensionHostProcess.js:154:240611)
	at k.registerCommand.description (/nix/store/3j0nsr6g8fc0kb20hxhvfnsh83bk0fg6-vscodium-1.91.1.24193/lib/vscode/resources/app/out/vs/workbench/api/node/extensionHostProcess.js:154:239855)
	at f._executeContributedCommand (/nix/store/3j0nsr6g8fc0kb20hxhvfnsh83bk0fg6-vscodium-1.91.1.24193/lib/vscode/resources/app/out/vs/workbench/api/node/extensionHostProcess.js:154:241924)
	at f._doExecuteCommand (/nix/store/3j0nsr6g8fc0kb20hxhvfnsh83bk0fg6-vscodium-1.91.1.24193/lib/vscode/resources/app/out/vs/workbench/api/node/extensionHostProcess.js:154:240744)
	at f.executeCommand (/nix/store/3j0nsr6g8fc0kb20hxhvfnsh83bk0fg6-vscodium-1.91.1.24193/lib/vscode/resources/app/out/vs/workbench/api/node/extensionHostProcess.js:154:240611)
	at Object.executeCommand (/nix/store/3j0nsr6g8fc0kb20hxhvfnsh83bk0fg6-vscodium-1.91.1.24193/lib/vscode/resources/app/out/vs/workbench/api/node/extensionHostProcess.js:164:29715)
	at T.reset (/home/ser/.vscode-oss/extensions/asvetliakov.vscode-neovim-1.18.8-universal/dist/extension.js:2:187723)
	at l.<anonymous> (/home/ser/.vscode-oss/extensions/asvetliakov.vscode-neovim-1.18.8-universal/dist/extension.js:2:406042)
	at l.dispose (/nix/store/3j0nsr6g8fc0kb20hxhvfnsh83bk0fg6-vscodium-1.91.1.24193/lib/vscode/resources/app/out/vs/workbench/api/node/extensionHostProcess.js:152:6342)
	at h (/nix/store/3j0nsr6g8fc0kb20hxhvfnsh83bk0fg6-vscodium-1.91.1.24193/lib/vscode/resources/app/out/vs/workbench/api/node/extensionHostProcess.js:30:758)
	at m._deactivate (/nix/store/3j0nsr6g8fc0kb20hxhvfnsh83bk0fg6-vscodium-1.91.1.24193/lib/vscode/resources/app/out/vs/workbench/api/node/extensionHostProcess.js:160:13048)
	at /nix/store/3j0nsr6g8fc0kb20hxhvfnsh83bk0fg6-vscodium-1.91.1.24193/lib/vscode/resources/app/out/vs/workbench/api/node/extensionHostProcess.js:160:10194
	at Array.map (<anonymous>)
	at m._deactivateAll (/nix/store/3j0nsr6g8fc0kb20hxhvfnsh83bk0fg6-vscodium-1.91.1.24193/lib/vscode/resources/app/out/vs/workbench/api/node/extensionHostProcess.js:160:10181)
	at m.terminate (/nix/store/3j0nsr6g8fc0kb20hxhvfnsh83bk0fg6-vscodium-1.91.1.24193/lib/vscode/resources/app/out/vs/workbench/api/node/extensionHostProcess.js:160:10564)
	at h.terminate (/nix/store/3j0nsr6g8fc0kb20hxhvfnsh83bk0fg6-vscodium-1.91.1.24193/lib/vscode/resources/app/out/vs/workbench/api/node/extensionHostProcess.js:164:1908)
	at i (/nix/store/3j0nsr6g8fc0kb20hxhvfnsh83bk0fg6-vscodium-1.91.1.24193/lib/vscode/resources/app/out/vs/workbench/api/node/extensionHostProcess.js:177:12354)
	at MessagePortMain.<anonymous> (/nix/store/3j0nsr6g8fc0kb20hxhvfnsh83bk0fg6-vscodium-1.91.1.24193/lib/vscode/resources/app/out/vs/workbench/api/node/extensionHostProcess.js:177:8164)
	at MessagePortMain.emit (node:events:514:28)
	at MessagePortMain._internalPort.emit (node:electron/js2c/utility_init:2:2285) setContext undefined
2024-08-23 02:29:20.218 [error] Canceled: Canceled
	at new T (/nix/store/3j0nsr6g8fc0kb20hxhvfnsh83bk0fg6-vscodium-1.91.1.24193/lib/vscode/resources/app/out/vs/workbench/api/node/extensionHostProcess.js:144:39096)
	at y._remoteCall (/nix/store/3j0nsr6g8fc0kb20hxhvfnsh83bk0fg6-vscodium-1.91.1.24193/lib/vscode/resources/app/out/vs/workbench/api/node/extensionHostProcess.js:151:8166)
	at U.<computed>.F.charCodeAt.R.CharCode.DollarSign.U.<computed> (/nix/store/3j0nsr6g8fc0kb20hxhvfnsh83bk0fg6-vscodium-1.91.1.24193/lib/vscode/resources/app/out/vs/workbench/api/node/extensionHostProcess.js:151:4351)
	at f._doExecuteCommand (/nix/store/3j0nsr6g8fc0kb20hxhvfnsh83bk0fg6-vscodium-1.91.1.24193/lib/vscode/resources/app/out/vs/workbench/api/node/extensionHostProcess.js:154:241286)
	at f.executeCommand (/nix/store/3j0nsr6g8fc0kb20hxhvfnsh83bk0fg6-vscodium-1.91.1.24193/lib/vscode/resources/app/out/vs/workbench/api/node/extensionHostProcess.js:154:240611)
	at k.registerCommand.description (/nix/store/3j0nsr6g8fc0kb20hxhvfnsh83bk0fg6-vscodium-1.91.1.24193/lib/vscode/resources/app/out/vs/workbench/api/node/extensionHostProcess.js:154:239855)
	at f._executeContributedCommand (/nix/store/3j0nsr6g8fc0kb20hxhvfnsh83bk0fg6-vscodium-1.91.1.24193/lib/vscode/resources/app/out/vs/workbench/api/node/extensionHostProcess.js:154:241924)
	at f._doExecuteCommand (/nix/store/3j0nsr6g8fc0kb20hxhvfnsh83bk0fg6-vscodium-1.91.1.24193/lib/vscode/resources/app/out/vs/workbench/api/node/extensionHostProcess.js:154:240744)
	at f.executeCommand (/nix/store/3j0nsr6g8fc0kb20hxhvfnsh83bk0fg6-vscodium-1.91.1.24193/lib/vscode/resources/app/out/vs/workbench/api/node/extensionHostProcess.js:154:240611)
	at Object.executeCommand (/nix/store/3j0nsr6g8fc0kb20hxhvfnsh83bk0fg6-vscodium-1.91.1.24193/lib/vscode/resources/app/out/vs/workbench/api/node/extensionHostProcess.js:164:29715)
	at T.reset (/home/ser/.vscode-oss/extensions/asvetliakov.vscode-neovim-1.18.8-universal/dist/extension.js:2:187723)
	at l.<anonymous> (/home/ser/.vscode-oss/extensions/asvetliakov.vscode-neovim-1.18.8-universal/dist/extension.js:2:406042)
	at l.dispose (/nix/store/3j0nsr6g8fc0kb20hxhvfnsh83bk0fg6-vscodium-1.91.1.24193/lib/vscode/resources/app/out/vs/workbench/api/node/extensionHostProcess.js:152:6342)
	at h (/nix/store/3j0nsr6g8fc0kb20hxhvfnsh83bk0fg6-vscodium-1.91.1.24193/lib/vscode/resources/app/out/vs/workbench/api/node/extensionHostProcess.js:30:758)
	at m._deactivate (/nix/store/3j0nsr6g8fc0kb20hxhvfnsh83bk0fg6-vscodium-1.91.1.24193/lib/vscode/resources/app/out/vs/workbench/api/node/extensionHostProcess.js:160:13048)
	at /nix/store/3j0nsr6g8fc0kb20hxhvfnsh83bk0fg6-vscodium-1.91.1.24193/lib/vscode/resources/app/out/vs/workbench/api/node/extensionHostProcess.js:160:10194
	at Array.map (<anonymous>)
	at m._deactivateAll (/nix/store/3j0nsr6g8fc0kb20hxhvfnsh83bk0fg6-vscodium-1.91.1.24193/lib/vscode/resources/app/out/vs/workbench/api/node/extensionHostProcess.js:160:10181)
	at m.terminate (/nix/store/3j0nsr6g8fc0kb20hxhvfnsh83bk0fg6-vscodium-1.91.1.24193/lib/vscode/resources/app/out/vs/workbench/api/node/extensionHostProcess.js:160:10564)
	at h.terminate (/nix/store/3j0nsr6g8fc0kb20hxhvfnsh83bk0fg6-vscodium-1.91.1.24193/lib/vscode/resources/app/out/vs/workbench/api/node/extensionHostProcess.js:164:1908)
	at i (/nix/store/3j0nsr6g8fc0kb20hxhvfnsh83bk0fg6-vscodium-1.91.1.24193/lib/vscode/resources/app/out/vs/workbench/api/node/extensionHostProcess.js:177:12354)
	at MessagePortMain.<anonymous> (/nix/store/3j0nsr6g8fc0kb20hxhvfnsh83bk0fg6-vscodium-1.91.1.24193/lib/vscode/resources/app/out/vs/workbench/api/node/extensionHostProcess.js:177:8164)
	at MessagePortMain.emit (node:events:514:28)
	at MessagePortMain._internalPort.emit (node:electron/js2c/utility_init:2:2285) setContext undefined
2024-08-23 02:29:20.219 [error] Canceled: Canceled
	at new T (/nix/store/3j0nsr6g8fc0kb20hxhvfnsh83bk0fg6-vscodium-1.91.1.24193/lib/vscode/resources/app/out/vs/workbench/api/node/extensionHostProcess.js:144:39096)
	at y._remoteCall (/nix/store/3j0nsr6g8fc0kb20hxhvfnsh83bk0fg6-vscodium-1.91.1.24193/lib/vscode/resources/app/out/vs/workbench/api/node/extensionHostProcess.js:151:8166)
	at U.<computed>.F.charCodeAt.R.CharCode.DollarSign.U.<computed> (/nix/store/3j0nsr6g8fc0kb20hxhvfnsh83bk0fg6-vscodium-1.91.1.24193/lib/vscode/resources/app/out/vs/workbench/api/node/extensionHostProcess.js:151:4351)
	at f._doExecuteCommand (/nix/store/3j0nsr6g8fc0kb20hxhvfnsh83bk0fg6-vscodium-1.91.1.24193/lib/vscode/resources/app/out/vs/workbench/api/node/extensionHostProcess.js:154:241286)
	at f.executeCommand (/nix/store/3j0nsr6g8fc0kb20hxhvfnsh83bk0fg6-vscodium-1.91.1.24193/lib/vscode/resources/app/out/vs/workbench/api/node/extensionHostProcess.js:154:240611)
	at k.registerCommand.description (/nix/store/3j0nsr6g8fc0kb20hxhvfnsh83bk0fg6-vscodium-1.91.1.24193/lib/vscode/resources/app/out/vs/workbench/api/node/extensionHostProcess.js:154:239855)
	at f._executeContributedCommand (/nix/store/3j0nsr6g8fc0kb20hxhvfnsh83bk0fg6-vscodium-1.91.1.24193/lib/vscode/resources/app/out/vs/workbench/api/node/extensionHostProcess.js:154:241924)
	at f._doExecuteCommand (/nix/store/3j0nsr6g8fc0kb20hxhvfnsh83bk0fg6-vscodium-1.91.1.24193/lib/vscode/resources/app/out/vs/workbench/api/node/extensionHostProcess.js:154:240744)
	at f.executeCommand (/nix/store/3j0nsr6g8fc0kb20hxhvfnsh83bk0fg6-vscodium-1.91.1.24193/lib/vscode/resources/app/out/vs/workbench/api/node/extensionHostProcess.js:154:240611)
	at Object.executeCommand (/nix/store/3j0nsr6g8fc0kb20hxhvfnsh83bk0fg6-vscodium-1.91.1.24193/lib/vscode/resources/app/out/vs/workbench/api/node/extensionHostProcess.js:164:29715)
	at T.reset (/home/ser/.vscode-oss/extensions/asvetliakov.vscode-neovim-1.18.8-universal/dist/extension.js:2:187723)
	at l.<anonymous> (/home/ser/.vscode-oss/extensions/asvetliakov.vscode-neovim-1.18.8-universal/dist/extension.js:2:406042)
	at l.dispose (/nix/store/3j0nsr6g8fc0kb20hxhvfnsh83bk0fg6-vscodium-1.91.1.24193/lib/vscode/resources/app/out/vs/workbench/api/node/extensionHostProcess.js:152:6342)
	at h (/nix/store/3j0nsr6g8fc0kb20hxhvfnsh83bk0fg6-vscodium-1.91.1.24193/lib/vscode/resources/app/out/vs/workbench/api/node/extensionHostProcess.js:30:758)
	at m._deactivate (/nix/store/3j0nsr6g8fc0kb20hxhvfnsh83bk0fg6-vscodium-1.91.1.24193/lib/vscode/resources/app/out/vs/workbench/api/node/extensionHostProcess.js:160:13048)
	at /nix/store/3j0nsr6g8fc0kb20hxhvfnsh83bk0fg6-vscodium-1.91.1.24193/lib/vscode/resources/app/out/vs/workbench/api/node/extensionHostProcess.js:160:10194
	at Array.map (<anonymous>)
	at m._deactivateAll (/nix/store/3j0nsr6g8fc0kb20hxhvfnsh83bk0fg6-vscodium-1.91.1.24193/lib/vscode/resources/app/out/vs/workbench/api/node/extensionHostProcess.js:160:10181)
	at m.terminate (/nix/store/3j0nsr6g8fc0kb20hxhvfnsh83bk0fg6-vscodium-1.91.1.24193/lib/vscode/resources/app/out/vs/workbench/api/node/extensionHostProcess.js:160:10564)
	at h.terminate (/nix/store/3j0nsr6g8fc0kb20hxhvfnsh83bk0fg6-vscodium-1.91.1.24193/lib/vscode/resources/app/out/vs/workbench/api/node/extensionHostProcess.js:164:1908)
	at i (/nix/store/3j0nsr6g8fc0kb20hxhvfnsh83bk0fg6-vscodium-1.91.1.24193/lib/vscode/resources/app/out/vs/workbench/api/node/extensionHostProcess.js:177:12354)
	at MessagePortMain.<anonymous> (/nix/store/3j0nsr6g8fc0kb20hxhvfnsh83bk0fg6-vscodium-1.91.1.24193/lib/vscode/resources/app/out/vs/workbench/api/node/extensionHostProcess.js:177:8164)
	at MessagePortMain.emit (node:events:514:28)
	at MessagePortMain._internalPort.emit (node:electron/js2c/utility_init:2:2285) setContext undefined
2024-08-23 02:29:20.219 [error] Canceled: Canceled
	at new T (/nix/store/3j0nsr6g8fc0kb20hxhvfnsh83bk0fg6-vscodium-1.91.1.24193/lib/vscode/resources/app/out/vs/workbench/api/node/extensionHostProcess.js:144:39096)
	at y._remoteCall (/nix/store/3j0nsr6g8fc0kb20hxhvfnsh83bk0fg6-vscodium-1.91.1.24193/lib/vscode/resources/app/out/vs/workbench/api/node/extensionHostProcess.js:151:8166)
	at U.<computed>.F.charCodeAt.R.CharCode.DollarSign.U.<computed> (/nix/store/3j0nsr6g8fc0kb20hxhvfnsh83bk0fg6-vscodium-1.91.1.24193/lib/vscode/resources/app/out/vs/workbench/api/node/extensionHostProcess.js:151:4351)
	at f._doExecuteCommand (/nix/store/3j0nsr6g8fc0kb20hxhvfnsh83bk0fg6-vscodium-1.91.1.24193/lib/vscode/resources/app/out/vs/workbench/api/node/extensionHostProcess.js:154:241286)
	at f.executeCommand (/nix/store/3j0nsr6g8fc0kb20hxhvfnsh83bk0fg6-vscodium-1.91.1.24193/lib/vscode/resources/app/out/vs/workbench/api/node/extensionHostProcess.js:154:240611)
	at k.registerCommand.description (/nix/store/3j0nsr6g8fc0kb20hxhvfnsh83bk0fg6-vscodium-1.91.1.24193/lib/vscode/resources/app/out/vs/workbench/api/node/extensionHostProcess.js:154:239855)
	at f._executeContributedCommand (/nix/store/3j0nsr6g8fc0kb20hxhvfnsh83bk0fg6-vscodium-1.91.1.24193/lib/vscode/resources/app/out/vs/workbench/api/node/extensionHostProcess.js:154:241924)
	at f._doExecuteCommand (/nix/store/3j0nsr6g8fc0kb20hxhvfnsh83bk0fg6-vscodium-1.91.1.24193/lib/vscode/resources/app/out/vs/workbench/api/node/extensionHostProcess.js:154:240744)
	at f.executeCommand (/nix/store/3j0nsr6g8fc0kb20hxhvfnsh83bk0fg6-vscodium-1.91.1.24193/lib/vscode/resources/app/out/vs/workbench/api/node/extensionHostProcess.js:154:240611)
	at Object.executeCommand (/nix/store/3j0nsr6g8fc0kb20hxhvfnsh83bk0fg6-vscodium-1.91.1.24193/lib/vscode/resources/app/out/vs/workbench/api/node/extensionHostProcess.js:164:29715)
	at T.reset (/home/ser/.vscode-oss/extensions/asvetliakov.vscode-neovim-1.18.8-universal/dist/extension.js:2:187723)
	at l.<anonymous> (/home/ser/.vscode-oss/extensions/asvetliakov.vscode-neovim-1.18.8-universal/dist/extension.js:2:406042)
	at l.dispose (/nix/store/3j0nsr6g8fc0kb20hxhvfnsh83bk0fg6-vscodium-1.91.1.24193/lib/vscode/resources/app/out/vs/workbench/api/node/extensionHostProcess.js:152:6342)
	at h (/nix/store/3j0nsr6g8fc0kb20hxhvfnsh83bk0fg6-vscodium-1.91.1.24193/lib/vscode/resources/app/out/vs/workbench/api/node/extensionHostProcess.js:30:758)
	at m._deactivate (/nix/store/3j0nsr6g8fc0kb20hxhvfnsh83bk0fg6-vscodium-1.91.1.24193/lib/vscode/resources/app/out/vs/workbench/api/node/extensionHostProcess.js:160:13048)
	at /nix/store/3j0nsr6g8fc0kb20hxhvfnsh83bk0fg6-vscodium-1.91.1.24193/lib/vscode/resources/app/out/vs/workbench/api/node/extensionHostProcess.js:160:10194
	at Array.map (<anonymous>)
	at m._deactivateAll (/nix/store/3j0nsr6g8fc0kb20hxhvfnsh83bk0fg6-vscodium-1.91.1.24193/lib/vscode/resources/app/out/vs/workbench/api/node/extensionHostProcess.js:160:10181)
	at m.terminate (/nix/store/3j0nsr6g8fc0kb20hxhvfnsh83bk0fg6-vscodium-1.91.1.24193/lib/vscode/resources/app/out/vs/workbench/api/node/extensionHostProcess.js:160:10564)
	at h.terminate (/nix/store/3j0nsr6g8fc0kb20hxhvfnsh83bk0fg6-vscodium-1.91.1.24193/lib/vscode/resources/app/out/vs/workbench/api/node/extensionHostProcess.js:164:1908)
	at i (/nix/store/3j0nsr6g8fc0kb20hxhvfnsh83bk0fg6-vscodium-1.91.1.24193/lib/vscode/resources/app/out/vs/workbench/api/node/extensionHostProcess.js:177:12354)
	at MessagePortMain.<anonymous> (/nix/store/3j0nsr6g8fc0kb20hxhvfnsh83bk0fg6-vscodium-1.91.1.24193/lib/vscode/resources/app/out/vs/workbench/api/node/extensionHostProcess.js:177:8164)
	at MessagePortMain.emit (node:events:514:28)
	at MessagePortMain._internalPort.emit (node:electron/js2c/utility_init:2:2285) setContext undefined
2024-08-23 02:29:20.219 [error] Canceled: Canceled
	at new T (/nix/store/3j0nsr6g8fc0kb20hxhvfnsh83bk0fg6-vscodium-1.91.1.24193/lib/vscode/resources/app/out/vs/workbench/api/node/extensionHostProcess.js:144:39096)
	at y._remoteCall (/nix/store/3j0nsr6g8fc0kb20hxhvfnsh83bk0fg6-vscodium-1.91.1.24193/lib/vscode/resources/app/out/vs/workbench/api/node/extensionHostProcess.js:151:8166)
	at U.<computed>.F.charCodeAt.R.CharCode.DollarSign.U.<computed> (/nix/store/3j0nsr6g8fc0kb20hxhvfnsh83bk0fg6-vscodium-1.91.1.24193/lib/vscode/resources/app/out/vs/workbench/api/node/extensionHostProcess.js:151:4351)
	at f._doExecuteCommand (/nix/store/3j0nsr6g8fc0kb20hxhvfnsh83bk0fg6-vscodium-1.91.1.24193/lib/vscode/resources/app/out/vs/workbench/api/node/extensionHostProcess.js:154:241286)
	at f.executeCommand (/nix/store/3j0nsr6g8fc0kb20hxhvfnsh83bk0fg6-vscodium-1.91.1.24193/lib/vscode/resources/app/out/vs/workbench/api/node/extensionHostProcess.js:154:240611)
	at k.registerCommand.description (/nix/store/3j0nsr6g8fc0kb20hxhvfnsh83bk0fg6-vscodium-1.91.1.24193/lib/vscode/resources/app/out/vs/workbench/api/node/extensionHostProcess.js:154:239855)
	at f._executeContributedCommand (/nix/store/3j0nsr6g8fc0kb20hxhvfnsh83bk0fg6-vscodium-1.91.1.24193/lib/vscode/resources/app/out/vs/workbench/api/node/extensionHostProcess.js:154:241924)
	at f._doExecuteCommand (/nix/store/3j0nsr6g8fc0kb20hxhvfnsh83bk0fg6-vscodium-1.91.1.24193/lib/vscode/resources/app/out/vs/workbench/api/node/extensionHostProcess.js:154:240744)
	at f.executeCommand (/nix/store/3j0nsr6g8fc0kb20hxhvfnsh83bk0fg6-vscodium-1.91.1.24193/lib/vscode/resources/app/out/vs/workbench/api/node/extensionHostProcess.js:154:240611)
	at Object.executeCommand (/nix/store/3j0nsr6g8fc0kb20hxhvfnsh83bk0fg6-vscodium-1.91.1.24193/lib/vscode/resources/app/out/vs/workbench/api/node/extensionHostProcess.js:164:29715)
	at T.reset (/home/ser/.vscode-oss/extensions/asvetliakov.vscode-neovim-1.18.8-universal/dist/extension.js:2:187723)
	at l.<anonymous> (/home/ser/.vscode-oss/extensions/asvetliakov.vscode-neovim-1.18.8-universal/dist/extension.js:2:406042)
	at l.dispose (/nix/store/3j0nsr6g8fc0kb20hxhvfnsh83bk0fg6-vscodium-1.91.1.24193/lib/vscode/resources/app/out/vs/workbench/api/node/extensionHostProcess.js:152:6342)
	at h (/nix/store/3j0nsr6g8fc0kb20hxhvfnsh83bk0fg6-vscodium-1.91.1.24193/lib/vscode/resources/app/out/vs/workbench/api/node/extensionHostProcess.js:30:758)
	at m._deactivate (/nix/store/3j0nsr6g8fc0kb20hxhvfnsh83bk0fg6-vscodium-1.91.1.24193/lib/vscode/resources/app/out/vs/workbench/api/node/extensionHostProcess.js:160:13048)
	at /nix/store/3j0nsr6g8fc0kb20hxhvfnsh83bk0fg6-vscodium-1.91.1.24193/lib/vscode/resources/app/out/vs/workbench/api/node/extensionHostProcess.js:160:10194
	at Array.map (<anonymous>)
	at m._deactivateAll (/nix/store/3j0nsr6g8fc0kb20hxhvfnsh83bk0fg6-vscodium-1.91.1.24193/lib/vscode/resources/app/out/vs/workbench/api/node/extensionHostProcess.js:160:10181)
	at m.terminate (/nix/store/3j0nsr6g8fc0kb20hxhvfnsh83bk0fg6-vscodium-1.91.1.24193/lib/vscode/resources/app/out/vs/workbench/api/node/extensionHostProcess.js:160:10564)
	at h.terminate (/nix/store/3j0nsr6g8fc0kb20hxhvfnsh83bk0fg6-vscodium-1.91.1.24193/lib/vscode/resources/app/out/vs/workbench/api/node/extensionHostProcess.js:164:1908)
	at i (/nix/store/3j0nsr6g8fc0kb20hxhvfnsh83bk0fg6-vscodium-1.91.1.24193/lib/vscode/resources/app/out/vs/workbench/api/node/extensionHostProcess.js:177:12354)
	at MessagePortMain.<anonymous> (/nix/store/3j0nsr6g8fc0kb20hxhvfnsh83bk0fg6-vscodium-1.91.1.24193/lib/vscode/resources/app/out/vs/workbench/api/node/extensionHostProcess.js:177:8164)
	at MessagePortMain.emit (node:events:514:28)
	at MessagePortMain._internalPort.emit (node:electron/js2c/utility_init:2:2285) setContext undefined
2024-08-23 02:29:20.219 [error] Canceled: Canceled
	at new T (/nix/store/3j0nsr6g8fc0kb20hxhvfnsh83bk0fg6-vscodium-1.91.1.24193/lib/vscode/resources/app/out/vs/workbench/api/node/extensionHostProcess.js:144:39096)
	at y._remoteCall (/nix/store/3j0nsr6g8fc0kb20hxhvfnsh83bk0fg6-vscodium-1.91.1.24193/lib/vscode/resources/app/out/vs/workbench/api/node/extensionHostProcess.js:151:8166)
	at U.<computed>.F.charCodeAt.R.CharCode.DollarSign.U.<computed> (/nix/store/3j0nsr6g8fc0kb20hxhvfnsh83bk0fg6-vscodium-1.91.1.24193/lib/vscode/resources/app/out/vs/workbench/api/node/extensionHostProcess.js:151:4351)
	at f._doExecuteCommand (/nix/store/3j0nsr6g8fc0kb20hxhvfnsh83bk0fg6-vscodium-1.91.1.24193/lib/vscode/resources/app/out/vs/workbench/api/node/extensionHostProcess.js:154:241286)
	at f.executeCommand (/nix/store/3j0nsr6g8fc0kb20hxhvfnsh83bk0fg6-vscodium-1.91.1.24193/lib/vscode/resources/app/out/vs/workbench/api/node/extensionHostProcess.js:154:240611)
	at k.registerCommand.description (/nix/store/3j0nsr6g8fc0kb20hxhvfnsh83bk0fg6-vscodium-1.91.1.24193/lib/vscode/resources/app/out/vs/workbench/api/node/extensionHostProcess.js:154:239855)
	at f._executeContributedCommand (/nix/store/3j0nsr6g8fc0kb20hxhvfnsh83bk0fg6-vscodium-1.91.1.24193/lib/vscode/resources/app/out/vs/workbench/api/node/extensionHostProcess.js:154:241924)
	at f._doExecuteCommand (/nix/store/3j0nsr6g8fc0kb20hxhvfnsh83bk0fg6-vscodium-1.91.1.24193/lib/vscode/resources/app/out/vs/workbench/api/node/extensionHostProcess.js:154:240744)
	at f.executeCommand (/nix/store/3j0nsr6g8fc0kb20hxhvfnsh83bk0fg6-vscodium-1.91.1.24193/lib/vscode/resources/app/out/vs/workbench/api/node/extensionHostProcess.js:154:240611)
	at Object.executeCommand (/nix/store/3j0nsr6g8fc0kb20hxhvfnsh83bk0fg6-vscodium-1.91.1.24193/lib/vscode/resources/app/out/vs/workbench/api/node/extensionHostProcess.js:164:29715)
	at T.reset (/home/ser/.vscode-oss/extensions/asvetliakov.vscode-neovim-1.18.8-universal/dist/extension.js:2:187723)
	at l.<anonymous> (/home/ser/.vscode-oss/extensions/asvetliakov.vscode-neovim-1.18.8-universal/dist/extension.js:2:406042)
	at l.dispose (/nix/store/3j0nsr6g8fc0kb20hxhvfnsh83bk0fg6-vscodium-1.91.1.24193/lib/vscode/resources/app/out/vs/workbench/api/node/extensionHostProcess.js:152:6342)
	at h (/nix/store/3j0nsr6g8fc0kb20hxhvfnsh83bk0fg6-vscodium-1.91.1.24193/lib/vscode/resources/app/out/vs/workbench/api/node/extensionHostProcess.js:30:758)
	at m._deactivate (/nix/store/3j0nsr6g8fc0kb20hxhvfnsh83bk0fg6-vscodium-1.91.1.24193/lib/vscode/resources/app/out/vs/workbench/api/node/extensionHostProcess.js:160:13048)
	at /nix/store/3j0nsr6g8fc0kb20hxhvfnsh83bk0fg6-vscodium-1.91.1.24193/lib/vscode/resources/app/out/vs/workbench/api/node/extensionHostProcess.js:160:10194
	at Array.map (<anonymous>)
	at m._deactivateAll (/nix/store/3j0nsr6g8fc0kb20hxhvfnsh83bk0fg6-vscodium-1.91.1.24193/lib/vscode/resources/app/out/vs/workbench/api/node/extensionHostProcess.js:160:10181)
	at m.terminate (/nix/store/3j0nsr6g8fc0kb20hxhvfnsh83bk0fg6-vscodium-1.91.1.24193/lib/vscode/resources/app/out/vs/workbench/api/node/extensionHostProcess.js:160:10564)
	at h.terminate (/nix/store/3j0nsr6g8fc0kb20hxhvfnsh83bk0fg6-vscodium-1.91.1.24193/lib/vscode/resources/app/out/vs/workbench/api/node/extensionHostProcess.js:164:1908)
	at i (/nix/store/3j0nsr6g8fc0kb20hxhvfnsh83bk0fg6-vscodium-1.91.1.24193/lib/vscode/resources/app/out/vs/workbench/api/node/extensionHostProcess.js:177:12354)
	at MessagePortMain.<anonymous> (/nix/store/3j0nsr6g8fc0kb20hxhvfnsh83bk0fg6-vscodium-1.91.1.24193/lib/vscode/resources/app/out/vs/workbench/api/node/extensionHostProcess.js:177:8164)
	at MessagePortMain.emit (node:events:514:28)
	at MessagePortMain._internalPort.emit (node:electron/js2c/utility_init:2:2285) setContext undefined
2024-08-23 02:29:20.219 [error] Canceled: Canceled
	at new T (/nix/store/3j0nsr6g8fc0kb20hxhvfnsh83bk0fg6-vscodium-1.91.1.24193/lib/vscode/resources/app/out/vs/workbench/api/node/extensionHostProcess.js:144:39096)
	at y._remoteCall (/nix/store/3j0nsr6g8fc0kb20hxhvfnsh83bk0fg6-vscodium-1.91.1.24193/lib/vscode/resources/app/out/vs/workbench/api/node/extensionHostProcess.js:151:8166)
	at U.<computed>.F.charCodeAt.R.CharCode.DollarSign.U.<computed> (/nix/store/3j0nsr6g8fc0kb20hxhvfnsh83bk0fg6-vscodium-1.91.1.24193/lib/vscode/resources/app/out/vs/workbench/api/node/extensionHostProcess.js:151:4351)
	at f._doExecuteCommand (/nix/store/3j0nsr6g8fc0kb20hxhvfnsh83bk0fg6-vscodium-1.91.1.24193/lib/vscode/resources/app/out/vs/workbench/api/node/extensionHostProcess.js:154:241286)
	at f.executeCommand (/nix/store/3j0nsr6g8fc0kb20hxhvfnsh83bk0fg6-vscodium-1.91.1.24193/lib/vscode/resources/app/out/vs/workbench/api/node/extensionHostProcess.js:154:240611)
	at k.registerCommand.description (/nix/store/3j0nsr6g8fc0kb20hxhvfnsh83bk0fg6-vscodium-1.91.1.24193/lib/vscode/resources/app/out/vs/workbench/api/node/extensionHostProcess.js:154:239855)
	at f._executeContributedCommand (/nix/store/3j0nsr6g8fc0kb20hxhvfnsh83bk0fg6-vscodium-1.91.1.24193/lib/vscode/resources/app/out/vs/workbench/api/node/extensionHostProcess.js:154:241924)
	at f._doExecuteCommand (/nix/store/3j0nsr6g8fc0kb20hxhvfnsh83bk0fg6-vscodium-1.91.1.24193/lib/vscode/resources/app/out/vs/workbench/api/node/extensionHostProcess.js:154:240744)
	at f.executeCommand (/nix/store/3j0nsr6g8fc0kb20hxhvfnsh83bk0fg6-vscodium-1.91.1.24193/lib/vscode/resources/app/out/vs/workbench/api/node/extensionHostProcess.js:154:240611)
	at Object.executeCommand (/nix/store/3j0nsr6g8fc0kb20hxhvfnsh83bk0fg6-vscodium-1.91.1.24193/lib/vscode/resources/app/out/vs/workbench/api/node/extensionHostProcess.js:164:29715)
	at T.reset (/home/ser/.vscode-oss/extensions/asvetliakov.vscode-neovim-1.18.8-universal/dist/extension.js:2:187723)
	at l.<anonymous> (/home/ser/.vscode-oss/extensions/asvetliakov.vscode-neovim-1.18.8-universal/dist/extension.js:2:406042)
	at l.dispose (/nix/store/3j0nsr6g8fc0kb20hxhvfnsh83bk0fg6-vscodium-1.91.1.24193/lib/vscode/resources/app/out/vs/workbench/api/node/extensionHostProcess.js:152:6342)
	at h (/nix/store/3j0nsr6g8fc0kb20hxhvfnsh83bk0fg6-vscodium-1.91.1.24193/lib/vscode/resources/app/out/vs/workbench/api/node/extensionHostProcess.js:30:758)
	at m._deactivate (/nix/store/3j0nsr6g8fc0kb20hxhvfnsh83bk0fg6-vscodium-1.91.1.24193/lib/vscode/resources/app/out/vs/workbench/api/node/extensionHostProcess.js:160:13048)
	at /nix/store/3j0nsr6g8fc0kb20hxhvfnsh83bk0fg6-vscodium-1.91.1.24193/lib/vscode/resources/app/out/vs/workbench/api/node/extensionHostProcess.js:160:10194
	at Array.map (<anonymous>)
	at m._deactivateAll (/nix/store/3j0nsr6g8fc0kb20hxhvfnsh83bk0fg6-vscodium-1.91.1.24193/lib/vscode/resources/app/out/vs/workbench/api/node/extensionHostProcess.js:160:10181)
	at m.terminate (/nix/store/3j0nsr6g8fc0kb20hxhvfnsh83bk0fg6-vscodium-1.91.1.24193/lib/vscode/resources/app/out/vs/workbench/api/node/extensionHostProcess.js:160:10564)
	at h.terminate (/nix/store/3j0nsr6g8fc0kb20hxhvfnsh83bk0fg6-vscodium-1.91.1.24193/lib/vscode/resources/app/out/vs/workbench/api/node/extensionHostProcess.js:164:1908)
	at i (/nix/store/3j0nsr6g8fc0kb20hxhvfnsh83bk0fg6-vscodium-1.91.1.24193/lib/vscode/resources/app/out/vs/workbench/api/node/extensionHostProcess.js:177:12354)
	at MessagePortMain.<anonymous> (/nix/store/3j0nsr6g8fc0kb20hxhvfnsh83bk0fg6-vscodium-1.91.1.24193/lib/vscode/resources/app/out/vs/workbench/api/node/extensionHostProcess.js:177:8164)
	at MessagePortMain.emit (node:events:514:28)
	at MessagePortMain._internalPort.emit (node:electron/js2c/utility_init:2:2285) setContext undefined
2024-08-23 02:29:20.219 [error] Canceled: Canceled
	at new T (/nix/store/3j0nsr6g8fc0kb20hxhvfnsh83bk0fg6-vscodium-1.91.1.24193/lib/vscode/resources/app/out/vs/workbench/api/node/extensionHostProcess.js:144:39096)
	at y._remoteCall (/nix/store/3j0nsr6g8fc0kb20hxhvfnsh83bk0fg6-vscodium-1.91.1.24193/lib/vscode/resources/app/out/vs/workbench/api/node/extensionHostProcess.js:151:8166)
	at U.<computed>.F.charCodeAt.R.CharCode.DollarSign.U.<computed> (/nix/store/3j0nsr6g8fc0kb20hxhvfnsh83bk0fg6-vscodium-1.91.1.24193/lib/vscode/resources/app/out/vs/workbench/api/node/extensionHostProcess.js:151:4351)
	at f._doExecuteCommand (/nix/store/3j0nsr6g8fc0kb20hxhvfnsh83bk0fg6-vscodium-1.91.1.24193/lib/vscode/resources/app/out/vs/workbench/api/node/extensionHostProcess.js:154:241286)
	at f.executeCommand (/nix/store/3j0nsr6g8fc0kb20hxhvfnsh83bk0fg6-vscodium-1.91.1.24193/lib/vscode/resources/app/out/vs/workbench/api/node/extensionHostProcess.js:154:240611)
	at k.registerCommand.description (/nix/store/3j0nsr6g8fc0kb20hxhvfnsh83bk0fg6-vscodium-1.91.1.24193/lib/vscode/resources/app/out/vs/workbench/api/node/extensionHostProcess.js:154:239855)
	at f._executeContributedCommand (/nix/store/3j0nsr6g8fc0kb20hxhvfnsh83bk0fg6-vscodium-1.91.1.24193/lib/vscode/resources/app/out/vs/workbench/api/node/extensionHostProcess.js:154:241924)
	at f._doExecuteCommand (/nix/store/3j0nsr6g8fc0kb20hxhvfnsh83bk0fg6-vscodium-1.91.1.24193/lib/vscode/resources/app/out/vs/workbench/api/node/extensionHostProcess.js:154:240744)
	at f.executeCommand (/nix/store/3j0nsr6g8fc0kb20hxhvfnsh83bk0fg6-vscodium-1.91.1.24193/lib/vscode/resources/app/out/vs/workbench/api/node/extensionHostProcess.js:154:240611)
	at Object.executeCommand (/nix/store/3j0nsr6g8fc0kb20hxhvfnsh83bk0fg6-vscodium-1.91.1.24193/lib/vscode/resources/app/out/vs/workbench/api/node/extensionHostProcess.js:164:29715)
	at T.reset (/home/ser/.vscode-oss/extensions/asvetliakov.vscode-neovim-1.18.8-universal/dist/extension.js:2:187723)
	at l.<anonymous> (/home/ser/.vscode-oss/extensions/asvetliakov.vscode-neovim-1.18.8-universal/dist/extension.js:2:406042)
	at l.dispose (/nix/store/3j0nsr6g8fc0kb20hxhvfnsh83bk0fg6-vscodium-1.91.1.24193/lib/vscode/resources/app/out/vs/workbench/api/node/extensionHostProcess.js:152:6342)
	at h (/nix/store/3j0nsr6g8fc0kb20hxhvfnsh83bk0fg6-vscodium-1.91.1.24193/lib/vscode/resources/app/out/vs/workbench/api/node/extensionHostProcess.js:30:758)
	at m._deactivate (/nix/store/3j0nsr6g8fc0kb20hxhvfnsh83bk0fg6-vscodium-1.91.1.24193/lib/vscode/resources/app/out/vs/workbench/api/node/extensionHostProcess.js:160:13048)
	at /nix/store/3j0nsr6g8fc0kb20hxhvfnsh83bk0fg6-vscodium-1.91.1.24193/lib/vscode/resources/app/out/vs/workbench/api/node/extensionHostProcess.js:160:10194
	at Array.map (<anonymous>)
	at m._deactivateAll (/nix/store/3j0nsr6g8fc0kb20hxhvfnsh83bk0fg6-vscodium-1.91.1.24193/lib/vscode/resources/app/out/vs/workbench/api/node/extensionHostProcess.js:160:10181)
	at m.terminate (/nix/store/3j0nsr6g8fc0kb20hxhvfnsh83bk0fg6-vscodium-1.91.1.24193/lib/vscode/resources/app/out/vs/workbench/api/node/extensionHostProcess.js:160:10564)
	at h.terminate (/nix/store/3j0nsr6g8fc0kb20hxhvfnsh83bk0fg6-vscodium-1.91.1.24193/lib/vscode/resources/app/out/vs/workbench/api/node/extensionHostProcess.js:164:1908)
	at i (/nix/store/3j0nsr6g8fc0kb20hxhvfnsh83bk0fg6-vscodium-1.91.1.24193/lib/vscode/resources/app/out/vs/workbench/api/node/extensionHostProcess.js:177:12354)
	at MessagePortMain.<anonymous> (/nix/store/3j0nsr6g8fc0kb20hxhvfnsh83bk0fg6-vscodium-1.91.1.24193/lib/vscode/resources/app/out/vs/workbench/api/node/extensionHostProcess.js:177:8164)
	at MessagePortMain.emit (node:events:514:28)
	at MessagePortMain._internalPort.emit (node:electron/js2c/utility_init:2:2285) setContext undefined
2024-08-23 02:29:20.219 [error] Canceled: Canceled
	at new T (/nix/store/3j0nsr6g8fc0kb20hxhvfnsh83bk0fg6-vscodium-1.91.1.24193/lib/vscode/resources/app/out/vs/workbench/api/node/extensionHostProcess.js:144:39096)
	at y._remoteCall (/nix/store/3j0nsr6g8fc0kb20hxhvfnsh83bk0fg6-vscodium-1.91.1.24193/lib/vscode/resources/app/out/vs/workbench/api/node/extensionHostProcess.js:151:8166)
	at U.<computed>.F.charCodeAt.R.CharCode.DollarSign.U.<computed> (/nix/store/3j0nsr6g8fc0kb20hxhvfnsh83bk0fg6-vscodium-1.91.1.24193/lib/vscode/resources/app/out/vs/workbench/api/node/extensionHostProcess.js:151:4351)
	at f._doExecuteCommand (/nix/store/3j0nsr6g8fc0kb20hxhvfnsh83bk0fg6-vscodium-1.91.1.24193/lib/vscode/resources/app/out/vs/workbench/api/node/extensionHostProcess.js:154:241286)
	at f.executeCommand (/nix/store/3j0nsr6g8fc0kb20hxhvfnsh83bk0fg6-vscodium-1.91.1.24193/lib/vscode/resources/app/out/vs/workbench/api/node/extensionHostProcess.js:154:240611)
	at k.registerCommand.description (/nix/store/3j0nsr6g8fc0kb20hxhvfnsh83bk0fg6-vscodium-1.91.1.24193/lib/vscode/resources/app/out/vs/workbench/api/node/extensionHostProcess.js:154:239855)
	at f._executeContributedCommand (/nix/store/3j0nsr6g8fc0kb20hxhvfnsh83bk0fg6-vscodium-1.91.1.24193/lib/vscode/resources/app/out/vs/workbench/api/node/extensionHostProcess.js:154:241924)
	at f._doExecuteCommand (/nix/store/3j0nsr6g8fc0kb20hxhvfnsh83bk0fg6-vscodium-1.91.1.24193/lib/vscode/resources/app/out/vs/workbench/api/node/extensionHostProcess.js:154:240744)
	at f.executeCommand (/nix/store/3j0nsr6g8fc0kb20hxhvfnsh83bk0fg6-vscodium-1.91.1.24193/lib/vscode/resources/app/out/vs/workbench/api/node/extensionHostProcess.js:154:240611)
	at Object.executeCommand (/nix/store/3j0nsr6g8fc0kb20hxhvfnsh83bk0fg6-vscodium-1.91.1.24193/lib/vscode/resources/app/out/vs/workbench/api/node/extensionHostProcess.js:164:29715)
	at T.reset (/home/ser/.vscode-oss/extensions/asvetliakov.vscode-neovim-1.18.8-universal/dist/extension.js:2:187723)
	at l.<anonymous> (/home/ser/.vscode-oss/extensions/asvetliakov.vscode-neovim-1.18.8-universal/dist/extension.js:2:406042)
	at l.dispose (/nix/store/3j0nsr6g8fc0kb20hxhvfnsh83bk0fg6-vscodium-1.91.1.24193/lib/vscode/resources/app/out/vs/workbench/api/node/extensionHostProcess.js:152:6342)
	at h (/nix/store/3j0nsr6g8fc0kb20hxhvfnsh83bk0fg6-vscodium-1.91.1.24193/lib/vscode/resources/app/out/vs/workbench/api/node/extensionHostProcess.js:30:758)
	at m._deactivate (/nix/store/3j0nsr6g8fc0kb20hxhvfnsh83bk0fg6-vscodium-1.91.1.24193/lib/vscode/resources/app/out/vs/workbench/api/node/extensionHostProcess.js:160:13048)
	at /nix/store/3j0nsr6g8fc0kb20hxhvfnsh83bk0fg6-vscodium-1.91.1.24193/lib/vscode/resources/app/out/vs/workbench/api/node/extensionHostProcess.js:160:10194
	at Array.map (<anonymous>)
	at m._deactivateAll (/nix/store/3j0nsr6g8fc0kb20hxhvfnsh83bk0fg6-vscodium-1.91.1.24193/lib/vscode/resources/app/out/vs/workbench/api/node/extensionHostProcess.js:160:10181)
	at m.terminate (/nix/store/3j0nsr6g8fc0kb20hxhvfnsh83bk0fg6-vscodium-1.91.1.24193/lib/vscode/resources/app/out/vs/workbench/api/node/extensionHostProcess.js:160:10564)
	at h.terminate (/nix/store/3j0nsr6g8fc0kb20hxhvfnsh83bk0fg6-vscodium-1.91.1.24193/lib/vscode/resources/app/out/vs/workbench/api/node/extensionHostProcess.js:164:1908)
	at i (/nix/store/3j0nsr6g8fc0kb20hxhvfnsh83bk0fg6-vscodium-1.91.1.24193/lib/vscode/resources/app/out/vs/workbench/api/node/extensionHostProcess.js:177:12354)
	at MessagePortMain.<anonymous> (/nix/store/3j0nsr6g8fc0kb20hxhvfnsh83bk0fg6-vscodium-1.91.1.24193/lib/vscode/resources/app/out/vs/workbench/api/node/extensionHostProcess.js:177:8164)
	at MessagePortMain.emit (node:events:514:28)
	at MessagePortMain._internalPort.emit (node:electron/js2c/utility_init:2:2285) setContext undefined
2024-08-23 02:29:20.219 [error] Canceled: Canceled
	at new T (/nix/store/3j0nsr6g8fc0kb20hxhvfnsh83bk0fg6-vscodium-1.91.1.24193/lib/vscode/resources/app/out/vs/workbench/api/node/extensionHostProcess.js:144:39096)
	at y._remoteCall (/nix/store/3j0nsr6g8fc0kb20hxhvfnsh83bk0fg6-vscodium-1.91.1.24193/lib/vscode/resources/app/out/vs/workbench/api/node/extensionHostProcess.js:151:8166)
	at U.<computed>.F.charCodeAt.R.CharCode.DollarSign.U.<computed> (/nix/store/3j0nsr6g8fc0kb20hxhvfnsh83bk0fg6-vscodium-1.91.1.24193/lib/vscode/resources/app/out/vs/workbench/api/node/extensionHostProcess.js:151:4351)
	at f._doExecuteCommand (/nix/store/3j0nsr6g8fc0kb20hxhvfnsh83bk0fg6-vscodium-1.91.1.24193/lib/vscode/resources/app/out/vs/workbench/api/node/extensionHostProcess.js:154:241286)
	at f.executeCommand (/nix/store/3j0nsr6g8fc0kb20hxhvfnsh83bk0fg6-vscodium-1.91.1.24193/lib/vscode/resources/app/out/vs/workbench/api/node/extensionHostProcess.js:154:240611)
	at k.registerCommand.description (/nix/store/3j0nsr6g8fc0kb20hxhvfnsh83bk0fg6-vscodium-1.91.1.24193/lib/vscode/resources/app/out/vs/workbench/api/node/extensionHostProcess.js:154:239855)
	at f._executeContributedCommand (/nix/store/3j0nsr6g8fc0kb20hxhvfnsh83bk0fg6-vscodium-1.91.1.24193/lib/vscode/resources/app/out/vs/workbench/api/node/extensionHostProcess.js:154:241924)
	at f._doExecuteCommand (/nix/store/3j0nsr6g8fc0kb20hxhvfnsh83bk0fg6-vscodium-1.91.1.24193/lib/vscode/resources/app/out/vs/workbench/api/node/extensionHostProcess.js:154:240744)
	at f.executeCommand (/nix/store/3j0nsr6g8fc0kb20hxhvfnsh83bk0fg6-vscodium-1.91.1.24193/lib/vscode/resources/app/out/vs/workbench/api/node/extensionHostProcess.js:154:240611)
	at Object.executeCommand (/nix/store/3j0nsr6g8fc0kb20hxhvfnsh83bk0fg6-vscodium-1.91.1.24193/lib/vscode/resources/app/out/vs/workbench/api/node/extensionHostProcess.js:164:29715)
	at T.reset (/home/ser/.vscode-oss/extensions/asvetliakov.vscode-neovim-1.18.8-universal/dist/extension.js:2:187723)
	at l.<anonymous> (/home/ser/.vscode-oss/extensions/asvetliakov.vscode-neovim-1.18.8-universal/dist/extension.js:2:406042)
	at l.dispose (/nix/store/3j0nsr6g8fc0kb20hxhvfnsh83bk0fg6-vscodium-1.91.1.24193/lib/vscode/resources/app/out/vs/workbench/api/node/extensionHostProcess.js:152:6342)
	at h (/nix/store/3j0nsr6g8fc0kb20hxhvfnsh83bk0fg6-vscodium-1.91.1.24193/lib/vscode/resources/app/out/vs/workbench/api/node/extensionHostProcess.js:30:758)
	at m._deactivate (/nix/store/3j0nsr6g8fc0kb20hxhvfnsh83bk0fg6-vscodium-1.91.1.24193/lib/vscode/resources/app/out/vs/workbench/api/node/extensionHostProcess.js:160:13048)
	at /nix/store/3j0nsr6g8fc0kb20hxhvfnsh83bk0fg6-vscodium-1.91.1.24193/lib/vscode/resources/app/out/vs/workbench/api/node/extensionHostProcess.js:160:10194
	at Array.map (<anonymous>)
	at m._deactivateAll (/nix/store/3j0nsr6g8fc0kb20hxhvfnsh83bk0fg6-vscodium-1.91.1.24193/lib/vscode/resources/app/out/vs/workbench/api/node/extensionHostProcess.js:160:10181)
	at m.terminate (/nix/store/3j0nsr6g8fc0kb20hxhvfnsh83bk0fg6-vscodium-1.91.1.24193/lib/vscode/resources/app/out/vs/workbench/api/node/extensionHostProcess.js:160:10564)
	at h.terminate (/nix/store/3j0nsr6g8fc0kb20hxhvfnsh83bk0fg6-vscodium-1.91.1.24193/lib/vscode/resources/app/out/vs/workbench/api/node/extensionHostProcess.js:164:1908)
	at i (/nix/store/3j0nsr6g8fc0kb20hxhvfnsh83bk0fg6-vscodium-1.91.1.24193/lib/vscode/resources/app/out/vs/workbench/api/node/extensionHostProcess.js:177:12354)
	at MessagePortMain.<anonymous> (/nix/store/3j0nsr6g8fc0kb20hxhvfnsh83bk0fg6-vscodium-1.91.1.24193/lib/vscode/resources/app/out/vs/workbench/api/node/extensionHostProcess.js:177:8164)
	at MessagePortMain.emit (node:events:514:28)
	at MessagePortMain._internalPort.emit (node:electron/js2c/utility_init:2:2285) setContext undefined
2024-08-23 02:29:20.219 [error] Canceled: Canceled
	at new T (/nix/store/3j0nsr6g8fc0kb20hxhvfnsh83bk0fg6-vscodium-1.91.1.24193/lib/vscode/resources/app/out/vs/workbench/api/node/extensionHostProcess.js:144:39096)
	at y._remoteCall (/nix/store/3j0nsr6g8fc0kb20hxhvfnsh83bk0fg6-vscodium-1.91.1.24193/lib/vscode/resources/app/out/vs/workbench/api/node/extensionHostProcess.js:151:8166)
	at U.<computed>.F.charCodeAt.R.CharCode.DollarSign.U.<computed> (/nix/store/3j0nsr6g8fc0kb20hxhvfnsh83bk0fg6-vscodium-1.91.1.24193/lib/vscode/resources/app/out/vs/workbench/api/node/extensionHostProcess.js:151:4351)
	at f._doExecuteCommand (/nix/store/3j0nsr6g8fc0kb20hxhvfnsh83bk0fg6-vscodium-1.91.1.24193/lib/vscode/resources/app/out/vs/workbench/api/node/extensionHostProcess.js:154:241286)
	at f.executeCommand (/nix/store/3j0nsr6g8fc0kb20hxhvfnsh83bk0fg6-vscodium-1.91.1.24193/lib/vscode/resources/app/out/vs/workbench/api/node/extensionHostProcess.js:154:240611)
	at k.registerCommand.description (/nix/store/3j0nsr6g8fc0kb20hxhvfnsh83bk0fg6-vscodium-1.91.1.24193/lib/vscode/resources/app/out/vs/workbench/api/node/extensionHostProcess.js:154:239855)
	at f._executeContributedCommand (/nix/store/3j0nsr6g8fc0kb20hxhvfnsh83bk0fg6-vscodium-1.91.1.24193/lib/vscode/resources/app/out/vs/workbench/api/node/extensionHostProcess.js:154:241924)
	at f._doExecuteCommand (/nix/store/3j0nsr6g8fc0kb20hxhvfnsh83bk0fg6-vscodium-1.91.1.24193/lib/vscode/resources/app/out/vs/workbench/api/node/extensionHostProcess.js:154:240744)
	at f.executeCommand (/nix/store/3j0nsr6g8fc0kb20hxhvfnsh83bk0fg6-vscodium-1.91.1.24193/lib/vscode/resources/app/out/vs/workbench/api/node/extensionHostProcess.js:154:240611)
	at Object.executeCommand (/nix/store/3j0nsr6g8fc0kb20hxhvfnsh83bk0fg6-vscodium-1.91.1.24193/lib/vscode/resources/app/out/vs/workbench/api/node/extensionHostProcess.js:164:29715)
	at T.reset (/home/ser/.vscode-oss/extensions/asvetliakov.vscode-neovim-1.18.8-universal/dist/extension.js:2:187723)
	at l.<anonymous> (/home/ser/.vscode-oss/extensions/asvetliakov.vscode-neovim-1.18.8-universal/dist/extension.js:2:406042)
	at l.dispose (/nix/store/3j0nsr6g8fc0kb20hxhvfnsh83bk0fg6-vscodium-1.91.1.24193/lib/vscode/resources/app/out/vs/workbench/api/node/extensionHostProcess.js:152:6342)
	at h (/nix/store/3j0nsr6g8fc0kb20hxhvfnsh83bk0fg6-vscodium-1.91.1.24193/lib/vscode/resources/app/out/vs/workbench/api/node/extensionHostProcess.js:30:758)
	at m._deactivate (/nix/store/3j0nsr6g8fc0kb20hxhvfnsh83bk0fg6-vscodium-1.91.1.24193/lib/vscode/resources/app/out/vs/workbench/api/node/extensionHostProcess.js:160:13048)
	at /nix/store/3j0nsr6g8fc0kb20hxhvfnsh83bk0fg6-vscodium-1.91.1.24193/lib/vscode/resources/app/out/vs/workbench/api/node/extensionHostProcess.js:160:10194
	at Array.map (<anonymous>)
	at m._deactivateAll (/nix/store/3j0nsr6g8fc0kb20hxhvfnsh83bk0fg6-vscodium-1.91.1.24193/lib/vscode/resources/app/out/vs/workbench/api/node/extensionHostProcess.js:160:10181)
	at m.terminate (/nix/store/3j0nsr6g8fc0kb20hxhvfnsh83bk0fg6-vscodium-1.91.1.24193/lib/vscode/resources/app/out/vs/workbench/api/node/extensionHostProcess.js:160:10564)
	at h.terminate (/nix/store/3j0nsr6g8fc0kb20hxhvfnsh83bk0fg6-vscodium-1.91.1.24193/lib/vscode/resources/app/out/vs/workbench/api/node/extensionHostProcess.js:164:1908)
	at i (/nix/store/3j0nsr6g8fc0kb20hxhvfnsh83bk0fg6-vscodium-1.91.1.24193/lib/vscode/resources/app/out/vs/workbench/api/node/extensionHostProcess.js:177:12354)
	at MessagePortMain.<anonymous> (/nix/store/3j0nsr6g8fc0kb20hxhvfnsh83bk0fg6-vscodium-1.91.1.24193/lib/vscode/resources/app/out/vs/workbench/api/node/extensionHostProcess.js:177:8164)
	at MessagePortMain.emit (node:events:514:28)
	at MessagePortMain._internalPort.emit (node:electron/js2c/utility_init:2:2285) setContext undefined
2024-08-23 02:29:20.219 [error] Canceled: Canceled
	at new T (/nix/store/3j0nsr6g8fc0kb20hxhvfnsh83bk0fg6-vscodium-1.91.1.24193/lib/vscode/resources/app/out/vs/workbench/api/node/extensionHostProcess.js:144:39096)
	at y._remoteCall (/nix/store/3j0nsr6g8fc0kb20hxhvfnsh83bk0fg6-vscodium-1.91.1.24193/lib/vscode/resources/app/out/vs/workbench/api/node/extensionHostProcess.js:151:8166)
	at U.<computed>.F.charCodeAt.R.CharCode.DollarSign.U.<computed> (/nix/store/3j0nsr6g8fc0kb20hxhvfnsh83bk0fg6-vscodium-1.91.1.24193/lib/vscode/resources/app/out/vs/workbench/api/node/extensionHostProcess.js:151:4351)
	at f._doExecuteCommand (/nix/store/3j0nsr6g8fc0kb20hxhvfnsh83bk0fg6-vscodium-1.91.1.24193/lib/vscode/resources/app/out/vs/workbench/api/node/extensionHostProcess.js:154:241286)
	at f.executeCommand (/nix/store/3j0nsr6g8fc0kb20hxhvfnsh83bk0fg6-vscodium-1.91.1.24193/lib/vscode/resources/app/out/vs/workbench/api/node/extensionHostProcess.js:154:240611)
	at k.registerCommand.description (/nix/store/3j0nsr6g8fc0kb20hxhvfnsh83bk0fg6-vscodium-1.91.1.24193/lib/vscode/resources/app/out/vs/workbench/api/node/extensionHostProcess.js:154:239855)
	at f._executeContributedCommand (/nix/store/3j0nsr6g8fc0kb20hxhvfnsh83bk0fg6-vscodium-1.91.1.24193/lib/vscode/resources/app/out/vs/workbench/api/node/extensionHostProcess.js:154:241924)
	at f._doExecuteCommand (/nix/store/3j0nsr6g8fc0kb20hxhvfnsh83bk0fg6-vscodium-1.91.1.24193/lib/vscode/resources/app/out/vs/workbench/api/node/extensionHostProcess.js:154:240744)
	at f.executeCommand (/nix/store/3j0nsr6g8fc0kb20hxhvfnsh83bk0fg6-vscodium-1.91.1.24193/lib/vscode/resources/app/out/vs/workbench/api/node/extensionHostProcess.js:154:240611)
	at Object.executeCommand (/nix/store/3j0nsr6g8fc0kb20hxhvfnsh83bk0fg6-vscodium-1.91.1.24193/lib/vscode/resources/app/out/vs/workbench/api/node/extensionHostProcess.js:164:29715)
	at T.reset (/home/ser/.vscode-oss/extensions/asvetliakov.vscode-neovim-1.18.8-universal/dist/extension.js:2:187723)
	at l.<anonymous> (/home/ser/.vscode-oss/extensions/asvetliakov.vscode-neovim-1.18.8-universal/dist/extension.js:2:406042)
	at l.dispose (/nix/store/3j0nsr6g8fc0kb20hxhvfnsh83bk0fg6-vscodium-1.91.1.24193/lib/vscode/resources/app/out/vs/workbench/api/node/extensionHostProcess.js:152:6342)
	at h (/nix/store/3j0nsr6g8fc0kb20hxhvfnsh83bk0fg6-vscodium-1.91.1.24193/lib/vscode/resources/app/out/vs/workbench/api/node/extensionHostProcess.js:30:758)
	at m._deactivate (/nix/store/3j0nsr6g8fc0kb20hxhvfnsh83bk0fg6-vscodium-1.91.1.24193/lib/vscode/resources/app/out/vs/workbench/api/node/extensionHostProcess.js:160:13048)
	at /nix/store/3j0nsr6g8fc0kb20hxhvfnsh83bk0fg6-vscodium-1.91.1.24193/lib/vscode/resources/app/out/vs/workbench/api/node/extensionHostProcess.js:160:10194
	at Array.map (<anonymous>)
	at m._deactivateAll (/nix/store/3j0nsr6g8fc0kb20hxhvfnsh83bk0fg6-vscodium-1.91.1.24193/lib/vscode/resources/app/out/vs/workbench/api/node/extensionHostProcess.js:160:10181)
	at m.terminate (/nix/store/3j0nsr6g8fc0kb20hxhvfnsh83bk0fg6-vscodium-1.91.1.24193/lib/vscode/resources/app/out/vs/workbench/api/node/extensionHostProcess.js:160:10564)
	at h.terminate (/nix/store/3j0nsr6g8fc0kb20hxhvfnsh83bk0fg6-vscodium-1.91.1.24193/lib/vscode/resources/app/out/vs/workbench/api/node/extensionHostProcess.js:164:1908)
	at i (/nix/store/3j0nsr6g8fc0kb20hxhvfnsh83bk0fg6-vscodium-1.91.1.24193/lib/vscode/resources/app/out/vs/workbench/api/node/extensionHostProcess.js:177:12354)
	at MessagePortMain.<anonymous> (/nix/store/3j0nsr6g8fc0kb20hxhvfnsh83bk0fg6-vscodium-1.91.1.24193/lib/vscode/resources/app/out/vs/workbench/api/node/extensionHostProcess.js:177:8164)
	at MessagePortMain.emit (node:events:514:28)
	at MessagePortMain._internalPort.emit (node:electron/js2c/utility_init:2:2285) setContext undefined
2024-08-23 02:29:20.220 [error] Canceled: Canceled
	at new T (/nix/store/3j0nsr6g8fc0kb20hxhvfnsh83bk0fg6-vscodium-1.91.1.24193/lib/vscode/resources/app/out/vs/workbench/api/node/extensionHostProcess.js:144:39096)
	at y._remoteCall (/nix/store/3j0nsr6g8fc0kb20hxhvfnsh83bk0fg6-vscodium-1.91.1.24193/lib/vscode/resources/app/out/vs/workbench/api/node/extensionHostProcess.js:151:8166)
	at U.<computed>.F.charCodeAt.R.CharCode.DollarSign.U.<computed> (/nix/store/3j0nsr6g8fc0kb20hxhvfnsh83bk0fg6-vscodium-1.91.1.24193/lib/vscode/resources/app/out/vs/workbench/api/node/extensionHostProcess.js:151:4351)
	at f._doExecuteCommand (/nix/store/3j0nsr6g8fc0kb20hxhvfnsh83bk0fg6-vscodium-1.91.1.24193/lib/vscode/resources/app/out/vs/workbench/api/node/extensionHostProcess.js:154:241286)
	at f.executeCommand (/nix/store/3j0nsr6g8fc0kb20hxhvfnsh83bk0fg6-vscodium-1.91.1.24193/lib/vscode/resources/app/out/vs/workbench/api/node/extensionHostProcess.js:154:240611)
	at k.registerCommand.description (/nix/store/3j0nsr6g8fc0kb20hxhvfnsh83bk0fg6-vscodium-1.91.1.24193/lib/vscode/resources/app/out/vs/workbench/api/node/extensionHostProcess.js:154:239855)
	at f._executeContributedCommand (/nix/store/3j0nsr6g8fc0kb20hxhvfnsh83bk0fg6-vscodium-1.91.1.24193/lib/vscode/resources/app/out/vs/workbench/api/node/extensionHostProcess.js:154:241924)
	at f._doExecuteCommand (/nix/store/3j0nsr6g8fc0kb20hxhvfnsh83bk0fg6-vscodium-1.91.1.24193/lib/vscode/resources/app/out/vs/workbench/api/node/extensionHostProcess.js:154:240744)
	at f.executeCommand (/nix/store/3j0nsr6g8fc0kb20hxhvfnsh83bk0fg6-vscodium-1.91.1.24193/lib/vscode/resources/app/out/vs/workbench/api/node/extensionHostProcess.js:154:240611)
	at Object.executeCommand (/nix/store/3j0nsr6g8fc0kb20hxhvfnsh83bk0fg6-vscodium-1.91.1.24193/lib/vscode/resources/app/out/vs/workbench/api/node/extensionHostProcess.js:164:29715)
	at tr.set (/home/ser/.vscode-oss/extensions/ms-toolsai.jupyter-2024.6.0-universal/dist/extension.node.js:304:163863)
	at Xb.updateContextOfActiveNotebookKernel (/home/ser/.vscode-oss/extensions/ms-toolsai.jupyter-2024.6.0-universal/dist/extension.node.js:373:11480)
	at Xb.onDidKernelStatusChange (/home/ser/.vscode-oss/extensions/ms-toolsai.jupyter-2024.6.0-universal/dist/extension.node.js:373:13070)
	at r._deliver (/nix/store/3j0nsr6g8fc0kb20hxhvfnsh83bk0fg6-vscodium-1.91.1.24193/lib/vscode/resources/app/out/vs/workbench/api/node/extensionHostProcess.js:83:915)
	at r._deliverQueue (/nix/store/3j0nsr6g8fc0kb20hxhvfnsh83bk0fg6-vscodium-1.91.1.24193/lib/vscode/resources/app/out/vs/workbench/api/node/extensionHostProcess.js:83:1006)
	at r.fire (/nix/store/3j0nsr6g8fc0kb20hxhvfnsh83bk0fg6-vscodium-1.91.1.24193/lib/vscode/resources/app/out/vs/workbench/api/node/extensionHostProcess.js:83:1341)
	at my.<anonymous> (/home/ser/.vscode-oss/extensions/ms-toolsai.jupyter-2024.6.0-universal/dist/extension.node.js:299:2825)
	at r._deliver (/nix/store/3j0nsr6g8fc0kb20hxhvfnsh83bk0fg6-vscodium-1.91.1.24193/lib/vscode/resources/app/out/vs/workbench/api/node/extensionHostProcess.js:83:915)
	at r._deliverQueue (/nix/store/3j0nsr6g8fc0kb20hxhvfnsh83bk0fg6-vscodium-1.91.1.24193/lib/vscode/resources/app/out/vs/workbench/api/node/extensionHostProcess.js:83:1006)
	at r.fire (/nix/store/3j0nsr6g8fc0kb20hxhvfnsh83bk0fg6-vscodium-1.91.1.24193/lib/vscode/resources/app/out/vs/workbench/api/node/extensionHostProcess.js:83:1341)
	at e (/home/ser/.vscode-oss/extensions/ms-toolsai.jupyter-2024.6.0-universal/dist/extension.node.js:285:31911)
	at YD.dispose (/home/ser/.vscode-oss/extensions/ms-toolsai.jupyter-2024.6.0-universal/dist/extension.node.js:285:32034)
	at /home/ser/.vscode-oss/extensions/ms-toolsai.jupyter-2024.6.0-universal/dist/extension.node.js:183:1926
	at Array.map (<anonymous>)
	at fg.dispose (/home/ser/.vscode-oss/extensions/ms-toolsai.jupyter-2024.6.0-universal/dist/extension.node.js:183:1917)
	at Object.Wfe (/home/ser/.vscode-oss/extensions/ms-toolsai.jupyter-2024.6.0-universal/dist/extension.node.js:436:3379)
	at Object.m (/home/ser/.vscode-oss/extensions/ms-toolsai.jupyter-2024.6.0-universal/dist/extension.node.proxy.js:1:1025)
	at m._deactivate (/nix/store/3j0nsr6g8fc0kb20hxhvfnsh83bk0fg6-vscodium-1.91.1.24193/lib/vscode/resources/app/out/vs/workbench/api/node/extensionHostProcess.js:160:12819)
	at /nix/store/3j0nsr6g8fc0kb20hxhvfnsh83bk0fg6-vscodium-1.91.1.24193/lib/vscode/resources/app/out/vs/workbench/api/node/extensionHostProcess.js:160:10194
	at Array.map (<anonymous>)
	at m._deactivateAll (/nix/store/3j0nsr6g8fc0kb20hxhvfnsh83bk0fg6-vscodium-1.91.1.24193/lib/vscode/resources/app/out/vs/workbench/api/node/extensionHostProcess.js:160:10181)
	at m.terminate (/nix/store/3j0nsr6g8fc0kb20hxhvfnsh83bk0fg6-vscodium-1.91.1.24193/lib/vscode/resources/app/out/vs/workbench/api/node/extensionHostProcess.js:160:10564)
	at h.terminate (/nix/store/3j0nsr6g8fc0kb20hxhvfnsh83bk0fg6-vscodium-1.91.1.24193/lib/vscode/resources/app/out/vs/workbench/api/node/extensionHostProcess.js:164:1908)
	at i (/nix/store/3j0nsr6g8fc0kb20hxhvfnsh83bk0fg6-vscodium-1.91.1.24193/lib/vscode/resources/app/out/vs/workbench/api/node/extensionHostProcess.js:177:12354)
	at MessagePortMain.<anonymous> (/nix/store/3j0nsr6g8fc0kb20hxhvfnsh83bk0fg6-vscodium-1.91.1.24193/lib/vscode/resources/app/out/vs/workbench/api/node/extensionHostProcess.js:177:8164)
	at MessagePortMain.emit (node:events:514:28)
	at MessagePortMain._internalPort.emit (node:electron/js2c/utility_init:2:2285) setContext undefined
2024-08-23 02:29:20.235 [info] Extension host with pid 32858 exiting with code 0
