2024-08-31 11:52:01.976 [info] Extension host with pid 17729 started
2024-08-31 11:52:01.976 [info] Skipping acquiring lock for /home/ser/.config/VSCodium/User/workspaceStorage/7a4386decced02b99e03b2912964450d.
2024-08-31 11:52:02.019 [info] ExtensionService#_doActivateExtension vscode.ipynb, startup: false, activationEvent: 'onNotebookSerializer:jupyter-notebook'
2024-08-31 11:52:02.036 [info] ExtensionService#_doActivateExtension vscode.git-base, startup: true, activationEvent: '*', root cause: vscode.git
2024-08-31 11:52:02.048 [info] ExtensionService#_doActivateExtension vscode.git, startup: true, activationEvent: '*'
2024-08-31 11:52:02.067 [info] ExtensionService#_doActivateExtension vscode.github, startup: true, activationEvent: '*'
2024-08-31 11:52:02.080 [info] ExtensionService#_doActivateExtension ms-toolsai.jupyter, startup: false, activationEvent: 'onNotebook:jupyter-notebook'
2024-08-31 11:52:02.081 [info] ExtensionService#_doActivateExtension ms-toolsai.vscode-jupyter-cell-tags, startup: false, activationEvent: 'onNotebook:jupyter-notebook'
2024-08-31 11:52:02.083 [info] ExtensionService#_doActivateExtension ms-toolsai.vscode-jupyter-slideshow, startup: false, activationEvent: 'onNotebook:jupyter-notebook'
2024-08-31 11:52:02.187 [info] Eager extensions activated
2024-08-31 11:52:02.188 [info] ExtensionService#_doActivateExtension ms-python.python, startup: false, activationEvent: 'api', root cause: ms-toolsai.jupyter
2024-08-31 11:52:02.272 [info] ExtensionService#_doActivateExtension ms-toolsai.jupyter-renderers, startup: false, activationEvent: 'api', root cause: ms-toolsai.jupyter
2024-08-31 11:52:02.276 [info] ExtensionService#_doActivateExtension vscode.debug-auto-launch, startup: false, activationEvent: 'onStartupFinished'
2024-08-31 11:52:02.277 [info] ExtensionService#_doActivateExtension vscode.merge-conflict, startup: false, activationEvent: 'onStartupFinished'
2024-08-31 11:52:02.280 [info] ExtensionService#_doActivateExtension asvetliakov.vscode-neovim, startup: false, activationEvent: 'onStartupFinished'
2024-08-31 11:52:02.299 [error] Error: spawn /home/ser/.vscode-oss/extensions/ms-python.python-2024.12.3-universal/python-env-tools/bin/pet ENOENT
	at ChildProcess._handle.onexit (node:internal/child_process:286:19)
	at onErrorNT (node:internal/child_process:484:16)
	at process.processTicksAndRejections (node:internal/process/task_queues:82:21)
2024-08-31 11:52:02.338 [info] ExtensionService#_doActivateExtension vscode.emmet, startup: false, activationEvent: 'onLanguage'
2024-08-31 11:52:02.412 [info] ExtensionService#_doActivateExtension ms-python.debugpy, startup: false, activationEvent: 'onLanguage:python'
2024-08-31 12:59:24.186 [info] ExtensionService#_doActivateExtension vscode.extension-editing, startup: false, activationEvent: 'onLanguage:markdown'
2024-08-31 12:59:24.192 [info] ExtensionService#_doActivateExtension vscode.markdown-language-features, startup: false, activationEvent: 'onLanguage:markdown'
2024-08-31 12:59:24.472 [info] ExtensionService#_doActivateExtension vscode.markdown-math, startup: false, activationEvent: 'api', root cause: vscode.markdown-language-features
2024-08-31 13:04:29.293 [warning] ExtHostTextEditorOptions 'setCursorStyle' failed:'
2024-08-31 13:04:29.293 [warning] Illegal argument: TextEditor(vs.editor.ICodeEditor:33,$model54)
2024-08-31 13:43:33.593 [info] Extension host terminating: renderer closed the MessagePort
2024-08-31 13:43:33.692 [warning] ExtHostTextEditorOptions 'setCursorStyle' failed:'
2024-08-31 13:43:33.693 [warning] Canceled
2024-08-31 13:43:33.693 [warning] ExtHostTextEditorOptions 'setCursorStyle' failed:'
2024-08-31 13:43:33.693 [warning] Canceled
2024-08-31 13:43:33.696 [error] Canceled: Canceled
	at new T (/nix/store/3j0nsr6g8fc0kb20hxhvfnsh83bk0fg6-vscodium-1.91.1.24193/lib/vscode/resources/app/out/vs/workbench/api/node/extensionHostProcess.js:144:39096)
	at y._remoteCall (/nix/store/3j0nsr6g8fc0kb20hxhvfnsh83bk0fg6-vscodium-1.91.1.24193/lib/vscode/resources/app/out/vs/workbench/api/node/extensionHostProcess.js:151:8166)
	at U.<computed>.F.charCodeAt.R.CharCode.DollarSign.U.<computed> (/nix/store/3j0nsr6g8fc0kb20hxhvfnsh83bk0fg6-vscodium-1.91.1.24193/lib/vscode/resources/app/out/vs/workbench/api/node/extensionHostProcess.js:151:4351)
	at f._doExecuteCommand (/nix/store/3j0nsr6g8fc0kb20hxhvfnsh83bk0fg6-vscodium-1.91.1.24193/lib/vscode/resources/app/out/vs/workbench/api/node/extensionHostProcess.js:154:241286)
	at f.executeCommand (/nix/store/3j0nsr6g8fc0kb20hxhvfnsh83bk0fg6-vscodium-1.91.1.24193/lib/vscode/resources/app/out/vs/workbench/api/node/extensionHostProcess.js:154:240611)
	at k.registerCommand.description (/nix/store/3j0nsr6g8fc0kb20hxhvfnsh83bk0fg6-vscodium-1.91.1.24193/lib/vscode/resources/app/out/vs/workbench/api/node/extensionHostProcess.js:154:239855)
	at f._executeContributedCommand (/nix/store/3j0nsr6g8fc0kb20hxhvfnsh83bk0fg6-vscodium-1.91.1.24193/lib/vscode/resources/app/out/vs/workbench/api/node/extensionHostProcess.js:154:241924)
	at f._doExecuteCommand (/nix/store/3j0nsr6g8fc0kb20hxhvfnsh83bk0fg6-vscodium-1.91.1.24193/lib/vscode/resources/app/out/vs/workbench/api/node/extensionHostProcess.js:154:240744)
	at f.executeCommand (/nix/store/3j0nsr6g8fc0kb20hxhvfnsh83bk0fg6-vscodium-1.91.1.24193/lib/vscode/resources/app/out/vs/workbench/api/node/extensionHostProcess.js:154:240611)
	at Object.executeCommand (/nix/store/3j0nsr6g8fc0kb20hxhvfnsh83bk0fg6-vscodium-1.91.1.24193/lib/vscode/resources/app/out/vs/workbench/api/node/extensionHostProcess.js:164:29715)
	at T.reset (/home/ser/.vscode-oss/extensions/asvetliakov.vscode-neovim-1.18.8-universal/dist/extension.js:2:187723)
	at l.<anonymous> (/home/ser/.vscode-oss/extensions/asvetliakov.vscode-neovim-1.18.8-universal/dist/extension.js:2:406042)
	at l.dispose (/nix/store/3j0nsr6g8fc0kb20hxhvfnsh83bk0fg6-vscodium-1.91.1.24193/lib/vscode/resources/app/out/vs/workbench/api/node/extensionHostProcess.js:152:6342)
	at h (/nix/store/3j0nsr6g8fc0kb20hxhvfnsh83bk0fg6-vscodium-1.91.1.24193/lib/vscode/resources/app/out/vs/workbench/api/node/extensionHostProcess.js:30:758)
	at m._deactivate (/nix/store/3j0nsr6g8fc0kb20hxhvfnsh83bk0fg6-vscodium-1.91.1.24193/lib/vscode/resources/app/out/vs/workbench/api/node/extensionHostProcess.js:160:13048)
	at /nix/store/3j0nsr6g8fc0kb20hxhvfnsh83bk0fg6-vscodium-1.91.1.24193/lib/vscode/resources/app/out/vs/workbench/api/node/extensionHostProcess.js:160:10194
	at Array.map (<anonymous>)
	at m._deactivateAll (/nix/store/3j0nsr6g8fc0kb20hxhvfnsh83bk0fg6-vscodium-1.91.1.24193/lib/vscode/resources/app/out/vs/workbench/api/node/extensionHostProcess.js:160:10181)
	at m.terminate (/nix/store/3j0nsr6g8fc0kb20hxhvfnsh83bk0fg6-vscodium-1.91.1.24193/lib/vscode/resources/app/out/vs/workbench/api/node/extensionHostProcess.js:160:10564)
	at h.terminate (/nix/store/3j0nsr6g8fc0kb20hxhvfnsh83bk0fg6-vscodium-1.91.1.24193/lib/vscode/resources/app/out/vs/workbench/api/node/extensionHostProcess.js:164:1908)
	at i (/nix/store/3j0nsr6g8fc0kb20hxhvfnsh83bk0fg6-vscodium-1.91.1.24193/lib/vscode/resources/app/out/vs/workbench/api/node/extensionHostProcess.js:177:12354)
	at MessagePortMain.<anonymous> (/nix/store/3j0nsr6g8fc0kb20hxhvfnsh83bk0fg6-vscodium-1.91.1.24193/lib/vscode/resources/app/out/vs/workbench/api/node/extensionHostProcess.js:177:8164)
	at MessagePortMain.emit (node:events:514:28)
	at MessagePortMain._internalPort.emit (node:electron/js2c/utility_init:2:2285) setContext undefined
2024-08-31 13:43:33.697 [error] Canceled: Canceled
	at new T (/nix/store/3j0nsr6g8fc0kb20hxhvfnsh83bk0fg6-vscodium-1.91.1.24193/lib/vscode/resources/app/out/vs/workbench/api/node/extensionHostProcess.js:144:39096)
	at y._remoteCall (/nix/store/3j0nsr6g8fc0kb20hxhvfnsh83bk0fg6-vscodium-1.91.1.24193/lib/vscode/resources/app/out/vs/workbench/api/node/extensionHostProcess.js:151:8166)
	at U.<computed>.F.charCodeAt.R.CharCode.DollarSign.U.<computed> (/nix/store/3j0nsr6g8fc0kb20hxhvfnsh83bk0fg6-vscodium-1.91.1.24193/lib/vscode/resources/app/out/vs/workbench/api/node/extensionHostProcess.js:151:4351)
	at f._doExecuteCommand (/nix/store/3j0nsr6g8fc0kb20hxhvfnsh83bk0fg6-vscodium-1.91.1.24193/lib/vscode/resources/app/out/vs/workbench/api/node/extensionHostProcess.js:154:241286)
	at f.executeCommand (/nix/store/3j0nsr6g8fc0kb20hxhvfnsh83bk0fg6-vscodium-1.91.1.24193/lib/vscode/resources/app/out/vs/workbench/api/node/extensionHostProcess.js:154:240611)
	at k.registerCommand.description (/nix/store/3j0nsr6g8fc0kb20hxhvfnsh83bk0fg6-vscodium-1.91.1.24193/lib/vscode/resources/app/out/vs/workbench/api/node/extensionHostProcess.js:154:239855)
	at f._executeContributedCommand (/nix/store/3j0nsr6g8fc0kb20hxhvfnsh83bk0fg6-vscodium-1.91.1.24193/lib/vscode/resources/app/out/vs/workbench/api/node/extensionHostProcess.js:154:241924)
	at f._doExecuteCommand (/nix/store/3j0nsr6g8fc0kb20hxhvfnsh83bk0fg6-vscodium-1.91.1.24193/lib/vscode/resources/app/out/vs/workbench/api/node/extensionHostProcess.js:154:240744)
	at f.executeCommand (/nix/store/3j0nsr6g8fc0kb20hxhvfnsh83bk0fg6-vscodium-1.91.1.24193/lib/vscode/resources/app/out/vs/workbench/api/node/extensionHostProcess.js:154:240611)
	at Object.executeCommand (/nix/store/3j0nsr6g8fc0kb20hxhvfnsh83bk0fg6-vscodium-1.91.1.24193/lib/vscode/resources/app/out/vs/workbench/api/node/extensionHostProcess.js:164:29715)
	at T.reset (/home/ser/.vscode-oss/extensions/asvetliakov.vscode-neovim-1.18.8-universal/dist/extension.js:2:187723)
	at l.<anonymous> (/home/ser/.vscode-oss/extensions/asvetliakov.vscode-neovim-1.18.8-universal/dist/extension.js:2:406042)
	at l.dispose (/nix/store/3j0nsr6g8fc0kb20hxhvfnsh83bk0fg6-vscodium-1.91.1.24193/lib/vscode/resources/app/out/vs/workbench/api/node/extensionHostProcess.js:152:6342)
	at h (/nix/store/3j0nsr6g8fc0kb20hxhvfnsh83bk0fg6-vscodium-1.91.1.24193/lib/vscode/resources/app/out/vs/workbench/api/node/extensionHostProcess.js:30:758)
	at m._deactivate (/nix/store/3j0nsr6g8fc0kb20hxhvfnsh83bk0fg6-vscodium-1.91.1.24193/lib/vscode/resources/app/out/vs/workbench/api/node/extensionHostProcess.js:160:13048)
	at /nix/store/3j0nsr6g8fc0kb20hxhvfnsh83bk0fg6-vscodium-1.91.1.24193/lib/vscode/resources/app/out/vs/workbench/api/node/extensionHostProcess.js:160:10194
	at Array.map (<anonymous>)
	at m._deactivateAll (/nix/store/3j0nsr6g8fc0kb20hxhvfnsh83bk0fg6-vscodium-1.91.1.24193/lib/vscode/resources/app/out/vs/workbench/api/node/extensionHostProcess.js:160:10181)
	at m.terminate (/nix/store/3j0nsr6g8fc0kb20hxhvfnsh83bk0fg6-vscodium-1.91.1.24193/lib/vscode/resources/app/out/vs/workbench/api/node/extensionHostProcess.js:160:10564)
	at h.terminate (/nix/store/3j0nsr6g8fc0kb20hxhvfnsh83bk0fg6-vscodium-1.91.1.24193/lib/vscode/resources/app/out/vs/workbench/api/node/extensionHostProcess.js:164:1908)
	at i (/nix/store/3j0nsr6g8fc0kb20hxhvfnsh83bk0fg6-vscodium-1.91.1.24193/lib/vscode/resources/app/out/vs/workbench/api/node/extensionHostProcess.js:177:12354)
	at MessagePortMain.<anonymous> (/nix/store/3j0nsr6g8fc0kb20hxhvfnsh83bk0fg6-vscodium-1.91.1.24193/lib/vscode/resources/app/out/vs/workbench/api/node/extensionHostProcess.js:177:8164)
	at MessagePortMain.emit (node:events:514:28)
	at MessagePortMain._internalPort.emit (node:electron/js2c/utility_init:2:2285) setContext undefined
2024-08-31 13:43:33.697 [error] Canceled: Canceled
	at new T (/nix/store/3j0nsr6g8fc0kb20hxhvfnsh83bk0fg6-vscodium-1.91.1.24193/lib/vscode/resources/app/out/vs/workbench/api/node/extensionHostProcess.js:144:39096)
	at y._remoteCall (/nix/store/3j0nsr6g8fc0kb20hxhvfnsh83bk0fg6-vscodium-1.91.1.24193/lib/vscode/resources/app/out/vs/workbench/api/node/extensionHostProcess.js:151:8166)
	at U.<computed>.F.charCodeAt.R.CharCode.DollarSign.U.<computed> (/nix/store/3j0nsr6g8fc0kb20hxhvfnsh83bk0fg6-vscodium-1.91.1.24193/lib/vscode/resources/app/out/vs/workbench/api/node/extensionHostProcess.js:151:4351)
	at f._doExecuteCommand (/nix/store/3j0nsr6g8fc0kb20hxhvfnsh83bk0fg6-vscodium-1.91.1.24193/lib/vscode/resources/app/out/vs/workbench/api/node/extensionHostProcess.js:154:241286)
	at f.executeCommand (/nix/store/3j0nsr6g8fc0kb20hxhvfnsh83bk0fg6-vscodium-1.91.1.24193/lib/vscode/resources/app/out/vs/workbench/api/node/extensionHostProcess.js:154:240611)
	at k.registerCommand.description (/nix/store/3j0nsr6g8fc0kb20hxhvfnsh83bk0fg6-vscodium-1.91.1.24193/lib/vscode/resources/app/out/vs/workbench/api/node/extensionHostProcess.js:154:239855)
	at f._executeContributedCommand (/nix/store/3j0nsr6g8fc0kb20hxhvfnsh83bk0fg6-vscodium-1.91.1.24193/lib/vscode/resources/app/out/vs/workbench/api/node/extensionHostProcess.js:154:241924)
	at f._doExecuteCommand (/nix/store/3j0nsr6g8fc0kb20hxhvfnsh83bk0fg6-vscodium-1.91.1.24193/lib/vscode/resources/app/out/vs/workbench/api/node/extensionHostProcess.js:154:240744)
	at f.executeCommand (/nix/store/3j0nsr6g8fc0kb20hxhvfnsh83bk0fg6-vscodium-1.91.1.24193/lib/vscode/resources/app/out/vs/workbench/api/node/extensionHostProcess.js:154:240611)
	at Object.executeCommand (/nix/store/3j0nsr6g8fc0kb20hxhvfnsh83bk0fg6-vscodium-1.91.1.24193/lib/vscode/resources/app/out/vs/workbench/api/node/extensionHostProcess.js:164:29715)
	at T.reset (/home/ser/.vscode-oss/extensions/asvetliakov.vscode-neovim-1.18.8-universal/dist/extension.js:2:187723)
	at l.<anonymous> (/home/ser/.vscode-oss/extensions/asvetliakov.vscode-neovim-1.18.8-universal/dist/extension.js:2:406042)
	at l.dispose (/nix/store/3j0nsr6g8fc0kb20hxhvfnsh83bk0fg6-vscodium-1.91.1.24193/lib/vscode/resources/app/out/vs/workbench/api/node/extensionHostProcess.js:152:6342)
	at h (/nix/store/3j0nsr6g8fc0kb20hxhvfnsh83bk0fg6-vscodium-1.91.1.24193/lib/vscode/resources/app/out/vs/workbench/api/node/extensionHostProcess.js:30:758)
	at m._deactivate (/nix/store/3j0nsr6g8fc0kb20hxhvfnsh83bk0fg6-vscodium-1.91.1.24193/lib/vscode/resources/app/out/vs/workbench/api/node/extensionHostProcess.js:160:13048)
	at /nix/store/3j0nsr6g8fc0kb20hxhvfnsh83bk0fg6-vscodium-1.91.1.24193/lib/vscode/resources/app/out/vs/workbench/api/node/extensionHostProcess.js:160:10194
	at Array.map (<anonymous>)
	at m._deactivateAll (/nix/store/3j0nsr6g8fc0kb20hxhvfnsh83bk0fg6-vscodium-1.91.1.24193/lib/vscode/resources/app/out/vs/workbench/api/node/extensionHostProcess.js:160:10181)
	at m.terminate (/nix/store/3j0nsr6g8fc0kb20hxhvfnsh83bk0fg6-vscodium-1.91.1.24193/lib/vscode/resources/app/out/vs/workbench/api/node/extensionHostProcess.js:160:10564)
	at h.terminate (/nix/store/3j0nsr6g8fc0kb20hxhvfnsh83bk0fg6-vscodium-1.91.1.24193/lib/vscode/resources/app/out/vs/workbench/api/node/extensionHostProcess.js:164:1908)
	at i (/nix/store/3j0nsr6g8fc0kb20hxhvfnsh83bk0fg6-vscodium-1.91.1.24193/lib/vscode/resources/app/out/vs/workbench/api/node/extensionHostProcess.js:177:12354)
	at MessagePortMain.<anonymous> (/nix/store/3j0nsr6g8fc0kb20hxhvfnsh83bk0fg6-vscodium-1.91.1.24193/lib/vscode/resources/app/out/vs/workbench/api/node/extensionHostProcess.js:177:8164)
	at MessagePortMain.emit (node:events:514:28)
	at MessagePortMain._internalPort.emit (node:electron/js2c/utility_init:2:2285) setContext undefined
2024-08-31 13:43:33.697 [error] Canceled: Canceled
	at new T (/nix/store/3j0nsr6g8fc0kb20hxhvfnsh83bk0fg6-vscodium-1.91.1.24193/lib/vscode/resources/app/out/vs/workbench/api/node/extensionHostProcess.js:144:39096)
	at y._remoteCall (/nix/store/3j0nsr6g8fc0kb20hxhvfnsh83bk0fg6-vscodium-1.91.1.24193/lib/vscode/resources/app/out/vs/workbench/api/node/extensionHostProcess.js:151:8166)
	at U.<computed>.F.charCodeAt.R.CharCode.DollarSign.U.<computed> (/nix/store/3j0nsr6g8fc0kb20hxhvfnsh83bk0fg6-vscodium-1.91.1.24193/lib/vscode/resources/app/out/vs/workbench/api/node/extensionHostProcess.js:151:4351)
	at f._doExecuteCommand (/nix/store/3j0nsr6g8fc0kb20hxhvfnsh83bk0fg6-vscodium-1.91.1.24193/lib/vscode/resources/app/out/vs/workbench/api/node/extensionHostProcess.js:154:241286)
	at f.executeCommand (/nix/store/3j0nsr6g8fc0kb20hxhvfnsh83bk0fg6-vscodium-1.91.1.24193/lib/vscode/resources/app/out/vs/workbench/api/node/extensionHostProcess.js:154:240611)
	at k.registerCommand.description (/nix/store/3j0nsr6g8fc0kb20hxhvfnsh83bk0fg6-vscodium-1.91.1.24193/lib/vscode/resources/app/out/vs/workbench/api/node/extensionHostProcess.js:154:239855)
	at f._executeContributedCommand (/nix/store/3j0nsr6g8fc0kb20hxhvfnsh83bk0fg6-vscodium-1.91.1.24193/lib/vscode/resources/app/out/vs/workbench/api/node/extensionHostProcess.js:154:241924)
	at f._doExecuteCommand (/nix/store/3j0nsr6g8fc0kb20hxhvfnsh83bk0fg6-vscodium-1.91.1.24193/lib/vscode/resources/app/out/vs/workbench/api/node/extensionHostProcess.js:154:240744)
	at f.executeCommand (/nix/store/3j0nsr6g8fc0kb20hxhvfnsh83bk0fg6-vscodium-1.91.1.24193/lib/vscode/resources/app/out/vs/workbench/api/node/extensionHostProcess.js:154:240611)
	at Object.executeCommand (/nix/store/3j0nsr6g8fc0kb20hxhvfnsh83bk0fg6-vscodium-1.91.1.24193/lib/vscode/resources/app/out/vs/workbench/api/node/extensionHostProcess.js:164:29715)
	at T.reset (/home/ser/.vscode-oss/extensions/asvetliakov.vscode-neovim-1.18.8-universal/dist/extension.js:2:187723)
	at l.<anonymous> (/home/ser/.vscode-oss/extensions/asvetliakov.vscode-neovim-1.18.8-universal/dist/extension.js:2:406042)
	at l.dispose (/nix/store/3j0nsr6g8fc0kb20hxhvfnsh83bk0fg6-vscodium-1.91.1.24193/lib/vscode/resources/app/out/vs/workbench/api/node/extensionHostProcess.js:152:6342)
	at h (/nix/store/3j0nsr6g8fc0kb20hxhvfnsh83bk0fg6-vscodium-1.91.1.24193/lib/vscode/resources/app/out/vs/workbench/api/node/extensionHostProcess.js:30:758)
	at m._deactivate (/nix/store/3j0nsr6g8fc0kb20hxhvfnsh83bk0fg6-vscodium-1.91.1.24193/lib/vscode/resources/app/out/vs/workbench/api/node/extensionHostProcess.js:160:13048)
	at /nix/store/3j0nsr6g8fc0kb20hxhvfnsh83bk0fg6-vscodium-1.91.1.24193/lib/vscode/resources/app/out/vs/workbench/api/node/extensionHostProcess.js:160:10194
	at Array.map (<anonymous>)
	at m._deactivateAll (/nix/store/3j0nsr6g8fc0kb20hxhvfnsh83bk0fg6-vscodium-1.91.1.24193/lib/vscode/resources/app/out/vs/workbench/api/node/extensionHostProcess.js:160:10181)
	at m.terminate (/nix/store/3j0nsr6g8fc0kb20hxhvfnsh83bk0fg6-vscodium-1.91.1.24193/lib/vscode/resources/app/out/vs/workbench/api/node/extensionHostProcess.js:160:10564)
	at h.terminate (/nix/store/3j0nsr6g8fc0kb20hxhvfnsh83bk0fg6-vscodium-1.91.1.24193/lib/vscode/resources/app/out/vs/workbench/api/node/extensionHostProcess.js:164:1908)
	at i (/nix/store/3j0nsr6g8fc0kb20hxhvfnsh83bk0fg6-vscodium-1.91.1.24193/lib/vscode/resources/app/out/vs/workbench/api/node/extensionHostProcess.js:177:12354)
	at MessagePortMain.<anonymous> (/nix/store/3j0nsr6g8fc0kb20hxhvfnsh83bk0fg6-vscodium-1.91.1.24193/lib/vscode/resources/app/out/vs/workbench/api/node/extensionHostProcess.js:177:8164)
	at MessagePortMain.emit (node:events:514:28)
	at MessagePortMain._internalPort.emit (node:electron/js2c/utility_init:2:2285) setContext undefined
2024-08-31 13:43:33.698 [error] Canceled: Canceled
	at new T (/nix/store/3j0nsr6g8fc0kb20hxhvfnsh83bk0fg6-vscodium-1.91.1.24193/lib/vscode/resources/app/out/vs/workbench/api/node/extensionHostProcess.js:144:39096)
	at y._remoteCall (/nix/store/3j0nsr6g8fc0kb20hxhvfnsh83bk0fg6-vscodium-1.91.1.24193/lib/vscode/resources/app/out/vs/workbench/api/node/extensionHostProcess.js:151:8166)
	at U.<computed>.F.charCodeAt.R.CharCode.DollarSign.U.<computed> (/nix/store/3j0nsr6g8fc0kb20hxhvfnsh83bk0fg6-vscodium-1.91.1.24193/lib/vscode/resources/app/out/vs/workbench/api/node/extensionHostProcess.js:151:4351)
	at f._doExecuteCommand (/nix/store/3j0nsr6g8fc0kb20hxhvfnsh83bk0fg6-vscodium-1.91.1.24193/lib/vscode/resources/app/out/vs/workbench/api/node/extensionHostProcess.js:154:241286)
	at f.executeCommand (/nix/store/3j0nsr6g8fc0kb20hxhvfnsh83bk0fg6-vscodium-1.91.1.24193/lib/vscode/resources/app/out/vs/workbench/api/node/extensionHostProcess.js:154:240611)
	at k.registerCommand.description (/nix/store/3j0nsr6g8fc0kb20hxhvfnsh83bk0fg6-vscodium-1.91.1.24193/lib/vscode/resources/app/out/vs/workbench/api/node/extensionHostProcess.js:154:239855)
	at f._executeContributedCommand (/nix/store/3j0nsr6g8fc0kb20hxhvfnsh83bk0fg6-vscodium-1.91.1.24193/lib/vscode/resources/app/out/vs/workbench/api/node/extensionHostProcess.js:154:241924)
	at f._doExecuteCommand (/nix/store/3j0nsr6g8fc0kb20hxhvfnsh83bk0fg6-vscodium-1.91.1.24193/lib/vscode/resources/app/out/vs/workbench/api/node/extensionHostProcess.js:154:240744)
	at f.executeCommand (/nix/store/3j0nsr6g8fc0kb20hxhvfnsh83bk0fg6-vscodium-1.91.1.24193/lib/vscode/resources/app/out/vs/workbench/api/node/extensionHostProcess.js:154:240611)
	at Object.executeCommand (/nix/store/3j0nsr6g8fc0kb20hxhvfnsh83bk0fg6-vscodium-1.91.1.24193/lib/vscode/resources/app/out/vs/workbench/api/node/extensionHostProcess.js:164:29715)
	at T.reset (/home/ser/.vscode-oss/extensions/asvetliakov.vscode-neovim-1.18.8-universal/dist/extension.js:2:187723)
	at l.<anonymous> (/home/ser/.vscode-oss/extensions/asvetliakov.vscode-neovim-1.18.8-universal/dist/extension.js:2:406042)
	at l.dispose (/nix/store/3j0nsr6g8fc0kb20hxhvfnsh83bk0fg6-vscodium-1.91.1.24193/lib/vscode/resources/app/out/vs/workbench/api/node/extensionHostProcess.js:152:6342)
	at h (/nix/store/3j0nsr6g8fc0kb20hxhvfnsh83bk0fg6-vscodium-1.91.1.24193/lib/vscode/resources/app/out/vs/workbench/api/node/extensionHostProcess.js:30:758)
	at m._deactivate (/nix/store/3j0nsr6g8fc0kb20hxhvfnsh83bk0fg6-vscodium-1.91.1.24193/lib/vscode/resources/app/out/vs/workbench/api/node/extensionHostProcess.js:160:13048)
	at /nix/store/3j0nsr6g8fc0kb20hxhvfnsh83bk0fg6-vscodium-1.91.1.24193/lib/vscode/resources/app/out/vs/workbench/api/node/extensionHostProcess.js:160:10194
	at Array.map (<anonymous>)
	at m._deactivateAll (/nix/store/3j0nsr6g8fc0kb20hxhvfnsh83bk0fg6-vscodium-1.91.1.24193/lib/vscode/resources/app/out/vs/workbench/api/node/extensionHostProcess.js:160:10181)
	at m.terminate (/nix/store/3j0nsr6g8fc0kb20hxhvfnsh83bk0fg6-vscodium-1.91.1.24193/lib/vscode/resources/app/out/vs/workbench/api/node/extensionHostProcess.js:160:10564)
	at h.terminate (/nix/store/3j0nsr6g8fc0kb20hxhvfnsh83bk0fg6-vscodium-1.91.1.24193/lib/vscode/resources/app/out/vs/workbench/api/node/extensionHostProcess.js:164:1908)
	at i (/nix/store/3j0nsr6g8fc0kb20hxhvfnsh83bk0fg6-vscodium-1.91.1.24193/lib/vscode/resources/app/out/vs/workbench/api/node/extensionHostProcess.js:177:12354)
	at MessagePortMain.<anonymous> (/nix/store/3j0nsr6g8fc0kb20hxhvfnsh83bk0fg6-vscodium-1.91.1.24193/lib/vscode/resources/app/out/vs/workbench/api/node/extensionHostProcess.js:177:8164)
	at MessagePortMain.emit (node:events:514:28)
	at MessagePortMain._internalPort.emit (node:electron/js2c/utility_init:2:2285) setContext undefined
2024-08-31 13:43:33.698 [error] Canceled: Canceled
	at new T (/nix/store/3j0nsr6g8fc0kb20hxhvfnsh83bk0fg6-vscodium-1.91.1.24193/lib/vscode/resources/app/out/vs/workbench/api/node/extensionHostProcess.js:144:39096)
	at y._remoteCall (/nix/store/3j0nsr6g8fc0kb20hxhvfnsh83bk0fg6-vscodium-1.91.1.24193/lib/vscode/resources/app/out/vs/workbench/api/node/extensionHostProcess.js:151:8166)
	at U.<computed>.F.charCodeAt.R.CharCode.DollarSign.U.<computed> (/nix/store/3j0nsr6g8fc0kb20hxhvfnsh83bk0fg6-vscodium-1.91.1.24193/lib/vscode/resources/app/out/vs/workbench/api/node/extensionHostProcess.js:151:4351)
	at f._doExecuteCommand (/nix/store/3j0nsr6g8fc0kb20hxhvfnsh83bk0fg6-vscodium-1.91.1.24193/lib/vscode/resources/app/out/vs/workbench/api/node/extensionHostProcess.js:154:241286)
	at f.executeCommand (/nix/store/3j0nsr6g8fc0kb20hxhvfnsh83bk0fg6-vscodium-1.91.1.24193/lib/vscode/resources/app/out/vs/workbench/api/node/extensionHostProcess.js:154:240611)
	at k.registerCommand.description (/nix/store/3j0nsr6g8fc0kb20hxhvfnsh83bk0fg6-vscodium-1.91.1.24193/lib/vscode/resources/app/out/vs/workbench/api/node/extensionHostProcess.js:154:239855)
	at f._executeContributedCommand (/nix/store/3j0nsr6g8fc0kb20hxhvfnsh83bk0fg6-vscodium-1.91.1.24193/lib/vscode/resources/app/out/vs/workbench/api/node/extensionHostProcess.js:154:241924)
	at f._doExecuteCommand (/nix/store/3j0nsr6g8fc0kb20hxhvfnsh83bk0fg6-vscodium-1.91.1.24193/lib/vscode/resources/app/out/vs/workbench/api/node/extensionHostProcess.js:154:240744)
	at f.executeCommand (/nix/store/3j0nsr6g8fc0kb20hxhvfnsh83bk0fg6-vscodium-1.91.1.24193/lib/vscode/resources/app/out/vs/workbench/api/node/extensionHostProcess.js:154:240611)
	at Object.executeCommand (/nix/store/3j0nsr6g8fc0kb20hxhvfnsh83bk0fg6-vscodium-1.91.1.24193/lib/vscode/resources/app/out/vs/workbench/api/node/extensionHostProcess.js:164:29715)
	at T.reset (/home/ser/.vscode-oss/extensions/asvetliakov.vscode-neovim-1.18.8-universal/dist/extension.js:2:187723)
	at l.<anonymous> (/home/ser/.vscode-oss/extensions/asvetliakov.vscode-neovim-1.18.8-universal/dist/extension.js:2:406042)
	at l.dispose (/nix/store/3j0nsr6g8fc0kb20hxhvfnsh83bk0fg6-vscodium-1.91.1.24193/lib/vscode/resources/app/out/vs/workbench/api/node/extensionHostProcess.js:152:6342)
	at h (/nix/store/3j0nsr6g8fc0kb20hxhvfnsh83bk0fg6-vscodium-1.91.1.24193/lib/vscode/resources/app/out/vs/workbench/api/node/extensionHostProcess.js:30:758)
	at m._deactivate (/nix/store/3j0nsr6g8fc0kb20hxhvfnsh83bk0fg6-vscodium-1.91.1.24193/lib/vscode/resources/app/out/vs/workbench/api/node/extensionHostProcess.js:160:13048)
	at /nix/store/3j0nsr6g8fc0kb20hxhvfnsh83bk0fg6-vscodium-1.91.1.24193/lib/vscode/resources/app/out/vs/workbench/api/node/extensionHostProcess.js:160:10194
	at Array.map (<anonymous>)
	at m._deactivateAll (/nix/store/3j0nsr6g8fc0kb20hxhvfnsh83bk0fg6-vscodium-1.91.1.24193/lib/vscode/resources/app/out/vs/workbench/api/node/extensionHostProcess.js:160:10181)
	at m.terminate (/nix/store/3j0nsr6g8fc0kb20hxhvfnsh83bk0fg6-vscodium-1.91.1.24193/lib/vscode/resources/app/out/vs/workbench/api/node/extensionHostProcess.js:160:10564)
	at h.terminate (/nix/store/3j0nsr6g8fc0kb20hxhvfnsh83bk0fg6-vscodium-1.91.1.24193/lib/vscode/resources/app/out/vs/workbench/api/node/extensionHostProcess.js:164:1908)
	at i (/nix/store/3j0nsr6g8fc0kb20hxhvfnsh83bk0fg6-vscodium-1.91.1.24193/lib/vscode/resources/app/out/vs/workbench/api/node/extensionHostProcess.js:177:12354)
	at MessagePortMain.<anonymous> (/nix/store/3j0nsr6g8fc0kb20hxhvfnsh83bk0fg6-vscodium-1.91.1.24193/lib/vscode/resources/app/out/vs/workbench/api/node/extensionHostProcess.js:177:8164)
	at MessagePortMain.emit (node:events:514:28)
	at MessagePortMain._internalPort.emit (node:electron/js2c/utility_init:2:2285) setContext undefined
2024-08-31 13:43:33.698 [error] Canceled: Canceled
	at new T (/nix/store/3j0nsr6g8fc0kb20hxhvfnsh83bk0fg6-vscodium-1.91.1.24193/lib/vscode/resources/app/out/vs/workbench/api/node/extensionHostProcess.js:144:39096)
	at y._remoteCall (/nix/store/3j0nsr6g8fc0kb20hxhvfnsh83bk0fg6-vscodium-1.91.1.24193/lib/vscode/resources/app/out/vs/workbench/api/node/extensionHostProcess.js:151:8166)
	at U.<computed>.F.charCodeAt.R.CharCode.DollarSign.U.<computed> (/nix/store/3j0nsr6g8fc0kb20hxhvfnsh83bk0fg6-vscodium-1.91.1.24193/lib/vscode/resources/app/out/vs/workbench/api/node/extensionHostProcess.js:151:4351)
	at f._doExecuteCommand (/nix/store/3j0nsr6g8fc0kb20hxhvfnsh83bk0fg6-vscodium-1.91.1.24193/lib/vscode/resources/app/out/vs/workbench/api/node/extensionHostProcess.js:154:241286)
	at f.executeCommand (/nix/store/3j0nsr6g8fc0kb20hxhvfnsh83bk0fg6-vscodium-1.91.1.24193/lib/vscode/resources/app/out/vs/workbench/api/node/extensionHostProcess.js:154:240611)
	at k.registerCommand.description (/nix/store/3j0nsr6g8fc0kb20hxhvfnsh83bk0fg6-vscodium-1.91.1.24193/lib/vscode/resources/app/out/vs/workbench/api/node/extensionHostProcess.js:154:239855)
	at f._executeContributedCommand (/nix/store/3j0nsr6g8fc0kb20hxhvfnsh83bk0fg6-vscodium-1.91.1.24193/lib/vscode/resources/app/out/vs/workbench/api/node/extensionHostProcess.js:154:241924)
	at f._doExecuteCommand (/nix/store/3j0nsr6g8fc0kb20hxhvfnsh83bk0fg6-vscodium-1.91.1.24193/lib/vscode/resources/app/out/vs/workbench/api/node/extensionHostProcess.js:154:240744)
	at f.executeCommand (/nix/store/3j0nsr6g8fc0kb20hxhvfnsh83bk0fg6-vscodium-1.91.1.24193/lib/vscode/resources/app/out/vs/workbench/api/node/extensionHostProcess.js:154:240611)
	at Object.executeCommand (/nix/store/3j0nsr6g8fc0kb20hxhvfnsh83bk0fg6-vscodium-1.91.1.24193/lib/vscode/resources/app/out/vs/workbench/api/node/extensionHostProcess.js:164:29715)
	at T.reset (/home/ser/.vscode-oss/extensions/asvetliakov.vscode-neovim-1.18.8-universal/dist/extension.js:2:187723)
	at l.<anonymous> (/home/ser/.vscode-oss/extensions/asvetliakov.vscode-neovim-1.18.8-universal/dist/extension.js:2:406042)
	at l.dispose (/nix/store/3j0nsr6g8fc0kb20hxhvfnsh83bk0fg6-vscodium-1.91.1.24193/lib/vscode/resources/app/out/vs/workbench/api/node/extensionHostProcess.js:152:6342)
	at h (/nix/store/3j0nsr6g8fc0kb20hxhvfnsh83bk0fg6-vscodium-1.91.1.24193/lib/vscode/resources/app/out/vs/workbench/api/node/extensionHostProcess.js:30:758)
	at m._deactivate (/nix/store/3j0nsr6g8fc0kb20hxhvfnsh83bk0fg6-vscodium-1.91.1.24193/lib/vscode/resources/app/out/vs/workbench/api/node/extensionHostProcess.js:160:13048)
	at /nix/store/3j0nsr6g8fc0kb20hxhvfnsh83bk0fg6-vscodium-1.91.1.24193/lib/vscode/resources/app/out/vs/workbench/api/node/extensionHostProcess.js:160:10194
	at Array.map (<anonymous>)
	at m._deactivateAll (/nix/store/3j0nsr6g8fc0kb20hxhvfnsh83bk0fg6-vscodium-1.91.1.24193/lib/vscode/resources/app/out/vs/workbench/api/node/extensionHostProcess.js:160:10181)
	at m.terminate (/nix/store/3j0nsr6g8fc0kb20hxhvfnsh83bk0fg6-vscodium-1.91.1.24193/lib/vscode/resources/app/out/vs/workbench/api/node/extensionHostProcess.js:160:10564)
	at h.terminate (/nix/store/3j0nsr6g8fc0kb20hxhvfnsh83bk0fg6-vscodium-1.91.1.24193/lib/vscode/resources/app/out/vs/workbench/api/node/extensionHostProcess.js:164:1908)
	at i (/nix/store/3j0nsr6g8fc0kb20hxhvfnsh83bk0fg6-vscodium-1.91.1.24193/lib/vscode/resources/app/out/vs/workbench/api/node/extensionHostProcess.js:177:12354)
	at MessagePortMain.<anonymous> (/nix/store/3j0nsr6g8fc0kb20hxhvfnsh83bk0fg6-vscodium-1.91.1.24193/lib/vscode/resources/app/out/vs/workbench/api/node/extensionHostProcess.js:177:8164)
	at MessagePortMain.emit (node:events:514:28)
	at MessagePortMain._internalPort.emit (node:electron/js2c/utility_init:2:2285) setContext undefined
2024-08-31 13:43:33.698 [error] Canceled: Canceled
	at new T (/nix/store/3j0nsr6g8fc0kb20hxhvfnsh83bk0fg6-vscodium-1.91.1.24193/lib/vscode/resources/app/out/vs/workbench/api/node/extensionHostProcess.js:144:39096)
	at y._remoteCall (/nix/store/3j0nsr6g8fc0kb20hxhvfnsh83bk0fg6-vscodium-1.91.1.24193/lib/vscode/resources/app/out/vs/workbench/api/node/extensionHostProcess.js:151:8166)
	at U.<computed>.F.charCodeAt.R.CharCode.DollarSign.U.<computed> (/nix/store/3j0nsr6g8fc0kb20hxhvfnsh83bk0fg6-vscodium-1.91.1.24193/lib/vscode/resources/app/out/vs/workbench/api/node/extensionHostProcess.js:151:4351)
	at f._doExecuteCommand (/nix/store/3j0nsr6g8fc0kb20hxhvfnsh83bk0fg6-vscodium-1.91.1.24193/lib/vscode/resources/app/out/vs/workbench/api/node/extensionHostProcess.js:154:241286)
	at f.executeCommand (/nix/store/3j0nsr6g8fc0kb20hxhvfnsh83bk0fg6-vscodium-1.91.1.24193/lib/vscode/resources/app/out/vs/workbench/api/node/extensionHostProcess.js:154:240611)
	at k.registerCommand.description (/nix/store/3j0nsr6g8fc0kb20hxhvfnsh83bk0fg6-vscodium-1.91.1.24193/lib/vscode/resources/app/out/vs/workbench/api/node/extensionHostProcess.js:154:239855)
	at f._executeContributedCommand (/nix/store/3j0nsr6g8fc0kb20hxhvfnsh83bk0fg6-vscodium-1.91.1.24193/lib/vscode/resources/app/out/vs/workbench/api/node/extensionHostProcess.js:154:241924)
	at f._doExecuteCommand (/nix/store/3j0nsr6g8fc0kb20hxhvfnsh83bk0fg6-vscodium-1.91.1.24193/lib/vscode/resources/app/out/vs/workbench/api/node/extensionHostProcess.js:154:240744)
	at f.executeCommand (/nix/store/3j0nsr6g8fc0kb20hxhvfnsh83bk0fg6-vscodium-1.91.1.24193/lib/vscode/resources/app/out/vs/workbench/api/node/extensionHostProcess.js:154:240611)
	at Object.executeCommand (/nix/store/3j0nsr6g8fc0kb20hxhvfnsh83bk0fg6-vscodium-1.91.1.24193/lib/vscode/resources/app/out/vs/workbench/api/node/extensionHostProcess.js:164:29715)
	at T.reset (/home/ser/.vscode-oss/extensions/asvetliakov.vscode-neovim-1.18.8-universal/dist/extension.js:2:187723)
	at l.<anonymous> (/home/ser/.vscode-oss/extensions/asvetliakov.vscode-neovim-1.18.8-universal/dist/extension.js:2:406042)
	at l.dispose (/nix/store/3j0nsr6g8fc0kb20hxhvfnsh83bk0fg6-vscodium-1.91.1.24193/lib/vscode/resources/app/out/vs/workbench/api/node/extensionHostProcess.js:152:6342)
	at h (/nix/store/3j0nsr6g8fc0kb20hxhvfnsh83bk0fg6-vscodium-1.91.1.24193/lib/vscode/resources/app/out/vs/workbench/api/node/extensionHostProcess.js:30:758)
	at m._deactivate (/nix/store/3j0nsr6g8fc0kb20hxhvfnsh83bk0fg6-vscodium-1.91.1.24193/lib/vscode/resources/app/out/vs/workbench/api/node/extensionHostProcess.js:160:13048)
	at /nix/store/3j0nsr6g8fc0kb20hxhvfnsh83bk0fg6-vscodium-1.91.1.24193/lib/vscode/resources/app/out/vs/workbench/api/node/extensionHostProcess.js:160:10194
	at Array.map (<anonymous>)
	at m._deactivateAll (/nix/store/3j0nsr6g8fc0kb20hxhvfnsh83bk0fg6-vscodium-1.91.1.24193/lib/vscode/resources/app/out/vs/workbench/api/node/extensionHostProcess.js:160:10181)
	at m.terminate (/nix/store/3j0nsr6g8fc0kb20hxhvfnsh83bk0fg6-vscodium-1.91.1.24193/lib/vscode/resources/app/out/vs/workbench/api/node/extensionHostProcess.js:160:10564)
	at h.terminate (/nix/store/3j0nsr6g8fc0kb20hxhvfnsh83bk0fg6-vscodium-1.91.1.24193/lib/vscode/resources/app/out/vs/workbench/api/node/extensionHostProcess.js:164:1908)
	at i (/nix/store/3j0nsr6g8fc0kb20hxhvfnsh83bk0fg6-vscodium-1.91.1.24193/lib/vscode/resources/app/out/vs/workbench/api/node/extensionHostProcess.js:177:12354)
	at MessagePortMain.<anonymous> (/nix/store/3j0nsr6g8fc0kb20hxhvfnsh83bk0fg6-vscodium-1.91.1.24193/lib/vscode/resources/app/out/vs/workbench/api/node/extensionHostProcess.js:177:8164)
	at MessagePortMain.emit (node:events:514:28)
	at MessagePortMain._internalPort.emit (node:electron/js2c/utility_init:2:2285) setContext undefined
2024-08-31 13:43:33.698 [error] Canceled: Canceled
	at new T (/nix/store/3j0nsr6g8fc0kb20hxhvfnsh83bk0fg6-vscodium-1.91.1.24193/lib/vscode/resources/app/out/vs/workbench/api/node/extensionHostProcess.js:144:39096)
	at y._remoteCall (/nix/store/3j0nsr6g8fc0kb20hxhvfnsh83bk0fg6-vscodium-1.91.1.24193/lib/vscode/resources/app/out/vs/workbench/api/node/extensionHostProcess.js:151:8166)
	at U.<computed>.F.charCodeAt.R.CharCode.DollarSign.U.<computed> (/nix/store/3j0nsr6g8fc0kb20hxhvfnsh83bk0fg6-vscodium-1.91.1.24193/lib/vscode/resources/app/out/vs/workbench/api/node/extensionHostProcess.js:151:4351)
	at f._doExecuteCommand (/nix/store/3j0nsr6g8fc0kb20hxhvfnsh83bk0fg6-vscodium-1.91.1.24193/lib/vscode/resources/app/out/vs/workbench/api/node/extensionHostProcess.js:154:241286)
	at f.executeCommand (/nix/store/3j0nsr6g8fc0kb20hxhvfnsh83bk0fg6-vscodium-1.91.1.24193/lib/vscode/resources/app/out/vs/workbench/api/node/extensionHostProcess.js:154:240611)
	at k.registerCommand.description (/nix/store/3j0nsr6g8fc0kb20hxhvfnsh83bk0fg6-vscodium-1.91.1.24193/lib/vscode/resources/app/out/vs/workbench/api/node/extensionHostProcess.js:154:239855)
	at f._executeContributedCommand (/nix/store/3j0nsr6g8fc0kb20hxhvfnsh83bk0fg6-vscodium-1.91.1.24193/lib/vscode/resources/app/out/vs/workbench/api/node/extensionHostProcess.js:154:241924)
	at f._doExecuteCommand (/nix/store/3j0nsr6g8fc0kb20hxhvfnsh83bk0fg6-vscodium-1.91.1.24193/lib/vscode/resources/app/out/vs/workbench/api/node/extensionHostProcess.js:154:240744)
	at f.executeCommand (/nix/store/3j0nsr6g8fc0kb20hxhvfnsh83bk0fg6-vscodium-1.91.1.24193/lib/vscode/resources/app/out/vs/workbench/api/node/extensionHostProcess.js:154:240611)
	at Object.executeCommand (/nix/store/3j0nsr6g8fc0kb20hxhvfnsh83bk0fg6-vscodium-1.91.1.24193/lib/vscode/resources/app/out/vs/workbench/api/node/extensionHostProcess.js:164:29715)
	at T.reset (/home/ser/.vscode-oss/extensions/asvetliakov.vscode-neovim-1.18.8-universal/dist/extension.js:2:187723)
	at l.<anonymous> (/home/ser/.vscode-oss/extensions/asvetliakov.vscode-neovim-1.18.8-universal/dist/extension.js:2:406042)
	at l.dispose (/nix/store/3j0nsr6g8fc0kb20hxhvfnsh83bk0fg6-vscodium-1.91.1.24193/lib/vscode/resources/app/out/vs/workbench/api/node/extensionHostProcess.js:152:6342)
	at h (/nix/store/3j0nsr6g8fc0kb20hxhvfnsh83bk0fg6-vscodium-1.91.1.24193/lib/vscode/resources/app/out/vs/workbench/api/node/extensionHostProcess.js:30:758)
	at m._deactivate (/nix/store/3j0nsr6g8fc0kb20hxhvfnsh83bk0fg6-vscodium-1.91.1.24193/lib/vscode/resources/app/out/vs/workbench/api/node/extensionHostProcess.js:160:13048)
	at /nix/store/3j0nsr6g8fc0kb20hxhvfnsh83bk0fg6-vscodium-1.91.1.24193/lib/vscode/resources/app/out/vs/workbench/api/node/extensionHostProcess.js:160:10194
	at Array.map (<anonymous>)
	at m._deactivateAll (/nix/store/3j0nsr6g8fc0kb20hxhvfnsh83bk0fg6-vscodium-1.91.1.24193/lib/vscode/resources/app/out/vs/workbench/api/node/extensionHostProcess.js:160:10181)
	at m.terminate (/nix/store/3j0nsr6g8fc0kb20hxhvfnsh83bk0fg6-vscodium-1.91.1.24193/lib/vscode/resources/app/out/vs/workbench/api/node/extensionHostProcess.js:160:10564)
	at h.terminate (/nix/store/3j0nsr6g8fc0kb20hxhvfnsh83bk0fg6-vscodium-1.91.1.24193/lib/vscode/resources/app/out/vs/workbench/api/node/extensionHostProcess.js:164:1908)
	at i (/nix/store/3j0nsr6g8fc0kb20hxhvfnsh83bk0fg6-vscodium-1.91.1.24193/lib/vscode/resources/app/out/vs/workbench/api/node/extensionHostProcess.js:177:12354)
	at MessagePortMain.<anonymous> (/nix/store/3j0nsr6g8fc0kb20hxhvfnsh83bk0fg6-vscodium-1.91.1.24193/lib/vscode/resources/app/out/vs/workbench/api/node/extensionHostProcess.js:177:8164)
	at MessagePortMain.emit (node:events:514:28)
	at MessagePortMain._internalPort.emit (node:electron/js2c/utility_init:2:2285) setContext undefined
2024-08-31 13:43:33.698 [error] Canceled: Canceled
	at new T (/nix/store/3j0nsr6g8fc0kb20hxhvfnsh83bk0fg6-vscodium-1.91.1.24193/lib/vscode/resources/app/out/vs/workbench/api/node/extensionHostProcess.js:144:39096)
	at y._remoteCall (/nix/store/3j0nsr6g8fc0kb20hxhvfnsh83bk0fg6-vscodium-1.91.1.24193/lib/vscode/resources/app/out/vs/workbench/api/node/extensionHostProcess.js:151:8166)
	at U.<computed>.F.charCodeAt.R.CharCode.DollarSign.U.<computed> (/nix/store/3j0nsr6g8fc0kb20hxhvfnsh83bk0fg6-vscodium-1.91.1.24193/lib/vscode/resources/app/out/vs/workbench/api/node/extensionHostProcess.js:151:4351)
	at f._doExecuteCommand (/nix/store/3j0nsr6g8fc0kb20hxhvfnsh83bk0fg6-vscodium-1.91.1.24193/lib/vscode/resources/app/out/vs/workbench/api/node/extensionHostProcess.js:154:241286)
	at f.executeCommand (/nix/store/3j0nsr6g8fc0kb20hxhvfnsh83bk0fg6-vscodium-1.91.1.24193/lib/vscode/resources/app/out/vs/workbench/api/node/extensionHostProcess.js:154:240611)
	at k.registerCommand.description (/nix/store/3j0nsr6g8fc0kb20hxhvfnsh83bk0fg6-vscodium-1.91.1.24193/lib/vscode/resources/app/out/vs/workbench/api/node/extensionHostProcess.js:154:239855)
	at f._executeContributedCommand (/nix/store/3j0nsr6g8fc0kb20hxhvfnsh83bk0fg6-vscodium-1.91.1.24193/lib/vscode/resources/app/out/vs/workbench/api/node/extensionHostProcess.js:154:241924)
	at f._doExecuteCommand (/nix/store/3j0nsr6g8fc0kb20hxhvfnsh83bk0fg6-vscodium-1.91.1.24193/lib/vscode/resources/app/out/vs/workbench/api/node/extensionHostProcess.js:154:240744)
	at f.executeCommand (/nix/store/3j0nsr6g8fc0kb20hxhvfnsh83bk0fg6-vscodium-1.91.1.24193/lib/vscode/resources/app/out/vs/workbench/api/node/extensionHostProcess.js:154:240611)
	at Object.executeCommand (/nix/store/3j0nsr6g8fc0kb20hxhvfnsh83bk0fg6-vscodium-1.91.1.24193/lib/vscode/resources/app/out/vs/workbench/api/node/extensionHostProcess.js:164:29715)
	at T.reset (/home/ser/.vscode-oss/extensions/asvetliakov.vscode-neovim-1.18.8-universal/dist/extension.js:2:187723)
	at l.<anonymous> (/home/ser/.vscode-oss/extensions/asvetliakov.vscode-neovim-1.18.8-universal/dist/extension.js:2:406042)
	at l.dispose (/nix/store/3j0nsr6g8fc0kb20hxhvfnsh83bk0fg6-vscodium-1.91.1.24193/lib/vscode/resources/app/out/vs/workbench/api/node/extensionHostProcess.js:152:6342)
	at h (/nix/store/3j0nsr6g8fc0kb20hxhvfnsh83bk0fg6-vscodium-1.91.1.24193/lib/vscode/resources/app/out/vs/workbench/api/node/extensionHostProcess.js:30:758)
	at m._deactivate (/nix/store/3j0nsr6g8fc0kb20hxhvfnsh83bk0fg6-vscodium-1.91.1.24193/lib/vscode/resources/app/out/vs/workbench/api/node/extensionHostProcess.js:160:13048)
	at /nix/store/3j0nsr6g8fc0kb20hxhvfnsh83bk0fg6-vscodium-1.91.1.24193/lib/vscode/resources/app/out/vs/workbench/api/node/extensionHostProcess.js:160:10194
	at Array.map (<anonymous>)
	at m._deactivateAll (/nix/store/3j0nsr6g8fc0kb20hxhvfnsh83bk0fg6-vscodium-1.91.1.24193/lib/vscode/resources/app/out/vs/workbench/api/node/extensionHostProcess.js:160:10181)
	at m.terminate (/nix/store/3j0nsr6g8fc0kb20hxhvfnsh83bk0fg6-vscodium-1.91.1.24193/lib/vscode/resources/app/out/vs/workbench/api/node/extensionHostProcess.js:160:10564)
	at h.terminate (/nix/store/3j0nsr6g8fc0kb20hxhvfnsh83bk0fg6-vscodium-1.91.1.24193/lib/vscode/resources/app/out/vs/workbench/api/node/extensionHostProcess.js:164:1908)
	at i (/nix/store/3j0nsr6g8fc0kb20hxhvfnsh83bk0fg6-vscodium-1.91.1.24193/lib/vscode/resources/app/out/vs/workbench/api/node/extensionHostProcess.js:177:12354)
	at MessagePortMain.<anonymous> (/nix/store/3j0nsr6g8fc0kb20hxhvfnsh83bk0fg6-vscodium-1.91.1.24193/lib/vscode/resources/app/out/vs/workbench/api/node/extensionHostProcess.js:177:8164)
	at MessagePortMain.emit (node:events:514:28)
	at MessagePortMain._internalPort.emit (node:electron/js2c/utility_init:2:2285) setContext undefined
2024-08-31 13:43:33.699 [error] Canceled: Canceled
	at new T (/nix/store/3j0nsr6g8fc0kb20hxhvfnsh83bk0fg6-vscodium-1.91.1.24193/lib/vscode/resources/app/out/vs/workbench/api/node/extensionHostProcess.js:144:39096)
	at y._remoteCall (/nix/store/3j0nsr6g8fc0kb20hxhvfnsh83bk0fg6-vscodium-1.91.1.24193/lib/vscode/resources/app/out/vs/workbench/api/node/extensionHostProcess.js:151:8166)
	at U.<computed>.F.charCodeAt.R.CharCode.DollarSign.U.<computed> (/nix/store/3j0nsr6g8fc0kb20hxhvfnsh83bk0fg6-vscodium-1.91.1.24193/lib/vscode/resources/app/out/vs/workbench/api/node/extensionHostProcess.js:151:4351)
	at f._doExecuteCommand (/nix/store/3j0nsr6g8fc0kb20hxhvfnsh83bk0fg6-vscodium-1.91.1.24193/lib/vscode/resources/app/out/vs/workbench/api/node/extensionHostProcess.js:154:241286)
	at f.executeCommand (/nix/store/3j0nsr6g8fc0kb20hxhvfnsh83bk0fg6-vscodium-1.91.1.24193/lib/vscode/resources/app/out/vs/workbench/api/node/extensionHostProcess.js:154:240611)
	at k.registerCommand.description (/nix/store/3j0nsr6g8fc0kb20hxhvfnsh83bk0fg6-vscodium-1.91.1.24193/lib/vscode/resources/app/out/vs/workbench/api/node/extensionHostProcess.js:154:239855)
	at f._executeContributedCommand (/nix/store/3j0nsr6g8fc0kb20hxhvfnsh83bk0fg6-vscodium-1.91.1.24193/lib/vscode/resources/app/out/vs/workbench/api/node/extensionHostProcess.js:154:241924)
	at f._doExecuteCommand (/nix/store/3j0nsr6g8fc0kb20hxhvfnsh83bk0fg6-vscodium-1.91.1.24193/lib/vscode/resources/app/out/vs/workbench/api/node/extensionHostProcess.js:154:240744)
	at f.executeCommand (/nix/store/3j0nsr6g8fc0kb20hxhvfnsh83bk0fg6-vscodium-1.91.1.24193/lib/vscode/resources/app/out/vs/workbench/api/node/extensionHostProcess.js:154:240611)
	at Object.executeCommand (/nix/store/3j0nsr6g8fc0kb20hxhvfnsh83bk0fg6-vscodium-1.91.1.24193/lib/vscode/resources/app/out/vs/workbench/api/node/extensionHostProcess.js:164:29715)
	at T.reset (/home/ser/.vscode-oss/extensions/asvetliakov.vscode-neovim-1.18.8-universal/dist/extension.js:2:187723)
	at l.<anonymous> (/home/ser/.vscode-oss/extensions/asvetliakov.vscode-neovim-1.18.8-universal/dist/extension.js:2:406042)
	at l.dispose (/nix/store/3j0nsr6g8fc0kb20hxhvfnsh83bk0fg6-vscodium-1.91.1.24193/lib/vscode/resources/app/out/vs/workbench/api/node/extensionHostProcess.js:152:6342)
	at h (/nix/store/3j0nsr6g8fc0kb20hxhvfnsh83bk0fg6-vscodium-1.91.1.24193/lib/vscode/resources/app/out/vs/workbench/api/node/extensionHostProcess.js:30:758)
	at m._deactivate (/nix/store/3j0nsr6g8fc0kb20hxhvfnsh83bk0fg6-vscodium-1.91.1.24193/lib/vscode/resources/app/out/vs/workbench/api/node/extensionHostProcess.js:160:13048)
	at /nix/store/3j0nsr6g8fc0kb20hxhvfnsh83bk0fg6-vscodium-1.91.1.24193/lib/vscode/resources/app/out/vs/workbench/api/node/extensionHostProcess.js:160:10194
	at Array.map (<anonymous>)
	at m._deactivateAll (/nix/store/3j0nsr6g8fc0kb20hxhvfnsh83bk0fg6-vscodium-1.91.1.24193/lib/vscode/resources/app/out/vs/workbench/api/node/extensionHostProcess.js:160:10181)
	at m.terminate (/nix/store/3j0nsr6g8fc0kb20hxhvfnsh83bk0fg6-vscodium-1.91.1.24193/lib/vscode/resources/app/out/vs/workbench/api/node/extensionHostProcess.js:160:10564)
	at h.terminate (/nix/store/3j0nsr6g8fc0kb20hxhvfnsh83bk0fg6-vscodium-1.91.1.24193/lib/vscode/resources/app/out/vs/workbench/api/node/extensionHostProcess.js:164:1908)
	at i (/nix/store/3j0nsr6g8fc0kb20hxhvfnsh83bk0fg6-vscodium-1.91.1.24193/lib/vscode/resources/app/out/vs/workbench/api/node/extensionHostProcess.js:177:12354)
	at MessagePortMain.<anonymous> (/nix/store/3j0nsr6g8fc0kb20hxhvfnsh83bk0fg6-vscodium-1.91.1.24193/lib/vscode/resources/app/out/vs/workbench/api/node/extensionHostProcess.js:177:8164)
	at MessagePortMain.emit (node:events:514:28)
	at MessagePortMain._internalPort.emit (node:electron/js2c/utility_init:2:2285) setContext undefined
2024-08-31 13:43:33.699 [error] Canceled: Canceled
	at new T (/nix/store/3j0nsr6g8fc0kb20hxhvfnsh83bk0fg6-vscodium-1.91.1.24193/lib/vscode/resources/app/out/vs/workbench/api/node/extensionHostProcess.js:144:39096)
	at y._remoteCall (/nix/store/3j0nsr6g8fc0kb20hxhvfnsh83bk0fg6-vscodium-1.91.1.24193/lib/vscode/resources/app/out/vs/workbench/api/node/extensionHostProcess.js:151:8166)
	at U.<computed>.F.charCodeAt.R.CharCode.DollarSign.U.<computed> (/nix/store/3j0nsr6g8fc0kb20hxhvfnsh83bk0fg6-vscodium-1.91.1.24193/lib/vscode/resources/app/out/vs/workbench/api/node/extensionHostProcess.js:151:4351)
	at f._doExecuteCommand (/nix/store/3j0nsr6g8fc0kb20hxhvfnsh83bk0fg6-vscodium-1.91.1.24193/lib/vscode/resources/app/out/vs/workbench/api/node/extensionHostProcess.js:154:241286)
	at f.executeCommand (/nix/store/3j0nsr6g8fc0kb20hxhvfnsh83bk0fg6-vscodium-1.91.1.24193/lib/vscode/resources/app/out/vs/workbench/api/node/extensionHostProcess.js:154:240611)
	at k.registerCommand.description (/nix/store/3j0nsr6g8fc0kb20hxhvfnsh83bk0fg6-vscodium-1.91.1.24193/lib/vscode/resources/app/out/vs/workbench/api/node/extensionHostProcess.js:154:239855)
	at f._executeContributedCommand (/nix/store/3j0nsr6g8fc0kb20hxhvfnsh83bk0fg6-vscodium-1.91.1.24193/lib/vscode/resources/app/out/vs/workbench/api/node/extensionHostProcess.js:154:241924)
	at f._doExecuteCommand (/nix/store/3j0nsr6g8fc0kb20hxhvfnsh83bk0fg6-vscodium-1.91.1.24193/lib/vscode/resources/app/out/vs/workbench/api/node/extensionHostProcess.js:154:240744)
	at f.executeCommand (/nix/store/3j0nsr6g8fc0kb20hxhvfnsh83bk0fg6-vscodium-1.91.1.24193/lib/vscode/resources/app/out/vs/workbench/api/node/extensionHostProcess.js:154:240611)
	at Object.executeCommand (/nix/store/3j0nsr6g8fc0kb20hxhvfnsh83bk0fg6-vscodium-1.91.1.24193/lib/vscode/resources/app/out/vs/workbench/api/node/extensionHostProcess.js:164:29715)
	at T.reset (/home/ser/.vscode-oss/extensions/asvetliakov.vscode-neovim-1.18.8-universal/dist/extension.js:2:187723)
	at l.<anonymous> (/home/ser/.vscode-oss/extensions/asvetliakov.vscode-neovim-1.18.8-universal/dist/extension.js:2:406042)
	at l.dispose (/nix/store/3j0nsr6g8fc0kb20hxhvfnsh83bk0fg6-vscodium-1.91.1.24193/lib/vscode/resources/app/out/vs/workbench/api/node/extensionHostProcess.js:152:6342)
	at h (/nix/store/3j0nsr6g8fc0kb20hxhvfnsh83bk0fg6-vscodium-1.91.1.24193/lib/vscode/resources/app/out/vs/workbench/api/node/extensionHostProcess.js:30:758)
	at m._deactivate (/nix/store/3j0nsr6g8fc0kb20hxhvfnsh83bk0fg6-vscodium-1.91.1.24193/lib/vscode/resources/app/out/vs/workbench/api/node/extensionHostProcess.js:160:13048)
	at /nix/store/3j0nsr6g8fc0kb20hxhvfnsh83bk0fg6-vscodium-1.91.1.24193/lib/vscode/resources/app/out/vs/workbench/api/node/extensionHostProcess.js:160:10194
	at Array.map (<anonymous>)
	at m._deactivateAll (/nix/store/3j0nsr6g8fc0kb20hxhvfnsh83bk0fg6-vscodium-1.91.1.24193/lib/vscode/resources/app/out/vs/workbench/api/node/extensionHostProcess.js:160:10181)
	at m.terminate (/nix/store/3j0nsr6g8fc0kb20hxhvfnsh83bk0fg6-vscodium-1.91.1.24193/lib/vscode/resources/app/out/vs/workbench/api/node/extensionHostProcess.js:160:10564)
	at h.terminate (/nix/store/3j0nsr6g8fc0kb20hxhvfnsh83bk0fg6-vscodium-1.91.1.24193/lib/vscode/resources/app/out/vs/workbench/api/node/extensionHostProcess.js:164:1908)
	at i (/nix/store/3j0nsr6g8fc0kb20hxhvfnsh83bk0fg6-vscodium-1.91.1.24193/lib/vscode/resources/app/out/vs/workbench/api/node/extensionHostProcess.js:177:12354)
	at MessagePortMain.<anonymous> (/nix/store/3j0nsr6g8fc0kb20hxhvfnsh83bk0fg6-vscodium-1.91.1.24193/lib/vscode/resources/app/out/vs/workbench/api/node/extensionHostProcess.js:177:8164)
	at MessagePortMain.emit (node:events:514:28)
	at MessagePortMain._internalPort.emit (node:electron/js2c/utility_init:2:2285) setContext undefined
2024-08-31 13:43:33.699 [error] Canceled: Canceled
	at new T (/nix/store/3j0nsr6g8fc0kb20hxhvfnsh83bk0fg6-vscodium-1.91.1.24193/lib/vscode/resources/app/out/vs/workbench/api/node/extensionHostProcess.js:144:39096)
	at y._remoteCall (/nix/store/3j0nsr6g8fc0kb20hxhvfnsh83bk0fg6-vscodium-1.91.1.24193/lib/vscode/resources/app/out/vs/workbench/api/node/extensionHostProcess.js:151:8166)
	at U.<computed>.F.charCodeAt.R.CharCode.DollarSign.U.<computed> (/nix/store/3j0nsr6g8fc0kb20hxhvfnsh83bk0fg6-vscodium-1.91.1.24193/lib/vscode/resources/app/out/vs/workbench/api/node/extensionHostProcess.js:151:4351)
	at f._doExecuteCommand (/nix/store/3j0nsr6g8fc0kb20hxhvfnsh83bk0fg6-vscodium-1.91.1.24193/lib/vscode/resources/app/out/vs/workbench/api/node/extensionHostProcess.js:154:241286)
	at f.executeCommand (/nix/store/3j0nsr6g8fc0kb20hxhvfnsh83bk0fg6-vscodium-1.91.1.24193/lib/vscode/resources/app/out/vs/workbench/api/node/extensionHostProcess.js:154:240611)
	at k.registerCommand.description (/nix/store/3j0nsr6g8fc0kb20hxhvfnsh83bk0fg6-vscodium-1.91.1.24193/lib/vscode/resources/app/out/vs/workbench/api/node/extensionHostProcess.js:154:239855)
	at f._executeContributedCommand (/nix/store/3j0nsr6g8fc0kb20hxhvfnsh83bk0fg6-vscodium-1.91.1.24193/lib/vscode/resources/app/out/vs/workbench/api/node/extensionHostProcess.js:154:241924)
	at f._doExecuteCommand (/nix/store/3j0nsr6g8fc0kb20hxhvfnsh83bk0fg6-vscodium-1.91.1.24193/lib/vscode/resources/app/out/vs/workbench/api/node/extensionHostProcess.js:154:240744)
	at f.executeCommand (/nix/store/3j0nsr6g8fc0kb20hxhvfnsh83bk0fg6-vscodium-1.91.1.24193/lib/vscode/resources/app/out/vs/workbench/api/node/extensionHostProcess.js:154:240611)
	at Object.executeCommand (/nix/store/3j0nsr6g8fc0kb20hxhvfnsh83bk0fg6-vscodium-1.91.1.24193/lib/vscode/resources/app/out/vs/workbench/api/node/extensionHostProcess.js:164:29715)
	at T.reset (/home/ser/.vscode-oss/extensions/asvetliakov.vscode-neovim-1.18.8-universal/dist/extension.js:2:187723)
	at l.<anonymous> (/home/ser/.vscode-oss/extensions/asvetliakov.vscode-neovim-1.18.8-universal/dist/extension.js:2:406042)
	at l.dispose (/nix/store/3j0nsr6g8fc0kb20hxhvfnsh83bk0fg6-vscodium-1.91.1.24193/lib/vscode/resources/app/out/vs/workbench/api/node/extensionHostProcess.js:152:6342)
	at h (/nix/store/3j0nsr6g8fc0kb20hxhvfnsh83bk0fg6-vscodium-1.91.1.24193/lib/vscode/resources/app/out/vs/workbench/api/node/extensionHostProcess.js:30:758)
	at m._deactivate (/nix/store/3j0nsr6g8fc0kb20hxhvfnsh83bk0fg6-vscodium-1.91.1.24193/lib/vscode/resources/app/out/vs/workbench/api/node/extensionHostProcess.js:160:13048)
	at /nix/store/3j0nsr6g8fc0kb20hxhvfnsh83bk0fg6-vscodium-1.91.1.24193/lib/vscode/resources/app/out/vs/workbench/api/node/extensionHostProcess.js:160:10194
	at Array.map (<anonymous>)
	at m._deactivateAll (/nix/store/3j0nsr6g8fc0kb20hxhvfnsh83bk0fg6-vscodium-1.91.1.24193/lib/vscode/resources/app/out/vs/workbench/api/node/extensionHostProcess.js:160:10181)
	at m.terminate (/nix/store/3j0nsr6g8fc0kb20hxhvfnsh83bk0fg6-vscodium-1.91.1.24193/lib/vscode/resources/app/out/vs/workbench/api/node/extensionHostProcess.js:160:10564)
	at h.terminate (/nix/store/3j0nsr6g8fc0kb20hxhvfnsh83bk0fg6-vscodium-1.91.1.24193/lib/vscode/resources/app/out/vs/workbench/api/node/extensionHostProcess.js:164:1908)
	at i (/nix/store/3j0nsr6g8fc0kb20hxhvfnsh83bk0fg6-vscodium-1.91.1.24193/lib/vscode/resources/app/out/vs/workbench/api/node/extensionHostProcess.js:177:12354)
	at MessagePortMain.<anonymous> (/nix/store/3j0nsr6g8fc0kb20hxhvfnsh83bk0fg6-vscodium-1.91.1.24193/lib/vscode/resources/app/out/vs/workbench/api/node/extensionHostProcess.js:177:8164)
	at MessagePortMain.emit (node:events:514:28)
	at MessagePortMain._internalPort.emit (node:electron/js2c/utility_init:2:2285) setContext undefined
2024-08-31 13:43:33.699 [error] Canceled: Canceled
	at new T (/nix/store/3j0nsr6g8fc0kb20hxhvfnsh83bk0fg6-vscodium-1.91.1.24193/lib/vscode/resources/app/out/vs/workbench/api/node/extensionHostProcess.js:144:39096)
	at y._remoteCall (/nix/store/3j0nsr6g8fc0kb20hxhvfnsh83bk0fg6-vscodium-1.91.1.24193/lib/vscode/resources/app/out/vs/workbench/api/node/extensionHostProcess.js:151:8166)
	at U.<computed>.F.charCodeAt.R.CharCode.DollarSign.U.<computed> (/nix/store/3j0nsr6g8fc0kb20hxhvfnsh83bk0fg6-vscodium-1.91.1.24193/lib/vscode/resources/app/out/vs/workbench/api/node/extensionHostProcess.js:151:4351)
	at f._doExecuteCommand (/nix/store/3j0nsr6g8fc0kb20hxhvfnsh83bk0fg6-vscodium-1.91.1.24193/lib/vscode/resources/app/out/vs/workbench/api/node/extensionHostProcess.js:154:241286)
	at f.executeCommand (/nix/store/3j0nsr6g8fc0kb20hxhvfnsh83bk0fg6-vscodium-1.91.1.24193/lib/vscode/resources/app/out/vs/workbench/api/node/extensionHostProcess.js:154:240611)
	at k.registerCommand.description (/nix/store/3j0nsr6g8fc0kb20hxhvfnsh83bk0fg6-vscodium-1.91.1.24193/lib/vscode/resources/app/out/vs/workbench/api/node/extensionHostProcess.js:154:239855)
	at f._executeContributedCommand (/nix/store/3j0nsr6g8fc0kb20hxhvfnsh83bk0fg6-vscodium-1.91.1.24193/lib/vscode/resources/app/out/vs/workbench/api/node/extensionHostProcess.js:154:241924)
	at f._doExecuteCommand (/nix/store/3j0nsr6g8fc0kb20hxhvfnsh83bk0fg6-vscodium-1.91.1.24193/lib/vscode/resources/app/out/vs/workbench/api/node/extensionHostProcess.js:154:240744)
	at f.executeCommand (/nix/store/3j0nsr6g8fc0kb20hxhvfnsh83bk0fg6-vscodium-1.91.1.24193/lib/vscode/resources/app/out/vs/workbench/api/node/extensionHostProcess.js:154:240611)
	at Object.executeCommand (/nix/store/3j0nsr6g8fc0kb20hxhvfnsh83bk0fg6-vscodium-1.91.1.24193/lib/vscode/resources/app/out/vs/workbench/api/node/extensionHostProcess.js:164:29715)
	at T.reset (/home/ser/.vscode-oss/extensions/asvetliakov.vscode-neovim-1.18.8-universal/dist/extension.js:2:187723)
	at l.<anonymous> (/home/ser/.vscode-oss/extensions/asvetliakov.vscode-neovim-1.18.8-universal/dist/extension.js:2:406042)
	at l.dispose (/nix/store/3j0nsr6g8fc0kb20hxhvfnsh83bk0fg6-vscodium-1.91.1.24193/lib/vscode/resources/app/out/vs/workbench/api/node/extensionHostProcess.js:152:6342)
	at h (/nix/store/3j0nsr6g8fc0kb20hxhvfnsh83bk0fg6-vscodium-1.91.1.24193/lib/vscode/resources/app/out/vs/workbench/api/node/extensionHostProcess.js:30:758)
	at m._deactivate (/nix/store/3j0nsr6g8fc0kb20hxhvfnsh83bk0fg6-vscodium-1.91.1.24193/lib/vscode/resources/app/out/vs/workbench/api/node/extensionHostProcess.js:160:13048)
	at /nix/store/3j0nsr6g8fc0kb20hxhvfnsh83bk0fg6-vscodium-1.91.1.24193/lib/vscode/resources/app/out/vs/workbench/api/node/extensionHostProcess.js:160:10194
	at Array.map (<anonymous>)
	at m._deactivateAll (/nix/store/3j0nsr6g8fc0kb20hxhvfnsh83bk0fg6-vscodium-1.91.1.24193/lib/vscode/resources/app/out/vs/workbench/api/node/extensionHostProcess.js:160:10181)
	at m.terminate (/nix/store/3j0nsr6g8fc0kb20hxhvfnsh83bk0fg6-vscodium-1.91.1.24193/lib/vscode/resources/app/out/vs/workbench/api/node/extensionHostProcess.js:160:10564)
	at h.terminate (/nix/store/3j0nsr6g8fc0kb20hxhvfnsh83bk0fg6-vscodium-1.91.1.24193/lib/vscode/resources/app/out/vs/workbench/api/node/extensionHostProcess.js:164:1908)
	at i (/nix/store/3j0nsr6g8fc0kb20hxhvfnsh83bk0fg6-vscodium-1.91.1.24193/lib/vscode/resources/app/out/vs/workbench/api/node/extensionHostProcess.js:177:12354)
	at MessagePortMain.<anonymous> (/nix/store/3j0nsr6g8fc0kb20hxhvfnsh83bk0fg6-vscodium-1.91.1.24193/lib/vscode/resources/app/out/vs/workbench/api/node/extensionHostProcess.js:177:8164)
	at MessagePortMain.emit (node:events:514:28)
	at MessagePortMain._internalPort.emit (node:electron/js2c/utility_init:2:2285) setContext undefined
2024-08-31 13:43:33.699 [error] Canceled: Canceled
	at new T (/nix/store/3j0nsr6g8fc0kb20hxhvfnsh83bk0fg6-vscodium-1.91.1.24193/lib/vscode/resources/app/out/vs/workbench/api/node/extensionHostProcess.js:144:39096)
	at y._remoteCall (/nix/store/3j0nsr6g8fc0kb20hxhvfnsh83bk0fg6-vscodium-1.91.1.24193/lib/vscode/resources/app/out/vs/workbench/api/node/extensionHostProcess.js:151:8166)
	at U.<computed>.F.charCodeAt.R.CharCode.DollarSign.U.<computed> (/nix/store/3j0nsr6g8fc0kb20hxhvfnsh83bk0fg6-vscodium-1.91.1.24193/lib/vscode/resources/app/out/vs/workbench/api/node/extensionHostProcess.js:151:4351)
	at f._doExecuteCommand (/nix/store/3j0nsr6g8fc0kb20hxhvfnsh83bk0fg6-vscodium-1.91.1.24193/lib/vscode/resources/app/out/vs/workbench/api/node/extensionHostProcess.js:154:241286)
	at f.executeCommand (/nix/store/3j0nsr6g8fc0kb20hxhvfnsh83bk0fg6-vscodium-1.91.1.24193/lib/vscode/resources/app/out/vs/workbench/api/node/extensionHostProcess.js:154:240611)
	at k.registerCommand.description (/nix/store/3j0nsr6g8fc0kb20hxhvfnsh83bk0fg6-vscodium-1.91.1.24193/lib/vscode/resources/app/out/vs/workbench/api/node/extensionHostProcess.js:154:239855)
	at f._executeContributedCommand (/nix/store/3j0nsr6g8fc0kb20hxhvfnsh83bk0fg6-vscodium-1.91.1.24193/lib/vscode/resources/app/out/vs/workbench/api/node/extensionHostProcess.js:154:241924)
	at f._doExecuteCommand (/nix/store/3j0nsr6g8fc0kb20hxhvfnsh83bk0fg6-vscodium-1.91.1.24193/lib/vscode/resources/app/out/vs/workbench/api/node/extensionHostProcess.js:154:240744)
	at f.executeCommand (/nix/store/3j0nsr6g8fc0kb20hxhvfnsh83bk0fg6-vscodium-1.91.1.24193/lib/vscode/resources/app/out/vs/workbench/api/node/extensionHostProcess.js:154:240611)
	at Object.executeCommand (/nix/store/3j0nsr6g8fc0kb20hxhvfnsh83bk0fg6-vscodium-1.91.1.24193/lib/vscode/resources/app/out/vs/workbench/api/node/extensionHostProcess.js:164:29715)
	at T.reset (/home/ser/.vscode-oss/extensions/asvetliakov.vscode-neovim-1.18.8-universal/dist/extension.js:2:187723)
	at l.<anonymous> (/home/ser/.vscode-oss/extensions/asvetliakov.vscode-neovim-1.18.8-universal/dist/extension.js:2:406042)
	at l.dispose (/nix/store/3j0nsr6g8fc0kb20hxhvfnsh83bk0fg6-vscodium-1.91.1.24193/lib/vscode/resources/app/out/vs/workbench/api/node/extensionHostProcess.js:152:6342)
	at h (/nix/store/3j0nsr6g8fc0kb20hxhvfnsh83bk0fg6-vscodium-1.91.1.24193/lib/vscode/resources/app/out/vs/workbench/api/node/extensionHostProcess.js:30:758)
	at m._deactivate (/nix/store/3j0nsr6g8fc0kb20hxhvfnsh83bk0fg6-vscodium-1.91.1.24193/lib/vscode/resources/app/out/vs/workbench/api/node/extensionHostProcess.js:160:13048)
	at /nix/store/3j0nsr6g8fc0kb20hxhvfnsh83bk0fg6-vscodium-1.91.1.24193/lib/vscode/resources/app/out/vs/workbench/api/node/extensionHostProcess.js:160:10194
	at Array.map (<anonymous>)
	at m._deactivateAll (/nix/store/3j0nsr6g8fc0kb20hxhvfnsh83bk0fg6-vscodium-1.91.1.24193/lib/vscode/resources/app/out/vs/workbench/api/node/extensionHostProcess.js:160:10181)
	at m.terminate (/nix/store/3j0nsr6g8fc0kb20hxhvfnsh83bk0fg6-vscodium-1.91.1.24193/lib/vscode/resources/app/out/vs/workbench/api/node/extensionHostProcess.js:160:10564)
	at h.terminate (/nix/store/3j0nsr6g8fc0kb20hxhvfnsh83bk0fg6-vscodium-1.91.1.24193/lib/vscode/resources/app/out/vs/workbench/api/node/extensionHostProcess.js:164:1908)
	at i (/nix/store/3j0nsr6g8fc0kb20hxhvfnsh83bk0fg6-vscodium-1.91.1.24193/lib/vscode/resources/app/out/vs/workbench/api/node/extensionHostProcess.js:177:12354)
	at MessagePortMain.<anonymous> (/nix/store/3j0nsr6g8fc0kb20hxhvfnsh83bk0fg6-vscodium-1.91.1.24193/lib/vscode/resources/app/out/vs/workbench/api/node/extensionHostProcess.js:177:8164)
	at MessagePortMain.emit (node:events:514:28)
	at MessagePortMain._internalPort.emit (node:electron/js2c/utility_init:2:2285) setContext undefined
2024-08-31 13:43:33.699 [error] Canceled: Canceled
	at new T (/nix/store/3j0nsr6g8fc0kb20hxhvfnsh83bk0fg6-vscodium-1.91.1.24193/lib/vscode/resources/app/out/vs/workbench/api/node/extensionHostProcess.js:144:39096)
	at y._remoteCall (/nix/store/3j0nsr6g8fc0kb20hxhvfnsh83bk0fg6-vscodium-1.91.1.24193/lib/vscode/resources/app/out/vs/workbench/api/node/extensionHostProcess.js:151:8166)
	at U.<computed>.F.charCodeAt.R.CharCode.DollarSign.U.<computed> (/nix/store/3j0nsr6g8fc0kb20hxhvfnsh83bk0fg6-vscodium-1.91.1.24193/lib/vscode/resources/app/out/vs/workbench/api/node/extensionHostProcess.js:151:4351)
	at f._doExecuteCommand (/nix/store/3j0nsr6g8fc0kb20hxhvfnsh83bk0fg6-vscodium-1.91.1.24193/lib/vscode/resources/app/out/vs/workbench/api/node/extensionHostProcess.js:154:241286)
	at f.executeCommand (/nix/store/3j0nsr6g8fc0kb20hxhvfnsh83bk0fg6-vscodium-1.91.1.24193/lib/vscode/resources/app/out/vs/workbench/api/node/extensionHostProcess.js:154:240611)
	at k.registerCommand.description (/nix/store/3j0nsr6g8fc0kb20hxhvfnsh83bk0fg6-vscodium-1.91.1.24193/lib/vscode/resources/app/out/vs/workbench/api/node/extensionHostProcess.js:154:239855)
	at f._executeContributedCommand (/nix/store/3j0nsr6g8fc0kb20hxhvfnsh83bk0fg6-vscodium-1.91.1.24193/lib/vscode/resources/app/out/vs/workbench/api/node/extensionHostProcess.js:154:241924)
	at f._doExecuteCommand (/nix/store/3j0nsr6g8fc0kb20hxhvfnsh83bk0fg6-vscodium-1.91.1.24193/lib/vscode/resources/app/out/vs/workbench/api/node/extensionHostProcess.js:154:240744)
	at f.executeCommand (/nix/store/3j0nsr6g8fc0kb20hxhvfnsh83bk0fg6-vscodium-1.91.1.24193/lib/vscode/resources/app/out/vs/workbench/api/node/extensionHostProcess.js:154:240611)
	at Object.executeCommand (/nix/store/3j0nsr6g8fc0kb20hxhvfnsh83bk0fg6-vscodium-1.91.1.24193/lib/vscode/resources/app/out/vs/workbench/api/node/extensionHostProcess.js:164:29715)
	at T.reset (/home/ser/.vscode-oss/extensions/asvetliakov.vscode-neovim-1.18.8-universal/dist/extension.js:2:187723)
	at l.<anonymous> (/home/ser/.vscode-oss/extensions/asvetliakov.vscode-neovim-1.18.8-universal/dist/extension.js:2:406042)
	at l.dispose (/nix/store/3j0nsr6g8fc0kb20hxhvfnsh83bk0fg6-vscodium-1.91.1.24193/lib/vscode/resources/app/out/vs/workbench/api/node/extensionHostProcess.js:152:6342)
	at h (/nix/store/3j0nsr6g8fc0kb20hxhvfnsh83bk0fg6-vscodium-1.91.1.24193/lib/vscode/resources/app/out/vs/workbench/api/node/extensionHostProcess.js:30:758)
	at m._deactivate (/nix/store/3j0nsr6g8fc0kb20hxhvfnsh83bk0fg6-vscodium-1.91.1.24193/lib/vscode/resources/app/out/vs/workbench/api/node/extensionHostProcess.js:160:13048)
	at /nix/store/3j0nsr6g8fc0kb20hxhvfnsh83bk0fg6-vscodium-1.91.1.24193/lib/vscode/resources/app/out/vs/workbench/api/node/extensionHostProcess.js:160:10194
	at Array.map (<anonymous>)
	at m._deactivateAll (/nix/store/3j0nsr6g8fc0kb20hxhvfnsh83bk0fg6-vscodium-1.91.1.24193/lib/vscode/resources/app/out/vs/workbench/api/node/extensionHostProcess.js:160:10181)
	at m.terminate (/nix/store/3j0nsr6g8fc0kb20hxhvfnsh83bk0fg6-vscodium-1.91.1.24193/lib/vscode/resources/app/out/vs/workbench/api/node/extensionHostProcess.js:160:10564)
	at h.terminate (/nix/store/3j0nsr6g8fc0kb20hxhvfnsh83bk0fg6-vscodium-1.91.1.24193/lib/vscode/resources/app/out/vs/workbench/api/node/extensionHostProcess.js:164:1908)
	at i (/nix/store/3j0nsr6g8fc0kb20hxhvfnsh83bk0fg6-vscodium-1.91.1.24193/lib/vscode/resources/app/out/vs/workbench/api/node/extensionHostProcess.js:177:12354)
	at MessagePortMain.<anonymous> (/nix/store/3j0nsr6g8fc0kb20hxhvfnsh83bk0fg6-vscodium-1.91.1.24193/lib/vscode/resources/app/out/vs/workbench/api/node/extensionHostProcess.js:177:8164)
	at MessagePortMain.emit (node:events:514:28)
	at MessagePortMain._internalPort.emit (node:electron/js2c/utility_init:2:2285) setContext undefined
2024-08-31 13:43:33.699 [error] Canceled: Canceled
	at new T (/nix/store/3j0nsr6g8fc0kb20hxhvfnsh83bk0fg6-vscodium-1.91.1.24193/lib/vscode/resources/app/out/vs/workbench/api/node/extensionHostProcess.js:144:39096)
	at y._remoteCall (/nix/store/3j0nsr6g8fc0kb20hxhvfnsh83bk0fg6-vscodium-1.91.1.24193/lib/vscode/resources/app/out/vs/workbench/api/node/extensionHostProcess.js:151:8166)
	at U.<computed>.F.charCodeAt.R.CharCode.DollarSign.U.<computed> (/nix/store/3j0nsr6g8fc0kb20hxhvfnsh83bk0fg6-vscodium-1.91.1.24193/lib/vscode/resources/app/out/vs/workbench/api/node/extensionHostProcess.js:151:4351)
	at f._doExecuteCommand (/nix/store/3j0nsr6g8fc0kb20hxhvfnsh83bk0fg6-vscodium-1.91.1.24193/lib/vscode/resources/app/out/vs/workbench/api/node/extensionHostProcess.js:154:241286)
	at f.executeCommand (/nix/store/3j0nsr6g8fc0kb20hxhvfnsh83bk0fg6-vscodium-1.91.1.24193/lib/vscode/resources/app/out/vs/workbench/api/node/extensionHostProcess.js:154:240611)
	at k.registerCommand.description (/nix/store/3j0nsr6g8fc0kb20hxhvfnsh83bk0fg6-vscodium-1.91.1.24193/lib/vscode/resources/app/out/vs/workbench/api/node/extensionHostProcess.js:154:239855)
	at f._executeContributedCommand (/nix/store/3j0nsr6g8fc0kb20hxhvfnsh83bk0fg6-vscodium-1.91.1.24193/lib/vscode/resources/app/out/vs/workbench/api/node/extensionHostProcess.js:154:241924)
	at f._doExecuteCommand (/nix/store/3j0nsr6g8fc0kb20hxhvfnsh83bk0fg6-vscodium-1.91.1.24193/lib/vscode/resources/app/out/vs/workbench/api/node/extensionHostProcess.js:154:240744)
	at f.executeCommand (/nix/store/3j0nsr6g8fc0kb20hxhvfnsh83bk0fg6-vscodium-1.91.1.24193/lib/vscode/resources/app/out/vs/workbench/api/node/extensionHostProcess.js:154:240611)
	at Object.executeCommand (/nix/store/3j0nsr6g8fc0kb20hxhvfnsh83bk0fg6-vscodium-1.91.1.24193/lib/vscode/resources/app/out/vs/workbench/api/node/extensionHostProcess.js:164:29715)
	at T.reset (/home/ser/.vscode-oss/extensions/asvetliakov.vscode-neovim-1.18.8-universal/dist/extension.js:2:187723)
	at l.<anonymous> (/home/ser/.vscode-oss/extensions/asvetliakov.vscode-neovim-1.18.8-universal/dist/extension.js:2:406042)
	at l.dispose (/nix/store/3j0nsr6g8fc0kb20hxhvfnsh83bk0fg6-vscodium-1.91.1.24193/lib/vscode/resources/app/out/vs/workbench/api/node/extensionHostProcess.js:152:6342)
	at h (/nix/store/3j0nsr6g8fc0kb20hxhvfnsh83bk0fg6-vscodium-1.91.1.24193/lib/vscode/resources/app/out/vs/workbench/api/node/extensionHostProcess.js:30:758)
	at m._deactivate (/nix/store/3j0nsr6g8fc0kb20hxhvfnsh83bk0fg6-vscodium-1.91.1.24193/lib/vscode/resources/app/out/vs/workbench/api/node/extensionHostProcess.js:160:13048)
	at /nix/store/3j0nsr6g8fc0kb20hxhvfnsh83bk0fg6-vscodium-1.91.1.24193/lib/vscode/resources/app/out/vs/workbench/api/node/extensionHostProcess.js:160:10194
	at Array.map (<anonymous>)
	at m._deactivateAll (/nix/store/3j0nsr6g8fc0kb20hxhvfnsh83bk0fg6-vscodium-1.91.1.24193/lib/vscode/resources/app/out/vs/workbench/api/node/extensionHostProcess.js:160:10181)
	at m.terminate (/nix/store/3j0nsr6g8fc0kb20hxhvfnsh83bk0fg6-vscodium-1.91.1.24193/lib/vscode/resources/app/out/vs/workbench/api/node/extensionHostProcess.js:160:10564)
	at h.terminate (/nix/store/3j0nsr6g8fc0kb20hxhvfnsh83bk0fg6-vscodium-1.91.1.24193/lib/vscode/resources/app/out/vs/workbench/api/node/extensionHostProcess.js:164:1908)
	at i (/nix/store/3j0nsr6g8fc0kb20hxhvfnsh83bk0fg6-vscodium-1.91.1.24193/lib/vscode/resources/app/out/vs/workbench/api/node/extensionHostProcess.js:177:12354)
	at MessagePortMain.<anonymous> (/nix/store/3j0nsr6g8fc0kb20hxhvfnsh83bk0fg6-vscodium-1.91.1.24193/lib/vscode/resources/app/out/vs/workbench/api/node/extensionHostProcess.js:177:8164)
	at MessagePortMain.emit (node:events:514:28)
	at MessagePortMain._internalPort.emit (node:electron/js2c/utility_init:2:2285) setContext undefined
2024-08-31 13:43:33.700 [error] Canceled: Canceled
	at new T (/nix/store/3j0nsr6g8fc0kb20hxhvfnsh83bk0fg6-vscodium-1.91.1.24193/lib/vscode/resources/app/out/vs/workbench/api/node/extensionHostProcess.js:144:39096)
	at y._remoteCall (/nix/store/3j0nsr6g8fc0kb20hxhvfnsh83bk0fg6-vscodium-1.91.1.24193/lib/vscode/resources/app/out/vs/workbench/api/node/extensionHostProcess.js:151:8166)
	at U.<computed>.F.charCodeAt.R.CharCode.DollarSign.U.<computed> (/nix/store/3j0nsr6g8fc0kb20hxhvfnsh83bk0fg6-vscodium-1.91.1.24193/lib/vscode/resources/app/out/vs/workbench/api/node/extensionHostProcess.js:151:4351)
	at f._doExecuteCommand (/nix/store/3j0nsr6g8fc0kb20hxhvfnsh83bk0fg6-vscodium-1.91.1.24193/lib/vscode/resources/app/out/vs/workbench/api/node/extensionHostProcess.js:154:241286)
	at f.executeCommand (/nix/store/3j0nsr6g8fc0kb20hxhvfnsh83bk0fg6-vscodium-1.91.1.24193/lib/vscode/resources/app/out/vs/workbench/api/node/extensionHostProcess.js:154:240611)
	at k.registerCommand.description (/nix/store/3j0nsr6g8fc0kb20hxhvfnsh83bk0fg6-vscodium-1.91.1.24193/lib/vscode/resources/app/out/vs/workbench/api/node/extensionHostProcess.js:154:239855)
	at f._executeContributedCommand (/nix/store/3j0nsr6g8fc0kb20hxhvfnsh83bk0fg6-vscodium-1.91.1.24193/lib/vscode/resources/app/out/vs/workbench/api/node/extensionHostProcess.js:154:241924)
	at f._doExecuteCommand (/nix/store/3j0nsr6g8fc0kb20hxhvfnsh83bk0fg6-vscodium-1.91.1.24193/lib/vscode/resources/app/out/vs/workbench/api/node/extensionHostProcess.js:154:240744)
	at f.executeCommand (/nix/store/3j0nsr6g8fc0kb20hxhvfnsh83bk0fg6-vscodium-1.91.1.24193/lib/vscode/resources/app/out/vs/workbench/api/node/extensionHostProcess.js:154:240611)
	at Object.executeCommand (/nix/store/3j0nsr6g8fc0kb20hxhvfnsh83bk0fg6-vscodium-1.91.1.24193/lib/vscode/resources/app/out/vs/workbench/api/node/extensionHostProcess.js:164:29715)
	at T.reset (/home/ser/.vscode-oss/extensions/asvetliakov.vscode-neovim-1.18.8-universal/dist/extension.js:2:187723)
	at l.<anonymous> (/home/ser/.vscode-oss/extensions/asvetliakov.vscode-neovim-1.18.8-universal/dist/extension.js:2:406042)
	at l.dispose (/nix/store/3j0nsr6g8fc0kb20hxhvfnsh83bk0fg6-vscodium-1.91.1.24193/lib/vscode/resources/app/out/vs/workbench/api/node/extensionHostProcess.js:152:6342)
	at h (/nix/store/3j0nsr6g8fc0kb20hxhvfnsh83bk0fg6-vscodium-1.91.1.24193/lib/vscode/resources/app/out/vs/workbench/api/node/extensionHostProcess.js:30:758)
	at m._deactivate (/nix/store/3j0nsr6g8fc0kb20hxhvfnsh83bk0fg6-vscodium-1.91.1.24193/lib/vscode/resources/app/out/vs/workbench/api/node/extensionHostProcess.js:160:13048)
	at /nix/store/3j0nsr6g8fc0kb20hxhvfnsh83bk0fg6-vscodium-1.91.1.24193/lib/vscode/resources/app/out/vs/workbench/api/node/extensionHostProcess.js:160:10194
	at Array.map (<anonymous>)
	at m._deactivateAll (/nix/store/3j0nsr6g8fc0kb20hxhvfnsh83bk0fg6-vscodium-1.91.1.24193/lib/vscode/resources/app/out/vs/workbench/api/node/extensionHostProcess.js:160:10181)
	at m.terminate (/nix/store/3j0nsr6g8fc0kb20hxhvfnsh83bk0fg6-vscodium-1.91.1.24193/lib/vscode/resources/app/out/vs/workbench/api/node/extensionHostProcess.js:160:10564)
	at h.terminate (/nix/store/3j0nsr6g8fc0kb20hxhvfnsh83bk0fg6-vscodium-1.91.1.24193/lib/vscode/resources/app/out/vs/workbench/api/node/extensionHostProcess.js:164:1908)
	at i (/nix/store/3j0nsr6g8fc0kb20hxhvfnsh83bk0fg6-vscodium-1.91.1.24193/lib/vscode/resources/app/out/vs/workbench/api/node/extensionHostProcess.js:177:12354)
	at MessagePortMain.<anonymous> (/nix/store/3j0nsr6g8fc0kb20hxhvfnsh83bk0fg6-vscodium-1.91.1.24193/lib/vscode/resources/app/out/vs/workbench/api/node/extensionHostProcess.js:177:8164)
	at MessagePortMain.emit (node:events:514:28)
	at MessagePortMain._internalPort.emit (node:electron/js2c/utility_init:2:2285) setContext undefined
2024-08-31 13:43:33.700 [error] Canceled: Canceled
	at new T (/nix/store/3j0nsr6g8fc0kb20hxhvfnsh83bk0fg6-vscodium-1.91.1.24193/lib/vscode/resources/app/out/vs/workbench/api/node/extensionHostProcess.js:144:39096)
	at y._remoteCall (/nix/store/3j0nsr6g8fc0kb20hxhvfnsh83bk0fg6-vscodium-1.91.1.24193/lib/vscode/resources/app/out/vs/workbench/api/node/extensionHostProcess.js:151:8166)
	at U.<computed>.F.charCodeAt.R.CharCode.DollarSign.U.<computed> (/nix/store/3j0nsr6g8fc0kb20hxhvfnsh83bk0fg6-vscodium-1.91.1.24193/lib/vscode/resources/app/out/vs/workbench/api/node/extensionHostProcess.js:151:4351)
	at f._doExecuteCommand (/nix/store/3j0nsr6g8fc0kb20hxhvfnsh83bk0fg6-vscodium-1.91.1.24193/lib/vscode/resources/app/out/vs/workbench/api/node/extensionHostProcess.js:154:241286)
	at f.executeCommand (/nix/store/3j0nsr6g8fc0kb20hxhvfnsh83bk0fg6-vscodium-1.91.1.24193/lib/vscode/resources/app/out/vs/workbench/api/node/extensionHostProcess.js:154:240611)
	at k.registerCommand.description (/nix/store/3j0nsr6g8fc0kb20hxhvfnsh83bk0fg6-vscodium-1.91.1.24193/lib/vscode/resources/app/out/vs/workbench/api/node/extensionHostProcess.js:154:239855)
	at f._executeContributedCommand (/nix/store/3j0nsr6g8fc0kb20hxhvfnsh83bk0fg6-vscodium-1.91.1.24193/lib/vscode/resources/app/out/vs/workbench/api/node/extensionHostProcess.js:154:241924)
	at f._doExecuteCommand (/nix/store/3j0nsr6g8fc0kb20hxhvfnsh83bk0fg6-vscodium-1.91.1.24193/lib/vscode/resources/app/out/vs/workbench/api/node/extensionHostProcess.js:154:240744)
	at f.executeCommand (/nix/store/3j0nsr6g8fc0kb20hxhvfnsh83bk0fg6-vscodium-1.91.1.24193/lib/vscode/resources/app/out/vs/workbench/api/node/extensionHostProcess.js:154:240611)
	at Object.executeCommand (/nix/store/3j0nsr6g8fc0kb20hxhvfnsh83bk0fg6-vscodium-1.91.1.24193/lib/vscode/resources/app/out/vs/workbench/api/node/extensionHostProcess.js:164:29715)
	at T.reset (/home/ser/.vscode-oss/extensions/asvetliakov.vscode-neovim-1.18.8-universal/dist/extension.js:2:187723)
	at l.<anonymous> (/home/ser/.vscode-oss/extensions/asvetliakov.vscode-neovim-1.18.8-universal/dist/extension.js:2:406042)
	at l.dispose (/nix/store/3j0nsr6g8fc0kb20hxhvfnsh83bk0fg6-vscodium-1.91.1.24193/lib/vscode/resources/app/out/vs/workbench/api/node/extensionHostProcess.js:152:6342)
	at h (/nix/store/3j0nsr6g8fc0kb20hxhvfnsh83bk0fg6-vscodium-1.91.1.24193/lib/vscode/resources/app/out/vs/workbench/api/node/extensionHostProcess.js:30:758)
	at m._deactivate (/nix/store/3j0nsr6g8fc0kb20hxhvfnsh83bk0fg6-vscodium-1.91.1.24193/lib/vscode/resources/app/out/vs/workbench/api/node/extensionHostProcess.js:160:13048)
	at /nix/store/3j0nsr6g8fc0kb20hxhvfnsh83bk0fg6-vscodium-1.91.1.24193/lib/vscode/resources/app/out/vs/workbench/api/node/extensionHostProcess.js:160:10194
	at Array.map (<anonymous>)
	at m._deactivateAll (/nix/store/3j0nsr6g8fc0kb20hxhvfnsh83bk0fg6-vscodium-1.91.1.24193/lib/vscode/resources/app/out/vs/workbench/api/node/extensionHostProcess.js:160:10181)
	at m.terminate (/nix/store/3j0nsr6g8fc0kb20hxhvfnsh83bk0fg6-vscodium-1.91.1.24193/lib/vscode/resources/app/out/vs/workbench/api/node/extensionHostProcess.js:160:10564)
	at h.terminate (/nix/store/3j0nsr6g8fc0kb20hxhvfnsh83bk0fg6-vscodium-1.91.1.24193/lib/vscode/resources/app/out/vs/workbench/api/node/extensionHostProcess.js:164:1908)
	at i (/nix/store/3j0nsr6g8fc0kb20hxhvfnsh83bk0fg6-vscodium-1.91.1.24193/lib/vscode/resources/app/out/vs/workbench/api/node/extensionHostProcess.js:177:12354)
	at MessagePortMain.<anonymous> (/nix/store/3j0nsr6g8fc0kb20hxhvfnsh83bk0fg6-vscodium-1.91.1.24193/lib/vscode/resources/app/out/vs/workbench/api/node/extensionHostProcess.js:177:8164)
	at MessagePortMain.emit (node:events:514:28)
	at MessagePortMain._internalPort.emit (node:electron/js2c/utility_init:2:2285) setContext undefined
2024-08-31 13:43:33.700 [error] Canceled: Canceled
	at new T (/nix/store/3j0nsr6g8fc0kb20hxhvfnsh83bk0fg6-vscodium-1.91.1.24193/lib/vscode/resources/app/out/vs/workbench/api/node/extensionHostProcess.js:144:39096)
	at y._remoteCall (/nix/store/3j0nsr6g8fc0kb20hxhvfnsh83bk0fg6-vscodium-1.91.1.24193/lib/vscode/resources/app/out/vs/workbench/api/node/extensionHostProcess.js:151:8166)
	at U.<computed>.F.charCodeAt.R.CharCode.DollarSign.U.<computed> (/nix/store/3j0nsr6g8fc0kb20hxhvfnsh83bk0fg6-vscodium-1.91.1.24193/lib/vscode/resources/app/out/vs/workbench/api/node/extensionHostProcess.js:151:4351)
	at f._doExecuteCommand (/nix/store/3j0nsr6g8fc0kb20hxhvfnsh83bk0fg6-vscodium-1.91.1.24193/lib/vscode/resources/app/out/vs/workbench/api/node/extensionHostProcess.js:154:241286)
	at f.executeCommand (/nix/store/3j0nsr6g8fc0kb20hxhvfnsh83bk0fg6-vscodium-1.91.1.24193/lib/vscode/resources/app/out/vs/workbench/api/node/extensionHostProcess.js:154:240611)
	at k.registerCommand.description (/nix/store/3j0nsr6g8fc0kb20hxhvfnsh83bk0fg6-vscodium-1.91.1.24193/lib/vscode/resources/app/out/vs/workbench/api/node/extensionHostProcess.js:154:239855)
	at f._executeContributedCommand (/nix/store/3j0nsr6g8fc0kb20hxhvfnsh83bk0fg6-vscodium-1.91.1.24193/lib/vscode/resources/app/out/vs/workbench/api/node/extensionHostProcess.js:154:241924)
	at f._doExecuteCommand (/nix/store/3j0nsr6g8fc0kb20hxhvfnsh83bk0fg6-vscodium-1.91.1.24193/lib/vscode/resources/app/out/vs/workbench/api/node/extensionHostProcess.js:154:240744)
	at f.executeCommand (/nix/store/3j0nsr6g8fc0kb20hxhvfnsh83bk0fg6-vscodium-1.91.1.24193/lib/vscode/resources/app/out/vs/workbench/api/node/extensionHostProcess.js:154:240611)
	at Object.executeCommand (/nix/store/3j0nsr6g8fc0kb20hxhvfnsh83bk0fg6-vscodium-1.91.1.24193/lib/vscode/resources/app/out/vs/workbench/api/node/extensionHostProcess.js:164:29715)
	at T.reset (/home/ser/.vscode-oss/extensions/asvetliakov.vscode-neovim-1.18.8-universal/dist/extension.js:2:187723)
	at l.<anonymous> (/home/ser/.vscode-oss/extensions/asvetliakov.vscode-neovim-1.18.8-universal/dist/extension.js:2:406042)
	at l.dispose (/nix/store/3j0nsr6g8fc0kb20hxhvfnsh83bk0fg6-vscodium-1.91.1.24193/lib/vscode/resources/app/out/vs/workbench/api/node/extensionHostProcess.js:152:6342)
	at h (/nix/store/3j0nsr6g8fc0kb20hxhvfnsh83bk0fg6-vscodium-1.91.1.24193/lib/vscode/resources/app/out/vs/workbench/api/node/extensionHostProcess.js:30:758)
	at m._deactivate (/nix/store/3j0nsr6g8fc0kb20hxhvfnsh83bk0fg6-vscodium-1.91.1.24193/lib/vscode/resources/app/out/vs/workbench/api/node/extensionHostProcess.js:160:13048)
	at /nix/store/3j0nsr6g8fc0kb20hxhvfnsh83bk0fg6-vscodium-1.91.1.24193/lib/vscode/resources/app/out/vs/workbench/api/node/extensionHostProcess.js:160:10194
	at Array.map (<anonymous>)
	at m._deactivateAll (/nix/store/3j0nsr6g8fc0kb20hxhvfnsh83bk0fg6-vscodium-1.91.1.24193/lib/vscode/resources/app/out/vs/workbench/api/node/extensionHostProcess.js:160:10181)
	at m.terminate (/nix/store/3j0nsr6g8fc0kb20hxhvfnsh83bk0fg6-vscodium-1.91.1.24193/lib/vscode/resources/app/out/vs/workbench/api/node/extensionHostProcess.js:160:10564)
	at h.terminate (/nix/store/3j0nsr6g8fc0kb20hxhvfnsh83bk0fg6-vscodium-1.91.1.24193/lib/vscode/resources/app/out/vs/workbench/api/node/extensionHostProcess.js:164:1908)
	at i (/nix/store/3j0nsr6g8fc0kb20hxhvfnsh83bk0fg6-vscodium-1.91.1.24193/lib/vscode/resources/app/out/vs/workbench/api/node/extensionHostProcess.js:177:12354)
	at MessagePortMain.<anonymous> (/nix/store/3j0nsr6g8fc0kb20hxhvfnsh83bk0fg6-vscodium-1.91.1.24193/lib/vscode/resources/app/out/vs/workbench/api/node/extensionHostProcess.js:177:8164)
	at MessagePortMain.emit (node:events:514:28)
	at MessagePortMain._internalPort.emit (node:electron/js2c/utility_init:2:2285) setContext undefined
2024-08-31 13:43:33.700 [error] Canceled: Canceled
	at new T (/nix/store/3j0nsr6g8fc0kb20hxhvfnsh83bk0fg6-vscodium-1.91.1.24193/lib/vscode/resources/app/out/vs/workbench/api/node/extensionHostProcess.js:144:39096)
	at y._remoteCall (/nix/store/3j0nsr6g8fc0kb20hxhvfnsh83bk0fg6-vscodium-1.91.1.24193/lib/vscode/resources/app/out/vs/workbench/api/node/extensionHostProcess.js:151:8166)
	at U.<computed>.F.charCodeAt.R.CharCode.DollarSign.U.<computed> (/nix/store/3j0nsr6g8fc0kb20hxhvfnsh83bk0fg6-vscodium-1.91.1.24193/lib/vscode/resources/app/out/vs/workbench/api/node/extensionHostProcess.js:151:4351)
	at f._doExecuteCommand (/nix/store/3j0nsr6g8fc0kb20hxhvfnsh83bk0fg6-vscodium-1.91.1.24193/lib/vscode/resources/app/out/vs/workbench/api/node/extensionHostProcess.js:154:241286)
	at f.executeCommand (/nix/store/3j0nsr6g8fc0kb20hxhvfnsh83bk0fg6-vscodium-1.91.1.24193/lib/vscode/resources/app/out/vs/workbench/api/node/extensionHostProcess.js:154:240611)
	at k.registerCommand.description (/nix/store/3j0nsr6g8fc0kb20hxhvfnsh83bk0fg6-vscodium-1.91.1.24193/lib/vscode/resources/app/out/vs/workbench/api/node/extensionHostProcess.js:154:239855)
	at f._executeContributedCommand (/nix/store/3j0nsr6g8fc0kb20hxhvfnsh83bk0fg6-vscodium-1.91.1.24193/lib/vscode/resources/app/out/vs/workbench/api/node/extensionHostProcess.js:154:241924)
	at f._doExecuteCommand (/nix/store/3j0nsr6g8fc0kb20hxhvfnsh83bk0fg6-vscodium-1.91.1.24193/lib/vscode/resources/app/out/vs/workbench/api/node/extensionHostProcess.js:154:240744)
	at f.executeCommand (/nix/store/3j0nsr6g8fc0kb20hxhvfnsh83bk0fg6-vscodium-1.91.1.24193/lib/vscode/resources/app/out/vs/workbench/api/node/extensionHostProcess.js:154:240611)
	at Object.executeCommand (/nix/store/3j0nsr6g8fc0kb20hxhvfnsh83bk0fg6-vscodium-1.91.1.24193/lib/vscode/resources/app/out/vs/workbench/api/node/extensionHostProcess.js:164:29715)
	at T.reset (/home/ser/.vscode-oss/extensions/asvetliakov.vscode-neovim-1.18.8-universal/dist/extension.js:2:187723)
	at l.<anonymous> (/home/ser/.vscode-oss/extensions/asvetliakov.vscode-neovim-1.18.8-universal/dist/extension.js:2:406042)
	at l.dispose (/nix/store/3j0nsr6g8fc0kb20hxhvfnsh83bk0fg6-vscodium-1.91.1.24193/lib/vscode/resources/app/out/vs/workbench/api/node/extensionHostProcess.js:152:6342)
	at h (/nix/store/3j0nsr6g8fc0kb20hxhvfnsh83bk0fg6-vscodium-1.91.1.24193/lib/vscode/resources/app/out/vs/workbench/api/node/extensionHostProcess.js:30:758)
	at m._deactivate (/nix/store/3j0nsr6g8fc0kb20hxhvfnsh83bk0fg6-vscodium-1.91.1.24193/lib/vscode/resources/app/out/vs/workbench/api/node/extensionHostProcess.js:160:13048)
	at /nix/store/3j0nsr6g8fc0kb20hxhvfnsh83bk0fg6-vscodium-1.91.1.24193/lib/vscode/resources/app/out/vs/workbench/api/node/extensionHostProcess.js:160:10194
	at Array.map (<anonymous>)
	at m._deactivateAll (/nix/store/3j0nsr6g8fc0kb20hxhvfnsh83bk0fg6-vscodium-1.91.1.24193/lib/vscode/resources/app/out/vs/workbench/api/node/extensionHostProcess.js:160:10181)
	at m.terminate (/nix/store/3j0nsr6g8fc0kb20hxhvfnsh83bk0fg6-vscodium-1.91.1.24193/lib/vscode/resources/app/out/vs/workbench/api/node/extensionHostProcess.js:160:10564)
	at h.terminate (/nix/store/3j0nsr6g8fc0kb20hxhvfnsh83bk0fg6-vscodium-1.91.1.24193/lib/vscode/resources/app/out/vs/workbench/api/node/extensionHostProcess.js:164:1908)
	at i (/nix/store/3j0nsr6g8fc0kb20hxhvfnsh83bk0fg6-vscodium-1.91.1.24193/lib/vscode/resources/app/out/vs/workbench/api/node/extensionHostProcess.js:177:12354)
	at MessagePortMain.<anonymous> (/nix/store/3j0nsr6g8fc0kb20hxhvfnsh83bk0fg6-vscodium-1.91.1.24193/lib/vscode/resources/app/out/vs/workbench/api/node/extensionHostProcess.js:177:8164)
	at MessagePortMain.emit (node:events:514:28)
	at MessagePortMain._internalPort.emit (node:electron/js2c/utility_init:2:2285) setContext undefined
2024-08-31 13:43:33.700 [error] Canceled: Canceled
	at new T (/nix/store/3j0nsr6g8fc0kb20hxhvfnsh83bk0fg6-vscodium-1.91.1.24193/lib/vscode/resources/app/out/vs/workbench/api/node/extensionHostProcess.js:144:39096)
	at y._remoteCall (/nix/store/3j0nsr6g8fc0kb20hxhvfnsh83bk0fg6-vscodium-1.91.1.24193/lib/vscode/resources/app/out/vs/workbench/api/node/extensionHostProcess.js:151:8166)
	at U.<computed>.F.charCodeAt.R.CharCode.DollarSign.U.<computed> (/nix/store/3j0nsr6g8fc0kb20hxhvfnsh83bk0fg6-vscodium-1.91.1.24193/lib/vscode/resources/app/out/vs/workbench/api/node/extensionHostProcess.js:151:4351)
	at f._doExecuteCommand (/nix/store/3j0nsr6g8fc0kb20hxhvfnsh83bk0fg6-vscodium-1.91.1.24193/lib/vscode/resources/app/out/vs/workbench/api/node/extensionHostProcess.js:154:241286)
	at f.executeCommand (/nix/store/3j0nsr6g8fc0kb20hxhvfnsh83bk0fg6-vscodium-1.91.1.24193/lib/vscode/resources/app/out/vs/workbench/api/node/extensionHostProcess.js:154:240611)
	at k.registerCommand.description (/nix/store/3j0nsr6g8fc0kb20hxhvfnsh83bk0fg6-vscodium-1.91.1.24193/lib/vscode/resources/app/out/vs/workbench/api/node/extensionHostProcess.js:154:239855)
	at f._executeContributedCommand (/nix/store/3j0nsr6g8fc0kb20hxhvfnsh83bk0fg6-vscodium-1.91.1.24193/lib/vscode/resources/app/out/vs/workbench/api/node/extensionHostProcess.js:154:241924)
	at f._doExecuteCommand (/nix/store/3j0nsr6g8fc0kb20hxhvfnsh83bk0fg6-vscodium-1.91.1.24193/lib/vscode/resources/app/out/vs/workbench/api/node/extensionHostProcess.js:154:240744)
	at f.executeCommand (/nix/store/3j0nsr6g8fc0kb20hxhvfnsh83bk0fg6-vscodium-1.91.1.24193/lib/vscode/resources/app/out/vs/workbench/api/node/extensionHostProcess.js:154:240611)
	at Object.executeCommand (/nix/store/3j0nsr6g8fc0kb20hxhvfnsh83bk0fg6-vscodium-1.91.1.24193/lib/vscode/resources/app/out/vs/workbench/api/node/extensionHostProcess.js:164:29715)
	at T.reset (/home/ser/.vscode-oss/extensions/asvetliakov.vscode-neovim-1.18.8-universal/dist/extension.js:2:187723)
	at l.<anonymous> (/home/ser/.vscode-oss/extensions/asvetliakov.vscode-neovim-1.18.8-universal/dist/extension.js:2:406042)
	at l.dispose (/nix/store/3j0nsr6g8fc0kb20hxhvfnsh83bk0fg6-vscodium-1.91.1.24193/lib/vscode/resources/app/out/vs/workbench/api/node/extensionHostProcess.js:152:6342)
	at h (/nix/store/3j0nsr6g8fc0kb20hxhvfnsh83bk0fg6-vscodium-1.91.1.24193/lib/vscode/resources/app/out/vs/workbench/api/node/extensionHostProcess.js:30:758)
	at m._deactivate (/nix/store/3j0nsr6g8fc0kb20hxhvfnsh83bk0fg6-vscodium-1.91.1.24193/lib/vscode/resources/app/out/vs/workbench/api/node/extensionHostProcess.js:160:13048)
	at /nix/store/3j0nsr6g8fc0kb20hxhvfnsh83bk0fg6-vscodium-1.91.1.24193/lib/vscode/resources/app/out/vs/workbench/api/node/extensionHostProcess.js:160:10194
	at Array.map (<anonymous>)
	at m._deactivateAll (/nix/store/3j0nsr6g8fc0kb20hxhvfnsh83bk0fg6-vscodium-1.91.1.24193/lib/vscode/resources/app/out/vs/workbench/api/node/extensionHostProcess.js:160:10181)
	at m.terminate (/nix/store/3j0nsr6g8fc0kb20hxhvfnsh83bk0fg6-vscodium-1.91.1.24193/lib/vscode/resources/app/out/vs/workbench/api/node/extensionHostProcess.js:160:10564)
	at h.terminate (/nix/store/3j0nsr6g8fc0kb20hxhvfnsh83bk0fg6-vscodium-1.91.1.24193/lib/vscode/resources/app/out/vs/workbench/api/node/extensionHostProcess.js:164:1908)
	at i (/nix/store/3j0nsr6g8fc0kb20hxhvfnsh83bk0fg6-vscodium-1.91.1.24193/lib/vscode/resources/app/out/vs/workbench/api/node/extensionHostProcess.js:177:12354)
	at MessagePortMain.<anonymous> (/nix/store/3j0nsr6g8fc0kb20hxhvfnsh83bk0fg6-vscodium-1.91.1.24193/lib/vscode/resources/app/out/vs/workbench/api/node/extensionHostProcess.js:177:8164)
	at MessagePortMain.emit (node:events:514:28)
	at MessagePortMain._internalPort.emit (node:electron/js2c/utility_init:2:2285) setContext undefined
2024-08-31 13:43:33.700 [error] Canceled: Canceled
	at new T (/nix/store/3j0nsr6g8fc0kb20hxhvfnsh83bk0fg6-vscodium-1.91.1.24193/lib/vscode/resources/app/out/vs/workbench/api/node/extensionHostProcess.js:144:39096)
	at y._remoteCall (/nix/store/3j0nsr6g8fc0kb20hxhvfnsh83bk0fg6-vscodium-1.91.1.24193/lib/vscode/resources/app/out/vs/workbench/api/node/extensionHostProcess.js:151:8166)
	at U.<computed>.F.charCodeAt.R.CharCode.DollarSign.U.<computed> (/nix/store/3j0nsr6g8fc0kb20hxhvfnsh83bk0fg6-vscodium-1.91.1.24193/lib/vscode/resources/app/out/vs/workbench/api/node/extensionHostProcess.js:151:4351)
	at f._doExecuteCommand (/nix/store/3j0nsr6g8fc0kb20hxhvfnsh83bk0fg6-vscodium-1.91.1.24193/lib/vscode/resources/app/out/vs/workbench/api/node/extensionHostProcess.js:154:241286)
	at f.executeCommand (/nix/store/3j0nsr6g8fc0kb20hxhvfnsh83bk0fg6-vscodium-1.91.1.24193/lib/vscode/resources/app/out/vs/workbench/api/node/extensionHostProcess.js:154:240611)
	at k.registerCommand.description (/nix/store/3j0nsr6g8fc0kb20hxhvfnsh83bk0fg6-vscodium-1.91.1.24193/lib/vscode/resources/app/out/vs/workbench/api/node/extensionHostProcess.js:154:239855)
	at f._executeContributedCommand (/nix/store/3j0nsr6g8fc0kb20hxhvfnsh83bk0fg6-vscodium-1.91.1.24193/lib/vscode/resources/app/out/vs/workbench/api/node/extensionHostProcess.js:154:241924)
	at f._doExecuteCommand (/nix/store/3j0nsr6g8fc0kb20hxhvfnsh83bk0fg6-vscodium-1.91.1.24193/lib/vscode/resources/app/out/vs/workbench/api/node/extensionHostProcess.js:154:240744)
	at f.executeCommand (/nix/store/3j0nsr6g8fc0kb20hxhvfnsh83bk0fg6-vscodium-1.91.1.24193/lib/vscode/resources/app/out/vs/workbench/api/node/extensionHostProcess.js:154:240611)
	at Object.executeCommand (/nix/store/3j0nsr6g8fc0kb20hxhvfnsh83bk0fg6-vscodium-1.91.1.24193/lib/vscode/resources/app/out/vs/workbench/api/node/extensionHostProcess.js:164:29715)
	at T.reset (/home/ser/.vscode-oss/extensions/asvetliakov.vscode-neovim-1.18.8-universal/dist/extension.js:2:187723)
	at l.<anonymous> (/home/ser/.vscode-oss/extensions/asvetliakov.vscode-neovim-1.18.8-universal/dist/extension.js:2:406042)
	at l.dispose (/nix/store/3j0nsr6g8fc0kb20hxhvfnsh83bk0fg6-vscodium-1.91.1.24193/lib/vscode/resources/app/out/vs/workbench/api/node/extensionHostProcess.js:152:6342)
	at h (/nix/store/3j0nsr6g8fc0kb20hxhvfnsh83bk0fg6-vscodium-1.91.1.24193/lib/vscode/resources/app/out/vs/workbench/api/node/extensionHostProcess.js:30:758)
	at m._deactivate (/nix/store/3j0nsr6g8fc0kb20hxhvfnsh83bk0fg6-vscodium-1.91.1.24193/lib/vscode/resources/app/out/vs/workbench/api/node/extensionHostProcess.js:160:13048)
	at /nix/store/3j0nsr6g8fc0kb20hxhvfnsh83bk0fg6-vscodium-1.91.1.24193/lib/vscode/resources/app/out/vs/workbench/api/node/extensionHostProcess.js:160:10194
	at Array.map (<anonymous>)
	at m._deactivateAll (/nix/store/3j0nsr6g8fc0kb20hxhvfnsh83bk0fg6-vscodium-1.91.1.24193/lib/vscode/resources/app/out/vs/workbench/api/node/extensionHostProcess.js:160:10181)
	at m.terminate (/nix/store/3j0nsr6g8fc0kb20hxhvfnsh83bk0fg6-vscodium-1.91.1.24193/lib/vscode/resources/app/out/vs/workbench/api/node/extensionHostProcess.js:160:10564)
	at h.terminate (/nix/store/3j0nsr6g8fc0kb20hxhvfnsh83bk0fg6-vscodium-1.91.1.24193/lib/vscode/resources/app/out/vs/workbench/api/node/extensionHostProcess.js:164:1908)
	at i (/nix/store/3j0nsr6g8fc0kb20hxhvfnsh83bk0fg6-vscodium-1.91.1.24193/lib/vscode/resources/app/out/vs/workbench/api/node/extensionHostProcess.js:177:12354)
	at MessagePortMain.<anonymous> (/nix/store/3j0nsr6g8fc0kb20hxhvfnsh83bk0fg6-vscodium-1.91.1.24193/lib/vscode/resources/app/out/vs/workbench/api/node/extensionHostProcess.js:177:8164)
	at MessagePortMain.emit (node:events:514:28)
	at MessagePortMain._internalPort.emit (node:electron/js2c/utility_init:2:2285) setContext undefined
2024-08-31 13:43:33.700 [error] Canceled: Canceled
	at new T (/nix/store/3j0nsr6g8fc0kb20hxhvfnsh83bk0fg6-vscodium-1.91.1.24193/lib/vscode/resources/app/out/vs/workbench/api/node/extensionHostProcess.js:144:39096)
	at y._remoteCall (/nix/store/3j0nsr6g8fc0kb20hxhvfnsh83bk0fg6-vscodium-1.91.1.24193/lib/vscode/resources/app/out/vs/workbench/api/node/extensionHostProcess.js:151:8166)
	at U.<computed>.F.charCodeAt.R.CharCode.DollarSign.U.<computed> (/nix/store/3j0nsr6g8fc0kb20hxhvfnsh83bk0fg6-vscodium-1.91.1.24193/lib/vscode/resources/app/out/vs/workbench/api/node/extensionHostProcess.js:151:4351)
	at f._doExecuteCommand (/nix/store/3j0nsr6g8fc0kb20hxhvfnsh83bk0fg6-vscodium-1.91.1.24193/lib/vscode/resources/app/out/vs/workbench/api/node/extensionHostProcess.js:154:241286)
	at f.executeCommand (/nix/store/3j0nsr6g8fc0kb20hxhvfnsh83bk0fg6-vscodium-1.91.1.24193/lib/vscode/resources/app/out/vs/workbench/api/node/extensionHostProcess.js:154:240611)
	at k.registerCommand.description (/nix/store/3j0nsr6g8fc0kb20hxhvfnsh83bk0fg6-vscodium-1.91.1.24193/lib/vscode/resources/app/out/vs/workbench/api/node/extensionHostProcess.js:154:239855)
	at f._executeContributedCommand (/nix/store/3j0nsr6g8fc0kb20hxhvfnsh83bk0fg6-vscodium-1.91.1.24193/lib/vscode/resources/app/out/vs/workbench/api/node/extensionHostProcess.js:154:241924)
	at f._doExecuteCommand (/nix/store/3j0nsr6g8fc0kb20hxhvfnsh83bk0fg6-vscodium-1.91.1.24193/lib/vscode/resources/app/out/vs/workbench/api/node/extensionHostProcess.js:154:240744)
	at f.executeCommand (/nix/store/3j0nsr6g8fc0kb20hxhvfnsh83bk0fg6-vscodium-1.91.1.24193/lib/vscode/resources/app/out/vs/workbench/api/node/extensionHostProcess.js:154:240611)
	at Object.executeCommand (/nix/store/3j0nsr6g8fc0kb20hxhvfnsh83bk0fg6-vscodium-1.91.1.24193/lib/vscode/resources/app/out/vs/workbench/api/node/extensionHostProcess.js:164:29715)
	at T.reset (/home/ser/.vscode-oss/extensions/asvetliakov.vscode-neovim-1.18.8-universal/dist/extension.js:2:187723)
	at l.<anonymous> (/home/ser/.vscode-oss/extensions/asvetliakov.vscode-neovim-1.18.8-universal/dist/extension.js:2:406042)
	at l.dispose (/nix/store/3j0nsr6g8fc0kb20hxhvfnsh83bk0fg6-vscodium-1.91.1.24193/lib/vscode/resources/app/out/vs/workbench/api/node/extensionHostProcess.js:152:6342)
	at h (/nix/store/3j0nsr6g8fc0kb20hxhvfnsh83bk0fg6-vscodium-1.91.1.24193/lib/vscode/resources/app/out/vs/workbench/api/node/extensionHostProcess.js:30:758)
	at m._deactivate (/nix/store/3j0nsr6g8fc0kb20hxhvfnsh83bk0fg6-vscodium-1.91.1.24193/lib/vscode/resources/app/out/vs/workbench/api/node/extensionHostProcess.js:160:13048)
	at /nix/store/3j0nsr6g8fc0kb20hxhvfnsh83bk0fg6-vscodium-1.91.1.24193/lib/vscode/resources/app/out/vs/workbench/api/node/extensionHostProcess.js:160:10194
	at Array.map (<anonymous>)
	at m._deactivateAll (/nix/store/3j0nsr6g8fc0kb20hxhvfnsh83bk0fg6-vscodium-1.91.1.24193/lib/vscode/resources/app/out/vs/workbench/api/node/extensionHostProcess.js:160:10181)
	at m.terminate (/nix/store/3j0nsr6g8fc0kb20hxhvfnsh83bk0fg6-vscodium-1.91.1.24193/lib/vscode/resources/app/out/vs/workbench/api/node/extensionHostProcess.js:160:10564)
	at h.terminate (/nix/store/3j0nsr6g8fc0kb20hxhvfnsh83bk0fg6-vscodium-1.91.1.24193/lib/vscode/resources/app/out/vs/workbench/api/node/extensionHostProcess.js:164:1908)
	at i (/nix/store/3j0nsr6g8fc0kb20hxhvfnsh83bk0fg6-vscodium-1.91.1.24193/lib/vscode/resources/app/out/vs/workbench/api/node/extensionHostProcess.js:177:12354)
	at MessagePortMain.<anonymous> (/nix/store/3j0nsr6g8fc0kb20hxhvfnsh83bk0fg6-vscodium-1.91.1.24193/lib/vscode/resources/app/out/vs/workbench/api/node/extensionHostProcess.js:177:8164)
	at MessagePortMain.emit (node:events:514:28)
	at MessagePortMain._internalPort.emit (node:electron/js2c/utility_init:2:2285) setContext undefined
2024-08-31 13:43:33.701 [error] Canceled: Canceled
	at new T (/nix/store/3j0nsr6g8fc0kb20hxhvfnsh83bk0fg6-vscodium-1.91.1.24193/lib/vscode/resources/app/out/vs/workbench/api/node/extensionHostProcess.js:144:39096)
	at y._remoteCall (/nix/store/3j0nsr6g8fc0kb20hxhvfnsh83bk0fg6-vscodium-1.91.1.24193/lib/vscode/resources/app/out/vs/workbench/api/node/extensionHostProcess.js:151:8166)
	at U.<computed>.F.charCodeAt.R.CharCode.DollarSign.U.<computed> (/nix/store/3j0nsr6g8fc0kb20hxhvfnsh83bk0fg6-vscodium-1.91.1.24193/lib/vscode/resources/app/out/vs/workbench/api/node/extensionHostProcess.js:151:4351)
	at f._doExecuteCommand (/nix/store/3j0nsr6g8fc0kb20hxhvfnsh83bk0fg6-vscodium-1.91.1.24193/lib/vscode/resources/app/out/vs/workbench/api/node/extensionHostProcess.js:154:241286)
	at f.executeCommand (/nix/store/3j0nsr6g8fc0kb20hxhvfnsh83bk0fg6-vscodium-1.91.1.24193/lib/vscode/resources/app/out/vs/workbench/api/node/extensionHostProcess.js:154:240611)
	at k.registerCommand.description (/nix/store/3j0nsr6g8fc0kb20hxhvfnsh83bk0fg6-vscodium-1.91.1.24193/lib/vscode/resources/app/out/vs/workbench/api/node/extensionHostProcess.js:154:239855)
	at f._executeContributedCommand (/nix/store/3j0nsr6g8fc0kb20hxhvfnsh83bk0fg6-vscodium-1.91.1.24193/lib/vscode/resources/app/out/vs/workbench/api/node/extensionHostProcess.js:154:241924)
	at f._doExecuteCommand (/nix/store/3j0nsr6g8fc0kb20hxhvfnsh83bk0fg6-vscodium-1.91.1.24193/lib/vscode/resources/app/out/vs/workbench/api/node/extensionHostProcess.js:154:240744)
	at f.executeCommand (/nix/store/3j0nsr6g8fc0kb20hxhvfnsh83bk0fg6-vscodium-1.91.1.24193/lib/vscode/resources/app/out/vs/workbench/api/node/extensionHostProcess.js:154:240611)
	at Object.executeCommand (/nix/store/3j0nsr6g8fc0kb20hxhvfnsh83bk0fg6-vscodium-1.91.1.24193/lib/vscode/resources/app/out/vs/workbench/api/node/extensionHostProcess.js:164:29715)
	at T.reset (/home/ser/.vscode-oss/extensions/asvetliakov.vscode-neovim-1.18.8-universal/dist/extension.js:2:187723)
	at l.<anonymous> (/home/ser/.vscode-oss/extensions/asvetliakov.vscode-neovim-1.18.8-universal/dist/extension.js:2:406042)
	at l.dispose (/nix/store/3j0nsr6g8fc0kb20hxhvfnsh83bk0fg6-vscodium-1.91.1.24193/lib/vscode/resources/app/out/vs/workbench/api/node/extensionHostProcess.js:152:6342)
	at h (/nix/store/3j0nsr6g8fc0kb20hxhvfnsh83bk0fg6-vscodium-1.91.1.24193/lib/vscode/resources/app/out/vs/workbench/api/node/extensionHostProcess.js:30:758)
	at m._deactivate (/nix/store/3j0nsr6g8fc0kb20hxhvfnsh83bk0fg6-vscodium-1.91.1.24193/lib/vscode/resources/app/out/vs/workbench/api/node/extensionHostProcess.js:160:13048)
	at /nix/store/3j0nsr6g8fc0kb20hxhvfnsh83bk0fg6-vscodium-1.91.1.24193/lib/vscode/resources/app/out/vs/workbench/api/node/extensionHostProcess.js:160:10194
	at Array.map (<anonymous>)
	at m._deactivateAll (/nix/store/3j0nsr6g8fc0kb20hxhvfnsh83bk0fg6-vscodium-1.91.1.24193/lib/vscode/resources/app/out/vs/workbench/api/node/extensionHostProcess.js:160:10181)
	at m.terminate (/nix/store/3j0nsr6g8fc0kb20hxhvfnsh83bk0fg6-vscodium-1.91.1.24193/lib/vscode/resources/app/out/vs/workbench/api/node/extensionHostProcess.js:160:10564)
	at h.terminate (/nix/store/3j0nsr6g8fc0kb20hxhvfnsh83bk0fg6-vscodium-1.91.1.24193/lib/vscode/resources/app/out/vs/workbench/api/node/extensionHostProcess.js:164:1908)
	at i (/nix/store/3j0nsr6g8fc0kb20hxhvfnsh83bk0fg6-vscodium-1.91.1.24193/lib/vscode/resources/app/out/vs/workbench/api/node/extensionHostProcess.js:177:12354)
	at MessagePortMain.<anonymous> (/nix/store/3j0nsr6g8fc0kb20hxhvfnsh83bk0fg6-vscodium-1.91.1.24193/lib/vscode/resources/app/out/vs/workbench/api/node/extensionHostProcess.js:177:8164)
	at MessagePortMain.emit (node:events:514:28)
	at MessagePortMain._internalPort.emit (node:electron/js2c/utility_init:2:2285) setContext undefined
2024-08-31 13:43:33.701 [error] Canceled: Canceled
	at new T (/nix/store/3j0nsr6g8fc0kb20hxhvfnsh83bk0fg6-vscodium-1.91.1.24193/lib/vscode/resources/app/out/vs/workbench/api/node/extensionHostProcess.js:144:39096)
	at y._remoteCall (/nix/store/3j0nsr6g8fc0kb20hxhvfnsh83bk0fg6-vscodium-1.91.1.24193/lib/vscode/resources/app/out/vs/workbench/api/node/extensionHostProcess.js:151:8166)
	at U.<computed>.F.charCodeAt.R.CharCode.DollarSign.U.<computed> (/nix/store/3j0nsr6g8fc0kb20hxhvfnsh83bk0fg6-vscodium-1.91.1.24193/lib/vscode/resources/app/out/vs/workbench/api/node/extensionHostProcess.js:151:4351)
	at f._doExecuteCommand (/nix/store/3j0nsr6g8fc0kb20hxhvfnsh83bk0fg6-vscodium-1.91.1.24193/lib/vscode/resources/app/out/vs/workbench/api/node/extensionHostProcess.js:154:241286)
	at f.executeCommand (/nix/store/3j0nsr6g8fc0kb20hxhvfnsh83bk0fg6-vscodium-1.91.1.24193/lib/vscode/resources/app/out/vs/workbench/api/node/extensionHostProcess.js:154:240611)
	at k.registerCommand.description (/nix/store/3j0nsr6g8fc0kb20hxhvfnsh83bk0fg6-vscodium-1.91.1.24193/lib/vscode/resources/app/out/vs/workbench/api/node/extensionHostProcess.js:154:239855)
	at f._executeContributedCommand (/nix/store/3j0nsr6g8fc0kb20hxhvfnsh83bk0fg6-vscodium-1.91.1.24193/lib/vscode/resources/app/out/vs/workbench/api/node/extensionHostProcess.js:154:241924)
	at f._doExecuteCommand (/nix/store/3j0nsr6g8fc0kb20hxhvfnsh83bk0fg6-vscodium-1.91.1.24193/lib/vscode/resources/app/out/vs/workbench/api/node/extensionHostProcess.js:154:240744)
	at f.executeCommand (/nix/store/3j0nsr6g8fc0kb20hxhvfnsh83bk0fg6-vscodium-1.91.1.24193/lib/vscode/resources/app/out/vs/workbench/api/node/extensionHostProcess.js:154:240611)
	at Object.executeCommand (/nix/store/3j0nsr6g8fc0kb20hxhvfnsh83bk0fg6-vscodium-1.91.1.24193/lib/vscode/resources/app/out/vs/workbench/api/node/extensionHostProcess.js:164:29715)
	at T.reset (/home/ser/.vscode-oss/extensions/asvetliakov.vscode-neovim-1.18.8-universal/dist/extension.js:2:187723)
	at l.<anonymous> (/home/ser/.vscode-oss/extensions/asvetliakov.vscode-neovim-1.18.8-universal/dist/extension.js:2:406042)
	at l.dispose (/nix/store/3j0nsr6g8fc0kb20hxhvfnsh83bk0fg6-vscodium-1.91.1.24193/lib/vscode/resources/app/out/vs/workbench/api/node/extensionHostProcess.js:152:6342)
	at h (/nix/store/3j0nsr6g8fc0kb20hxhvfnsh83bk0fg6-vscodium-1.91.1.24193/lib/vscode/resources/app/out/vs/workbench/api/node/extensionHostProcess.js:30:758)
	at m._deactivate (/nix/store/3j0nsr6g8fc0kb20hxhvfnsh83bk0fg6-vscodium-1.91.1.24193/lib/vscode/resources/app/out/vs/workbench/api/node/extensionHostProcess.js:160:13048)
	at /nix/store/3j0nsr6g8fc0kb20hxhvfnsh83bk0fg6-vscodium-1.91.1.24193/lib/vscode/resources/app/out/vs/workbench/api/node/extensionHostProcess.js:160:10194
	at Array.map (<anonymous>)
	at m._deactivateAll (/nix/store/3j0nsr6g8fc0kb20hxhvfnsh83bk0fg6-vscodium-1.91.1.24193/lib/vscode/resources/app/out/vs/workbench/api/node/extensionHostProcess.js:160:10181)
	at m.terminate (/nix/store/3j0nsr6g8fc0kb20hxhvfnsh83bk0fg6-vscodium-1.91.1.24193/lib/vscode/resources/app/out/vs/workbench/api/node/extensionHostProcess.js:160:10564)
	at h.terminate (/nix/store/3j0nsr6g8fc0kb20hxhvfnsh83bk0fg6-vscodium-1.91.1.24193/lib/vscode/resources/app/out/vs/workbench/api/node/extensionHostProcess.js:164:1908)
	at i (/nix/store/3j0nsr6g8fc0kb20hxhvfnsh83bk0fg6-vscodium-1.91.1.24193/lib/vscode/resources/app/out/vs/workbench/api/node/extensionHostProcess.js:177:12354)
	at MessagePortMain.<anonymous> (/nix/store/3j0nsr6g8fc0kb20hxhvfnsh83bk0fg6-vscodium-1.91.1.24193/lib/vscode/resources/app/out/vs/workbench/api/node/extensionHostProcess.js:177:8164)
	at MessagePortMain.emit (node:events:514:28)
	at MessagePortMain._internalPort.emit (node:electron/js2c/utility_init:2:2285) setContext undefined
2024-08-31 13:43:33.701 [error] Canceled: Canceled
	at new T (/nix/store/3j0nsr6g8fc0kb20hxhvfnsh83bk0fg6-vscodium-1.91.1.24193/lib/vscode/resources/app/out/vs/workbench/api/node/extensionHostProcess.js:144:39096)
	at y._remoteCall (/nix/store/3j0nsr6g8fc0kb20hxhvfnsh83bk0fg6-vscodium-1.91.1.24193/lib/vscode/resources/app/out/vs/workbench/api/node/extensionHostProcess.js:151:8166)
	at U.<computed>.F.charCodeAt.R.CharCode.DollarSign.U.<computed> (/nix/store/3j0nsr6g8fc0kb20hxhvfnsh83bk0fg6-vscodium-1.91.1.24193/lib/vscode/resources/app/out/vs/workbench/api/node/extensionHostProcess.js:151:4351)
	at f._doExecuteCommand (/nix/store/3j0nsr6g8fc0kb20hxhvfnsh83bk0fg6-vscodium-1.91.1.24193/lib/vscode/resources/app/out/vs/workbench/api/node/extensionHostProcess.js:154:241286)
	at f.executeCommand (/nix/store/3j0nsr6g8fc0kb20hxhvfnsh83bk0fg6-vscodium-1.91.1.24193/lib/vscode/resources/app/out/vs/workbench/api/node/extensionHostProcess.js:154:240611)
	at k.registerCommand.description (/nix/store/3j0nsr6g8fc0kb20hxhvfnsh83bk0fg6-vscodium-1.91.1.24193/lib/vscode/resources/app/out/vs/workbench/api/node/extensionHostProcess.js:154:239855)
	at f._executeContributedCommand (/nix/store/3j0nsr6g8fc0kb20hxhvfnsh83bk0fg6-vscodium-1.91.1.24193/lib/vscode/resources/app/out/vs/workbench/api/node/extensionHostProcess.js:154:241924)
	at f._doExecuteCommand (/nix/store/3j0nsr6g8fc0kb20hxhvfnsh83bk0fg6-vscodium-1.91.1.24193/lib/vscode/resources/app/out/vs/workbench/api/node/extensionHostProcess.js:154:240744)
	at f.executeCommand (/nix/store/3j0nsr6g8fc0kb20hxhvfnsh83bk0fg6-vscodium-1.91.1.24193/lib/vscode/resources/app/out/vs/workbench/api/node/extensionHostProcess.js:154:240611)
	at Object.executeCommand (/nix/store/3j0nsr6g8fc0kb20hxhvfnsh83bk0fg6-vscodium-1.91.1.24193/lib/vscode/resources/app/out/vs/workbench/api/node/extensionHostProcess.js:164:29715)
	at T.reset (/home/ser/.vscode-oss/extensions/asvetliakov.vscode-neovim-1.18.8-universal/dist/extension.js:2:187723)
	at l.<anonymous> (/home/ser/.vscode-oss/extensions/asvetliakov.vscode-neovim-1.18.8-universal/dist/extension.js:2:406042)
	at l.dispose (/nix/store/3j0nsr6g8fc0kb20hxhvfnsh83bk0fg6-vscodium-1.91.1.24193/lib/vscode/resources/app/out/vs/workbench/api/node/extensionHostProcess.js:152:6342)
	at h (/nix/store/3j0nsr6g8fc0kb20hxhvfnsh83bk0fg6-vscodium-1.91.1.24193/lib/vscode/resources/app/out/vs/workbench/api/node/extensionHostProcess.js:30:758)
	at m._deactivate (/nix/store/3j0nsr6g8fc0kb20hxhvfnsh83bk0fg6-vscodium-1.91.1.24193/lib/vscode/resources/app/out/vs/workbench/api/node/extensionHostProcess.js:160:13048)
	at /nix/store/3j0nsr6g8fc0kb20hxhvfnsh83bk0fg6-vscodium-1.91.1.24193/lib/vscode/resources/app/out/vs/workbench/api/node/extensionHostProcess.js:160:10194
	at Array.map (<anonymous>)
	at m._deactivateAll (/nix/store/3j0nsr6g8fc0kb20hxhvfnsh83bk0fg6-vscodium-1.91.1.24193/lib/vscode/resources/app/out/vs/workbench/api/node/extensionHostProcess.js:160:10181)
	at m.terminate (/nix/store/3j0nsr6g8fc0kb20hxhvfnsh83bk0fg6-vscodium-1.91.1.24193/lib/vscode/resources/app/out/vs/workbench/api/node/extensionHostProcess.js:160:10564)
	at h.terminate (/nix/store/3j0nsr6g8fc0kb20hxhvfnsh83bk0fg6-vscodium-1.91.1.24193/lib/vscode/resources/app/out/vs/workbench/api/node/extensionHostProcess.js:164:1908)
	at i (/nix/store/3j0nsr6g8fc0kb20hxhvfnsh83bk0fg6-vscodium-1.91.1.24193/lib/vscode/resources/app/out/vs/workbench/api/node/extensionHostProcess.js:177:12354)
	at MessagePortMain.<anonymous> (/nix/store/3j0nsr6g8fc0kb20hxhvfnsh83bk0fg6-vscodium-1.91.1.24193/lib/vscode/resources/app/out/vs/workbench/api/node/extensionHostProcess.js:177:8164)
	at MessagePortMain.emit (node:events:514:28)
	at MessagePortMain._internalPort.emit (node:electron/js2c/utility_init:2:2285) setContext undefined
2024-08-31 13:43:33.701 [error] Canceled: Canceled
	at new T (/nix/store/3j0nsr6g8fc0kb20hxhvfnsh83bk0fg6-vscodium-1.91.1.24193/lib/vscode/resources/app/out/vs/workbench/api/node/extensionHostProcess.js:144:39096)
	at y._remoteCall (/nix/store/3j0nsr6g8fc0kb20hxhvfnsh83bk0fg6-vscodium-1.91.1.24193/lib/vscode/resources/app/out/vs/workbench/api/node/extensionHostProcess.js:151:8166)
	at U.<computed>.F.charCodeAt.R.CharCode.DollarSign.U.<computed> (/nix/store/3j0nsr6g8fc0kb20hxhvfnsh83bk0fg6-vscodium-1.91.1.24193/lib/vscode/resources/app/out/vs/workbench/api/node/extensionHostProcess.js:151:4351)
	at f._doExecuteCommand (/nix/store/3j0nsr6g8fc0kb20hxhvfnsh83bk0fg6-vscodium-1.91.1.24193/lib/vscode/resources/app/out/vs/workbench/api/node/extensionHostProcess.js:154:241286)
	at f.executeCommand (/nix/store/3j0nsr6g8fc0kb20hxhvfnsh83bk0fg6-vscodium-1.91.1.24193/lib/vscode/resources/app/out/vs/workbench/api/node/extensionHostProcess.js:154:240611)
	at k.registerCommand.description (/nix/store/3j0nsr6g8fc0kb20hxhvfnsh83bk0fg6-vscodium-1.91.1.24193/lib/vscode/resources/app/out/vs/workbench/api/node/extensionHostProcess.js:154:239855)
	at f._executeContributedCommand (/nix/store/3j0nsr6g8fc0kb20hxhvfnsh83bk0fg6-vscodium-1.91.1.24193/lib/vscode/resources/app/out/vs/workbench/api/node/extensionHostProcess.js:154:241924)
	at f._doExecuteCommand (/nix/store/3j0nsr6g8fc0kb20hxhvfnsh83bk0fg6-vscodium-1.91.1.24193/lib/vscode/resources/app/out/vs/workbench/api/node/extensionHostProcess.js:154:240744)
	at f.executeCommand (/nix/store/3j0nsr6g8fc0kb20hxhvfnsh83bk0fg6-vscodium-1.91.1.24193/lib/vscode/resources/app/out/vs/workbench/api/node/extensionHostProcess.js:154:240611)
	at Object.executeCommand (/nix/store/3j0nsr6g8fc0kb20hxhvfnsh83bk0fg6-vscodium-1.91.1.24193/lib/vscode/resources/app/out/vs/workbench/api/node/extensionHostProcess.js:164:29715)
	at T.reset (/home/ser/.vscode-oss/extensions/asvetliakov.vscode-neovim-1.18.8-universal/dist/extension.js:2:187723)
	at l.<anonymous> (/home/ser/.vscode-oss/extensions/asvetliakov.vscode-neovim-1.18.8-universal/dist/extension.js:2:406042)
	at l.dispose (/nix/store/3j0nsr6g8fc0kb20hxhvfnsh83bk0fg6-vscodium-1.91.1.24193/lib/vscode/resources/app/out/vs/workbench/api/node/extensionHostProcess.js:152:6342)
	at h (/nix/store/3j0nsr6g8fc0kb20hxhvfnsh83bk0fg6-vscodium-1.91.1.24193/lib/vscode/resources/app/out/vs/workbench/api/node/extensionHostProcess.js:30:758)
	at m._deactivate (/nix/store/3j0nsr6g8fc0kb20hxhvfnsh83bk0fg6-vscodium-1.91.1.24193/lib/vscode/resources/app/out/vs/workbench/api/node/extensionHostProcess.js:160:13048)
	at /nix/store/3j0nsr6g8fc0kb20hxhvfnsh83bk0fg6-vscodium-1.91.1.24193/lib/vscode/resources/app/out/vs/workbench/api/node/extensionHostProcess.js:160:10194
	at Array.map (<anonymous>)
	at m._deactivateAll (/nix/store/3j0nsr6g8fc0kb20hxhvfnsh83bk0fg6-vscodium-1.91.1.24193/lib/vscode/resources/app/out/vs/workbench/api/node/extensionHostProcess.js:160:10181)
	at m.terminate (/nix/store/3j0nsr6g8fc0kb20hxhvfnsh83bk0fg6-vscodium-1.91.1.24193/lib/vscode/resources/app/out/vs/workbench/api/node/extensionHostProcess.js:160:10564)
	at h.terminate (/nix/store/3j0nsr6g8fc0kb20hxhvfnsh83bk0fg6-vscodium-1.91.1.24193/lib/vscode/resources/app/out/vs/workbench/api/node/extensionHostProcess.js:164:1908)
	at i (/nix/store/3j0nsr6g8fc0kb20hxhvfnsh83bk0fg6-vscodium-1.91.1.24193/lib/vscode/resources/app/out/vs/workbench/api/node/extensionHostProcess.js:177:12354)
	at MessagePortMain.<anonymous> (/nix/store/3j0nsr6g8fc0kb20hxhvfnsh83bk0fg6-vscodium-1.91.1.24193/lib/vscode/resources/app/out/vs/workbench/api/node/extensionHostProcess.js:177:8164)
	at MessagePortMain.emit (node:events:514:28)
	at MessagePortMain._internalPort.emit (node:electron/js2c/utility_init:2:2285) setContext undefined
2024-08-31 13:43:33.701 [error] Canceled: Canceled
	at new T (/nix/store/3j0nsr6g8fc0kb20hxhvfnsh83bk0fg6-vscodium-1.91.1.24193/lib/vscode/resources/app/out/vs/workbench/api/node/extensionHostProcess.js:144:39096)
	at y._remoteCall (/nix/store/3j0nsr6g8fc0kb20hxhvfnsh83bk0fg6-vscodium-1.91.1.24193/lib/vscode/resources/app/out/vs/workbench/api/node/extensionHostProcess.js:151:8166)
	at U.<computed>.F.charCodeAt.R.CharCode.DollarSign.U.<computed> (/nix/store/3j0nsr6g8fc0kb20hxhvfnsh83bk0fg6-vscodium-1.91.1.24193/lib/vscode/resources/app/out/vs/workbench/api/node/extensionHostProcess.js:151:4351)
	at f._doExecuteCommand (/nix/store/3j0nsr6g8fc0kb20hxhvfnsh83bk0fg6-vscodium-1.91.1.24193/lib/vscode/resources/app/out/vs/workbench/api/node/extensionHostProcess.js:154:241286)
	at f.executeCommand (/nix/store/3j0nsr6g8fc0kb20hxhvfnsh83bk0fg6-vscodium-1.91.1.24193/lib/vscode/resources/app/out/vs/workbench/api/node/extensionHostProcess.js:154:240611)
	at k.registerCommand.description (/nix/store/3j0nsr6g8fc0kb20hxhvfnsh83bk0fg6-vscodium-1.91.1.24193/lib/vscode/resources/app/out/vs/workbench/api/node/extensionHostProcess.js:154:239855)
	at f._executeContributedCommand (/nix/store/3j0nsr6g8fc0kb20hxhvfnsh83bk0fg6-vscodium-1.91.1.24193/lib/vscode/resources/app/out/vs/workbench/api/node/extensionHostProcess.js:154:241924)
	at f._doExecuteCommand (/nix/store/3j0nsr6g8fc0kb20hxhvfnsh83bk0fg6-vscodium-1.91.1.24193/lib/vscode/resources/app/out/vs/workbench/api/node/extensionHostProcess.js:154:240744)
	at f.executeCommand (/nix/store/3j0nsr6g8fc0kb20hxhvfnsh83bk0fg6-vscodium-1.91.1.24193/lib/vscode/resources/app/out/vs/workbench/api/node/extensionHostProcess.js:154:240611)
	at Object.executeCommand (/nix/store/3j0nsr6g8fc0kb20hxhvfnsh83bk0fg6-vscodium-1.91.1.24193/lib/vscode/resources/app/out/vs/workbench/api/node/extensionHostProcess.js:164:29715)
	at T.reset (/home/ser/.vscode-oss/extensions/asvetliakov.vscode-neovim-1.18.8-universal/dist/extension.js:2:187723)
	at l.<anonymous> (/home/ser/.vscode-oss/extensions/asvetliakov.vscode-neovim-1.18.8-universal/dist/extension.js:2:406042)
	at l.dispose (/nix/store/3j0nsr6g8fc0kb20hxhvfnsh83bk0fg6-vscodium-1.91.1.24193/lib/vscode/resources/app/out/vs/workbench/api/node/extensionHostProcess.js:152:6342)
	at h (/nix/store/3j0nsr6g8fc0kb20hxhvfnsh83bk0fg6-vscodium-1.91.1.24193/lib/vscode/resources/app/out/vs/workbench/api/node/extensionHostProcess.js:30:758)
	at m._deactivate (/nix/store/3j0nsr6g8fc0kb20hxhvfnsh83bk0fg6-vscodium-1.91.1.24193/lib/vscode/resources/app/out/vs/workbench/api/node/extensionHostProcess.js:160:13048)
	at /nix/store/3j0nsr6g8fc0kb20hxhvfnsh83bk0fg6-vscodium-1.91.1.24193/lib/vscode/resources/app/out/vs/workbench/api/node/extensionHostProcess.js:160:10194
	at Array.map (<anonymous>)
	at m._deactivateAll (/nix/store/3j0nsr6g8fc0kb20hxhvfnsh83bk0fg6-vscodium-1.91.1.24193/lib/vscode/resources/app/out/vs/workbench/api/node/extensionHostProcess.js:160:10181)
	at m.terminate (/nix/store/3j0nsr6g8fc0kb20hxhvfnsh83bk0fg6-vscodium-1.91.1.24193/lib/vscode/resources/app/out/vs/workbench/api/node/extensionHostProcess.js:160:10564)
	at h.terminate (/nix/store/3j0nsr6g8fc0kb20hxhvfnsh83bk0fg6-vscodium-1.91.1.24193/lib/vscode/resources/app/out/vs/workbench/api/node/extensionHostProcess.js:164:1908)
	at i (/nix/store/3j0nsr6g8fc0kb20hxhvfnsh83bk0fg6-vscodium-1.91.1.24193/lib/vscode/resources/app/out/vs/workbench/api/node/extensionHostProcess.js:177:12354)
	at MessagePortMain.<anonymous> (/nix/store/3j0nsr6g8fc0kb20hxhvfnsh83bk0fg6-vscodium-1.91.1.24193/lib/vscode/resources/app/out/vs/workbench/api/node/extensionHostProcess.js:177:8164)
	at MessagePortMain.emit (node:events:514:28)
	at MessagePortMain._internalPort.emit (node:electron/js2c/utility_init:2:2285) setContext undefined
2024-08-31 13:43:33.701 [error] Canceled: Canceled
	at new T (/nix/store/3j0nsr6g8fc0kb20hxhvfnsh83bk0fg6-vscodium-1.91.1.24193/lib/vscode/resources/app/out/vs/workbench/api/node/extensionHostProcess.js:144:39096)
	at y._remoteCall (/nix/store/3j0nsr6g8fc0kb20hxhvfnsh83bk0fg6-vscodium-1.91.1.24193/lib/vscode/resources/app/out/vs/workbench/api/node/extensionHostProcess.js:151:8166)
	at U.<computed>.F.charCodeAt.R.CharCode.DollarSign.U.<computed> (/nix/store/3j0nsr6g8fc0kb20hxhvfnsh83bk0fg6-vscodium-1.91.1.24193/lib/vscode/resources/app/out/vs/workbench/api/node/extensionHostProcess.js:151:4351)
	at f._doExecuteCommand (/nix/store/3j0nsr6g8fc0kb20hxhvfnsh83bk0fg6-vscodium-1.91.1.24193/lib/vscode/resources/app/out/vs/workbench/api/node/extensionHostProcess.js:154:241286)
	at f.executeCommand (/nix/store/3j0nsr6g8fc0kb20hxhvfnsh83bk0fg6-vscodium-1.91.1.24193/lib/vscode/resources/app/out/vs/workbench/api/node/extensionHostProcess.js:154:240611)
	at k.registerCommand.description (/nix/store/3j0nsr6g8fc0kb20hxhvfnsh83bk0fg6-vscodium-1.91.1.24193/lib/vscode/resources/app/out/vs/workbench/api/node/extensionHostProcess.js:154:239855)
	at f._executeContributedCommand (/nix/store/3j0nsr6g8fc0kb20hxhvfnsh83bk0fg6-vscodium-1.91.1.24193/lib/vscode/resources/app/out/vs/workbench/api/node/extensionHostProcess.js:154:241924)
	at f._doExecuteCommand (/nix/store/3j0nsr6g8fc0kb20hxhvfnsh83bk0fg6-vscodium-1.91.1.24193/lib/vscode/resources/app/out/vs/workbench/api/node/extensionHostProcess.js:154:240744)
	at f.executeCommand (/nix/store/3j0nsr6g8fc0kb20hxhvfnsh83bk0fg6-vscodium-1.91.1.24193/lib/vscode/resources/app/out/vs/workbench/api/node/extensionHostProcess.js:154:240611)
	at Object.executeCommand (/nix/store/3j0nsr6g8fc0kb20hxhvfnsh83bk0fg6-vscodium-1.91.1.24193/lib/vscode/resources/app/out/vs/workbench/api/node/extensionHostProcess.js:164:29715)
	at T.reset (/home/ser/.vscode-oss/extensions/asvetliakov.vscode-neovim-1.18.8-universal/dist/extension.js:2:187723)
	at l.<anonymous> (/home/ser/.vscode-oss/extensions/asvetliakov.vscode-neovim-1.18.8-universal/dist/extension.js:2:406042)
	at l.dispose (/nix/store/3j0nsr6g8fc0kb20hxhvfnsh83bk0fg6-vscodium-1.91.1.24193/lib/vscode/resources/app/out/vs/workbench/api/node/extensionHostProcess.js:152:6342)
	at h (/nix/store/3j0nsr6g8fc0kb20hxhvfnsh83bk0fg6-vscodium-1.91.1.24193/lib/vscode/resources/app/out/vs/workbench/api/node/extensionHostProcess.js:30:758)
	at m._deactivate (/nix/store/3j0nsr6g8fc0kb20hxhvfnsh83bk0fg6-vscodium-1.91.1.24193/lib/vscode/resources/app/out/vs/workbench/api/node/extensionHostProcess.js:160:13048)
	at /nix/store/3j0nsr6g8fc0kb20hxhvfnsh83bk0fg6-vscodium-1.91.1.24193/lib/vscode/resources/app/out/vs/workbench/api/node/extensionHostProcess.js:160:10194
	at Array.map (<anonymous>)
	at m._deactivateAll (/nix/store/3j0nsr6g8fc0kb20hxhvfnsh83bk0fg6-vscodium-1.91.1.24193/lib/vscode/resources/app/out/vs/workbench/api/node/extensionHostProcess.js:160:10181)
	at m.terminate (/nix/store/3j0nsr6g8fc0kb20hxhvfnsh83bk0fg6-vscodium-1.91.1.24193/lib/vscode/resources/app/out/vs/workbench/api/node/extensionHostProcess.js:160:10564)
	at h.terminate (/nix/store/3j0nsr6g8fc0kb20hxhvfnsh83bk0fg6-vscodium-1.91.1.24193/lib/vscode/resources/app/out/vs/workbench/api/node/extensionHostProcess.js:164:1908)
	at i (/nix/store/3j0nsr6g8fc0kb20hxhvfnsh83bk0fg6-vscodium-1.91.1.24193/lib/vscode/resources/app/out/vs/workbench/api/node/extensionHostProcess.js:177:12354)
	at MessagePortMain.<anonymous> (/nix/store/3j0nsr6g8fc0kb20hxhvfnsh83bk0fg6-vscodium-1.91.1.24193/lib/vscode/resources/app/out/vs/workbench/api/node/extensionHostProcess.js:177:8164)
	at MessagePortMain.emit (node:events:514:28)
	at MessagePortMain._internalPort.emit (node:electron/js2c/utility_init:2:2285) setContext undefined
2024-08-31 13:43:33.701 [error] Canceled: Canceled
	at new T (/nix/store/3j0nsr6g8fc0kb20hxhvfnsh83bk0fg6-vscodium-1.91.1.24193/lib/vscode/resources/app/out/vs/workbench/api/node/extensionHostProcess.js:144:39096)
	at y._remoteCall (/nix/store/3j0nsr6g8fc0kb20hxhvfnsh83bk0fg6-vscodium-1.91.1.24193/lib/vscode/resources/app/out/vs/workbench/api/node/extensionHostProcess.js:151:8166)
	at U.<computed>.F.charCodeAt.R.CharCode.DollarSign.U.<computed> (/nix/store/3j0nsr6g8fc0kb20hxhvfnsh83bk0fg6-vscodium-1.91.1.24193/lib/vscode/resources/app/out/vs/workbench/api/node/extensionHostProcess.js:151:4351)
	at f._doExecuteCommand (/nix/store/3j0nsr6g8fc0kb20hxhvfnsh83bk0fg6-vscodium-1.91.1.24193/lib/vscode/resources/app/out/vs/workbench/api/node/extensionHostProcess.js:154:241286)
	at f.executeCommand (/nix/store/3j0nsr6g8fc0kb20hxhvfnsh83bk0fg6-vscodium-1.91.1.24193/lib/vscode/resources/app/out/vs/workbench/api/node/extensionHostProcess.js:154:240611)
	at k.registerCommand.description (/nix/store/3j0nsr6g8fc0kb20hxhvfnsh83bk0fg6-vscodium-1.91.1.24193/lib/vscode/resources/app/out/vs/workbench/api/node/extensionHostProcess.js:154:239855)
	at f._executeContributedCommand (/nix/store/3j0nsr6g8fc0kb20hxhvfnsh83bk0fg6-vscodium-1.91.1.24193/lib/vscode/resources/app/out/vs/workbench/api/node/extensionHostProcess.js:154:241924)
	at f._doExecuteCommand (/nix/store/3j0nsr6g8fc0kb20hxhvfnsh83bk0fg6-vscodium-1.91.1.24193/lib/vscode/resources/app/out/vs/workbench/api/node/extensionHostProcess.js:154:240744)
	at f.executeCommand (/nix/store/3j0nsr6g8fc0kb20hxhvfnsh83bk0fg6-vscodium-1.91.1.24193/lib/vscode/resources/app/out/vs/workbench/api/node/extensionHostProcess.js:154:240611)
	at Object.executeCommand (/nix/store/3j0nsr6g8fc0kb20hxhvfnsh83bk0fg6-vscodium-1.91.1.24193/lib/vscode/resources/app/out/vs/workbench/api/node/extensionHostProcess.js:164:29715)
	at T.reset (/home/ser/.vscode-oss/extensions/asvetliakov.vscode-neovim-1.18.8-universal/dist/extension.js:2:187723)
	at l.<anonymous> (/home/ser/.vscode-oss/extensions/asvetliakov.vscode-neovim-1.18.8-universal/dist/extension.js:2:406042)
	at l.dispose (/nix/store/3j0nsr6g8fc0kb20hxhvfnsh83bk0fg6-vscodium-1.91.1.24193/lib/vscode/resources/app/out/vs/workbench/api/node/extensionHostProcess.js:152:6342)
	at h (/nix/store/3j0nsr6g8fc0kb20hxhvfnsh83bk0fg6-vscodium-1.91.1.24193/lib/vscode/resources/app/out/vs/workbench/api/node/extensionHostProcess.js:30:758)
	at m._deactivate (/nix/store/3j0nsr6g8fc0kb20hxhvfnsh83bk0fg6-vscodium-1.91.1.24193/lib/vscode/resources/app/out/vs/workbench/api/node/extensionHostProcess.js:160:13048)
	at /nix/store/3j0nsr6g8fc0kb20hxhvfnsh83bk0fg6-vscodium-1.91.1.24193/lib/vscode/resources/app/out/vs/workbench/api/node/extensionHostProcess.js:160:10194
	at Array.map (<anonymous>)
	at m._deactivateAll (/nix/store/3j0nsr6g8fc0kb20hxhvfnsh83bk0fg6-vscodium-1.91.1.24193/lib/vscode/resources/app/out/vs/workbench/api/node/extensionHostProcess.js:160:10181)
	at m.terminate (/nix/store/3j0nsr6g8fc0kb20hxhvfnsh83bk0fg6-vscodium-1.91.1.24193/lib/vscode/resources/app/out/vs/workbench/api/node/extensionHostProcess.js:160:10564)
	at h.terminate (/nix/store/3j0nsr6g8fc0kb20hxhvfnsh83bk0fg6-vscodium-1.91.1.24193/lib/vscode/resources/app/out/vs/workbench/api/node/extensionHostProcess.js:164:1908)
	at i (/nix/store/3j0nsr6g8fc0kb20hxhvfnsh83bk0fg6-vscodium-1.91.1.24193/lib/vscode/resources/app/out/vs/workbench/api/node/extensionHostProcess.js:177:12354)
	at MessagePortMain.<anonymous> (/nix/store/3j0nsr6g8fc0kb20hxhvfnsh83bk0fg6-vscodium-1.91.1.24193/lib/vscode/resources/app/out/vs/workbench/api/node/extensionHostProcess.js:177:8164)
	at MessagePortMain.emit (node:events:514:28)
	at MessagePortMain._internalPort.emit (node:electron/js2c/utility_init:2:2285) setContext undefined
2024-08-31 13:43:33.701 [error] Canceled: Canceled
	at new T (/nix/store/3j0nsr6g8fc0kb20hxhvfnsh83bk0fg6-vscodium-1.91.1.24193/lib/vscode/resources/app/out/vs/workbench/api/node/extensionHostProcess.js:144:39096)
	at y._remoteCall (/nix/store/3j0nsr6g8fc0kb20hxhvfnsh83bk0fg6-vscodium-1.91.1.24193/lib/vscode/resources/app/out/vs/workbench/api/node/extensionHostProcess.js:151:8166)
	at U.<computed>.F.charCodeAt.R.CharCode.DollarSign.U.<computed> (/nix/store/3j0nsr6g8fc0kb20hxhvfnsh83bk0fg6-vscodium-1.91.1.24193/lib/vscode/resources/app/out/vs/workbench/api/node/extensionHostProcess.js:151:4351)
	at f._doExecuteCommand (/nix/store/3j0nsr6g8fc0kb20hxhvfnsh83bk0fg6-vscodium-1.91.1.24193/lib/vscode/resources/app/out/vs/workbench/api/node/extensionHostProcess.js:154:241286)
	at f.executeCommand (/nix/store/3j0nsr6g8fc0kb20hxhvfnsh83bk0fg6-vscodium-1.91.1.24193/lib/vscode/resources/app/out/vs/workbench/api/node/extensionHostProcess.js:154:240611)
	at k.registerCommand.description (/nix/store/3j0nsr6g8fc0kb20hxhvfnsh83bk0fg6-vscodium-1.91.1.24193/lib/vscode/resources/app/out/vs/workbench/api/node/extensionHostProcess.js:154:239855)
	at f._executeContributedCommand (/nix/store/3j0nsr6g8fc0kb20hxhvfnsh83bk0fg6-vscodium-1.91.1.24193/lib/vscode/resources/app/out/vs/workbench/api/node/extensionHostProcess.js:154:241924)
	at f._doExecuteCommand (/nix/store/3j0nsr6g8fc0kb20hxhvfnsh83bk0fg6-vscodium-1.91.1.24193/lib/vscode/resources/app/out/vs/workbench/api/node/extensionHostProcess.js:154:240744)
	at f.executeCommand (/nix/store/3j0nsr6g8fc0kb20hxhvfnsh83bk0fg6-vscodium-1.91.1.24193/lib/vscode/resources/app/out/vs/workbench/api/node/extensionHostProcess.js:154:240611)
	at Object.executeCommand (/nix/store/3j0nsr6g8fc0kb20hxhvfnsh83bk0fg6-vscodium-1.91.1.24193/lib/vscode/resources/app/out/vs/workbench/api/node/extensionHostProcess.js:164:29715)
	at T.reset (/home/ser/.vscode-oss/extensions/asvetliakov.vscode-neovim-1.18.8-universal/dist/extension.js:2:187723)
	at l.<anonymous> (/home/ser/.vscode-oss/extensions/asvetliakov.vscode-neovim-1.18.8-universal/dist/extension.js:2:406042)
	at l.dispose (/nix/store/3j0nsr6g8fc0kb20hxhvfnsh83bk0fg6-vscodium-1.91.1.24193/lib/vscode/resources/app/out/vs/workbench/api/node/extensionHostProcess.js:152:6342)
	at h (/nix/store/3j0nsr6g8fc0kb20hxhvfnsh83bk0fg6-vscodium-1.91.1.24193/lib/vscode/resources/app/out/vs/workbench/api/node/extensionHostProcess.js:30:758)
	at m._deactivate (/nix/store/3j0nsr6g8fc0kb20hxhvfnsh83bk0fg6-vscodium-1.91.1.24193/lib/vscode/resources/app/out/vs/workbench/api/node/extensionHostProcess.js:160:13048)
	at /nix/store/3j0nsr6g8fc0kb20hxhvfnsh83bk0fg6-vscodium-1.91.1.24193/lib/vscode/resources/app/out/vs/workbench/api/node/extensionHostProcess.js:160:10194
	at Array.map (<anonymous>)
	at m._deactivateAll (/nix/store/3j0nsr6g8fc0kb20hxhvfnsh83bk0fg6-vscodium-1.91.1.24193/lib/vscode/resources/app/out/vs/workbench/api/node/extensionHostProcess.js:160:10181)
	at m.terminate (/nix/store/3j0nsr6g8fc0kb20hxhvfnsh83bk0fg6-vscodium-1.91.1.24193/lib/vscode/resources/app/out/vs/workbench/api/node/extensionHostProcess.js:160:10564)
	at h.terminate (/nix/store/3j0nsr6g8fc0kb20hxhvfnsh83bk0fg6-vscodium-1.91.1.24193/lib/vscode/resources/app/out/vs/workbench/api/node/extensionHostProcess.js:164:1908)
	at i (/nix/store/3j0nsr6g8fc0kb20hxhvfnsh83bk0fg6-vscodium-1.91.1.24193/lib/vscode/resources/app/out/vs/workbench/api/node/extensionHostProcess.js:177:12354)
	at MessagePortMain.<anonymous> (/nix/store/3j0nsr6g8fc0kb20hxhvfnsh83bk0fg6-vscodium-1.91.1.24193/lib/vscode/resources/app/out/vs/workbench/api/node/extensionHostProcess.js:177:8164)
	at MessagePortMain.emit (node:events:514:28)
	at MessagePortMain._internalPort.emit (node:electron/js2c/utility_init:2:2285) setContext undefined
2024-08-31 13:43:33.701 [error] Canceled: Canceled
	at new T (/nix/store/3j0nsr6g8fc0kb20hxhvfnsh83bk0fg6-vscodium-1.91.1.24193/lib/vscode/resources/app/out/vs/workbench/api/node/extensionHostProcess.js:144:39096)
	at y._remoteCall (/nix/store/3j0nsr6g8fc0kb20hxhvfnsh83bk0fg6-vscodium-1.91.1.24193/lib/vscode/resources/app/out/vs/workbench/api/node/extensionHostProcess.js:151:8166)
	at U.<computed>.F.charCodeAt.R.CharCode.DollarSign.U.<computed> (/nix/store/3j0nsr6g8fc0kb20hxhvfnsh83bk0fg6-vscodium-1.91.1.24193/lib/vscode/resources/app/out/vs/workbench/api/node/extensionHostProcess.js:151:4351)
	at f._doExecuteCommand (/nix/store/3j0nsr6g8fc0kb20hxhvfnsh83bk0fg6-vscodium-1.91.1.24193/lib/vscode/resources/app/out/vs/workbench/api/node/extensionHostProcess.js:154:241286)
	at f.executeCommand (/nix/store/3j0nsr6g8fc0kb20hxhvfnsh83bk0fg6-vscodium-1.91.1.24193/lib/vscode/resources/app/out/vs/workbench/api/node/extensionHostProcess.js:154:240611)
	at k.registerCommand.description (/nix/store/3j0nsr6g8fc0kb20hxhvfnsh83bk0fg6-vscodium-1.91.1.24193/lib/vscode/resources/app/out/vs/workbench/api/node/extensionHostProcess.js:154:239855)
	at f._executeContributedCommand (/nix/store/3j0nsr6g8fc0kb20hxhvfnsh83bk0fg6-vscodium-1.91.1.24193/lib/vscode/resources/app/out/vs/workbench/api/node/extensionHostProcess.js:154:241924)
	at f._doExecuteCommand (/nix/store/3j0nsr6g8fc0kb20hxhvfnsh83bk0fg6-vscodium-1.91.1.24193/lib/vscode/resources/app/out/vs/workbench/api/node/extensionHostProcess.js:154:240744)
	at f.executeCommand (/nix/store/3j0nsr6g8fc0kb20hxhvfnsh83bk0fg6-vscodium-1.91.1.24193/lib/vscode/resources/app/out/vs/workbench/api/node/extensionHostProcess.js:154:240611)
	at Object.executeCommand (/nix/store/3j0nsr6g8fc0kb20hxhvfnsh83bk0fg6-vscodium-1.91.1.24193/lib/vscode/resources/app/out/vs/workbench/api/node/extensionHostProcess.js:164:29715)
	at T.reset (/home/ser/.vscode-oss/extensions/asvetliakov.vscode-neovim-1.18.8-universal/dist/extension.js:2:187723)
	at l.<anonymous> (/home/ser/.vscode-oss/extensions/asvetliakov.vscode-neovim-1.18.8-universal/dist/extension.js:2:406042)
	at l.dispose (/nix/store/3j0nsr6g8fc0kb20hxhvfnsh83bk0fg6-vscodium-1.91.1.24193/lib/vscode/resources/app/out/vs/workbench/api/node/extensionHostProcess.js:152:6342)
	at h (/nix/store/3j0nsr6g8fc0kb20hxhvfnsh83bk0fg6-vscodium-1.91.1.24193/lib/vscode/resources/app/out/vs/workbench/api/node/extensionHostProcess.js:30:758)
	at m._deactivate (/nix/store/3j0nsr6g8fc0kb20hxhvfnsh83bk0fg6-vscodium-1.91.1.24193/lib/vscode/resources/app/out/vs/workbench/api/node/extensionHostProcess.js:160:13048)
	at /nix/store/3j0nsr6g8fc0kb20hxhvfnsh83bk0fg6-vscodium-1.91.1.24193/lib/vscode/resources/app/out/vs/workbench/api/node/extensionHostProcess.js:160:10194
	at Array.map (<anonymous>)
	at m._deactivateAll (/nix/store/3j0nsr6g8fc0kb20hxhvfnsh83bk0fg6-vscodium-1.91.1.24193/lib/vscode/resources/app/out/vs/workbench/api/node/extensionHostProcess.js:160:10181)
	at m.terminate (/nix/store/3j0nsr6g8fc0kb20hxhvfnsh83bk0fg6-vscodium-1.91.1.24193/lib/vscode/resources/app/out/vs/workbench/api/node/extensionHostProcess.js:160:10564)
	at h.terminate (/nix/store/3j0nsr6g8fc0kb20hxhvfnsh83bk0fg6-vscodium-1.91.1.24193/lib/vscode/resources/app/out/vs/workbench/api/node/extensionHostProcess.js:164:1908)
	at i (/nix/store/3j0nsr6g8fc0kb20hxhvfnsh83bk0fg6-vscodium-1.91.1.24193/lib/vscode/resources/app/out/vs/workbench/api/node/extensionHostProcess.js:177:12354)
	at MessagePortMain.<anonymous> (/nix/store/3j0nsr6g8fc0kb20hxhvfnsh83bk0fg6-vscodium-1.91.1.24193/lib/vscode/resources/app/out/vs/workbench/api/node/extensionHostProcess.js:177:8164)
	at MessagePortMain.emit (node:events:514:28)
	at MessagePortMain._internalPort.emit (node:electron/js2c/utility_init:2:2285) setContext undefined
2024-08-31 13:43:33.702 [error] Canceled: Canceled
	at new T (/nix/store/3j0nsr6g8fc0kb20hxhvfnsh83bk0fg6-vscodium-1.91.1.24193/lib/vscode/resources/app/out/vs/workbench/api/node/extensionHostProcess.js:144:39096)
	at y._remoteCall (/nix/store/3j0nsr6g8fc0kb20hxhvfnsh83bk0fg6-vscodium-1.91.1.24193/lib/vscode/resources/app/out/vs/workbench/api/node/extensionHostProcess.js:151:8166)
	at U.<computed>.F.charCodeAt.R.CharCode.DollarSign.U.<computed> (/nix/store/3j0nsr6g8fc0kb20hxhvfnsh83bk0fg6-vscodium-1.91.1.24193/lib/vscode/resources/app/out/vs/workbench/api/node/extensionHostProcess.js:151:4351)
	at f._doExecuteCommand (/nix/store/3j0nsr6g8fc0kb20hxhvfnsh83bk0fg6-vscodium-1.91.1.24193/lib/vscode/resources/app/out/vs/workbench/api/node/extensionHostProcess.js:154:241286)
	at f.executeCommand (/nix/store/3j0nsr6g8fc0kb20hxhvfnsh83bk0fg6-vscodium-1.91.1.24193/lib/vscode/resources/app/out/vs/workbench/api/node/extensionHostProcess.js:154:240611)
	at k.registerCommand.description (/nix/store/3j0nsr6g8fc0kb20hxhvfnsh83bk0fg6-vscodium-1.91.1.24193/lib/vscode/resources/app/out/vs/workbench/api/node/extensionHostProcess.js:154:239855)
	at f._executeContributedCommand (/nix/store/3j0nsr6g8fc0kb20hxhvfnsh83bk0fg6-vscodium-1.91.1.24193/lib/vscode/resources/app/out/vs/workbench/api/node/extensionHostProcess.js:154:241924)
	at f._doExecuteCommand (/nix/store/3j0nsr6g8fc0kb20hxhvfnsh83bk0fg6-vscodium-1.91.1.24193/lib/vscode/resources/app/out/vs/workbench/api/node/extensionHostProcess.js:154:240744)
	at f.executeCommand (/nix/store/3j0nsr6g8fc0kb20hxhvfnsh83bk0fg6-vscodium-1.91.1.24193/lib/vscode/resources/app/out/vs/workbench/api/node/extensionHostProcess.js:154:240611)
	at Object.executeCommand (/nix/store/3j0nsr6g8fc0kb20hxhvfnsh83bk0fg6-vscodium-1.91.1.24193/lib/vscode/resources/app/out/vs/workbench/api/node/extensionHostProcess.js:164:29715)
	at T.reset (/home/ser/.vscode-oss/extensions/asvetliakov.vscode-neovim-1.18.8-universal/dist/extension.js:2:187723)
	at l.<anonymous> (/home/ser/.vscode-oss/extensions/asvetliakov.vscode-neovim-1.18.8-universal/dist/extension.js:2:406042)
	at l.dispose (/nix/store/3j0nsr6g8fc0kb20hxhvfnsh83bk0fg6-vscodium-1.91.1.24193/lib/vscode/resources/app/out/vs/workbench/api/node/extensionHostProcess.js:152:6342)
	at h (/nix/store/3j0nsr6g8fc0kb20hxhvfnsh83bk0fg6-vscodium-1.91.1.24193/lib/vscode/resources/app/out/vs/workbench/api/node/extensionHostProcess.js:30:758)
	at m._deactivate (/nix/store/3j0nsr6g8fc0kb20hxhvfnsh83bk0fg6-vscodium-1.91.1.24193/lib/vscode/resources/app/out/vs/workbench/api/node/extensionHostProcess.js:160:13048)
	at /nix/store/3j0nsr6g8fc0kb20hxhvfnsh83bk0fg6-vscodium-1.91.1.24193/lib/vscode/resources/app/out/vs/workbench/api/node/extensionHostProcess.js:160:10194
	at Array.map (<anonymous>)
	at m._deactivateAll (/nix/store/3j0nsr6g8fc0kb20hxhvfnsh83bk0fg6-vscodium-1.91.1.24193/lib/vscode/resources/app/out/vs/workbench/api/node/extensionHostProcess.js:160:10181)
	at m.terminate (/nix/store/3j0nsr6g8fc0kb20hxhvfnsh83bk0fg6-vscodium-1.91.1.24193/lib/vscode/resources/app/out/vs/workbench/api/node/extensionHostProcess.js:160:10564)
	at h.terminate (/nix/store/3j0nsr6g8fc0kb20hxhvfnsh83bk0fg6-vscodium-1.91.1.24193/lib/vscode/resources/app/out/vs/workbench/api/node/extensionHostProcess.js:164:1908)
	at i (/nix/store/3j0nsr6g8fc0kb20hxhvfnsh83bk0fg6-vscodium-1.91.1.24193/lib/vscode/resources/app/out/vs/workbench/api/node/extensionHostProcess.js:177:12354)
	at MessagePortMain.<anonymous> (/nix/store/3j0nsr6g8fc0kb20hxhvfnsh83bk0fg6-vscodium-1.91.1.24193/lib/vscode/resources/app/out/vs/workbench/api/node/extensionHostProcess.js:177:8164)
	at MessagePortMain.emit (node:events:514:28)
	at MessagePortMain._internalPort.emit (node:electron/js2c/utility_init:2:2285) setContext undefined
2024-08-31 13:43:33.702 [error] Canceled: Canceled
	at new T (/nix/store/3j0nsr6g8fc0kb20hxhvfnsh83bk0fg6-vscodium-1.91.1.24193/lib/vscode/resources/app/out/vs/workbench/api/node/extensionHostProcess.js:144:39096)
	at y._remoteCall (/nix/store/3j0nsr6g8fc0kb20hxhvfnsh83bk0fg6-vscodium-1.91.1.24193/lib/vscode/resources/app/out/vs/workbench/api/node/extensionHostProcess.js:151:8166)
	at U.<computed>.F.charCodeAt.R.CharCode.DollarSign.U.<computed> (/nix/store/3j0nsr6g8fc0kb20hxhvfnsh83bk0fg6-vscodium-1.91.1.24193/lib/vscode/resources/app/out/vs/workbench/api/node/extensionHostProcess.js:151:4351)
	at f._doExecuteCommand (/nix/store/3j0nsr6g8fc0kb20hxhvfnsh83bk0fg6-vscodium-1.91.1.24193/lib/vscode/resources/app/out/vs/workbench/api/node/extensionHostProcess.js:154:241286)
	at f.executeCommand (/nix/store/3j0nsr6g8fc0kb20hxhvfnsh83bk0fg6-vscodium-1.91.1.24193/lib/vscode/resources/app/out/vs/workbench/api/node/extensionHostProcess.js:154:240611)
	at k.registerCommand.description (/nix/store/3j0nsr6g8fc0kb20hxhvfnsh83bk0fg6-vscodium-1.91.1.24193/lib/vscode/resources/app/out/vs/workbench/api/node/extensionHostProcess.js:154:239855)
	at f._executeContributedCommand (/nix/store/3j0nsr6g8fc0kb20hxhvfnsh83bk0fg6-vscodium-1.91.1.24193/lib/vscode/resources/app/out/vs/workbench/api/node/extensionHostProcess.js:154:241924)
	at f._doExecuteCommand (/nix/store/3j0nsr6g8fc0kb20hxhvfnsh83bk0fg6-vscodium-1.91.1.24193/lib/vscode/resources/app/out/vs/workbench/api/node/extensionHostProcess.js:154:240744)
	at f.executeCommand (/nix/store/3j0nsr6g8fc0kb20hxhvfnsh83bk0fg6-vscodium-1.91.1.24193/lib/vscode/resources/app/out/vs/workbench/api/node/extensionHostProcess.js:154:240611)
	at Object.executeCommand (/nix/store/3j0nsr6g8fc0kb20hxhvfnsh83bk0fg6-vscodium-1.91.1.24193/lib/vscode/resources/app/out/vs/workbench/api/node/extensionHostProcess.js:164:29715)
	at T.reset (/home/ser/.vscode-oss/extensions/asvetliakov.vscode-neovim-1.18.8-universal/dist/extension.js:2:187723)
	at l.<anonymous> (/home/ser/.vscode-oss/extensions/asvetliakov.vscode-neovim-1.18.8-universal/dist/extension.js:2:406042)
	at l.dispose (/nix/store/3j0nsr6g8fc0kb20hxhvfnsh83bk0fg6-vscodium-1.91.1.24193/lib/vscode/resources/app/out/vs/workbench/api/node/extensionHostProcess.js:152:6342)
	at h (/nix/store/3j0nsr6g8fc0kb20hxhvfnsh83bk0fg6-vscodium-1.91.1.24193/lib/vscode/resources/app/out/vs/workbench/api/node/extensionHostProcess.js:30:758)
	at m._deactivate (/nix/store/3j0nsr6g8fc0kb20hxhvfnsh83bk0fg6-vscodium-1.91.1.24193/lib/vscode/resources/app/out/vs/workbench/api/node/extensionHostProcess.js:160:13048)
	at /nix/store/3j0nsr6g8fc0kb20hxhvfnsh83bk0fg6-vscodium-1.91.1.24193/lib/vscode/resources/app/out/vs/workbench/api/node/extensionHostProcess.js:160:10194
	at Array.map (<anonymous>)
	at m._deactivateAll (/nix/store/3j0nsr6g8fc0kb20hxhvfnsh83bk0fg6-vscodium-1.91.1.24193/lib/vscode/resources/app/out/vs/workbench/api/node/extensionHostProcess.js:160:10181)
	at m.terminate (/nix/store/3j0nsr6g8fc0kb20hxhvfnsh83bk0fg6-vscodium-1.91.1.24193/lib/vscode/resources/app/out/vs/workbench/api/node/extensionHostProcess.js:160:10564)
	at h.terminate (/nix/store/3j0nsr6g8fc0kb20hxhvfnsh83bk0fg6-vscodium-1.91.1.24193/lib/vscode/resources/app/out/vs/workbench/api/node/extensionHostProcess.js:164:1908)
	at i (/nix/store/3j0nsr6g8fc0kb20hxhvfnsh83bk0fg6-vscodium-1.91.1.24193/lib/vscode/resources/app/out/vs/workbench/api/node/extensionHostProcess.js:177:12354)
	at MessagePortMain.<anonymous> (/nix/store/3j0nsr6g8fc0kb20hxhvfnsh83bk0fg6-vscodium-1.91.1.24193/lib/vscode/resources/app/out/vs/workbench/api/node/extensionHostProcess.js:177:8164)
	at MessagePortMain.emit (node:events:514:28)
	at MessagePortMain._internalPort.emit (node:electron/js2c/utility_init:2:2285) setContext undefined
2024-08-31 13:43:33.702 [error] Canceled: Canceled
	at new T (/nix/store/3j0nsr6g8fc0kb20hxhvfnsh83bk0fg6-vscodium-1.91.1.24193/lib/vscode/resources/app/out/vs/workbench/api/node/extensionHostProcess.js:144:39096)
	at y._remoteCall (/nix/store/3j0nsr6g8fc0kb20hxhvfnsh83bk0fg6-vscodium-1.91.1.24193/lib/vscode/resources/app/out/vs/workbench/api/node/extensionHostProcess.js:151:8166)
	at U.<computed>.F.charCodeAt.R.CharCode.DollarSign.U.<computed> (/nix/store/3j0nsr6g8fc0kb20hxhvfnsh83bk0fg6-vscodium-1.91.1.24193/lib/vscode/resources/app/out/vs/workbench/api/node/extensionHostProcess.js:151:4351)
	at f._doExecuteCommand (/nix/store/3j0nsr6g8fc0kb20hxhvfnsh83bk0fg6-vscodium-1.91.1.24193/lib/vscode/resources/app/out/vs/workbench/api/node/extensionHostProcess.js:154:241286)
	at f.executeCommand (/nix/store/3j0nsr6g8fc0kb20hxhvfnsh83bk0fg6-vscodium-1.91.1.24193/lib/vscode/resources/app/out/vs/workbench/api/node/extensionHostProcess.js:154:240611)
	at k.registerCommand.description (/nix/store/3j0nsr6g8fc0kb20hxhvfnsh83bk0fg6-vscodium-1.91.1.24193/lib/vscode/resources/app/out/vs/workbench/api/node/extensionHostProcess.js:154:239855)
	at f._executeContributedCommand (/nix/store/3j0nsr6g8fc0kb20hxhvfnsh83bk0fg6-vscodium-1.91.1.24193/lib/vscode/resources/app/out/vs/workbench/api/node/extensionHostProcess.js:154:241924)
	at f._doExecuteCommand (/nix/store/3j0nsr6g8fc0kb20hxhvfnsh83bk0fg6-vscodium-1.91.1.24193/lib/vscode/resources/app/out/vs/workbench/api/node/extensionHostProcess.js:154:240744)
	at f.executeCommand (/nix/store/3j0nsr6g8fc0kb20hxhvfnsh83bk0fg6-vscodium-1.91.1.24193/lib/vscode/resources/app/out/vs/workbench/api/node/extensionHostProcess.js:154:240611)
	at Object.executeCommand (/nix/store/3j0nsr6g8fc0kb20hxhvfnsh83bk0fg6-vscodium-1.91.1.24193/lib/vscode/resources/app/out/vs/workbench/api/node/extensionHostProcess.js:164:29715)
	at T.reset (/home/ser/.vscode-oss/extensions/asvetliakov.vscode-neovim-1.18.8-universal/dist/extension.js:2:187723)
	at l.<anonymous> (/home/ser/.vscode-oss/extensions/asvetliakov.vscode-neovim-1.18.8-universal/dist/extension.js:2:406042)
	at l.dispose (/nix/store/3j0nsr6g8fc0kb20hxhvfnsh83bk0fg6-vscodium-1.91.1.24193/lib/vscode/resources/app/out/vs/workbench/api/node/extensionHostProcess.js:152:6342)
	at h (/nix/store/3j0nsr6g8fc0kb20hxhvfnsh83bk0fg6-vscodium-1.91.1.24193/lib/vscode/resources/app/out/vs/workbench/api/node/extensionHostProcess.js:30:758)
	at m._deactivate (/nix/store/3j0nsr6g8fc0kb20hxhvfnsh83bk0fg6-vscodium-1.91.1.24193/lib/vscode/resources/app/out/vs/workbench/api/node/extensionHostProcess.js:160:13048)
	at /nix/store/3j0nsr6g8fc0kb20hxhvfnsh83bk0fg6-vscodium-1.91.1.24193/lib/vscode/resources/app/out/vs/workbench/api/node/extensionHostProcess.js:160:10194
	at Array.map (<anonymous>)
	at m._deactivateAll (/nix/store/3j0nsr6g8fc0kb20hxhvfnsh83bk0fg6-vscodium-1.91.1.24193/lib/vscode/resources/app/out/vs/workbench/api/node/extensionHostProcess.js:160:10181)
	at m.terminate (/nix/store/3j0nsr6g8fc0kb20hxhvfnsh83bk0fg6-vscodium-1.91.1.24193/lib/vscode/resources/app/out/vs/workbench/api/node/extensionHostProcess.js:160:10564)
	at h.terminate (/nix/store/3j0nsr6g8fc0kb20hxhvfnsh83bk0fg6-vscodium-1.91.1.24193/lib/vscode/resources/app/out/vs/workbench/api/node/extensionHostProcess.js:164:1908)
	at i (/nix/store/3j0nsr6g8fc0kb20hxhvfnsh83bk0fg6-vscodium-1.91.1.24193/lib/vscode/resources/app/out/vs/workbench/api/node/extensionHostProcess.js:177:12354)
	at MessagePortMain.<anonymous> (/nix/store/3j0nsr6g8fc0kb20hxhvfnsh83bk0fg6-vscodium-1.91.1.24193/lib/vscode/resources/app/out/vs/workbench/api/node/extensionHostProcess.js:177:8164)
	at MessagePortMain.emit (node:events:514:28)
	at MessagePortMain._internalPort.emit (node:electron/js2c/utility_init:2:2285) setContext undefined
2024-08-31 13:43:33.702 [error] Canceled: Canceled
	at new T (/nix/store/3j0nsr6g8fc0kb20hxhvfnsh83bk0fg6-vscodium-1.91.1.24193/lib/vscode/resources/app/out/vs/workbench/api/node/extensionHostProcess.js:144:39096)
	at y._remoteCall (/nix/store/3j0nsr6g8fc0kb20hxhvfnsh83bk0fg6-vscodium-1.91.1.24193/lib/vscode/resources/app/out/vs/workbench/api/node/extensionHostProcess.js:151:8166)
	at U.<computed>.F.charCodeAt.R.CharCode.DollarSign.U.<computed> (/nix/store/3j0nsr6g8fc0kb20hxhvfnsh83bk0fg6-vscodium-1.91.1.24193/lib/vscode/resources/app/out/vs/workbench/api/node/extensionHostProcess.js:151:4351)
	at f._doExecuteCommand (/nix/store/3j0nsr6g8fc0kb20hxhvfnsh83bk0fg6-vscodium-1.91.1.24193/lib/vscode/resources/app/out/vs/workbench/api/node/extensionHostProcess.js:154:241286)
	at f.executeCommand (/nix/store/3j0nsr6g8fc0kb20hxhvfnsh83bk0fg6-vscodium-1.91.1.24193/lib/vscode/resources/app/out/vs/workbench/api/node/extensionHostProcess.js:154:240611)
	at k.registerCommand.description (/nix/store/3j0nsr6g8fc0kb20hxhvfnsh83bk0fg6-vscodium-1.91.1.24193/lib/vscode/resources/app/out/vs/workbench/api/node/extensionHostProcess.js:154:239855)
	at f._executeContributedCommand (/nix/store/3j0nsr6g8fc0kb20hxhvfnsh83bk0fg6-vscodium-1.91.1.24193/lib/vscode/resources/app/out/vs/workbench/api/node/extensionHostProcess.js:154:241924)
	at f._doExecuteCommand (/nix/store/3j0nsr6g8fc0kb20hxhvfnsh83bk0fg6-vscodium-1.91.1.24193/lib/vscode/resources/app/out/vs/workbench/api/node/extensionHostProcess.js:154:240744)
	at f.executeCommand (/nix/store/3j0nsr6g8fc0kb20hxhvfnsh83bk0fg6-vscodium-1.91.1.24193/lib/vscode/resources/app/out/vs/workbench/api/node/extensionHostProcess.js:154:240611)
	at Object.executeCommand (/nix/store/3j0nsr6g8fc0kb20hxhvfnsh83bk0fg6-vscodium-1.91.1.24193/lib/vscode/resources/app/out/vs/workbench/api/node/extensionHostProcess.js:164:29715)
	at T.reset (/home/ser/.vscode-oss/extensions/asvetliakov.vscode-neovim-1.18.8-universal/dist/extension.js:2:187723)
	at l.<anonymous> (/home/ser/.vscode-oss/extensions/asvetliakov.vscode-neovim-1.18.8-universal/dist/extension.js:2:406042)
	at l.dispose (/nix/store/3j0nsr6g8fc0kb20hxhvfnsh83bk0fg6-vscodium-1.91.1.24193/lib/vscode/resources/app/out/vs/workbench/api/node/extensionHostProcess.js:152:6342)
	at h (/nix/store/3j0nsr6g8fc0kb20hxhvfnsh83bk0fg6-vscodium-1.91.1.24193/lib/vscode/resources/app/out/vs/workbench/api/node/extensionHostProcess.js:30:758)
	at m._deactivate (/nix/store/3j0nsr6g8fc0kb20hxhvfnsh83bk0fg6-vscodium-1.91.1.24193/lib/vscode/resources/app/out/vs/workbench/api/node/extensionHostProcess.js:160:13048)
	at /nix/store/3j0nsr6g8fc0kb20hxhvfnsh83bk0fg6-vscodium-1.91.1.24193/lib/vscode/resources/app/out/vs/workbench/api/node/extensionHostProcess.js:160:10194
	at Array.map (<anonymous>)
	at m._deactivateAll (/nix/store/3j0nsr6g8fc0kb20hxhvfnsh83bk0fg6-vscodium-1.91.1.24193/lib/vscode/resources/app/out/vs/workbench/api/node/extensionHostProcess.js:160:10181)
	at m.terminate (/nix/store/3j0nsr6g8fc0kb20hxhvfnsh83bk0fg6-vscodium-1.91.1.24193/lib/vscode/resources/app/out/vs/workbench/api/node/extensionHostProcess.js:160:10564)
	at h.terminate (/nix/store/3j0nsr6g8fc0kb20hxhvfnsh83bk0fg6-vscodium-1.91.1.24193/lib/vscode/resources/app/out/vs/workbench/api/node/extensionHostProcess.js:164:1908)
	at i (/nix/store/3j0nsr6g8fc0kb20hxhvfnsh83bk0fg6-vscodium-1.91.1.24193/lib/vscode/resources/app/out/vs/workbench/api/node/extensionHostProcess.js:177:12354)
	at MessagePortMain.<anonymous> (/nix/store/3j0nsr6g8fc0kb20hxhvfnsh83bk0fg6-vscodium-1.91.1.24193/lib/vscode/resources/app/out/vs/workbench/api/node/extensionHostProcess.js:177:8164)
	at MessagePortMain.emit (node:events:514:28)
	at MessagePortMain._internalPort.emit (node:electron/js2c/utility_init:2:2285) setContext undefined
2024-08-31 13:43:33.702 [error] Canceled: Canceled
	at new T (/nix/store/3j0nsr6g8fc0kb20hxhvfnsh83bk0fg6-vscodium-1.91.1.24193/lib/vscode/resources/app/out/vs/workbench/api/node/extensionHostProcess.js:144:39096)
	at y._remoteCall (/nix/store/3j0nsr6g8fc0kb20hxhvfnsh83bk0fg6-vscodium-1.91.1.24193/lib/vscode/resources/app/out/vs/workbench/api/node/extensionHostProcess.js:151:8166)
	at U.<computed>.F.charCodeAt.R.CharCode.DollarSign.U.<computed> (/nix/store/3j0nsr6g8fc0kb20hxhvfnsh83bk0fg6-vscodium-1.91.1.24193/lib/vscode/resources/app/out/vs/workbench/api/node/extensionHostProcess.js:151:4351)
	at f._doExecuteCommand (/nix/store/3j0nsr6g8fc0kb20hxhvfnsh83bk0fg6-vscodium-1.91.1.24193/lib/vscode/resources/app/out/vs/workbench/api/node/extensionHostProcess.js:154:241286)
	at f.executeCommand (/nix/store/3j0nsr6g8fc0kb20hxhvfnsh83bk0fg6-vscodium-1.91.1.24193/lib/vscode/resources/app/out/vs/workbench/api/node/extensionHostProcess.js:154:240611)
	at k.registerCommand.description (/nix/store/3j0nsr6g8fc0kb20hxhvfnsh83bk0fg6-vscodium-1.91.1.24193/lib/vscode/resources/app/out/vs/workbench/api/node/extensionHostProcess.js:154:239855)
	at f._executeContributedCommand (/nix/store/3j0nsr6g8fc0kb20hxhvfnsh83bk0fg6-vscodium-1.91.1.24193/lib/vscode/resources/app/out/vs/workbench/api/node/extensionHostProcess.js:154:241924)
	at f._doExecuteCommand (/nix/store/3j0nsr6g8fc0kb20hxhvfnsh83bk0fg6-vscodium-1.91.1.24193/lib/vscode/resources/app/out/vs/workbench/api/node/extensionHostProcess.js:154:240744)
	at f.executeCommand (/nix/store/3j0nsr6g8fc0kb20hxhvfnsh83bk0fg6-vscodium-1.91.1.24193/lib/vscode/resources/app/out/vs/workbench/api/node/extensionHostProcess.js:154:240611)
	at Object.executeCommand (/nix/store/3j0nsr6g8fc0kb20hxhvfnsh83bk0fg6-vscodium-1.91.1.24193/lib/vscode/resources/app/out/vs/workbench/api/node/extensionHostProcess.js:164:29715)
	at T.reset (/home/ser/.vscode-oss/extensions/asvetliakov.vscode-neovim-1.18.8-universal/dist/extension.js:2:187723)
	at l.<anonymous> (/home/ser/.vscode-oss/extensions/asvetliakov.vscode-neovim-1.18.8-universal/dist/extension.js:2:406042)
	at l.dispose (/nix/store/3j0nsr6g8fc0kb20hxhvfnsh83bk0fg6-vscodium-1.91.1.24193/lib/vscode/resources/app/out/vs/workbench/api/node/extensionHostProcess.js:152:6342)
	at h (/nix/store/3j0nsr6g8fc0kb20hxhvfnsh83bk0fg6-vscodium-1.91.1.24193/lib/vscode/resources/app/out/vs/workbench/api/node/extensionHostProcess.js:30:758)
	at m._deactivate (/nix/store/3j0nsr6g8fc0kb20hxhvfnsh83bk0fg6-vscodium-1.91.1.24193/lib/vscode/resources/app/out/vs/workbench/api/node/extensionHostProcess.js:160:13048)
	at /nix/store/3j0nsr6g8fc0kb20hxhvfnsh83bk0fg6-vscodium-1.91.1.24193/lib/vscode/resources/app/out/vs/workbench/api/node/extensionHostProcess.js:160:10194
	at Array.map (<anonymous>)
	at m._deactivateAll (/nix/store/3j0nsr6g8fc0kb20hxhvfnsh83bk0fg6-vscodium-1.91.1.24193/lib/vscode/resources/app/out/vs/workbench/api/node/extensionHostProcess.js:160:10181)
	at m.terminate (/nix/store/3j0nsr6g8fc0kb20hxhvfnsh83bk0fg6-vscodium-1.91.1.24193/lib/vscode/resources/app/out/vs/workbench/api/node/extensionHostProcess.js:160:10564)
	at h.terminate (/nix/store/3j0nsr6g8fc0kb20hxhvfnsh83bk0fg6-vscodium-1.91.1.24193/lib/vscode/resources/app/out/vs/workbench/api/node/extensionHostProcess.js:164:1908)
	at i (/nix/store/3j0nsr6g8fc0kb20hxhvfnsh83bk0fg6-vscodium-1.91.1.24193/lib/vscode/resources/app/out/vs/workbench/api/node/extensionHostProcess.js:177:12354)
	at MessagePortMain.<anonymous> (/nix/store/3j0nsr6g8fc0kb20hxhvfnsh83bk0fg6-vscodium-1.91.1.24193/lib/vscode/resources/app/out/vs/workbench/api/node/extensionHostProcess.js:177:8164)
	at MessagePortMain.emit (node:events:514:28)
	at MessagePortMain._internalPort.emit (node:electron/js2c/utility_init:2:2285) setContext undefined
2024-08-31 13:43:33.702 [error] Canceled: Canceled
	at new T (/nix/store/3j0nsr6g8fc0kb20hxhvfnsh83bk0fg6-vscodium-1.91.1.24193/lib/vscode/resources/app/out/vs/workbench/api/node/extensionHostProcess.js:144:39096)
	at y._remoteCall (/nix/store/3j0nsr6g8fc0kb20hxhvfnsh83bk0fg6-vscodium-1.91.1.24193/lib/vscode/resources/app/out/vs/workbench/api/node/extensionHostProcess.js:151:8166)
	at U.<computed>.F.charCodeAt.R.CharCode.DollarSign.U.<computed> (/nix/store/3j0nsr6g8fc0kb20hxhvfnsh83bk0fg6-vscodium-1.91.1.24193/lib/vscode/resources/app/out/vs/workbench/api/node/extensionHostProcess.js:151:4351)
	at f._doExecuteCommand (/nix/store/3j0nsr6g8fc0kb20hxhvfnsh83bk0fg6-vscodium-1.91.1.24193/lib/vscode/resources/app/out/vs/workbench/api/node/extensionHostProcess.js:154:241286)
	at f.executeCommand (/nix/store/3j0nsr6g8fc0kb20hxhvfnsh83bk0fg6-vscodium-1.91.1.24193/lib/vscode/resources/app/out/vs/workbench/api/node/extensionHostProcess.js:154:240611)
	at k.registerCommand.description (/nix/store/3j0nsr6g8fc0kb20hxhvfnsh83bk0fg6-vscodium-1.91.1.24193/lib/vscode/resources/app/out/vs/workbench/api/node/extensionHostProcess.js:154:239855)
	at f._executeContributedCommand (/nix/store/3j0nsr6g8fc0kb20hxhvfnsh83bk0fg6-vscodium-1.91.1.24193/lib/vscode/resources/app/out/vs/workbench/api/node/extensionHostProcess.js:154:241924)
	at f._doExecuteCommand (/nix/store/3j0nsr6g8fc0kb20hxhvfnsh83bk0fg6-vscodium-1.91.1.24193/lib/vscode/resources/app/out/vs/workbench/api/node/extensionHostProcess.js:154:240744)
	at f.executeCommand (/nix/store/3j0nsr6g8fc0kb20hxhvfnsh83bk0fg6-vscodium-1.91.1.24193/lib/vscode/resources/app/out/vs/workbench/api/node/extensionHostProcess.js:154:240611)
	at Object.executeCommand (/nix/store/3j0nsr6g8fc0kb20hxhvfnsh83bk0fg6-vscodium-1.91.1.24193/lib/vscode/resources/app/out/vs/workbench/api/node/extensionHostProcess.js:164:29715)
	at T.reset (/home/ser/.vscode-oss/extensions/asvetliakov.vscode-neovim-1.18.8-universal/dist/extension.js:2:187723)
	at l.<anonymous> (/home/ser/.vscode-oss/extensions/asvetliakov.vscode-neovim-1.18.8-universal/dist/extension.js:2:406042)
	at l.dispose (/nix/store/3j0nsr6g8fc0kb20hxhvfnsh83bk0fg6-vscodium-1.91.1.24193/lib/vscode/resources/app/out/vs/workbench/api/node/extensionHostProcess.js:152:6342)
	at h (/nix/store/3j0nsr6g8fc0kb20hxhvfnsh83bk0fg6-vscodium-1.91.1.24193/lib/vscode/resources/app/out/vs/workbench/api/node/extensionHostProcess.js:30:758)
	at m._deactivate (/nix/store/3j0nsr6g8fc0kb20hxhvfnsh83bk0fg6-vscodium-1.91.1.24193/lib/vscode/resources/app/out/vs/workbench/api/node/extensionHostProcess.js:160:13048)
	at /nix/store/3j0nsr6g8fc0kb20hxhvfnsh83bk0fg6-vscodium-1.91.1.24193/lib/vscode/resources/app/out/vs/workbench/api/node/extensionHostProcess.js:160:10194
	at Array.map (<anonymous>)
	at m._deactivateAll (/nix/store/3j0nsr6g8fc0kb20hxhvfnsh83bk0fg6-vscodium-1.91.1.24193/lib/vscode/resources/app/out/vs/workbench/api/node/extensionHostProcess.js:160:10181)
	at m.terminate (/nix/store/3j0nsr6g8fc0kb20hxhvfnsh83bk0fg6-vscodium-1.91.1.24193/lib/vscode/resources/app/out/vs/workbench/api/node/extensionHostProcess.js:160:10564)
	at h.terminate (/nix/store/3j0nsr6g8fc0kb20hxhvfnsh83bk0fg6-vscodium-1.91.1.24193/lib/vscode/resources/app/out/vs/workbench/api/node/extensionHostProcess.js:164:1908)
	at i (/nix/store/3j0nsr6g8fc0kb20hxhvfnsh83bk0fg6-vscodium-1.91.1.24193/lib/vscode/resources/app/out/vs/workbench/api/node/extensionHostProcess.js:177:12354)
	at MessagePortMain.<anonymous> (/nix/store/3j0nsr6g8fc0kb20hxhvfnsh83bk0fg6-vscodium-1.91.1.24193/lib/vscode/resources/app/out/vs/workbench/api/node/extensionHostProcess.js:177:8164)
	at MessagePortMain.emit (node:events:514:28)
	at MessagePortMain._internalPort.emit (node:electron/js2c/utility_init:2:2285) setContext undefined
2024-08-31 13:43:33.702 [error] Canceled: Canceled
	at new T (/nix/store/3j0nsr6g8fc0kb20hxhvfnsh83bk0fg6-vscodium-1.91.1.24193/lib/vscode/resources/app/out/vs/workbench/api/node/extensionHostProcess.js:144:39096)
	at y._remoteCall (/nix/store/3j0nsr6g8fc0kb20hxhvfnsh83bk0fg6-vscodium-1.91.1.24193/lib/vscode/resources/app/out/vs/workbench/api/node/extensionHostProcess.js:151:8166)
	at U.<computed>.F.charCodeAt.R.CharCode.DollarSign.U.<computed> (/nix/store/3j0nsr6g8fc0kb20hxhvfnsh83bk0fg6-vscodium-1.91.1.24193/lib/vscode/resources/app/out/vs/workbench/api/node/extensionHostProcess.js:151:4351)
	at f._doExecuteCommand (/nix/store/3j0nsr6g8fc0kb20hxhvfnsh83bk0fg6-vscodium-1.91.1.24193/lib/vscode/resources/app/out/vs/workbench/api/node/extensionHostProcess.js:154:241286)
	at f.executeCommand (/nix/store/3j0nsr6g8fc0kb20hxhvfnsh83bk0fg6-vscodium-1.91.1.24193/lib/vscode/resources/app/out/vs/workbench/api/node/extensionHostProcess.js:154:240611)
	at k.registerCommand.description (/nix/store/3j0nsr6g8fc0kb20hxhvfnsh83bk0fg6-vscodium-1.91.1.24193/lib/vscode/resources/app/out/vs/workbench/api/node/extensionHostProcess.js:154:239855)
	at f._executeContributedCommand (/nix/store/3j0nsr6g8fc0kb20hxhvfnsh83bk0fg6-vscodium-1.91.1.24193/lib/vscode/resources/app/out/vs/workbench/api/node/extensionHostProcess.js:154:241924)
	at f._doExecuteCommand (/nix/store/3j0nsr6g8fc0kb20hxhvfnsh83bk0fg6-vscodium-1.91.1.24193/lib/vscode/resources/app/out/vs/workbench/api/node/extensionHostProcess.js:154:240744)
	at f.executeCommand (/nix/store/3j0nsr6g8fc0kb20hxhvfnsh83bk0fg6-vscodium-1.91.1.24193/lib/vscode/resources/app/out/vs/workbench/api/node/extensionHostProcess.js:154:240611)
	at Object.executeCommand (/nix/store/3j0nsr6g8fc0kb20hxhvfnsh83bk0fg6-vscodium-1.91.1.24193/lib/vscode/resources/app/out/vs/workbench/api/node/extensionHostProcess.js:164:29715)
	at T.reset (/home/ser/.vscode-oss/extensions/asvetliakov.vscode-neovim-1.18.8-universal/dist/extension.js:2:187723)
	at l.<anonymous> (/home/ser/.vscode-oss/extensions/asvetliakov.vscode-neovim-1.18.8-universal/dist/extension.js:2:406042)
	at l.dispose (/nix/store/3j0nsr6g8fc0kb20hxhvfnsh83bk0fg6-vscodium-1.91.1.24193/lib/vscode/resources/app/out/vs/workbench/api/node/extensionHostProcess.js:152:6342)
	at h (/nix/store/3j0nsr6g8fc0kb20hxhvfnsh83bk0fg6-vscodium-1.91.1.24193/lib/vscode/resources/app/out/vs/workbench/api/node/extensionHostProcess.js:30:758)
	at m._deactivate (/nix/store/3j0nsr6g8fc0kb20hxhvfnsh83bk0fg6-vscodium-1.91.1.24193/lib/vscode/resources/app/out/vs/workbench/api/node/extensionHostProcess.js:160:13048)
	at /nix/store/3j0nsr6g8fc0kb20hxhvfnsh83bk0fg6-vscodium-1.91.1.24193/lib/vscode/resources/app/out/vs/workbench/api/node/extensionHostProcess.js:160:10194
	at Array.map (<anonymous>)
	at m._deactivateAll (/nix/store/3j0nsr6g8fc0kb20hxhvfnsh83bk0fg6-vscodium-1.91.1.24193/lib/vscode/resources/app/out/vs/workbench/api/node/extensionHostProcess.js:160:10181)
	at m.terminate (/nix/store/3j0nsr6g8fc0kb20hxhvfnsh83bk0fg6-vscodium-1.91.1.24193/lib/vscode/resources/app/out/vs/workbench/api/node/extensionHostProcess.js:160:10564)
	at h.terminate (/nix/store/3j0nsr6g8fc0kb20hxhvfnsh83bk0fg6-vscodium-1.91.1.24193/lib/vscode/resources/app/out/vs/workbench/api/node/extensionHostProcess.js:164:1908)
	at i (/nix/store/3j0nsr6g8fc0kb20hxhvfnsh83bk0fg6-vscodium-1.91.1.24193/lib/vscode/resources/app/out/vs/workbench/api/node/extensionHostProcess.js:177:12354)
	at MessagePortMain.<anonymous> (/nix/store/3j0nsr6g8fc0kb20hxhvfnsh83bk0fg6-vscodium-1.91.1.24193/lib/vscode/resources/app/out/vs/workbench/api/node/extensionHostProcess.js:177:8164)
	at MessagePortMain.emit (node:events:514:28)
	at MessagePortMain._internalPort.emit (node:electron/js2c/utility_init:2:2285) setContext undefined
2024-08-31 13:43:33.702 [error] Canceled: Canceled
	at new T (/nix/store/3j0nsr6g8fc0kb20hxhvfnsh83bk0fg6-vscodium-1.91.1.24193/lib/vscode/resources/app/out/vs/workbench/api/node/extensionHostProcess.js:144:39096)
	at y._remoteCall (/nix/store/3j0nsr6g8fc0kb20hxhvfnsh83bk0fg6-vscodium-1.91.1.24193/lib/vscode/resources/app/out/vs/workbench/api/node/extensionHostProcess.js:151:8166)
	at U.<computed>.F.charCodeAt.R.CharCode.DollarSign.U.<computed> (/nix/store/3j0nsr6g8fc0kb20hxhvfnsh83bk0fg6-vscodium-1.91.1.24193/lib/vscode/resources/app/out/vs/workbench/api/node/extensionHostProcess.js:151:4351)
	at f._doExecuteCommand (/nix/store/3j0nsr6g8fc0kb20hxhvfnsh83bk0fg6-vscodium-1.91.1.24193/lib/vscode/resources/app/out/vs/workbench/api/node/extensionHostProcess.js:154:241286)
	at f.executeCommand (/nix/store/3j0nsr6g8fc0kb20hxhvfnsh83bk0fg6-vscodium-1.91.1.24193/lib/vscode/resources/app/out/vs/workbench/api/node/extensionHostProcess.js:154:240611)
	at k.registerCommand.description (/nix/store/3j0nsr6g8fc0kb20hxhvfnsh83bk0fg6-vscodium-1.91.1.24193/lib/vscode/resources/app/out/vs/workbench/api/node/extensionHostProcess.js:154:239855)
	at f._executeContributedCommand (/nix/store/3j0nsr6g8fc0kb20hxhvfnsh83bk0fg6-vscodium-1.91.1.24193/lib/vscode/resources/app/out/vs/workbench/api/node/extensionHostProcess.js:154:241924)
	at f._doExecuteCommand (/nix/store/3j0nsr6g8fc0kb20hxhvfnsh83bk0fg6-vscodium-1.91.1.24193/lib/vscode/resources/app/out/vs/workbench/api/node/extensionHostProcess.js:154:240744)
	at f.executeCommand (/nix/store/3j0nsr6g8fc0kb20hxhvfnsh83bk0fg6-vscodium-1.91.1.24193/lib/vscode/resources/app/out/vs/workbench/api/node/extensionHostProcess.js:154:240611)
	at Object.executeCommand (/nix/store/3j0nsr6g8fc0kb20hxhvfnsh83bk0fg6-vscodium-1.91.1.24193/lib/vscode/resources/app/out/vs/workbench/api/node/extensionHostProcess.js:164:29715)
	at T.reset (/home/ser/.vscode-oss/extensions/asvetliakov.vscode-neovim-1.18.8-universal/dist/extension.js:2:187723)
	at l.<anonymous> (/home/ser/.vscode-oss/extensions/asvetliakov.vscode-neovim-1.18.8-universal/dist/extension.js:2:406042)
	at l.dispose (/nix/store/3j0nsr6g8fc0kb20hxhvfnsh83bk0fg6-vscodium-1.91.1.24193/lib/vscode/resources/app/out/vs/workbench/api/node/extensionHostProcess.js:152:6342)
	at h (/nix/store/3j0nsr6g8fc0kb20hxhvfnsh83bk0fg6-vscodium-1.91.1.24193/lib/vscode/resources/app/out/vs/workbench/api/node/extensionHostProcess.js:30:758)
	at m._deactivate (/nix/store/3j0nsr6g8fc0kb20hxhvfnsh83bk0fg6-vscodium-1.91.1.24193/lib/vscode/resources/app/out/vs/workbench/api/node/extensionHostProcess.js:160:13048)
	at /nix/store/3j0nsr6g8fc0kb20hxhvfnsh83bk0fg6-vscodium-1.91.1.24193/lib/vscode/resources/app/out/vs/workbench/api/node/extensionHostProcess.js:160:10194
	at Array.map (<anonymous>)
	at m._deactivateAll (/nix/store/3j0nsr6g8fc0kb20hxhvfnsh83bk0fg6-vscodium-1.91.1.24193/lib/vscode/resources/app/out/vs/workbench/api/node/extensionHostProcess.js:160:10181)
	at m.terminate (/nix/store/3j0nsr6g8fc0kb20hxhvfnsh83bk0fg6-vscodium-1.91.1.24193/lib/vscode/resources/app/out/vs/workbench/api/node/extensionHostProcess.js:160:10564)
	at h.terminate (/nix/store/3j0nsr6g8fc0kb20hxhvfnsh83bk0fg6-vscodium-1.91.1.24193/lib/vscode/resources/app/out/vs/workbench/api/node/extensionHostProcess.js:164:1908)
	at i (/nix/store/3j0nsr6g8fc0kb20hxhvfnsh83bk0fg6-vscodium-1.91.1.24193/lib/vscode/resources/app/out/vs/workbench/api/node/extensionHostProcess.js:177:12354)
	at MessagePortMain.<anonymous> (/nix/store/3j0nsr6g8fc0kb20hxhvfnsh83bk0fg6-vscodium-1.91.1.24193/lib/vscode/resources/app/out/vs/workbench/api/node/extensionHostProcess.js:177:8164)
	at MessagePortMain.emit (node:events:514:28)
	at MessagePortMain._internalPort.emit (node:electron/js2c/utility_init:2:2285) setContext undefined
2024-08-31 13:43:33.702 [error] Canceled: Canceled
	at new T (/nix/store/3j0nsr6g8fc0kb20hxhvfnsh83bk0fg6-vscodium-1.91.1.24193/lib/vscode/resources/app/out/vs/workbench/api/node/extensionHostProcess.js:144:39096)
	at y._remoteCall (/nix/store/3j0nsr6g8fc0kb20hxhvfnsh83bk0fg6-vscodium-1.91.1.24193/lib/vscode/resources/app/out/vs/workbench/api/node/extensionHostProcess.js:151:8166)
	at U.<computed>.F.charCodeAt.R.CharCode.DollarSign.U.<computed> (/nix/store/3j0nsr6g8fc0kb20hxhvfnsh83bk0fg6-vscodium-1.91.1.24193/lib/vscode/resources/app/out/vs/workbench/api/node/extensionHostProcess.js:151:4351)
	at f._doExecuteCommand (/nix/store/3j0nsr6g8fc0kb20hxhvfnsh83bk0fg6-vscodium-1.91.1.24193/lib/vscode/resources/app/out/vs/workbench/api/node/extensionHostProcess.js:154:241286)
	at f.executeCommand (/nix/store/3j0nsr6g8fc0kb20hxhvfnsh83bk0fg6-vscodium-1.91.1.24193/lib/vscode/resources/app/out/vs/workbench/api/node/extensionHostProcess.js:154:240611)
	at k.registerCommand.description (/nix/store/3j0nsr6g8fc0kb20hxhvfnsh83bk0fg6-vscodium-1.91.1.24193/lib/vscode/resources/app/out/vs/workbench/api/node/extensionHostProcess.js:154:239855)
	at f._executeContributedCommand (/nix/store/3j0nsr6g8fc0kb20hxhvfnsh83bk0fg6-vscodium-1.91.1.24193/lib/vscode/resources/app/out/vs/workbench/api/node/extensionHostProcess.js:154:241924)
	at f._doExecuteCommand (/nix/store/3j0nsr6g8fc0kb20hxhvfnsh83bk0fg6-vscodium-1.91.1.24193/lib/vscode/resources/app/out/vs/workbench/api/node/extensionHostProcess.js:154:240744)
	at f.executeCommand (/nix/store/3j0nsr6g8fc0kb20hxhvfnsh83bk0fg6-vscodium-1.91.1.24193/lib/vscode/resources/app/out/vs/workbench/api/node/extensionHostProcess.js:154:240611)
	at Object.executeCommand (/nix/store/3j0nsr6g8fc0kb20hxhvfnsh83bk0fg6-vscodium-1.91.1.24193/lib/vscode/resources/app/out/vs/workbench/api/node/extensionHostProcess.js:164:29715)
	at T.reset (/home/ser/.vscode-oss/extensions/asvetliakov.vscode-neovim-1.18.8-universal/dist/extension.js:2:187723)
	at l.<anonymous> (/home/ser/.vscode-oss/extensions/asvetliakov.vscode-neovim-1.18.8-universal/dist/extension.js:2:406042)
	at l.dispose (/nix/store/3j0nsr6g8fc0kb20hxhvfnsh83bk0fg6-vscodium-1.91.1.24193/lib/vscode/resources/app/out/vs/workbench/api/node/extensionHostProcess.js:152:6342)
	at h (/nix/store/3j0nsr6g8fc0kb20hxhvfnsh83bk0fg6-vscodium-1.91.1.24193/lib/vscode/resources/app/out/vs/workbench/api/node/extensionHostProcess.js:30:758)
	at m._deactivate (/nix/store/3j0nsr6g8fc0kb20hxhvfnsh83bk0fg6-vscodium-1.91.1.24193/lib/vscode/resources/app/out/vs/workbench/api/node/extensionHostProcess.js:160:13048)
	at /nix/store/3j0nsr6g8fc0kb20hxhvfnsh83bk0fg6-vscodium-1.91.1.24193/lib/vscode/resources/app/out/vs/workbench/api/node/extensionHostProcess.js:160:10194
	at Array.map (<anonymous>)
	at m._deactivateAll (/nix/store/3j0nsr6g8fc0kb20hxhvfnsh83bk0fg6-vscodium-1.91.1.24193/lib/vscode/resources/app/out/vs/workbench/api/node/extensionHostProcess.js:160:10181)
	at m.terminate (/nix/store/3j0nsr6g8fc0kb20hxhvfnsh83bk0fg6-vscodium-1.91.1.24193/lib/vscode/resources/app/out/vs/workbench/api/node/extensionHostProcess.js:160:10564)
	at h.terminate (/nix/store/3j0nsr6g8fc0kb20hxhvfnsh83bk0fg6-vscodium-1.91.1.24193/lib/vscode/resources/app/out/vs/workbench/api/node/extensionHostProcess.js:164:1908)
	at i (/nix/store/3j0nsr6g8fc0kb20hxhvfnsh83bk0fg6-vscodium-1.91.1.24193/lib/vscode/resources/app/out/vs/workbench/api/node/extensionHostProcess.js:177:12354)
	at MessagePortMain.<anonymous> (/nix/store/3j0nsr6g8fc0kb20hxhvfnsh83bk0fg6-vscodium-1.91.1.24193/lib/vscode/resources/app/out/vs/workbench/api/node/extensionHostProcess.js:177:8164)
	at MessagePortMain.emit (node:events:514:28)
	at MessagePortMain._internalPort.emit (node:electron/js2c/utility_init:2:2285) setContext undefined
2024-08-31 13:43:33.703 [error] Canceled: Canceled
	at new T (/nix/store/3j0nsr6g8fc0kb20hxhvfnsh83bk0fg6-vscodium-1.91.1.24193/lib/vscode/resources/app/out/vs/workbench/api/node/extensionHostProcess.js:144:39096)
	at y._remoteCall (/nix/store/3j0nsr6g8fc0kb20hxhvfnsh83bk0fg6-vscodium-1.91.1.24193/lib/vscode/resources/app/out/vs/workbench/api/node/extensionHostProcess.js:151:8166)
	at U.<computed>.F.charCodeAt.R.CharCode.DollarSign.U.<computed> (/nix/store/3j0nsr6g8fc0kb20hxhvfnsh83bk0fg6-vscodium-1.91.1.24193/lib/vscode/resources/app/out/vs/workbench/api/node/extensionHostProcess.js:151:4351)
	at f._doExecuteCommand (/nix/store/3j0nsr6g8fc0kb20hxhvfnsh83bk0fg6-vscodium-1.91.1.24193/lib/vscode/resources/app/out/vs/workbench/api/node/extensionHostProcess.js:154:241286)
	at f.executeCommand (/nix/store/3j0nsr6g8fc0kb20hxhvfnsh83bk0fg6-vscodium-1.91.1.24193/lib/vscode/resources/app/out/vs/workbench/api/node/extensionHostProcess.js:154:240611)
	at k.registerCommand.description (/nix/store/3j0nsr6g8fc0kb20hxhvfnsh83bk0fg6-vscodium-1.91.1.24193/lib/vscode/resources/app/out/vs/workbench/api/node/extensionHostProcess.js:154:239855)
	at f._executeContributedCommand (/nix/store/3j0nsr6g8fc0kb20hxhvfnsh83bk0fg6-vscodium-1.91.1.24193/lib/vscode/resources/app/out/vs/workbench/api/node/extensionHostProcess.js:154:241924)
	at f._doExecuteCommand (/nix/store/3j0nsr6g8fc0kb20hxhvfnsh83bk0fg6-vscodium-1.91.1.24193/lib/vscode/resources/app/out/vs/workbench/api/node/extensionHostProcess.js:154:240744)
	at f.executeCommand (/nix/store/3j0nsr6g8fc0kb20hxhvfnsh83bk0fg6-vscodium-1.91.1.24193/lib/vscode/resources/app/out/vs/workbench/api/node/extensionHostProcess.js:154:240611)
	at Object.executeCommand (/nix/store/3j0nsr6g8fc0kb20hxhvfnsh83bk0fg6-vscodium-1.91.1.24193/lib/vscode/resources/app/out/vs/workbench/api/node/extensionHostProcess.js:164:29715)
	at T.reset (/home/ser/.vscode-oss/extensions/asvetliakov.vscode-neovim-1.18.8-universal/dist/extension.js:2:187723)
	at l.<anonymous> (/home/ser/.vscode-oss/extensions/asvetliakov.vscode-neovim-1.18.8-universal/dist/extension.js:2:406042)
	at l.dispose (/nix/store/3j0nsr6g8fc0kb20hxhvfnsh83bk0fg6-vscodium-1.91.1.24193/lib/vscode/resources/app/out/vs/workbench/api/node/extensionHostProcess.js:152:6342)
	at h (/nix/store/3j0nsr6g8fc0kb20hxhvfnsh83bk0fg6-vscodium-1.91.1.24193/lib/vscode/resources/app/out/vs/workbench/api/node/extensionHostProcess.js:30:758)
	at m._deactivate (/nix/store/3j0nsr6g8fc0kb20hxhvfnsh83bk0fg6-vscodium-1.91.1.24193/lib/vscode/resources/app/out/vs/workbench/api/node/extensionHostProcess.js:160:13048)
	at /nix/store/3j0nsr6g8fc0kb20hxhvfnsh83bk0fg6-vscodium-1.91.1.24193/lib/vscode/resources/app/out/vs/workbench/api/node/extensionHostProcess.js:160:10194
	at Array.map (<anonymous>)
	at m._deactivateAll (/nix/store/3j0nsr6g8fc0kb20hxhvfnsh83bk0fg6-vscodium-1.91.1.24193/lib/vscode/resources/app/out/vs/workbench/api/node/extensionHostProcess.js:160:10181)
	at m.terminate (/nix/store/3j0nsr6g8fc0kb20hxhvfnsh83bk0fg6-vscodium-1.91.1.24193/lib/vscode/resources/app/out/vs/workbench/api/node/extensionHostProcess.js:160:10564)
	at h.terminate (/nix/store/3j0nsr6g8fc0kb20hxhvfnsh83bk0fg6-vscodium-1.91.1.24193/lib/vscode/resources/app/out/vs/workbench/api/node/extensionHostProcess.js:164:1908)
	at i (/nix/store/3j0nsr6g8fc0kb20hxhvfnsh83bk0fg6-vscodium-1.91.1.24193/lib/vscode/resources/app/out/vs/workbench/api/node/extensionHostProcess.js:177:12354)
	at MessagePortMain.<anonymous> (/nix/store/3j0nsr6g8fc0kb20hxhvfnsh83bk0fg6-vscodium-1.91.1.24193/lib/vscode/resources/app/out/vs/workbench/api/node/extensionHostProcess.js:177:8164)
	at MessagePortMain.emit (node:events:514:28)
	at MessagePortMain._internalPort.emit (node:electron/js2c/utility_init:2:2285) setContext undefined
2024-08-31 13:43:33.703 [error] Canceled: Canceled
	at new T (/nix/store/3j0nsr6g8fc0kb20hxhvfnsh83bk0fg6-vscodium-1.91.1.24193/lib/vscode/resources/app/out/vs/workbench/api/node/extensionHostProcess.js:144:39096)
	at y._remoteCall (/nix/store/3j0nsr6g8fc0kb20hxhvfnsh83bk0fg6-vscodium-1.91.1.24193/lib/vscode/resources/app/out/vs/workbench/api/node/extensionHostProcess.js:151:8166)
	at U.<computed>.F.charCodeAt.R.CharCode.DollarSign.U.<computed> (/nix/store/3j0nsr6g8fc0kb20hxhvfnsh83bk0fg6-vscodium-1.91.1.24193/lib/vscode/resources/app/out/vs/workbench/api/node/extensionHostProcess.js:151:4351)
	at f._doExecuteCommand (/nix/store/3j0nsr6g8fc0kb20hxhvfnsh83bk0fg6-vscodium-1.91.1.24193/lib/vscode/resources/app/out/vs/workbench/api/node/extensionHostProcess.js:154:241286)
	at f.executeCommand (/nix/store/3j0nsr6g8fc0kb20hxhvfnsh83bk0fg6-vscodium-1.91.1.24193/lib/vscode/resources/app/out/vs/workbench/api/node/extensionHostProcess.js:154:240611)
	at k.registerCommand.description (/nix/store/3j0nsr6g8fc0kb20hxhvfnsh83bk0fg6-vscodium-1.91.1.24193/lib/vscode/resources/app/out/vs/workbench/api/node/extensionHostProcess.js:154:239855)
	at f._executeContributedCommand (/nix/store/3j0nsr6g8fc0kb20hxhvfnsh83bk0fg6-vscodium-1.91.1.24193/lib/vscode/resources/app/out/vs/workbench/api/node/extensionHostProcess.js:154:241924)
	at f._doExecuteCommand (/nix/store/3j0nsr6g8fc0kb20hxhvfnsh83bk0fg6-vscodium-1.91.1.24193/lib/vscode/resources/app/out/vs/workbench/api/node/extensionHostProcess.js:154:240744)
	at f.executeCommand (/nix/store/3j0nsr6g8fc0kb20hxhvfnsh83bk0fg6-vscodium-1.91.1.24193/lib/vscode/resources/app/out/vs/workbench/api/node/extensionHostProcess.js:154:240611)
	at Object.executeCommand (/nix/store/3j0nsr6g8fc0kb20hxhvfnsh83bk0fg6-vscodium-1.91.1.24193/lib/vscode/resources/app/out/vs/workbench/api/node/extensionHostProcess.js:164:29715)
	at T.reset (/home/ser/.vscode-oss/extensions/asvetliakov.vscode-neovim-1.18.8-universal/dist/extension.js:2:187723)
	at l.<anonymous> (/home/ser/.vscode-oss/extensions/asvetliakov.vscode-neovim-1.18.8-universal/dist/extension.js:2:406042)
	at l.dispose (/nix/store/3j0nsr6g8fc0kb20hxhvfnsh83bk0fg6-vscodium-1.91.1.24193/lib/vscode/resources/app/out/vs/workbench/api/node/extensionHostProcess.js:152:6342)
	at h (/nix/store/3j0nsr6g8fc0kb20hxhvfnsh83bk0fg6-vscodium-1.91.1.24193/lib/vscode/resources/app/out/vs/workbench/api/node/extensionHostProcess.js:30:758)
	at m._deactivate (/nix/store/3j0nsr6g8fc0kb20hxhvfnsh83bk0fg6-vscodium-1.91.1.24193/lib/vscode/resources/app/out/vs/workbench/api/node/extensionHostProcess.js:160:13048)
	at /nix/store/3j0nsr6g8fc0kb20hxhvfnsh83bk0fg6-vscodium-1.91.1.24193/lib/vscode/resources/app/out/vs/workbench/api/node/extensionHostProcess.js:160:10194
	at Array.map (<anonymous>)
	at m._deactivateAll (/nix/store/3j0nsr6g8fc0kb20hxhvfnsh83bk0fg6-vscodium-1.91.1.24193/lib/vscode/resources/app/out/vs/workbench/api/node/extensionHostProcess.js:160:10181)
	at m.terminate (/nix/store/3j0nsr6g8fc0kb20hxhvfnsh83bk0fg6-vscodium-1.91.1.24193/lib/vscode/resources/app/out/vs/workbench/api/node/extensionHostProcess.js:160:10564)
	at h.terminate (/nix/store/3j0nsr6g8fc0kb20hxhvfnsh83bk0fg6-vscodium-1.91.1.24193/lib/vscode/resources/app/out/vs/workbench/api/node/extensionHostProcess.js:164:1908)
	at i (/nix/store/3j0nsr6g8fc0kb20hxhvfnsh83bk0fg6-vscodium-1.91.1.24193/lib/vscode/resources/app/out/vs/workbench/api/node/extensionHostProcess.js:177:12354)
	at MessagePortMain.<anonymous> (/nix/store/3j0nsr6g8fc0kb20hxhvfnsh83bk0fg6-vscodium-1.91.1.24193/lib/vscode/resources/app/out/vs/workbench/api/node/extensionHostProcess.js:177:8164)
	at MessagePortMain.emit (node:events:514:28)
	at MessagePortMain._internalPort.emit (node:electron/js2c/utility_init:2:2285) setContext undefined
2024-08-31 13:43:33.703 [error] Canceled: Canceled
	at new T (/nix/store/3j0nsr6g8fc0kb20hxhvfnsh83bk0fg6-vscodium-1.91.1.24193/lib/vscode/resources/app/out/vs/workbench/api/node/extensionHostProcess.js:144:39096)
	at y._remoteCall (/nix/store/3j0nsr6g8fc0kb20hxhvfnsh83bk0fg6-vscodium-1.91.1.24193/lib/vscode/resources/app/out/vs/workbench/api/node/extensionHostProcess.js:151:8166)
	at U.<computed>.F.charCodeAt.R.CharCode.DollarSign.U.<computed> (/nix/store/3j0nsr6g8fc0kb20hxhvfnsh83bk0fg6-vscodium-1.91.1.24193/lib/vscode/resources/app/out/vs/workbench/api/node/extensionHostProcess.js:151:4351)
	at f._doExecuteCommand (/nix/store/3j0nsr6g8fc0kb20hxhvfnsh83bk0fg6-vscodium-1.91.1.24193/lib/vscode/resources/app/out/vs/workbench/api/node/extensionHostProcess.js:154:241286)
	at f.executeCommand (/nix/store/3j0nsr6g8fc0kb20hxhvfnsh83bk0fg6-vscodium-1.91.1.24193/lib/vscode/resources/app/out/vs/workbench/api/node/extensionHostProcess.js:154:240611)
	at k.registerCommand.description (/nix/store/3j0nsr6g8fc0kb20hxhvfnsh83bk0fg6-vscodium-1.91.1.24193/lib/vscode/resources/app/out/vs/workbench/api/node/extensionHostProcess.js:154:239855)
	at f._executeContributedCommand (/nix/store/3j0nsr6g8fc0kb20hxhvfnsh83bk0fg6-vscodium-1.91.1.24193/lib/vscode/resources/app/out/vs/workbench/api/node/extensionHostProcess.js:154:241924)
	at f._doExecuteCommand (/nix/store/3j0nsr6g8fc0kb20hxhvfnsh83bk0fg6-vscodium-1.91.1.24193/lib/vscode/resources/app/out/vs/workbench/api/node/extensionHostProcess.js:154:240744)
	at f.executeCommand (/nix/store/3j0nsr6g8fc0kb20hxhvfnsh83bk0fg6-vscodium-1.91.1.24193/lib/vscode/resources/app/out/vs/workbench/api/node/extensionHostProcess.js:154:240611)
	at Object.executeCommand (/nix/store/3j0nsr6g8fc0kb20hxhvfnsh83bk0fg6-vscodium-1.91.1.24193/lib/vscode/resources/app/out/vs/workbench/api/node/extensionHostProcess.js:164:29715)
	at T.reset (/home/ser/.vscode-oss/extensions/asvetliakov.vscode-neovim-1.18.8-universal/dist/extension.js:2:187723)
	at l.<anonymous> (/home/ser/.vscode-oss/extensions/asvetliakov.vscode-neovim-1.18.8-universal/dist/extension.js:2:406042)
	at l.dispose (/nix/store/3j0nsr6g8fc0kb20hxhvfnsh83bk0fg6-vscodium-1.91.1.24193/lib/vscode/resources/app/out/vs/workbench/api/node/extensionHostProcess.js:152:6342)
	at h (/nix/store/3j0nsr6g8fc0kb20hxhvfnsh83bk0fg6-vscodium-1.91.1.24193/lib/vscode/resources/app/out/vs/workbench/api/node/extensionHostProcess.js:30:758)
	at m._deactivate (/nix/store/3j0nsr6g8fc0kb20hxhvfnsh83bk0fg6-vscodium-1.91.1.24193/lib/vscode/resources/app/out/vs/workbench/api/node/extensionHostProcess.js:160:13048)
	at /nix/store/3j0nsr6g8fc0kb20hxhvfnsh83bk0fg6-vscodium-1.91.1.24193/lib/vscode/resources/app/out/vs/workbench/api/node/extensionHostProcess.js:160:10194
	at Array.map (<anonymous>)
	at m._deactivateAll (/nix/store/3j0nsr6g8fc0kb20hxhvfnsh83bk0fg6-vscodium-1.91.1.24193/lib/vscode/resources/app/out/vs/workbench/api/node/extensionHostProcess.js:160:10181)
	at m.terminate (/nix/store/3j0nsr6g8fc0kb20hxhvfnsh83bk0fg6-vscodium-1.91.1.24193/lib/vscode/resources/app/out/vs/workbench/api/node/extensionHostProcess.js:160:10564)
	at h.terminate (/nix/store/3j0nsr6g8fc0kb20hxhvfnsh83bk0fg6-vscodium-1.91.1.24193/lib/vscode/resources/app/out/vs/workbench/api/node/extensionHostProcess.js:164:1908)
	at i (/nix/store/3j0nsr6g8fc0kb20hxhvfnsh83bk0fg6-vscodium-1.91.1.24193/lib/vscode/resources/app/out/vs/workbench/api/node/extensionHostProcess.js:177:12354)
	at MessagePortMain.<anonymous> (/nix/store/3j0nsr6g8fc0kb20hxhvfnsh83bk0fg6-vscodium-1.91.1.24193/lib/vscode/resources/app/out/vs/workbench/api/node/extensionHostProcess.js:177:8164)
	at MessagePortMain.emit (node:events:514:28)
	at MessagePortMain._internalPort.emit (node:electron/js2c/utility_init:2:2285) setContext undefined
2024-08-31 13:43:33.703 [error] Canceled: Canceled
	at new T (/nix/store/3j0nsr6g8fc0kb20hxhvfnsh83bk0fg6-vscodium-1.91.1.24193/lib/vscode/resources/app/out/vs/workbench/api/node/extensionHostProcess.js:144:39096)
	at y._remoteCall (/nix/store/3j0nsr6g8fc0kb20hxhvfnsh83bk0fg6-vscodium-1.91.1.24193/lib/vscode/resources/app/out/vs/workbench/api/node/extensionHostProcess.js:151:8166)
	at U.<computed>.F.charCodeAt.R.CharCode.DollarSign.U.<computed> (/nix/store/3j0nsr6g8fc0kb20hxhvfnsh83bk0fg6-vscodium-1.91.1.24193/lib/vscode/resources/app/out/vs/workbench/api/node/extensionHostProcess.js:151:4351)
	at f._doExecuteCommand (/nix/store/3j0nsr6g8fc0kb20hxhvfnsh83bk0fg6-vscodium-1.91.1.24193/lib/vscode/resources/app/out/vs/workbench/api/node/extensionHostProcess.js:154:241286)
	at f.executeCommand (/nix/store/3j0nsr6g8fc0kb20hxhvfnsh83bk0fg6-vscodium-1.91.1.24193/lib/vscode/resources/app/out/vs/workbench/api/node/extensionHostProcess.js:154:240611)
	at k.registerCommand.description (/nix/store/3j0nsr6g8fc0kb20hxhvfnsh83bk0fg6-vscodium-1.91.1.24193/lib/vscode/resources/app/out/vs/workbench/api/node/extensionHostProcess.js:154:239855)
	at f._executeContributedCommand (/nix/store/3j0nsr6g8fc0kb20hxhvfnsh83bk0fg6-vscodium-1.91.1.24193/lib/vscode/resources/app/out/vs/workbench/api/node/extensionHostProcess.js:154:241924)
	at f._doExecuteCommand (/nix/store/3j0nsr6g8fc0kb20hxhvfnsh83bk0fg6-vscodium-1.91.1.24193/lib/vscode/resources/app/out/vs/workbench/api/node/extensionHostProcess.js:154:240744)
	at f.executeCommand (/nix/store/3j0nsr6g8fc0kb20hxhvfnsh83bk0fg6-vscodium-1.91.1.24193/lib/vscode/resources/app/out/vs/workbench/api/node/extensionHostProcess.js:154:240611)
	at Object.executeCommand (/nix/store/3j0nsr6g8fc0kb20hxhvfnsh83bk0fg6-vscodium-1.91.1.24193/lib/vscode/resources/app/out/vs/workbench/api/node/extensionHostProcess.js:164:29715)
	at T.reset (/home/ser/.vscode-oss/extensions/asvetliakov.vscode-neovim-1.18.8-universal/dist/extension.js:2:187723)
	at l.<anonymous> (/home/ser/.vscode-oss/extensions/asvetliakov.vscode-neovim-1.18.8-universal/dist/extension.js:2:406042)
	at l.dispose (/nix/store/3j0nsr6g8fc0kb20hxhvfnsh83bk0fg6-vscodium-1.91.1.24193/lib/vscode/resources/app/out/vs/workbench/api/node/extensionHostProcess.js:152:6342)
	at h (/nix/store/3j0nsr6g8fc0kb20hxhvfnsh83bk0fg6-vscodium-1.91.1.24193/lib/vscode/resources/app/out/vs/workbench/api/node/extensionHostProcess.js:30:758)
	at m._deactivate (/nix/store/3j0nsr6g8fc0kb20hxhvfnsh83bk0fg6-vscodium-1.91.1.24193/lib/vscode/resources/app/out/vs/workbench/api/node/extensionHostProcess.js:160:13048)
	at /nix/store/3j0nsr6g8fc0kb20hxhvfnsh83bk0fg6-vscodium-1.91.1.24193/lib/vscode/resources/app/out/vs/workbench/api/node/extensionHostProcess.js:160:10194
	at Array.map (<anonymous>)
	at m._deactivateAll (/nix/store/3j0nsr6g8fc0kb20hxhvfnsh83bk0fg6-vscodium-1.91.1.24193/lib/vscode/resources/app/out/vs/workbench/api/node/extensionHostProcess.js:160:10181)
	at m.terminate (/nix/store/3j0nsr6g8fc0kb20hxhvfnsh83bk0fg6-vscodium-1.91.1.24193/lib/vscode/resources/app/out/vs/workbench/api/node/extensionHostProcess.js:160:10564)
	at h.terminate (/nix/store/3j0nsr6g8fc0kb20hxhvfnsh83bk0fg6-vscodium-1.91.1.24193/lib/vscode/resources/app/out/vs/workbench/api/node/extensionHostProcess.js:164:1908)
	at i (/nix/store/3j0nsr6g8fc0kb20hxhvfnsh83bk0fg6-vscodium-1.91.1.24193/lib/vscode/resources/app/out/vs/workbench/api/node/extensionHostProcess.js:177:12354)
	at MessagePortMain.<anonymous> (/nix/store/3j0nsr6g8fc0kb20hxhvfnsh83bk0fg6-vscodium-1.91.1.24193/lib/vscode/resources/app/out/vs/workbench/api/node/extensionHostProcess.js:177:8164)
	at MessagePortMain.emit (node:events:514:28)
	at MessagePortMain._internalPort.emit (node:electron/js2c/utility_init:2:2285) setContext undefined
2024-08-31 13:43:33.703 [error] Canceled: Canceled
	at new T (/nix/store/3j0nsr6g8fc0kb20hxhvfnsh83bk0fg6-vscodium-1.91.1.24193/lib/vscode/resources/app/out/vs/workbench/api/node/extensionHostProcess.js:144:39096)
	at y._remoteCall (/nix/store/3j0nsr6g8fc0kb20hxhvfnsh83bk0fg6-vscodium-1.91.1.24193/lib/vscode/resources/app/out/vs/workbench/api/node/extensionHostProcess.js:151:8166)
	at U.<computed>.F.charCodeAt.R.CharCode.DollarSign.U.<computed> (/nix/store/3j0nsr6g8fc0kb20hxhvfnsh83bk0fg6-vscodium-1.91.1.24193/lib/vscode/resources/app/out/vs/workbench/api/node/extensionHostProcess.js:151:4351)
	at f._doExecuteCommand (/nix/store/3j0nsr6g8fc0kb20hxhvfnsh83bk0fg6-vscodium-1.91.1.24193/lib/vscode/resources/app/out/vs/workbench/api/node/extensionHostProcess.js:154:241286)
	at f.executeCommand (/nix/store/3j0nsr6g8fc0kb20hxhvfnsh83bk0fg6-vscodium-1.91.1.24193/lib/vscode/resources/app/out/vs/workbench/api/node/extensionHostProcess.js:154:240611)
	at k.registerCommand.description (/nix/store/3j0nsr6g8fc0kb20hxhvfnsh83bk0fg6-vscodium-1.91.1.24193/lib/vscode/resources/app/out/vs/workbench/api/node/extensionHostProcess.js:154:239855)
	at f._executeContributedCommand (/nix/store/3j0nsr6g8fc0kb20hxhvfnsh83bk0fg6-vscodium-1.91.1.24193/lib/vscode/resources/app/out/vs/workbench/api/node/extensionHostProcess.js:154:241924)
	at f._doExecuteCommand (/nix/store/3j0nsr6g8fc0kb20hxhvfnsh83bk0fg6-vscodium-1.91.1.24193/lib/vscode/resources/app/out/vs/workbench/api/node/extensionHostProcess.js:154:240744)
	at f.executeCommand (/nix/store/3j0nsr6g8fc0kb20hxhvfnsh83bk0fg6-vscodium-1.91.1.24193/lib/vscode/resources/app/out/vs/workbench/api/node/extensionHostProcess.js:154:240611)
	at Object.executeCommand (/nix/store/3j0nsr6g8fc0kb20hxhvfnsh83bk0fg6-vscodium-1.91.1.24193/lib/vscode/resources/app/out/vs/workbench/api/node/extensionHostProcess.js:164:29715)
	at T.reset (/home/ser/.vscode-oss/extensions/asvetliakov.vscode-neovim-1.18.8-universal/dist/extension.js:2:187723)
	at l.<anonymous> (/home/ser/.vscode-oss/extensions/asvetliakov.vscode-neovim-1.18.8-universal/dist/extension.js:2:406042)
	at l.dispose (/nix/store/3j0nsr6g8fc0kb20hxhvfnsh83bk0fg6-vscodium-1.91.1.24193/lib/vscode/resources/app/out/vs/workbench/api/node/extensionHostProcess.js:152:6342)
	at h (/nix/store/3j0nsr6g8fc0kb20hxhvfnsh83bk0fg6-vscodium-1.91.1.24193/lib/vscode/resources/app/out/vs/workbench/api/node/extensionHostProcess.js:30:758)
	at m._deactivate (/nix/store/3j0nsr6g8fc0kb20hxhvfnsh83bk0fg6-vscodium-1.91.1.24193/lib/vscode/resources/app/out/vs/workbench/api/node/extensionHostProcess.js:160:13048)
	at /nix/store/3j0nsr6g8fc0kb20hxhvfnsh83bk0fg6-vscodium-1.91.1.24193/lib/vscode/resources/app/out/vs/workbench/api/node/extensionHostProcess.js:160:10194
	at Array.map (<anonymous>)
	at m._deactivateAll (/nix/store/3j0nsr6g8fc0kb20hxhvfnsh83bk0fg6-vscodium-1.91.1.24193/lib/vscode/resources/app/out/vs/workbench/api/node/extensionHostProcess.js:160:10181)
	at m.terminate (/nix/store/3j0nsr6g8fc0kb20hxhvfnsh83bk0fg6-vscodium-1.91.1.24193/lib/vscode/resources/app/out/vs/workbench/api/node/extensionHostProcess.js:160:10564)
	at h.terminate (/nix/store/3j0nsr6g8fc0kb20hxhvfnsh83bk0fg6-vscodium-1.91.1.24193/lib/vscode/resources/app/out/vs/workbench/api/node/extensionHostProcess.js:164:1908)
	at i (/nix/store/3j0nsr6g8fc0kb20hxhvfnsh83bk0fg6-vscodium-1.91.1.24193/lib/vscode/resources/app/out/vs/workbench/api/node/extensionHostProcess.js:177:12354)
	at MessagePortMain.<anonymous> (/nix/store/3j0nsr6g8fc0kb20hxhvfnsh83bk0fg6-vscodium-1.91.1.24193/lib/vscode/resources/app/out/vs/workbench/api/node/extensionHostProcess.js:177:8164)
	at MessagePortMain.emit (node:events:514:28)
	at MessagePortMain._internalPort.emit (node:electron/js2c/utility_init:2:2285) setContext undefined
2024-08-31 13:43:33.703 [error] Canceled: Canceled
	at new T (/nix/store/3j0nsr6g8fc0kb20hxhvfnsh83bk0fg6-vscodium-1.91.1.24193/lib/vscode/resources/app/out/vs/workbench/api/node/extensionHostProcess.js:144:39096)
	at y._remoteCall (/nix/store/3j0nsr6g8fc0kb20hxhvfnsh83bk0fg6-vscodium-1.91.1.24193/lib/vscode/resources/app/out/vs/workbench/api/node/extensionHostProcess.js:151:8166)
	at U.<computed>.F.charCodeAt.R.CharCode.DollarSign.U.<computed> (/nix/store/3j0nsr6g8fc0kb20hxhvfnsh83bk0fg6-vscodium-1.91.1.24193/lib/vscode/resources/app/out/vs/workbench/api/node/extensionHostProcess.js:151:4351)
	at f._doExecuteCommand (/nix/store/3j0nsr6g8fc0kb20hxhvfnsh83bk0fg6-vscodium-1.91.1.24193/lib/vscode/resources/app/out/vs/workbench/api/node/extensionHostProcess.js:154:241286)
	at f.executeCommand (/nix/store/3j0nsr6g8fc0kb20hxhvfnsh83bk0fg6-vscodium-1.91.1.24193/lib/vscode/resources/app/out/vs/workbench/api/node/extensionHostProcess.js:154:240611)
	at k.registerCommand.description (/nix/store/3j0nsr6g8fc0kb20hxhvfnsh83bk0fg6-vscodium-1.91.1.24193/lib/vscode/resources/app/out/vs/workbench/api/node/extensionHostProcess.js:154:239855)
	at f._executeContributedCommand (/nix/store/3j0nsr6g8fc0kb20hxhvfnsh83bk0fg6-vscodium-1.91.1.24193/lib/vscode/resources/app/out/vs/workbench/api/node/extensionHostProcess.js:154:241924)
	at f._doExecuteCommand (/nix/store/3j0nsr6g8fc0kb20hxhvfnsh83bk0fg6-vscodium-1.91.1.24193/lib/vscode/resources/app/out/vs/workbench/api/node/extensionHostProcess.js:154:240744)
	at f.executeCommand (/nix/store/3j0nsr6g8fc0kb20hxhvfnsh83bk0fg6-vscodium-1.91.1.24193/lib/vscode/resources/app/out/vs/workbench/api/node/extensionHostProcess.js:154:240611)
	at Object.executeCommand (/nix/store/3j0nsr6g8fc0kb20hxhvfnsh83bk0fg6-vscodium-1.91.1.24193/lib/vscode/resources/app/out/vs/workbench/api/node/extensionHostProcess.js:164:29715)
	at T.reset (/home/ser/.vscode-oss/extensions/asvetliakov.vscode-neovim-1.18.8-universal/dist/extension.js:2:187723)
	at l.<anonymous> (/home/ser/.vscode-oss/extensions/asvetliakov.vscode-neovim-1.18.8-universal/dist/extension.js:2:406042)
	at l.dispose (/nix/store/3j0nsr6g8fc0kb20hxhvfnsh83bk0fg6-vscodium-1.91.1.24193/lib/vscode/resources/app/out/vs/workbench/api/node/extensionHostProcess.js:152:6342)
	at h (/nix/store/3j0nsr6g8fc0kb20hxhvfnsh83bk0fg6-vscodium-1.91.1.24193/lib/vscode/resources/app/out/vs/workbench/api/node/extensionHostProcess.js:30:758)
	at m._deactivate (/nix/store/3j0nsr6g8fc0kb20hxhvfnsh83bk0fg6-vscodium-1.91.1.24193/lib/vscode/resources/app/out/vs/workbench/api/node/extensionHostProcess.js:160:13048)
	at /nix/store/3j0nsr6g8fc0kb20hxhvfnsh83bk0fg6-vscodium-1.91.1.24193/lib/vscode/resources/app/out/vs/workbench/api/node/extensionHostProcess.js:160:10194
	at Array.map (<anonymous>)
	at m._deactivateAll (/nix/store/3j0nsr6g8fc0kb20hxhvfnsh83bk0fg6-vscodium-1.91.1.24193/lib/vscode/resources/app/out/vs/workbench/api/node/extensionHostProcess.js:160:10181)
	at m.terminate (/nix/store/3j0nsr6g8fc0kb20hxhvfnsh83bk0fg6-vscodium-1.91.1.24193/lib/vscode/resources/app/out/vs/workbench/api/node/extensionHostProcess.js:160:10564)
	at h.terminate (/nix/store/3j0nsr6g8fc0kb20hxhvfnsh83bk0fg6-vscodium-1.91.1.24193/lib/vscode/resources/app/out/vs/workbench/api/node/extensionHostProcess.js:164:1908)
	at i (/nix/store/3j0nsr6g8fc0kb20hxhvfnsh83bk0fg6-vscodium-1.91.1.24193/lib/vscode/resources/app/out/vs/workbench/api/node/extensionHostProcess.js:177:12354)
	at MessagePortMain.<anonymous> (/nix/store/3j0nsr6g8fc0kb20hxhvfnsh83bk0fg6-vscodium-1.91.1.24193/lib/vscode/resources/app/out/vs/workbench/api/node/extensionHostProcess.js:177:8164)
	at MessagePortMain.emit (node:events:514:28)
	at MessagePortMain._internalPort.emit (node:electron/js2c/utility_init:2:2285) setContext undefined
2024-08-31 13:43:33.703 [error] Canceled: Canceled
	at new T (/nix/store/3j0nsr6g8fc0kb20hxhvfnsh83bk0fg6-vscodium-1.91.1.24193/lib/vscode/resources/app/out/vs/workbench/api/node/extensionHostProcess.js:144:39096)
	at y._remoteCall (/nix/store/3j0nsr6g8fc0kb20hxhvfnsh83bk0fg6-vscodium-1.91.1.24193/lib/vscode/resources/app/out/vs/workbench/api/node/extensionHostProcess.js:151:8166)
	at U.<computed>.F.charCodeAt.R.CharCode.DollarSign.U.<computed> (/nix/store/3j0nsr6g8fc0kb20hxhvfnsh83bk0fg6-vscodium-1.91.1.24193/lib/vscode/resources/app/out/vs/workbench/api/node/extensionHostProcess.js:151:4351)
	at f._doExecuteCommand (/nix/store/3j0nsr6g8fc0kb20hxhvfnsh83bk0fg6-vscodium-1.91.1.24193/lib/vscode/resources/app/out/vs/workbench/api/node/extensionHostProcess.js:154:241286)
	at f.executeCommand (/nix/store/3j0nsr6g8fc0kb20hxhvfnsh83bk0fg6-vscodium-1.91.1.24193/lib/vscode/resources/app/out/vs/workbench/api/node/extensionHostProcess.js:154:240611)
	at k.registerCommand.description (/nix/store/3j0nsr6g8fc0kb20hxhvfnsh83bk0fg6-vscodium-1.91.1.24193/lib/vscode/resources/app/out/vs/workbench/api/node/extensionHostProcess.js:154:239855)
	at f._executeContributedCommand (/nix/store/3j0nsr6g8fc0kb20hxhvfnsh83bk0fg6-vscodium-1.91.1.24193/lib/vscode/resources/app/out/vs/workbench/api/node/extensionHostProcess.js:154:241924)
	at f._doExecuteCommand (/nix/store/3j0nsr6g8fc0kb20hxhvfnsh83bk0fg6-vscodium-1.91.1.24193/lib/vscode/resources/app/out/vs/workbench/api/node/extensionHostProcess.js:154:240744)
	at f.executeCommand (/nix/store/3j0nsr6g8fc0kb20hxhvfnsh83bk0fg6-vscodium-1.91.1.24193/lib/vscode/resources/app/out/vs/workbench/api/node/extensionHostProcess.js:154:240611)
	at Object.executeCommand (/nix/store/3j0nsr6g8fc0kb20hxhvfnsh83bk0fg6-vscodium-1.91.1.24193/lib/vscode/resources/app/out/vs/workbench/api/node/extensionHostProcess.js:164:29715)
	at T.reset (/home/ser/.vscode-oss/extensions/asvetliakov.vscode-neovim-1.18.8-universal/dist/extension.js:2:187723)
	at l.<anonymous> (/home/ser/.vscode-oss/extensions/asvetliakov.vscode-neovim-1.18.8-universal/dist/extension.js:2:406042)
	at l.dispose (/nix/store/3j0nsr6g8fc0kb20hxhvfnsh83bk0fg6-vscodium-1.91.1.24193/lib/vscode/resources/app/out/vs/workbench/api/node/extensionHostProcess.js:152:6342)
	at h (/nix/store/3j0nsr6g8fc0kb20hxhvfnsh83bk0fg6-vscodium-1.91.1.24193/lib/vscode/resources/app/out/vs/workbench/api/node/extensionHostProcess.js:30:758)
	at m._deactivate (/nix/store/3j0nsr6g8fc0kb20hxhvfnsh83bk0fg6-vscodium-1.91.1.24193/lib/vscode/resources/app/out/vs/workbench/api/node/extensionHostProcess.js:160:13048)
	at /nix/store/3j0nsr6g8fc0kb20hxhvfnsh83bk0fg6-vscodium-1.91.1.24193/lib/vscode/resources/app/out/vs/workbench/api/node/extensionHostProcess.js:160:10194
	at Array.map (<anonymous>)
	at m._deactivateAll (/nix/store/3j0nsr6g8fc0kb20hxhvfnsh83bk0fg6-vscodium-1.91.1.24193/lib/vscode/resources/app/out/vs/workbench/api/node/extensionHostProcess.js:160:10181)
	at m.terminate (/nix/store/3j0nsr6g8fc0kb20hxhvfnsh83bk0fg6-vscodium-1.91.1.24193/lib/vscode/resources/app/out/vs/workbench/api/node/extensionHostProcess.js:160:10564)
	at h.terminate (/nix/store/3j0nsr6g8fc0kb20hxhvfnsh83bk0fg6-vscodium-1.91.1.24193/lib/vscode/resources/app/out/vs/workbench/api/node/extensionHostProcess.js:164:1908)
	at i (/nix/store/3j0nsr6g8fc0kb20hxhvfnsh83bk0fg6-vscodium-1.91.1.24193/lib/vscode/resources/app/out/vs/workbench/api/node/extensionHostProcess.js:177:12354)
	at MessagePortMain.<anonymous> (/nix/store/3j0nsr6g8fc0kb20hxhvfnsh83bk0fg6-vscodium-1.91.1.24193/lib/vscode/resources/app/out/vs/workbench/api/node/extensionHostProcess.js:177:8164)
	at MessagePortMain.emit (node:events:514:28)
	at MessagePortMain._internalPort.emit (node:electron/js2c/utility_init:2:2285) setContext undefined
2024-08-31 13:43:33.703 [error] Canceled: Canceled
	at new T (/nix/store/3j0nsr6g8fc0kb20hxhvfnsh83bk0fg6-vscodium-1.91.1.24193/lib/vscode/resources/app/out/vs/workbench/api/node/extensionHostProcess.js:144:39096)
	at y._remoteCall (/nix/store/3j0nsr6g8fc0kb20hxhvfnsh83bk0fg6-vscodium-1.91.1.24193/lib/vscode/resources/app/out/vs/workbench/api/node/extensionHostProcess.js:151:8166)
	at U.<computed>.F.charCodeAt.R.CharCode.DollarSign.U.<computed> (/nix/store/3j0nsr6g8fc0kb20hxhvfnsh83bk0fg6-vscodium-1.91.1.24193/lib/vscode/resources/app/out/vs/workbench/api/node/extensionHostProcess.js:151:4351)
	at f._doExecuteCommand (/nix/store/3j0nsr6g8fc0kb20hxhvfnsh83bk0fg6-vscodium-1.91.1.24193/lib/vscode/resources/app/out/vs/workbench/api/node/extensionHostProcess.js:154:241286)
	at f.executeCommand (/nix/store/3j0nsr6g8fc0kb20hxhvfnsh83bk0fg6-vscodium-1.91.1.24193/lib/vscode/resources/app/out/vs/workbench/api/node/extensionHostProcess.js:154:240611)
	at k.registerCommand.description (/nix/store/3j0nsr6g8fc0kb20hxhvfnsh83bk0fg6-vscodium-1.91.1.24193/lib/vscode/resources/app/out/vs/workbench/api/node/extensionHostProcess.js:154:239855)
	at f._executeContributedCommand (/nix/store/3j0nsr6g8fc0kb20hxhvfnsh83bk0fg6-vscodium-1.91.1.24193/lib/vscode/resources/app/out/vs/workbench/api/node/extensionHostProcess.js:154:241924)
	at f._doExecuteCommand (/nix/store/3j0nsr6g8fc0kb20hxhvfnsh83bk0fg6-vscodium-1.91.1.24193/lib/vscode/resources/app/out/vs/workbench/api/node/extensionHostProcess.js:154:240744)
	at f.executeCommand (/nix/store/3j0nsr6g8fc0kb20hxhvfnsh83bk0fg6-vscodium-1.91.1.24193/lib/vscode/resources/app/out/vs/workbench/api/node/extensionHostProcess.js:154:240611)
	at Object.executeCommand (/nix/store/3j0nsr6g8fc0kb20hxhvfnsh83bk0fg6-vscodium-1.91.1.24193/lib/vscode/resources/app/out/vs/workbench/api/node/extensionHostProcess.js:164:29715)
	at T.reset (/home/ser/.vscode-oss/extensions/asvetliakov.vscode-neovim-1.18.8-universal/dist/extension.js:2:187723)
	at l.<anonymous> (/home/ser/.vscode-oss/extensions/asvetliakov.vscode-neovim-1.18.8-universal/dist/extension.js:2:406042)
	at l.dispose (/nix/store/3j0nsr6g8fc0kb20hxhvfnsh83bk0fg6-vscodium-1.91.1.24193/lib/vscode/resources/app/out/vs/workbench/api/node/extensionHostProcess.js:152:6342)
	at h (/nix/store/3j0nsr6g8fc0kb20hxhvfnsh83bk0fg6-vscodium-1.91.1.24193/lib/vscode/resources/app/out/vs/workbench/api/node/extensionHostProcess.js:30:758)
	at m._deactivate (/nix/store/3j0nsr6g8fc0kb20hxhvfnsh83bk0fg6-vscodium-1.91.1.24193/lib/vscode/resources/app/out/vs/workbench/api/node/extensionHostProcess.js:160:13048)
	at /nix/store/3j0nsr6g8fc0kb20hxhvfnsh83bk0fg6-vscodium-1.91.1.24193/lib/vscode/resources/app/out/vs/workbench/api/node/extensionHostProcess.js:160:10194
	at Array.map (<anonymous>)
	at m._deactivateAll (/nix/store/3j0nsr6g8fc0kb20hxhvfnsh83bk0fg6-vscodium-1.91.1.24193/lib/vscode/resources/app/out/vs/workbench/api/node/extensionHostProcess.js:160:10181)
	at m.terminate (/nix/store/3j0nsr6g8fc0kb20hxhvfnsh83bk0fg6-vscodium-1.91.1.24193/lib/vscode/resources/app/out/vs/workbench/api/node/extensionHostProcess.js:160:10564)
	at h.terminate (/nix/store/3j0nsr6g8fc0kb20hxhvfnsh83bk0fg6-vscodium-1.91.1.24193/lib/vscode/resources/app/out/vs/workbench/api/node/extensionHostProcess.js:164:1908)
	at i (/nix/store/3j0nsr6g8fc0kb20hxhvfnsh83bk0fg6-vscodium-1.91.1.24193/lib/vscode/resources/app/out/vs/workbench/api/node/extensionHostProcess.js:177:12354)
	at MessagePortMain.<anonymous> (/nix/store/3j0nsr6g8fc0kb20hxhvfnsh83bk0fg6-vscodium-1.91.1.24193/lib/vscode/resources/app/out/vs/workbench/api/node/extensionHostProcess.js:177:8164)
	at MessagePortMain.emit (node:events:514:28)
	at MessagePortMain._internalPort.emit (node:electron/js2c/utility_init:2:2285) setContext undefined
2024-08-31 13:43:33.703 [error] Canceled: Canceled
	at new T (/nix/store/3j0nsr6g8fc0kb20hxhvfnsh83bk0fg6-vscodium-1.91.1.24193/lib/vscode/resources/app/out/vs/workbench/api/node/extensionHostProcess.js:144:39096)
	at y._remoteCall (/nix/store/3j0nsr6g8fc0kb20hxhvfnsh83bk0fg6-vscodium-1.91.1.24193/lib/vscode/resources/app/out/vs/workbench/api/node/extensionHostProcess.js:151:8166)
	at U.<computed>.F.charCodeAt.R.CharCode.DollarSign.U.<computed> (/nix/store/3j0nsr6g8fc0kb20hxhvfnsh83bk0fg6-vscodium-1.91.1.24193/lib/vscode/resources/app/out/vs/workbench/api/node/extensionHostProcess.js:151:4351)
	at f._doExecuteCommand (/nix/store/3j0nsr6g8fc0kb20hxhvfnsh83bk0fg6-vscodium-1.91.1.24193/lib/vscode/resources/app/out/vs/workbench/api/node/extensionHostProcess.js:154:241286)
	at f.executeCommand (/nix/store/3j0nsr6g8fc0kb20hxhvfnsh83bk0fg6-vscodium-1.91.1.24193/lib/vscode/resources/app/out/vs/workbench/api/node/extensionHostProcess.js:154:240611)
	at k.registerCommand.description (/nix/store/3j0nsr6g8fc0kb20hxhvfnsh83bk0fg6-vscodium-1.91.1.24193/lib/vscode/resources/app/out/vs/workbench/api/node/extensionHostProcess.js:154:239855)
	at f._executeContributedCommand (/nix/store/3j0nsr6g8fc0kb20hxhvfnsh83bk0fg6-vscodium-1.91.1.24193/lib/vscode/resources/app/out/vs/workbench/api/node/extensionHostProcess.js:154:241924)
	at f._doExecuteCommand (/nix/store/3j0nsr6g8fc0kb20hxhvfnsh83bk0fg6-vscodium-1.91.1.24193/lib/vscode/resources/app/out/vs/workbench/api/node/extensionHostProcess.js:154:240744)
	at f.executeCommand (/nix/store/3j0nsr6g8fc0kb20hxhvfnsh83bk0fg6-vscodium-1.91.1.24193/lib/vscode/resources/app/out/vs/workbench/api/node/extensionHostProcess.js:154:240611)
	at Object.executeCommand (/nix/store/3j0nsr6g8fc0kb20hxhvfnsh83bk0fg6-vscodium-1.91.1.24193/lib/vscode/resources/app/out/vs/workbench/api/node/extensionHostProcess.js:164:29715)
	at T.reset (/home/ser/.vscode-oss/extensions/asvetliakov.vscode-neovim-1.18.8-universal/dist/extension.js:2:187723)
	at l.<anonymous> (/home/ser/.vscode-oss/extensions/asvetliakov.vscode-neovim-1.18.8-universal/dist/extension.js:2:406042)
	at l.dispose (/nix/store/3j0nsr6g8fc0kb20hxhvfnsh83bk0fg6-vscodium-1.91.1.24193/lib/vscode/resources/app/out/vs/workbench/api/node/extensionHostProcess.js:152:6342)
	at h (/nix/store/3j0nsr6g8fc0kb20hxhvfnsh83bk0fg6-vscodium-1.91.1.24193/lib/vscode/resources/app/out/vs/workbench/api/node/extensionHostProcess.js:30:758)
	at m._deactivate (/nix/store/3j0nsr6g8fc0kb20hxhvfnsh83bk0fg6-vscodium-1.91.1.24193/lib/vscode/resources/app/out/vs/workbench/api/node/extensionHostProcess.js:160:13048)
	at /nix/store/3j0nsr6g8fc0kb20hxhvfnsh83bk0fg6-vscodium-1.91.1.24193/lib/vscode/resources/app/out/vs/workbench/api/node/extensionHostProcess.js:160:10194
	at Array.map (<anonymous>)
	at m._deactivateAll (/nix/store/3j0nsr6g8fc0kb20hxhvfnsh83bk0fg6-vscodium-1.91.1.24193/lib/vscode/resources/app/out/vs/workbench/api/node/extensionHostProcess.js:160:10181)
	at m.terminate (/nix/store/3j0nsr6g8fc0kb20hxhvfnsh83bk0fg6-vscodium-1.91.1.24193/lib/vscode/resources/app/out/vs/workbench/api/node/extensionHostProcess.js:160:10564)
	at h.terminate (/nix/store/3j0nsr6g8fc0kb20hxhvfnsh83bk0fg6-vscodium-1.91.1.24193/lib/vscode/resources/app/out/vs/workbench/api/node/extensionHostProcess.js:164:1908)
	at i (/nix/store/3j0nsr6g8fc0kb20hxhvfnsh83bk0fg6-vscodium-1.91.1.24193/lib/vscode/resources/app/out/vs/workbench/api/node/extensionHostProcess.js:177:12354)
	at MessagePortMain.<anonymous> (/nix/store/3j0nsr6g8fc0kb20hxhvfnsh83bk0fg6-vscodium-1.91.1.24193/lib/vscode/resources/app/out/vs/workbench/api/node/extensionHostProcess.js:177:8164)
	at MessagePortMain.emit (node:events:514:28)
	at MessagePortMain._internalPort.emit (node:electron/js2c/utility_init:2:2285) setContext undefined
2024-08-31 13:43:33.704 [error] Canceled: Canceled
	at new T (/nix/store/3j0nsr6g8fc0kb20hxhvfnsh83bk0fg6-vscodium-1.91.1.24193/lib/vscode/resources/app/out/vs/workbench/api/node/extensionHostProcess.js:144:39096)
	at y._remoteCall (/nix/store/3j0nsr6g8fc0kb20hxhvfnsh83bk0fg6-vscodium-1.91.1.24193/lib/vscode/resources/app/out/vs/workbench/api/node/extensionHostProcess.js:151:8166)
	at U.<computed>.F.charCodeAt.R.CharCode.DollarSign.U.<computed> (/nix/store/3j0nsr6g8fc0kb20hxhvfnsh83bk0fg6-vscodium-1.91.1.24193/lib/vscode/resources/app/out/vs/workbench/api/node/extensionHostProcess.js:151:4351)
	at f._doExecuteCommand (/nix/store/3j0nsr6g8fc0kb20hxhvfnsh83bk0fg6-vscodium-1.91.1.24193/lib/vscode/resources/app/out/vs/workbench/api/node/extensionHostProcess.js:154:241286)
	at f.executeCommand (/nix/store/3j0nsr6g8fc0kb20hxhvfnsh83bk0fg6-vscodium-1.91.1.24193/lib/vscode/resources/app/out/vs/workbench/api/node/extensionHostProcess.js:154:240611)
	at k.registerCommand.description (/nix/store/3j0nsr6g8fc0kb20hxhvfnsh83bk0fg6-vscodium-1.91.1.24193/lib/vscode/resources/app/out/vs/workbench/api/node/extensionHostProcess.js:154:239855)
	at f._executeContributedCommand (/nix/store/3j0nsr6g8fc0kb20hxhvfnsh83bk0fg6-vscodium-1.91.1.24193/lib/vscode/resources/app/out/vs/workbench/api/node/extensionHostProcess.js:154:241924)
	at f._doExecuteCommand (/nix/store/3j0nsr6g8fc0kb20hxhvfnsh83bk0fg6-vscodium-1.91.1.24193/lib/vscode/resources/app/out/vs/workbench/api/node/extensionHostProcess.js:154:240744)
	at f.executeCommand (/nix/store/3j0nsr6g8fc0kb20hxhvfnsh83bk0fg6-vscodium-1.91.1.24193/lib/vscode/resources/app/out/vs/workbench/api/node/extensionHostProcess.js:154:240611)
	at Object.executeCommand (/nix/store/3j0nsr6g8fc0kb20hxhvfnsh83bk0fg6-vscodium-1.91.1.24193/lib/vscode/resources/app/out/vs/workbench/api/node/extensionHostProcess.js:164:29715)
	at T.reset (/home/ser/.vscode-oss/extensions/asvetliakov.vscode-neovim-1.18.8-universal/dist/extension.js:2:187723)
	at l.<anonymous> (/home/ser/.vscode-oss/extensions/asvetliakov.vscode-neovim-1.18.8-universal/dist/extension.js:2:406042)
	at l.dispose (/nix/store/3j0nsr6g8fc0kb20hxhvfnsh83bk0fg6-vscodium-1.91.1.24193/lib/vscode/resources/app/out/vs/workbench/api/node/extensionHostProcess.js:152:6342)
	at h (/nix/store/3j0nsr6g8fc0kb20hxhvfnsh83bk0fg6-vscodium-1.91.1.24193/lib/vscode/resources/app/out/vs/workbench/api/node/extensionHostProcess.js:30:758)
	at m._deactivate (/nix/store/3j0nsr6g8fc0kb20hxhvfnsh83bk0fg6-vscodium-1.91.1.24193/lib/vscode/resources/app/out/vs/workbench/api/node/extensionHostProcess.js:160:13048)
	at /nix/store/3j0nsr6g8fc0kb20hxhvfnsh83bk0fg6-vscodium-1.91.1.24193/lib/vscode/resources/app/out/vs/workbench/api/node/extensionHostProcess.js:160:10194
	at Array.map (<anonymous>)
	at m._deactivateAll (/nix/store/3j0nsr6g8fc0kb20hxhvfnsh83bk0fg6-vscodium-1.91.1.24193/lib/vscode/resources/app/out/vs/workbench/api/node/extensionHostProcess.js:160:10181)
	at m.terminate (/nix/store/3j0nsr6g8fc0kb20hxhvfnsh83bk0fg6-vscodium-1.91.1.24193/lib/vscode/resources/app/out/vs/workbench/api/node/extensionHostProcess.js:160:10564)
	at h.terminate (/nix/store/3j0nsr6g8fc0kb20hxhvfnsh83bk0fg6-vscodium-1.91.1.24193/lib/vscode/resources/app/out/vs/workbench/api/node/extensionHostProcess.js:164:1908)
	at i (/nix/store/3j0nsr6g8fc0kb20hxhvfnsh83bk0fg6-vscodium-1.91.1.24193/lib/vscode/resources/app/out/vs/workbench/api/node/extensionHostProcess.js:177:12354)
	at MessagePortMain.<anonymous> (/nix/store/3j0nsr6g8fc0kb20hxhvfnsh83bk0fg6-vscodium-1.91.1.24193/lib/vscode/resources/app/out/vs/workbench/api/node/extensionHostProcess.js:177:8164)
	at MessagePortMain.emit (node:events:514:28)
	at MessagePortMain._internalPort.emit (node:electron/js2c/utility_init:2:2285) setContext undefined
2024-08-31 13:43:33.704 [error] Canceled: Canceled
	at new T (/nix/store/3j0nsr6g8fc0kb20hxhvfnsh83bk0fg6-vscodium-1.91.1.24193/lib/vscode/resources/app/out/vs/workbench/api/node/extensionHostProcess.js:144:39096)
	at y._remoteCall (/nix/store/3j0nsr6g8fc0kb20hxhvfnsh83bk0fg6-vscodium-1.91.1.24193/lib/vscode/resources/app/out/vs/workbench/api/node/extensionHostProcess.js:151:8166)
	at U.<computed>.F.charCodeAt.R.CharCode.DollarSign.U.<computed> (/nix/store/3j0nsr6g8fc0kb20hxhvfnsh83bk0fg6-vscodium-1.91.1.24193/lib/vscode/resources/app/out/vs/workbench/api/node/extensionHostProcess.js:151:4351)
	at f._doExecuteCommand (/nix/store/3j0nsr6g8fc0kb20hxhvfnsh83bk0fg6-vscodium-1.91.1.24193/lib/vscode/resources/app/out/vs/workbench/api/node/extensionHostProcess.js:154:241286)
	at f.executeCommand (/nix/store/3j0nsr6g8fc0kb20hxhvfnsh83bk0fg6-vscodium-1.91.1.24193/lib/vscode/resources/app/out/vs/workbench/api/node/extensionHostProcess.js:154:240611)
	at k.registerCommand.description (/nix/store/3j0nsr6g8fc0kb20hxhvfnsh83bk0fg6-vscodium-1.91.1.24193/lib/vscode/resources/app/out/vs/workbench/api/node/extensionHostProcess.js:154:239855)
	at f._executeContributedCommand (/nix/store/3j0nsr6g8fc0kb20hxhvfnsh83bk0fg6-vscodium-1.91.1.24193/lib/vscode/resources/app/out/vs/workbench/api/node/extensionHostProcess.js:154:241924)
	at f._doExecuteCommand (/nix/store/3j0nsr6g8fc0kb20hxhvfnsh83bk0fg6-vscodium-1.91.1.24193/lib/vscode/resources/app/out/vs/workbench/api/node/extensionHostProcess.js:154:240744)
	at f.executeCommand (/nix/store/3j0nsr6g8fc0kb20hxhvfnsh83bk0fg6-vscodium-1.91.1.24193/lib/vscode/resources/app/out/vs/workbench/api/node/extensionHostProcess.js:154:240611)
	at Object.executeCommand (/nix/store/3j0nsr6g8fc0kb20hxhvfnsh83bk0fg6-vscodium-1.91.1.24193/lib/vscode/resources/app/out/vs/workbench/api/node/extensionHostProcess.js:164:29715)
	at T.reset (/home/ser/.vscode-oss/extensions/asvetliakov.vscode-neovim-1.18.8-universal/dist/extension.js:2:187723)
	at l.<anonymous> (/home/ser/.vscode-oss/extensions/asvetliakov.vscode-neovim-1.18.8-universal/dist/extension.js:2:406042)
	at l.dispose (/nix/store/3j0nsr6g8fc0kb20hxhvfnsh83bk0fg6-vscodium-1.91.1.24193/lib/vscode/resources/app/out/vs/workbench/api/node/extensionHostProcess.js:152:6342)
	at h (/nix/store/3j0nsr6g8fc0kb20hxhvfnsh83bk0fg6-vscodium-1.91.1.24193/lib/vscode/resources/app/out/vs/workbench/api/node/extensionHostProcess.js:30:758)
	at m._deactivate (/nix/store/3j0nsr6g8fc0kb20hxhvfnsh83bk0fg6-vscodium-1.91.1.24193/lib/vscode/resources/app/out/vs/workbench/api/node/extensionHostProcess.js:160:13048)
	at /nix/store/3j0nsr6g8fc0kb20hxhvfnsh83bk0fg6-vscodium-1.91.1.24193/lib/vscode/resources/app/out/vs/workbench/api/node/extensionHostProcess.js:160:10194
	at Array.map (<anonymous>)
	at m._deactivateAll (/nix/store/3j0nsr6g8fc0kb20hxhvfnsh83bk0fg6-vscodium-1.91.1.24193/lib/vscode/resources/app/out/vs/workbench/api/node/extensionHostProcess.js:160:10181)
	at m.terminate (/nix/store/3j0nsr6g8fc0kb20hxhvfnsh83bk0fg6-vscodium-1.91.1.24193/lib/vscode/resources/app/out/vs/workbench/api/node/extensionHostProcess.js:160:10564)
	at h.terminate (/nix/store/3j0nsr6g8fc0kb20hxhvfnsh83bk0fg6-vscodium-1.91.1.24193/lib/vscode/resources/app/out/vs/workbench/api/node/extensionHostProcess.js:164:1908)
	at i (/nix/store/3j0nsr6g8fc0kb20hxhvfnsh83bk0fg6-vscodium-1.91.1.24193/lib/vscode/resources/app/out/vs/workbench/api/node/extensionHostProcess.js:177:12354)
	at MessagePortMain.<anonymous> (/nix/store/3j0nsr6g8fc0kb20hxhvfnsh83bk0fg6-vscodium-1.91.1.24193/lib/vscode/resources/app/out/vs/workbench/api/node/extensionHostProcess.js:177:8164)
	at MessagePortMain.emit (node:events:514:28)
	at MessagePortMain._internalPort.emit (node:electron/js2c/utility_init:2:2285) setContext undefined
2024-08-31 13:43:33.704 [error] Canceled: Canceled
	at new T (/nix/store/3j0nsr6g8fc0kb20hxhvfnsh83bk0fg6-vscodium-1.91.1.24193/lib/vscode/resources/app/out/vs/workbench/api/node/extensionHostProcess.js:144:39096)
	at y._remoteCall (/nix/store/3j0nsr6g8fc0kb20hxhvfnsh83bk0fg6-vscodium-1.91.1.24193/lib/vscode/resources/app/out/vs/workbench/api/node/extensionHostProcess.js:151:8166)
	at U.<computed>.F.charCodeAt.R.CharCode.DollarSign.U.<computed> (/nix/store/3j0nsr6g8fc0kb20hxhvfnsh83bk0fg6-vscodium-1.91.1.24193/lib/vscode/resources/app/out/vs/workbench/api/node/extensionHostProcess.js:151:4351)
	at f._doExecuteCommand (/nix/store/3j0nsr6g8fc0kb20hxhvfnsh83bk0fg6-vscodium-1.91.1.24193/lib/vscode/resources/app/out/vs/workbench/api/node/extensionHostProcess.js:154:241286)
	at f.executeCommand (/nix/store/3j0nsr6g8fc0kb20hxhvfnsh83bk0fg6-vscodium-1.91.1.24193/lib/vscode/resources/app/out/vs/workbench/api/node/extensionHostProcess.js:154:240611)
	at k.registerCommand.description (/nix/store/3j0nsr6g8fc0kb20hxhvfnsh83bk0fg6-vscodium-1.91.1.24193/lib/vscode/resources/app/out/vs/workbench/api/node/extensionHostProcess.js:154:239855)
	at f._executeContributedCommand (/nix/store/3j0nsr6g8fc0kb20hxhvfnsh83bk0fg6-vscodium-1.91.1.24193/lib/vscode/resources/app/out/vs/workbench/api/node/extensionHostProcess.js:154:241924)
	at f._doExecuteCommand (/nix/store/3j0nsr6g8fc0kb20hxhvfnsh83bk0fg6-vscodium-1.91.1.24193/lib/vscode/resources/app/out/vs/workbench/api/node/extensionHostProcess.js:154:240744)
	at f.executeCommand (/nix/store/3j0nsr6g8fc0kb20hxhvfnsh83bk0fg6-vscodium-1.91.1.24193/lib/vscode/resources/app/out/vs/workbench/api/node/extensionHostProcess.js:154:240611)
	at Object.executeCommand (/nix/store/3j0nsr6g8fc0kb20hxhvfnsh83bk0fg6-vscodium-1.91.1.24193/lib/vscode/resources/app/out/vs/workbench/api/node/extensionHostProcess.js:164:29715)
	at T.reset (/home/ser/.vscode-oss/extensions/asvetliakov.vscode-neovim-1.18.8-universal/dist/extension.js:2:187723)
	at l.<anonymous> (/home/ser/.vscode-oss/extensions/asvetliakov.vscode-neovim-1.18.8-universal/dist/extension.js:2:406042)
	at l.dispose (/nix/store/3j0nsr6g8fc0kb20hxhvfnsh83bk0fg6-vscodium-1.91.1.24193/lib/vscode/resources/app/out/vs/workbench/api/node/extensionHostProcess.js:152:6342)
	at h (/nix/store/3j0nsr6g8fc0kb20hxhvfnsh83bk0fg6-vscodium-1.91.1.24193/lib/vscode/resources/app/out/vs/workbench/api/node/extensionHostProcess.js:30:758)
	at m._deactivate (/nix/store/3j0nsr6g8fc0kb20hxhvfnsh83bk0fg6-vscodium-1.91.1.24193/lib/vscode/resources/app/out/vs/workbench/api/node/extensionHostProcess.js:160:13048)
	at /nix/store/3j0nsr6g8fc0kb20hxhvfnsh83bk0fg6-vscodium-1.91.1.24193/lib/vscode/resources/app/out/vs/workbench/api/node/extensionHostProcess.js:160:10194
	at Array.map (<anonymous>)
	at m._deactivateAll (/nix/store/3j0nsr6g8fc0kb20hxhvfnsh83bk0fg6-vscodium-1.91.1.24193/lib/vscode/resources/app/out/vs/workbench/api/node/extensionHostProcess.js:160:10181)
	at m.terminate (/nix/store/3j0nsr6g8fc0kb20hxhvfnsh83bk0fg6-vscodium-1.91.1.24193/lib/vscode/resources/app/out/vs/workbench/api/node/extensionHostProcess.js:160:10564)
	at h.terminate (/nix/store/3j0nsr6g8fc0kb20hxhvfnsh83bk0fg6-vscodium-1.91.1.24193/lib/vscode/resources/app/out/vs/workbench/api/node/extensionHostProcess.js:164:1908)
	at i (/nix/store/3j0nsr6g8fc0kb20hxhvfnsh83bk0fg6-vscodium-1.91.1.24193/lib/vscode/resources/app/out/vs/workbench/api/node/extensionHostProcess.js:177:12354)
	at MessagePortMain.<anonymous> (/nix/store/3j0nsr6g8fc0kb20hxhvfnsh83bk0fg6-vscodium-1.91.1.24193/lib/vscode/resources/app/out/vs/workbench/api/node/extensionHostProcess.js:177:8164)
	at MessagePortMain.emit (node:events:514:28)
	at MessagePortMain._internalPort.emit (node:electron/js2c/utility_init:2:2285) setContext undefined
2024-08-31 13:43:33.704 [error] Canceled: Canceled
	at new T (/nix/store/3j0nsr6g8fc0kb20hxhvfnsh83bk0fg6-vscodium-1.91.1.24193/lib/vscode/resources/app/out/vs/workbench/api/node/extensionHostProcess.js:144:39096)
	at y._remoteCall (/nix/store/3j0nsr6g8fc0kb20hxhvfnsh83bk0fg6-vscodium-1.91.1.24193/lib/vscode/resources/app/out/vs/workbench/api/node/extensionHostProcess.js:151:8166)
	at U.<computed>.F.charCodeAt.R.CharCode.DollarSign.U.<computed> (/nix/store/3j0nsr6g8fc0kb20hxhvfnsh83bk0fg6-vscodium-1.91.1.24193/lib/vscode/resources/app/out/vs/workbench/api/node/extensionHostProcess.js:151:4351)
	at f._doExecuteCommand (/nix/store/3j0nsr6g8fc0kb20hxhvfnsh83bk0fg6-vscodium-1.91.1.24193/lib/vscode/resources/app/out/vs/workbench/api/node/extensionHostProcess.js:154:241286)
	at f.executeCommand (/nix/store/3j0nsr6g8fc0kb20hxhvfnsh83bk0fg6-vscodium-1.91.1.24193/lib/vscode/resources/app/out/vs/workbench/api/node/extensionHostProcess.js:154:240611)
	at k.registerCommand.description (/nix/store/3j0nsr6g8fc0kb20hxhvfnsh83bk0fg6-vscodium-1.91.1.24193/lib/vscode/resources/app/out/vs/workbench/api/node/extensionHostProcess.js:154:239855)
	at f._executeContributedCommand (/nix/store/3j0nsr6g8fc0kb20hxhvfnsh83bk0fg6-vscodium-1.91.1.24193/lib/vscode/resources/app/out/vs/workbench/api/node/extensionHostProcess.js:154:241924)
	at f._doExecuteCommand (/nix/store/3j0nsr6g8fc0kb20hxhvfnsh83bk0fg6-vscodium-1.91.1.24193/lib/vscode/resources/app/out/vs/workbench/api/node/extensionHostProcess.js:154:240744)
	at f.executeCommand (/nix/store/3j0nsr6g8fc0kb20hxhvfnsh83bk0fg6-vscodium-1.91.1.24193/lib/vscode/resources/app/out/vs/workbench/api/node/extensionHostProcess.js:154:240611)
	at Object.executeCommand (/nix/store/3j0nsr6g8fc0kb20hxhvfnsh83bk0fg6-vscodium-1.91.1.24193/lib/vscode/resources/app/out/vs/workbench/api/node/extensionHostProcess.js:164:29715)
	at T.reset (/home/ser/.vscode-oss/extensions/asvetliakov.vscode-neovim-1.18.8-universal/dist/extension.js:2:187723)
	at l.<anonymous> (/home/ser/.vscode-oss/extensions/asvetliakov.vscode-neovim-1.18.8-universal/dist/extension.js:2:406042)
	at l.dispose (/nix/store/3j0nsr6g8fc0kb20hxhvfnsh83bk0fg6-vscodium-1.91.1.24193/lib/vscode/resources/app/out/vs/workbench/api/node/extensionHostProcess.js:152:6342)
	at h (/nix/store/3j0nsr6g8fc0kb20hxhvfnsh83bk0fg6-vscodium-1.91.1.24193/lib/vscode/resources/app/out/vs/workbench/api/node/extensionHostProcess.js:30:758)
	at m._deactivate (/nix/store/3j0nsr6g8fc0kb20hxhvfnsh83bk0fg6-vscodium-1.91.1.24193/lib/vscode/resources/app/out/vs/workbench/api/node/extensionHostProcess.js:160:13048)
	at /nix/store/3j0nsr6g8fc0kb20hxhvfnsh83bk0fg6-vscodium-1.91.1.24193/lib/vscode/resources/app/out/vs/workbench/api/node/extensionHostProcess.js:160:10194
	at Array.map (<anonymous>)
	at m._deactivateAll (/nix/store/3j0nsr6g8fc0kb20hxhvfnsh83bk0fg6-vscodium-1.91.1.24193/lib/vscode/resources/app/out/vs/workbench/api/node/extensionHostProcess.js:160:10181)
	at m.terminate (/nix/store/3j0nsr6g8fc0kb20hxhvfnsh83bk0fg6-vscodium-1.91.1.24193/lib/vscode/resources/app/out/vs/workbench/api/node/extensionHostProcess.js:160:10564)
	at h.terminate (/nix/store/3j0nsr6g8fc0kb20hxhvfnsh83bk0fg6-vscodium-1.91.1.24193/lib/vscode/resources/app/out/vs/workbench/api/node/extensionHostProcess.js:164:1908)
	at i (/nix/store/3j0nsr6g8fc0kb20hxhvfnsh83bk0fg6-vscodium-1.91.1.24193/lib/vscode/resources/app/out/vs/workbench/api/node/extensionHostProcess.js:177:12354)
	at MessagePortMain.<anonymous> (/nix/store/3j0nsr6g8fc0kb20hxhvfnsh83bk0fg6-vscodium-1.91.1.24193/lib/vscode/resources/app/out/vs/workbench/api/node/extensionHostProcess.js:177:8164)
	at MessagePortMain.emit (node:events:514:28)
	at MessagePortMain._internalPort.emit (node:electron/js2c/utility_init:2:2285) setContext undefined
2024-08-31 13:43:33.704 [error] Canceled: Canceled
	at new T (/nix/store/3j0nsr6g8fc0kb20hxhvfnsh83bk0fg6-vscodium-1.91.1.24193/lib/vscode/resources/app/out/vs/workbench/api/node/extensionHostProcess.js:144:39096)
	at y._remoteCall (/nix/store/3j0nsr6g8fc0kb20hxhvfnsh83bk0fg6-vscodium-1.91.1.24193/lib/vscode/resources/app/out/vs/workbench/api/node/extensionHostProcess.js:151:8166)
	at U.<computed>.F.charCodeAt.R.CharCode.DollarSign.U.<computed> (/nix/store/3j0nsr6g8fc0kb20hxhvfnsh83bk0fg6-vscodium-1.91.1.24193/lib/vscode/resources/app/out/vs/workbench/api/node/extensionHostProcess.js:151:4351)
	at f._doExecuteCommand (/nix/store/3j0nsr6g8fc0kb20hxhvfnsh83bk0fg6-vscodium-1.91.1.24193/lib/vscode/resources/app/out/vs/workbench/api/node/extensionHostProcess.js:154:241286)
	at f.executeCommand (/nix/store/3j0nsr6g8fc0kb20hxhvfnsh83bk0fg6-vscodium-1.91.1.24193/lib/vscode/resources/app/out/vs/workbench/api/node/extensionHostProcess.js:154:240611)
	at k.registerCommand.description (/nix/store/3j0nsr6g8fc0kb20hxhvfnsh83bk0fg6-vscodium-1.91.1.24193/lib/vscode/resources/app/out/vs/workbench/api/node/extensionHostProcess.js:154:239855)
	at f._executeContributedCommand (/nix/store/3j0nsr6g8fc0kb20hxhvfnsh83bk0fg6-vscodium-1.91.1.24193/lib/vscode/resources/app/out/vs/workbench/api/node/extensionHostProcess.js:154:241924)
	at f._doExecuteCommand (/nix/store/3j0nsr6g8fc0kb20hxhvfnsh83bk0fg6-vscodium-1.91.1.24193/lib/vscode/resources/app/out/vs/workbench/api/node/extensionHostProcess.js:154:240744)
	at f.executeCommand (/nix/store/3j0nsr6g8fc0kb20hxhvfnsh83bk0fg6-vscodium-1.91.1.24193/lib/vscode/resources/app/out/vs/workbench/api/node/extensionHostProcess.js:154:240611)
	at Object.executeCommand (/nix/store/3j0nsr6g8fc0kb20hxhvfnsh83bk0fg6-vscodium-1.91.1.24193/lib/vscode/resources/app/out/vs/workbench/api/node/extensionHostProcess.js:164:29715)
	at T.reset (/home/ser/.vscode-oss/extensions/asvetliakov.vscode-neovim-1.18.8-universal/dist/extension.js:2:187723)
	at l.<anonymous> (/home/ser/.vscode-oss/extensions/asvetliakov.vscode-neovim-1.18.8-universal/dist/extension.js:2:406042)
	at l.dispose (/nix/store/3j0nsr6g8fc0kb20hxhvfnsh83bk0fg6-vscodium-1.91.1.24193/lib/vscode/resources/app/out/vs/workbench/api/node/extensionHostProcess.js:152:6342)
	at h (/nix/store/3j0nsr6g8fc0kb20hxhvfnsh83bk0fg6-vscodium-1.91.1.24193/lib/vscode/resources/app/out/vs/workbench/api/node/extensionHostProcess.js:30:758)
	at m._deactivate (/nix/store/3j0nsr6g8fc0kb20hxhvfnsh83bk0fg6-vscodium-1.91.1.24193/lib/vscode/resources/app/out/vs/workbench/api/node/extensionHostProcess.js:160:13048)
	at /nix/store/3j0nsr6g8fc0kb20hxhvfnsh83bk0fg6-vscodium-1.91.1.24193/lib/vscode/resources/app/out/vs/workbench/api/node/extensionHostProcess.js:160:10194
	at Array.map (<anonymous>)
	at m._deactivateAll (/nix/store/3j0nsr6g8fc0kb20hxhvfnsh83bk0fg6-vscodium-1.91.1.24193/lib/vscode/resources/app/out/vs/workbench/api/node/extensionHostProcess.js:160:10181)
	at m.terminate (/nix/store/3j0nsr6g8fc0kb20hxhvfnsh83bk0fg6-vscodium-1.91.1.24193/lib/vscode/resources/app/out/vs/workbench/api/node/extensionHostProcess.js:160:10564)
	at h.terminate (/nix/store/3j0nsr6g8fc0kb20hxhvfnsh83bk0fg6-vscodium-1.91.1.24193/lib/vscode/resources/app/out/vs/workbench/api/node/extensionHostProcess.js:164:1908)
	at i (/nix/store/3j0nsr6g8fc0kb20hxhvfnsh83bk0fg6-vscodium-1.91.1.24193/lib/vscode/resources/app/out/vs/workbench/api/node/extensionHostProcess.js:177:12354)
	at MessagePortMain.<anonymous> (/nix/store/3j0nsr6g8fc0kb20hxhvfnsh83bk0fg6-vscodium-1.91.1.24193/lib/vscode/resources/app/out/vs/workbench/api/node/extensionHostProcess.js:177:8164)
	at MessagePortMain.emit (node:events:514:28)
	at MessagePortMain._internalPort.emit (node:electron/js2c/utility_init:2:2285) setContext undefined
2024-08-31 13:43:33.704 [error] Canceled: Canceled
	at new T (/nix/store/3j0nsr6g8fc0kb20hxhvfnsh83bk0fg6-vscodium-1.91.1.24193/lib/vscode/resources/app/out/vs/workbench/api/node/extensionHostProcess.js:144:39096)
	at y._remoteCall (/nix/store/3j0nsr6g8fc0kb20hxhvfnsh83bk0fg6-vscodium-1.91.1.24193/lib/vscode/resources/app/out/vs/workbench/api/node/extensionHostProcess.js:151:8166)
	at U.<computed>.F.charCodeAt.R.CharCode.DollarSign.U.<computed> (/nix/store/3j0nsr6g8fc0kb20hxhvfnsh83bk0fg6-vscodium-1.91.1.24193/lib/vscode/resources/app/out/vs/workbench/api/node/extensionHostProcess.js:151:4351)
	at f._doExecuteCommand (/nix/store/3j0nsr6g8fc0kb20hxhvfnsh83bk0fg6-vscodium-1.91.1.24193/lib/vscode/resources/app/out/vs/workbench/api/node/extensionHostProcess.js:154:241286)
	at f.executeCommand (/nix/store/3j0nsr6g8fc0kb20hxhvfnsh83bk0fg6-vscodium-1.91.1.24193/lib/vscode/resources/app/out/vs/workbench/api/node/extensionHostProcess.js:154:240611)
	at k.registerCommand.description (/nix/store/3j0nsr6g8fc0kb20hxhvfnsh83bk0fg6-vscodium-1.91.1.24193/lib/vscode/resources/app/out/vs/workbench/api/node/extensionHostProcess.js:154:239855)
	at f._executeContributedCommand (/nix/store/3j0nsr6g8fc0kb20hxhvfnsh83bk0fg6-vscodium-1.91.1.24193/lib/vscode/resources/app/out/vs/workbench/api/node/extensionHostProcess.js:154:241924)
	at f._doExecuteCommand (/nix/store/3j0nsr6g8fc0kb20hxhvfnsh83bk0fg6-vscodium-1.91.1.24193/lib/vscode/resources/app/out/vs/workbench/api/node/extensionHostProcess.js:154:240744)
	at f.executeCommand (/nix/store/3j0nsr6g8fc0kb20hxhvfnsh83bk0fg6-vscodium-1.91.1.24193/lib/vscode/resources/app/out/vs/workbench/api/node/extensionHostProcess.js:154:240611)
	at Object.executeCommand (/nix/store/3j0nsr6g8fc0kb20hxhvfnsh83bk0fg6-vscodium-1.91.1.24193/lib/vscode/resources/app/out/vs/workbench/api/node/extensionHostProcess.js:164:29715)
	at T.reset (/home/ser/.vscode-oss/extensions/asvetliakov.vscode-neovim-1.18.8-universal/dist/extension.js:2:187723)
	at l.<anonymous> (/home/ser/.vscode-oss/extensions/asvetliakov.vscode-neovim-1.18.8-universal/dist/extension.js:2:406042)
	at l.dispose (/nix/store/3j0nsr6g8fc0kb20hxhvfnsh83bk0fg6-vscodium-1.91.1.24193/lib/vscode/resources/app/out/vs/workbench/api/node/extensionHostProcess.js:152:6342)
	at h (/nix/store/3j0nsr6g8fc0kb20hxhvfnsh83bk0fg6-vscodium-1.91.1.24193/lib/vscode/resources/app/out/vs/workbench/api/node/extensionHostProcess.js:30:758)
	at m._deactivate (/nix/store/3j0nsr6g8fc0kb20hxhvfnsh83bk0fg6-vscodium-1.91.1.24193/lib/vscode/resources/app/out/vs/workbench/api/node/extensionHostProcess.js:160:13048)
	at /nix/store/3j0nsr6g8fc0kb20hxhvfnsh83bk0fg6-vscodium-1.91.1.24193/lib/vscode/resources/app/out/vs/workbench/api/node/extensionHostProcess.js:160:10194
	at Array.map (<anonymous>)
	at m._deactivateAll (/nix/store/3j0nsr6g8fc0kb20hxhvfnsh83bk0fg6-vscodium-1.91.1.24193/lib/vscode/resources/app/out/vs/workbench/api/node/extensionHostProcess.js:160:10181)
	at m.terminate (/nix/store/3j0nsr6g8fc0kb20hxhvfnsh83bk0fg6-vscodium-1.91.1.24193/lib/vscode/resources/app/out/vs/workbench/api/node/extensionHostProcess.js:160:10564)
	at h.terminate (/nix/store/3j0nsr6g8fc0kb20hxhvfnsh83bk0fg6-vscodium-1.91.1.24193/lib/vscode/resources/app/out/vs/workbench/api/node/extensionHostProcess.js:164:1908)
	at i (/nix/store/3j0nsr6g8fc0kb20hxhvfnsh83bk0fg6-vscodium-1.91.1.24193/lib/vscode/resources/app/out/vs/workbench/api/node/extensionHostProcess.js:177:12354)
	at MessagePortMain.<anonymous> (/nix/store/3j0nsr6g8fc0kb20hxhvfnsh83bk0fg6-vscodium-1.91.1.24193/lib/vscode/resources/app/out/vs/workbench/api/node/extensionHostProcess.js:177:8164)
	at MessagePortMain.emit (node:events:514:28)
	at MessagePortMain._internalPort.emit (node:electron/js2c/utility_init:2:2285) setContext undefined
2024-08-31 13:43:33.704 [error] Canceled: Canceled
	at new T (/nix/store/3j0nsr6g8fc0kb20hxhvfnsh83bk0fg6-vscodium-1.91.1.24193/lib/vscode/resources/app/out/vs/workbench/api/node/extensionHostProcess.js:144:39096)
	at y._remoteCall (/nix/store/3j0nsr6g8fc0kb20hxhvfnsh83bk0fg6-vscodium-1.91.1.24193/lib/vscode/resources/app/out/vs/workbench/api/node/extensionHostProcess.js:151:8166)
	at U.<computed>.F.charCodeAt.R.CharCode.DollarSign.U.<computed> (/nix/store/3j0nsr6g8fc0kb20hxhvfnsh83bk0fg6-vscodium-1.91.1.24193/lib/vscode/resources/app/out/vs/workbench/api/node/extensionHostProcess.js:151:4351)
	at f._doExecuteCommand (/nix/store/3j0nsr6g8fc0kb20hxhvfnsh83bk0fg6-vscodium-1.91.1.24193/lib/vscode/resources/app/out/vs/workbench/api/node/extensionHostProcess.js:154:241286)
	at f.executeCommand (/nix/store/3j0nsr6g8fc0kb20hxhvfnsh83bk0fg6-vscodium-1.91.1.24193/lib/vscode/resources/app/out/vs/workbench/api/node/extensionHostProcess.js:154:240611)
	at k.registerCommand.description (/nix/store/3j0nsr6g8fc0kb20hxhvfnsh83bk0fg6-vscodium-1.91.1.24193/lib/vscode/resources/app/out/vs/workbench/api/node/extensionHostProcess.js:154:239855)
	at f._executeContributedCommand (/nix/store/3j0nsr6g8fc0kb20hxhvfnsh83bk0fg6-vscodium-1.91.1.24193/lib/vscode/resources/app/out/vs/workbench/api/node/extensionHostProcess.js:154:241924)
	at f._doExecuteCommand (/nix/store/3j0nsr6g8fc0kb20hxhvfnsh83bk0fg6-vscodium-1.91.1.24193/lib/vscode/resources/app/out/vs/workbench/api/node/extensionHostProcess.js:154:240744)
	at f.executeCommand (/nix/store/3j0nsr6g8fc0kb20hxhvfnsh83bk0fg6-vscodium-1.91.1.24193/lib/vscode/resources/app/out/vs/workbench/api/node/extensionHostProcess.js:154:240611)
	at Object.executeCommand (/nix/store/3j0nsr6g8fc0kb20hxhvfnsh83bk0fg6-vscodium-1.91.1.24193/lib/vscode/resources/app/out/vs/workbench/api/node/extensionHostProcess.js:164:29715)
	at T.reset (/home/ser/.vscode-oss/extensions/asvetliakov.vscode-neovim-1.18.8-universal/dist/extension.js:2:187723)
	at l.<anonymous> (/home/ser/.vscode-oss/extensions/asvetliakov.vscode-neovim-1.18.8-universal/dist/extension.js:2:406042)
	at l.dispose (/nix/store/3j0nsr6g8fc0kb20hxhvfnsh83bk0fg6-vscodium-1.91.1.24193/lib/vscode/resources/app/out/vs/workbench/api/node/extensionHostProcess.js:152:6342)
	at h (/nix/store/3j0nsr6g8fc0kb20hxhvfnsh83bk0fg6-vscodium-1.91.1.24193/lib/vscode/resources/app/out/vs/workbench/api/node/extensionHostProcess.js:30:758)
	at m._deactivate (/nix/store/3j0nsr6g8fc0kb20hxhvfnsh83bk0fg6-vscodium-1.91.1.24193/lib/vscode/resources/app/out/vs/workbench/api/node/extensionHostProcess.js:160:13048)
	at /nix/store/3j0nsr6g8fc0kb20hxhvfnsh83bk0fg6-vscodium-1.91.1.24193/lib/vscode/resources/app/out/vs/workbench/api/node/extensionHostProcess.js:160:10194
	at Array.map (<anonymous>)
	at m._deactivateAll (/nix/store/3j0nsr6g8fc0kb20hxhvfnsh83bk0fg6-vscodium-1.91.1.24193/lib/vscode/resources/app/out/vs/workbench/api/node/extensionHostProcess.js:160:10181)
	at m.terminate (/nix/store/3j0nsr6g8fc0kb20hxhvfnsh83bk0fg6-vscodium-1.91.1.24193/lib/vscode/resources/app/out/vs/workbench/api/node/extensionHostProcess.js:160:10564)
	at h.terminate (/nix/store/3j0nsr6g8fc0kb20hxhvfnsh83bk0fg6-vscodium-1.91.1.24193/lib/vscode/resources/app/out/vs/workbench/api/node/extensionHostProcess.js:164:1908)
	at i (/nix/store/3j0nsr6g8fc0kb20hxhvfnsh83bk0fg6-vscodium-1.91.1.24193/lib/vscode/resources/app/out/vs/workbench/api/node/extensionHostProcess.js:177:12354)
	at MessagePortMain.<anonymous> (/nix/store/3j0nsr6g8fc0kb20hxhvfnsh83bk0fg6-vscodium-1.91.1.24193/lib/vscode/resources/app/out/vs/workbench/api/node/extensionHostProcess.js:177:8164)
	at MessagePortMain.emit (node:events:514:28)
	at MessagePortMain._internalPort.emit (node:electron/js2c/utility_init:2:2285) setContext undefined
2024-08-31 13:43:33.704 [error] Canceled: Canceled
	at new T (/nix/store/3j0nsr6g8fc0kb20hxhvfnsh83bk0fg6-vscodium-1.91.1.24193/lib/vscode/resources/app/out/vs/workbench/api/node/extensionHostProcess.js:144:39096)
	at y._remoteCall (/nix/store/3j0nsr6g8fc0kb20hxhvfnsh83bk0fg6-vscodium-1.91.1.24193/lib/vscode/resources/app/out/vs/workbench/api/node/extensionHostProcess.js:151:8166)
	at U.<computed>.F.charCodeAt.R.CharCode.DollarSign.U.<computed> (/nix/store/3j0nsr6g8fc0kb20hxhvfnsh83bk0fg6-vscodium-1.91.1.24193/lib/vscode/resources/app/out/vs/workbench/api/node/extensionHostProcess.js:151:4351)
	at f._doExecuteCommand (/nix/store/3j0nsr6g8fc0kb20hxhvfnsh83bk0fg6-vscodium-1.91.1.24193/lib/vscode/resources/app/out/vs/workbench/api/node/extensionHostProcess.js:154:241286)
	at f.executeCommand (/nix/store/3j0nsr6g8fc0kb20hxhvfnsh83bk0fg6-vscodium-1.91.1.24193/lib/vscode/resources/app/out/vs/workbench/api/node/extensionHostProcess.js:154:240611)
	at k.registerCommand.description (/nix/store/3j0nsr6g8fc0kb20hxhvfnsh83bk0fg6-vscodium-1.91.1.24193/lib/vscode/resources/app/out/vs/workbench/api/node/extensionHostProcess.js:154:239855)
	at f._executeContributedCommand (/nix/store/3j0nsr6g8fc0kb20hxhvfnsh83bk0fg6-vscodium-1.91.1.24193/lib/vscode/resources/app/out/vs/workbench/api/node/extensionHostProcess.js:154:241924)
	at f._doExecuteCommand (/nix/store/3j0nsr6g8fc0kb20hxhvfnsh83bk0fg6-vscodium-1.91.1.24193/lib/vscode/resources/app/out/vs/workbench/api/node/extensionHostProcess.js:154:240744)
	at f.executeCommand (/nix/store/3j0nsr6g8fc0kb20hxhvfnsh83bk0fg6-vscodium-1.91.1.24193/lib/vscode/resources/app/out/vs/workbench/api/node/extensionHostProcess.js:154:240611)
	at Object.executeCommand (/nix/store/3j0nsr6g8fc0kb20hxhvfnsh83bk0fg6-vscodium-1.91.1.24193/lib/vscode/resources/app/out/vs/workbench/api/node/extensionHostProcess.js:164:29715)
	at T.reset (/home/ser/.vscode-oss/extensions/asvetliakov.vscode-neovim-1.18.8-universal/dist/extension.js:2:187723)
	at l.<anonymous> (/home/ser/.vscode-oss/extensions/asvetliakov.vscode-neovim-1.18.8-universal/dist/extension.js:2:406042)
	at l.dispose (/nix/store/3j0nsr6g8fc0kb20hxhvfnsh83bk0fg6-vscodium-1.91.1.24193/lib/vscode/resources/app/out/vs/workbench/api/node/extensionHostProcess.js:152:6342)
	at h (/nix/store/3j0nsr6g8fc0kb20hxhvfnsh83bk0fg6-vscodium-1.91.1.24193/lib/vscode/resources/app/out/vs/workbench/api/node/extensionHostProcess.js:30:758)
	at m._deactivate (/nix/store/3j0nsr6g8fc0kb20hxhvfnsh83bk0fg6-vscodium-1.91.1.24193/lib/vscode/resources/app/out/vs/workbench/api/node/extensionHostProcess.js:160:13048)
	at /nix/store/3j0nsr6g8fc0kb20hxhvfnsh83bk0fg6-vscodium-1.91.1.24193/lib/vscode/resources/app/out/vs/workbench/api/node/extensionHostProcess.js:160:10194
	at Array.map (<anonymous>)
	at m._deactivateAll (/nix/store/3j0nsr6g8fc0kb20hxhvfnsh83bk0fg6-vscodium-1.91.1.24193/lib/vscode/resources/app/out/vs/workbench/api/node/extensionHostProcess.js:160:10181)
	at m.terminate (/nix/store/3j0nsr6g8fc0kb20hxhvfnsh83bk0fg6-vscodium-1.91.1.24193/lib/vscode/resources/app/out/vs/workbench/api/node/extensionHostProcess.js:160:10564)
	at h.terminate (/nix/store/3j0nsr6g8fc0kb20hxhvfnsh83bk0fg6-vscodium-1.91.1.24193/lib/vscode/resources/app/out/vs/workbench/api/node/extensionHostProcess.js:164:1908)
	at i (/nix/store/3j0nsr6g8fc0kb20hxhvfnsh83bk0fg6-vscodium-1.91.1.24193/lib/vscode/resources/app/out/vs/workbench/api/node/extensionHostProcess.js:177:12354)
	at MessagePortMain.<anonymous> (/nix/store/3j0nsr6g8fc0kb20hxhvfnsh83bk0fg6-vscodium-1.91.1.24193/lib/vscode/resources/app/out/vs/workbench/api/node/extensionHostProcess.js:177:8164)
	at MessagePortMain.emit (node:events:514:28)
	at MessagePortMain._internalPort.emit (node:electron/js2c/utility_init:2:2285) setContext undefined
2024-08-31 13:43:33.704 [error] Canceled: Canceled
	at new T (/nix/store/3j0nsr6g8fc0kb20hxhvfnsh83bk0fg6-vscodium-1.91.1.24193/lib/vscode/resources/app/out/vs/workbench/api/node/extensionHostProcess.js:144:39096)
	at y._remoteCall (/nix/store/3j0nsr6g8fc0kb20hxhvfnsh83bk0fg6-vscodium-1.91.1.24193/lib/vscode/resources/app/out/vs/workbench/api/node/extensionHostProcess.js:151:8166)
	at U.<computed>.F.charCodeAt.R.CharCode.DollarSign.U.<computed> (/nix/store/3j0nsr6g8fc0kb20hxhvfnsh83bk0fg6-vscodium-1.91.1.24193/lib/vscode/resources/app/out/vs/workbench/api/node/extensionHostProcess.js:151:4351)
	at f._doExecuteCommand (/nix/store/3j0nsr6g8fc0kb20hxhvfnsh83bk0fg6-vscodium-1.91.1.24193/lib/vscode/resources/app/out/vs/workbench/api/node/extensionHostProcess.js:154:241286)
	at f.executeCommand (/nix/store/3j0nsr6g8fc0kb20hxhvfnsh83bk0fg6-vscodium-1.91.1.24193/lib/vscode/resources/app/out/vs/workbench/api/node/extensionHostProcess.js:154:240611)
	at k.registerCommand.description (/nix/store/3j0nsr6g8fc0kb20hxhvfnsh83bk0fg6-vscodium-1.91.1.24193/lib/vscode/resources/app/out/vs/workbench/api/node/extensionHostProcess.js:154:239855)
	at f._executeContributedCommand (/nix/store/3j0nsr6g8fc0kb20hxhvfnsh83bk0fg6-vscodium-1.91.1.24193/lib/vscode/resources/app/out/vs/workbench/api/node/extensionHostProcess.js:154:241924)
	at f._doExecuteCommand (/nix/store/3j0nsr6g8fc0kb20hxhvfnsh83bk0fg6-vscodium-1.91.1.24193/lib/vscode/resources/app/out/vs/workbench/api/node/extensionHostProcess.js:154:240744)
	at f.executeCommand (/nix/store/3j0nsr6g8fc0kb20hxhvfnsh83bk0fg6-vscodium-1.91.1.24193/lib/vscode/resources/app/out/vs/workbench/api/node/extensionHostProcess.js:154:240611)
	at Object.executeCommand (/nix/store/3j0nsr6g8fc0kb20hxhvfnsh83bk0fg6-vscodium-1.91.1.24193/lib/vscode/resources/app/out/vs/workbench/api/node/extensionHostProcess.js:164:29715)
	at T.reset (/home/ser/.vscode-oss/extensions/asvetliakov.vscode-neovim-1.18.8-universal/dist/extension.js:2:187723)
	at l.<anonymous> (/home/ser/.vscode-oss/extensions/asvetliakov.vscode-neovim-1.18.8-universal/dist/extension.js:2:406042)
	at l.dispose (/nix/store/3j0nsr6g8fc0kb20hxhvfnsh83bk0fg6-vscodium-1.91.1.24193/lib/vscode/resources/app/out/vs/workbench/api/node/extensionHostProcess.js:152:6342)
	at h (/nix/store/3j0nsr6g8fc0kb20hxhvfnsh83bk0fg6-vscodium-1.91.1.24193/lib/vscode/resources/app/out/vs/workbench/api/node/extensionHostProcess.js:30:758)
	at m._deactivate (/nix/store/3j0nsr6g8fc0kb20hxhvfnsh83bk0fg6-vscodium-1.91.1.24193/lib/vscode/resources/app/out/vs/workbench/api/node/extensionHostProcess.js:160:13048)
	at /nix/store/3j0nsr6g8fc0kb20hxhvfnsh83bk0fg6-vscodium-1.91.1.24193/lib/vscode/resources/app/out/vs/workbench/api/node/extensionHostProcess.js:160:10194
	at Array.map (<anonymous>)
	at m._deactivateAll (/nix/store/3j0nsr6g8fc0kb20hxhvfnsh83bk0fg6-vscodium-1.91.1.24193/lib/vscode/resources/app/out/vs/workbench/api/node/extensionHostProcess.js:160:10181)
	at m.terminate (/nix/store/3j0nsr6g8fc0kb20hxhvfnsh83bk0fg6-vscodium-1.91.1.24193/lib/vscode/resources/app/out/vs/workbench/api/node/extensionHostProcess.js:160:10564)
	at h.terminate (/nix/store/3j0nsr6g8fc0kb20hxhvfnsh83bk0fg6-vscodium-1.91.1.24193/lib/vscode/resources/app/out/vs/workbench/api/node/extensionHostProcess.js:164:1908)
	at i (/nix/store/3j0nsr6g8fc0kb20hxhvfnsh83bk0fg6-vscodium-1.91.1.24193/lib/vscode/resources/app/out/vs/workbench/api/node/extensionHostProcess.js:177:12354)
	at MessagePortMain.<anonymous> (/nix/store/3j0nsr6g8fc0kb20hxhvfnsh83bk0fg6-vscodium-1.91.1.24193/lib/vscode/resources/app/out/vs/workbench/api/node/extensionHostProcess.js:177:8164)
	at MessagePortMain.emit (node:events:514:28)
	at MessagePortMain._internalPort.emit (node:electron/js2c/utility_init:2:2285) setContext undefined
2024-08-31 13:43:33.705 [error] Canceled: Canceled
	at new T (/nix/store/3j0nsr6g8fc0kb20hxhvfnsh83bk0fg6-vscodium-1.91.1.24193/lib/vscode/resources/app/out/vs/workbench/api/node/extensionHostProcess.js:144:39096)
	at y._remoteCall (/nix/store/3j0nsr6g8fc0kb20hxhvfnsh83bk0fg6-vscodium-1.91.1.24193/lib/vscode/resources/app/out/vs/workbench/api/node/extensionHostProcess.js:151:8166)
	at U.<computed>.F.charCodeAt.R.CharCode.DollarSign.U.<computed> (/nix/store/3j0nsr6g8fc0kb20hxhvfnsh83bk0fg6-vscodium-1.91.1.24193/lib/vscode/resources/app/out/vs/workbench/api/node/extensionHostProcess.js:151:4351)
	at f._doExecuteCommand (/nix/store/3j0nsr6g8fc0kb20hxhvfnsh83bk0fg6-vscodium-1.91.1.24193/lib/vscode/resources/app/out/vs/workbench/api/node/extensionHostProcess.js:154:241286)
	at f.executeCommand (/nix/store/3j0nsr6g8fc0kb20hxhvfnsh83bk0fg6-vscodium-1.91.1.24193/lib/vscode/resources/app/out/vs/workbench/api/node/extensionHostProcess.js:154:240611)
	at k.registerCommand.description (/nix/store/3j0nsr6g8fc0kb20hxhvfnsh83bk0fg6-vscodium-1.91.1.24193/lib/vscode/resources/app/out/vs/workbench/api/node/extensionHostProcess.js:154:239855)
	at f._executeContributedCommand (/nix/store/3j0nsr6g8fc0kb20hxhvfnsh83bk0fg6-vscodium-1.91.1.24193/lib/vscode/resources/app/out/vs/workbench/api/node/extensionHostProcess.js:154:241924)
	at f._doExecuteCommand (/nix/store/3j0nsr6g8fc0kb20hxhvfnsh83bk0fg6-vscodium-1.91.1.24193/lib/vscode/resources/app/out/vs/workbench/api/node/extensionHostProcess.js:154:240744)
	at f.executeCommand (/nix/store/3j0nsr6g8fc0kb20hxhvfnsh83bk0fg6-vscodium-1.91.1.24193/lib/vscode/resources/app/out/vs/workbench/api/node/extensionHostProcess.js:154:240611)
	at Object.executeCommand (/nix/store/3j0nsr6g8fc0kb20hxhvfnsh83bk0fg6-vscodium-1.91.1.24193/lib/vscode/resources/app/out/vs/workbench/api/node/extensionHostProcess.js:164:29715)
	at T.reset (/home/ser/.vscode-oss/extensions/asvetliakov.vscode-neovim-1.18.8-universal/dist/extension.js:2:187723)
	at l.<anonymous> (/home/ser/.vscode-oss/extensions/asvetliakov.vscode-neovim-1.18.8-universal/dist/extension.js:2:406042)
	at l.dispose (/nix/store/3j0nsr6g8fc0kb20hxhvfnsh83bk0fg6-vscodium-1.91.1.24193/lib/vscode/resources/app/out/vs/workbench/api/node/extensionHostProcess.js:152:6342)
	at h (/nix/store/3j0nsr6g8fc0kb20hxhvfnsh83bk0fg6-vscodium-1.91.1.24193/lib/vscode/resources/app/out/vs/workbench/api/node/extensionHostProcess.js:30:758)
	at m._deactivate (/nix/store/3j0nsr6g8fc0kb20hxhvfnsh83bk0fg6-vscodium-1.91.1.24193/lib/vscode/resources/app/out/vs/workbench/api/node/extensionHostProcess.js:160:13048)
	at /nix/store/3j0nsr6g8fc0kb20hxhvfnsh83bk0fg6-vscodium-1.91.1.24193/lib/vscode/resources/app/out/vs/workbench/api/node/extensionHostProcess.js:160:10194
	at Array.map (<anonymous>)
	at m._deactivateAll (/nix/store/3j0nsr6g8fc0kb20hxhvfnsh83bk0fg6-vscodium-1.91.1.24193/lib/vscode/resources/app/out/vs/workbench/api/node/extensionHostProcess.js:160:10181)
	at m.terminate (/nix/store/3j0nsr6g8fc0kb20hxhvfnsh83bk0fg6-vscodium-1.91.1.24193/lib/vscode/resources/app/out/vs/workbench/api/node/extensionHostProcess.js:160:10564)
	at h.terminate (/nix/store/3j0nsr6g8fc0kb20hxhvfnsh83bk0fg6-vscodium-1.91.1.24193/lib/vscode/resources/app/out/vs/workbench/api/node/extensionHostProcess.js:164:1908)
	at i (/nix/store/3j0nsr6g8fc0kb20hxhvfnsh83bk0fg6-vscodium-1.91.1.24193/lib/vscode/resources/app/out/vs/workbench/api/node/extensionHostProcess.js:177:12354)
	at MessagePortMain.<anonymous> (/nix/store/3j0nsr6g8fc0kb20hxhvfnsh83bk0fg6-vscodium-1.91.1.24193/lib/vscode/resources/app/out/vs/workbench/api/node/extensionHostProcess.js:177:8164)
	at MessagePortMain.emit (node:events:514:28)
	at MessagePortMain._internalPort.emit (node:electron/js2c/utility_init:2:2285) setContext undefined
2024-08-31 13:43:33.705 [error] Canceled: Canceled
	at new T (/nix/store/3j0nsr6g8fc0kb20hxhvfnsh83bk0fg6-vscodium-1.91.1.24193/lib/vscode/resources/app/out/vs/workbench/api/node/extensionHostProcess.js:144:39096)
	at y._remoteCall (/nix/store/3j0nsr6g8fc0kb20hxhvfnsh83bk0fg6-vscodium-1.91.1.24193/lib/vscode/resources/app/out/vs/workbench/api/node/extensionHostProcess.js:151:8166)
	at U.<computed>.F.charCodeAt.R.CharCode.DollarSign.U.<computed> (/nix/store/3j0nsr6g8fc0kb20hxhvfnsh83bk0fg6-vscodium-1.91.1.24193/lib/vscode/resources/app/out/vs/workbench/api/node/extensionHostProcess.js:151:4351)
	at f._doExecuteCommand (/nix/store/3j0nsr6g8fc0kb20hxhvfnsh83bk0fg6-vscodium-1.91.1.24193/lib/vscode/resources/app/out/vs/workbench/api/node/extensionHostProcess.js:154:241286)
	at f.executeCommand (/nix/store/3j0nsr6g8fc0kb20hxhvfnsh83bk0fg6-vscodium-1.91.1.24193/lib/vscode/resources/app/out/vs/workbench/api/node/extensionHostProcess.js:154:240611)
	at k.registerCommand.description (/nix/store/3j0nsr6g8fc0kb20hxhvfnsh83bk0fg6-vscodium-1.91.1.24193/lib/vscode/resources/app/out/vs/workbench/api/node/extensionHostProcess.js:154:239855)
	at f._executeContributedCommand (/nix/store/3j0nsr6g8fc0kb20hxhvfnsh83bk0fg6-vscodium-1.91.1.24193/lib/vscode/resources/app/out/vs/workbench/api/node/extensionHostProcess.js:154:241924)
	at f._doExecuteCommand (/nix/store/3j0nsr6g8fc0kb20hxhvfnsh83bk0fg6-vscodium-1.91.1.24193/lib/vscode/resources/app/out/vs/workbench/api/node/extensionHostProcess.js:154:240744)
	at f.executeCommand (/nix/store/3j0nsr6g8fc0kb20hxhvfnsh83bk0fg6-vscodium-1.91.1.24193/lib/vscode/resources/app/out/vs/workbench/api/node/extensionHostProcess.js:154:240611)
	at Object.executeCommand (/nix/store/3j0nsr6g8fc0kb20hxhvfnsh83bk0fg6-vscodium-1.91.1.24193/lib/vscode/resources/app/out/vs/workbench/api/node/extensionHostProcess.js:164:29715)
	at T.reset (/home/ser/.vscode-oss/extensions/asvetliakov.vscode-neovim-1.18.8-universal/dist/extension.js:2:187723)
	at l.<anonymous> (/home/ser/.vscode-oss/extensions/asvetliakov.vscode-neovim-1.18.8-universal/dist/extension.js:2:406042)
	at l.dispose (/nix/store/3j0nsr6g8fc0kb20hxhvfnsh83bk0fg6-vscodium-1.91.1.24193/lib/vscode/resources/app/out/vs/workbench/api/node/extensionHostProcess.js:152:6342)
	at h (/nix/store/3j0nsr6g8fc0kb20hxhvfnsh83bk0fg6-vscodium-1.91.1.24193/lib/vscode/resources/app/out/vs/workbench/api/node/extensionHostProcess.js:30:758)
	at m._deactivate (/nix/store/3j0nsr6g8fc0kb20hxhvfnsh83bk0fg6-vscodium-1.91.1.24193/lib/vscode/resources/app/out/vs/workbench/api/node/extensionHostProcess.js:160:13048)
	at /nix/store/3j0nsr6g8fc0kb20hxhvfnsh83bk0fg6-vscodium-1.91.1.24193/lib/vscode/resources/app/out/vs/workbench/api/node/extensionHostProcess.js:160:10194
	at Array.map (<anonymous>)
	at m._deactivateAll (/nix/store/3j0nsr6g8fc0kb20hxhvfnsh83bk0fg6-vscodium-1.91.1.24193/lib/vscode/resources/app/out/vs/workbench/api/node/extensionHostProcess.js:160:10181)
	at m.terminate (/nix/store/3j0nsr6g8fc0kb20hxhvfnsh83bk0fg6-vscodium-1.91.1.24193/lib/vscode/resources/app/out/vs/workbench/api/node/extensionHostProcess.js:160:10564)
	at h.terminate (/nix/store/3j0nsr6g8fc0kb20hxhvfnsh83bk0fg6-vscodium-1.91.1.24193/lib/vscode/resources/app/out/vs/workbench/api/node/extensionHostProcess.js:164:1908)
	at i (/nix/store/3j0nsr6g8fc0kb20hxhvfnsh83bk0fg6-vscodium-1.91.1.24193/lib/vscode/resources/app/out/vs/workbench/api/node/extensionHostProcess.js:177:12354)
	at MessagePortMain.<anonymous> (/nix/store/3j0nsr6g8fc0kb20hxhvfnsh83bk0fg6-vscodium-1.91.1.24193/lib/vscode/resources/app/out/vs/workbench/api/node/extensionHostProcess.js:177:8164)
	at MessagePortMain.emit (node:events:514:28)
	at MessagePortMain._internalPort.emit (node:electron/js2c/utility_init:2:2285) setContext undefined
2024-08-31 13:43:33.705 [error] Canceled: Canceled
	at new T (/nix/store/3j0nsr6g8fc0kb20hxhvfnsh83bk0fg6-vscodium-1.91.1.24193/lib/vscode/resources/app/out/vs/workbench/api/node/extensionHostProcess.js:144:39096)
	at y._remoteCall (/nix/store/3j0nsr6g8fc0kb20hxhvfnsh83bk0fg6-vscodium-1.91.1.24193/lib/vscode/resources/app/out/vs/workbench/api/node/extensionHostProcess.js:151:8166)
	at U.<computed>.F.charCodeAt.R.CharCode.DollarSign.U.<computed> (/nix/store/3j0nsr6g8fc0kb20hxhvfnsh83bk0fg6-vscodium-1.91.1.24193/lib/vscode/resources/app/out/vs/workbench/api/node/extensionHostProcess.js:151:4351)
	at f._doExecuteCommand (/nix/store/3j0nsr6g8fc0kb20hxhvfnsh83bk0fg6-vscodium-1.91.1.24193/lib/vscode/resources/app/out/vs/workbench/api/node/extensionHostProcess.js:154:241286)
	at f.executeCommand (/nix/store/3j0nsr6g8fc0kb20hxhvfnsh83bk0fg6-vscodium-1.91.1.24193/lib/vscode/resources/app/out/vs/workbench/api/node/extensionHostProcess.js:154:240611)
	at k.registerCommand.description (/nix/store/3j0nsr6g8fc0kb20hxhvfnsh83bk0fg6-vscodium-1.91.1.24193/lib/vscode/resources/app/out/vs/workbench/api/node/extensionHostProcess.js:154:239855)
	at f._executeContributedCommand (/nix/store/3j0nsr6g8fc0kb20hxhvfnsh83bk0fg6-vscodium-1.91.1.24193/lib/vscode/resources/app/out/vs/workbench/api/node/extensionHostProcess.js:154:241924)
	at f._doExecuteCommand (/nix/store/3j0nsr6g8fc0kb20hxhvfnsh83bk0fg6-vscodium-1.91.1.24193/lib/vscode/resources/app/out/vs/workbench/api/node/extensionHostProcess.js:154:240744)
	at f.executeCommand (/nix/store/3j0nsr6g8fc0kb20hxhvfnsh83bk0fg6-vscodium-1.91.1.24193/lib/vscode/resources/app/out/vs/workbench/api/node/extensionHostProcess.js:154:240611)
	at Object.executeCommand (/nix/store/3j0nsr6g8fc0kb20hxhvfnsh83bk0fg6-vscodium-1.91.1.24193/lib/vscode/resources/app/out/vs/workbench/api/node/extensionHostProcess.js:164:29715)
	at T.reset (/home/ser/.vscode-oss/extensions/asvetliakov.vscode-neovim-1.18.8-universal/dist/extension.js:2:187723)
	at l.<anonymous> (/home/ser/.vscode-oss/extensions/asvetliakov.vscode-neovim-1.18.8-universal/dist/extension.js:2:406042)
	at l.dispose (/nix/store/3j0nsr6g8fc0kb20hxhvfnsh83bk0fg6-vscodium-1.91.1.24193/lib/vscode/resources/app/out/vs/workbench/api/node/extensionHostProcess.js:152:6342)
	at h (/nix/store/3j0nsr6g8fc0kb20hxhvfnsh83bk0fg6-vscodium-1.91.1.24193/lib/vscode/resources/app/out/vs/workbench/api/node/extensionHostProcess.js:30:758)
	at m._deactivate (/nix/store/3j0nsr6g8fc0kb20hxhvfnsh83bk0fg6-vscodium-1.91.1.24193/lib/vscode/resources/app/out/vs/workbench/api/node/extensionHostProcess.js:160:13048)
	at /nix/store/3j0nsr6g8fc0kb20hxhvfnsh83bk0fg6-vscodium-1.91.1.24193/lib/vscode/resources/app/out/vs/workbench/api/node/extensionHostProcess.js:160:10194
	at Array.map (<anonymous>)
	at m._deactivateAll (/nix/store/3j0nsr6g8fc0kb20hxhvfnsh83bk0fg6-vscodium-1.91.1.24193/lib/vscode/resources/app/out/vs/workbench/api/node/extensionHostProcess.js:160:10181)
	at m.terminate (/nix/store/3j0nsr6g8fc0kb20hxhvfnsh83bk0fg6-vscodium-1.91.1.24193/lib/vscode/resources/app/out/vs/workbench/api/node/extensionHostProcess.js:160:10564)
	at h.terminate (/nix/store/3j0nsr6g8fc0kb20hxhvfnsh83bk0fg6-vscodium-1.91.1.24193/lib/vscode/resources/app/out/vs/workbench/api/node/extensionHostProcess.js:164:1908)
	at i (/nix/store/3j0nsr6g8fc0kb20hxhvfnsh83bk0fg6-vscodium-1.91.1.24193/lib/vscode/resources/app/out/vs/workbench/api/node/extensionHostProcess.js:177:12354)
	at MessagePortMain.<anonymous> (/nix/store/3j0nsr6g8fc0kb20hxhvfnsh83bk0fg6-vscodium-1.91.1.24193/lib/vscode/resources/app/out/vs/workbench/api/node/extensionHostProcess.js:177:8164)
	at MessagePortMain.emit (node:events:514:28)
	at MessagePortMain._internalPort.emit (node:electron/js2c/utility_init:2:2285) setContext undefined
2024-08-31 13:43:33.705 [error] Canceled: Canceled
	at new T (/nix/store/3j0nsr6g8fc0kb20hxhvfnsh83bk0fg6-vscodium-1.91.1.24193/lib/vscode/resources/app/out/vs/workbench/api/node/extensionHostProcess.js:144:39096)
	at y._remoteCall (/nix/store/3j0nsr6g8fc0kb20hxhvfnsh83bk0fg6-vscodium-1.91.1.24193/lib/vscode/resources/app/out/vs/workbench/api/node/extensionHostProcess.js:151:8166)
	at U.<computed>.F.charCodeAt.R.CharCode.DollarSign.U.<computed> (/nix/store/3j0nsr6g8fc0kb20hxhvfnsh83bk0fg6-vscodium-1.91.1.24193/lib/vscode/resources/app/out/vs/workbench/api/node/extensionHostProcess.js:151:4351)
	at f._doExecuteCommand (/nix/store/3j0nsr6g8fc0kb20hxhvfnsh83bk0fg6-vscodium-1.91.1.24193/lib/vscode/resources/app/out/vs/workbench/api/node/extensionHostProcess.js:154:241286)
	at f.executeCommand (/nix/store/3j0nsr6g8fc0kb20hxhvfnsh83bk0fg6-vscodium-1.91.1.24193/lib/vscode/resources/app/out/vs/workbench/api/node/extensionHostProcess.js:154:240611)
	at k.registerCommand.description (/nix/store/3j0nsr6g8fc0kb20hxhvfnsh83bk0fg6-vscodium-1.91.1.24193/lib/vscode/resources/app/out/vs/workbench/api/node/extensionHostProcess.js:154:239855)
	at f._executeContributedCommand (/nix/store/3j0nsr6g8fc0kb20hxhvfnsh83bk0fg6-vscodium-1.91.1.24193/lib/vscode/resources/app/out/vs/workbench/api/node/extensionHostProcess.js:154:241924)
	at f._doExecuteCommand (/nix/store/3j0nsr6g8fc0kb20hxhvfnsh83bk0fg6-vscodium-1.91.1.24193/lib/vscode/resources/app/out/vs/workbench/api/node/extensionHostProcess.js:154:240744)
	at f.executeCommand (/nix/store/3j0nsr6g8fc0kb20hxhvfnsh83bk0fg6-vscodium-1.91.1.24193/lib/vscode/resources/app/out/vs/workbench/api/node/extensionHostProcess.js:154:240611)
	at Object.executeCommand (/nix/store/3j0nsr6g8fc0kb20hxhvfnsh83bk0fg6-vscodium-1.91.1.24193/lib/vscode/resources/app/out/vs/workbench/api/node/extensionHostProcess.js:164:29715)
	at T.reset (/home/ser/.vscode-oss/extensions/asvetliakov.vscode-neovim-1.18.8-universal/dist/extension.js:2:187723)
	at l.<anonymous> (/home/ser/.vscode-oss/extensions/asvetliakov.vscode-neovim-1.18.8-universal/dist/extension.js:2:406042)
	at l.dispose (/nix/store/3j0nsr6g8fc0kb20hxhvfnsh83bk0fg6-vscodium-1.91.1.24193/lib/vscode/resources/app/out/vs/workbench/api/node/extensionHostProcess.js:152:6342)
	at h (/nix/store/3j0nsr6g8fc0kb20hxhvfnsh83bk0fg6-vscodium-1.91.1.24193/lib/vscode/resources/app/out/vs/workbench/api/node/extensionHostProcess.js:30:758)
	at m._deactivate (/nix/store/3j0nsr6g8fc0kb20hxhvfnsh83bk0fg6-vscodium-1.91.1.24193/lib/vscode/resources/app/out/vs/workbench/api/node/extensionHostProcess.js:160:13048)
	at /nix/store/3j0nsr6g8fc0kb20hxhvfnsh83bk0fg6-vscodium-1.91.1.24193/lib/vscode/resources/app/out/vs/workbench/api/node/extensionHostProcess.js:160:10194
	at Array.map (<anonymous>)
	at m._deactivateAll (/nix/store/3j0nsr6g8fc0kb20hxhvfnsh83bk0fg6-vscodium-1.91.1.24193/lib/vscode/resources/app/out/vs/workbench/api/node/extensionHostProcess.js:160:10181)
	at m.terminate (/nix/store/3j0nsr6g8fc0kb20hxhvfnsh83bk0fg6-vscodium-1.91.1.24193/lib/vscode/resources/app/out/vs/workbench/api/node/extensionHostProcess.js:160:10564)
	at h.terminate (/nix/store/3j0nsr6g8fc0kb20hxhvfnsh83bk0fg6-vscodium-1.91.1.24193/lib/vscode/resources/app/out/vs/workbench/api/node/extensionHostProcess.js:164:1908)
	at i (/nix/store/3j0nsr6g8fc0kb20hxhvfnsh83bk0fg6-vscodium-1.91.1.24193/lib/vscode/resources/app/out/vs/workbench/api/node/extensionHostProcess.js:177:12354)
	at MessagePortMain.<anonymous> (/nix/store/3j0nsr6g8fc0kb20hxhvfnsh83bk0fg6-vscodium-1.91.1.24193/lib/vscode/resources/app/out/vs/workbench/api/node/extensionHostProcess.js:177:8164)
	at MessagePortMain.emit (node:events:514:28)
	at MessagePortMain._internalPort.emit (node:electron/js2c/utility_init:2:2285) setContext undefined
2024-08-31 13:43:33.705 [error] Canceled: Canceled
	at new T (/nix/store/3j0nsr6g8fc0kb20hxhvfnsh83bk0fg6-vscodium-1.91.1.24193/lib/vscode/resources/app/out/vs/workbench/api/node/extensionHostProcess.js:144:39096)
	at y._remoteCall (/nix/store/3j0nsr6g8fc0kb20hxhvfnsh83bk0fg6-vscodium-1.91.1.24193/lib/vscode/resources/app/out/vs/workbench/api/node/extensionHostProcess.js:151:8166)
	at U.<computed>.F.charCodeAt.R.CharCode.DollarSign.U.<computed> (/nix/store/3j0nsr6g8fc0kb20hxhvfnsh83bk0fg6-vscodium-1.91.1.24193/lib/vscode/resources/app/out/vs/workbench/api/node/extensionHostProcess.js:151:4351)
	at f._doExecuteCommand (/nix/store/3j0nsr6g8fc0kb20hxhvfnsh83bk0fg6-vscodium-1.91.1.24193/lib/vscode/resources/app/out/vs/workbench/api/node/extensionHostProcess.js:154:241286)
	at f.executeCommand (/nix/store/3j0nsr6g8fc0kb20hxhvfnsh83bk0fg6-vscodium-1.91.1.24193/lib/vscode/resources/app/out/vs/workbench/api/node/extensionHostProcess.js:154:240611)
	at k.registerCommand.description (/nix/store/3j0nsr6g8fc0kb20hxhvfnsh83bk0fg6-vscodium-1.91.1.24193/lib/vscode/resources/app/out/vs/workbench/api/node/extensionHostProcess.js:154:239855)
	at f._executeContributedCommand (/nix/store/3j0nsr6g8fc0kb20hxhvfnsh83bk0fg6-vscodium-1.91.1.24193/lib/vscode/resources/app/out/vs/workbench/api/node/extensionHostProcess.js:154:241924)
	at f._doExecuteCommand (/nix/store/3j0nsr6g8fc0kb20hxhvfnsh83bk0fg6-vscodium-1.91.1.24193/lib/vscode/resources/app/out/vs/workbench/api/node/extensionHostProcess.js:154:240744)
	at f.executeCommand (/nix/store/3j0nsr6g8fc0kb20hxhvfnsh83bk0fg6-vscodium-1.91.1.24193/lib/vscode/resources/app/out/vs/workbench/api/node/extensionHostProcess.js:154:240611)
	at Object.executeCommand (/nix/store/3j0nsr6g8fc0kb20hxhvfnsh83bk0fg6-vscodium-1.91.1.24193/lib/vscode/resources/app/out/vs/workbench/api/node/extensionHostProcess.js:164:29715)
	at T.reset (/home/ser/.vscode-oss/extensions/asvetliakov.vscode-neovim-1.18.8-universal/dist/extension.js:2:187723)
	at l.<anonymous> (/home/ser/.vscode-oss/extensions/asvetliakov.vscode-neovim-1.18.8-universal/dist/extension.js:2:406042)
	at l.dispose (/nix/store/3j0nsr6g8fc0kb20hxhvfnsh83bk0fg6-vscodium-1.91.1.24193/lib/vscode/resources/app/out/vs/workbench/api/node/extensionHostProcess.js:152:6342)
	at h (/nix/store/3j0nsr6g8fc0kb20hxhvfnsh83bk0fg6-vscodium-1.91.1.24193/lib/vscode/resources/app/out/vs/workbench/api/node/extensionHostProcess.js:30:758)
	at m._deactivate (/nix/store/3j0nsr6g8fc0kb20hxhvfnsh83bk0fg6-vscodium-1.91.1.24193/lib/vscode/resources/app/out/vs/workbench/api/node/extensionHostProcess.js:160:13048)
	at /nix/store/3j0nsr6g8fc0kb20hxhvfnsh83bk0fg6-vscodium-1.91.1.24193/lib/vscode/resources/app/out/vs/workbench/api/node/extensionHostProcess.js:160:10194
	at Array.map (<anonymous>)
	at m._deactivateAll (/nix/store/3j0nsr6g8fc0kb20hxhvfnsh83bk0fg6-vscodium-1.91.1.24193/lib/vscode/resources/app/out/vs/workbench/api/node/extensionHostProcess.js:160:10181)
	at m.terminate (/nix/store/3j0nsr6g8fc0kb20hxhvfnsh83bk0fg6-vscodium-1.91.1.24193/lib/vscode/resources/app/out/vs/workbench/api/node/extensionHostProcess.js:160:10564)
	at h.terminate (/nix/store/3j0nsr6g8fc0kb20hxhvfnsh83bk0fg6-vscodium-1.91.1.24193/lib/vscode/resources/app/out/vs/workbench/api/node/extensionHostProcess.js:164:1908)
	at i (/nix/store/3j0nsr6g8fc0kb20hxhvfnsh83bk0fg6-vscodium-1.91.1.24193/lib/vscode/resources/app/out/vs/workbench/api/node/extensionHostProcess.js:177:12354)
	at MessagePortMain.<anonymous> (/nix/store/3j0nsr6g8fc0kb20hxhvfnsh83bk0fg6-vscodium-1.91.1.24193/lib/vscode/resources/app/out/vs/workbench/api/node/extensionHostProcess.js:177:8164)
	at MessagePortMain.emit (node:events:514:28)
	at MessagePortMain._internalPort.emit (node:electron/js2c/utility_init:2:2285) setContext undefined
2024-08-31 13:43:33.705 [error] Canceled: Canceled
	at new T (/nix/store/3j0nsr6g8fc0kb20hxhvfnsh83bk0fg6-vscodium-1.91.1.24193/lib/vscode/resources/app/out/vs/workbench/api/node/extensionHostProcess.js:144:39096)
	at y._remoteCall (/nix/store/3j0nsr6g8fc0kb20hxhvfnsh83bk0fg6-vscodium-1.91.1.24193/lib/vscode/resources/app/out/vs/workbench/api/node/extensionHostProcess.js:151:8166)
	at U.<computed>.F.charCodeAt.R.CharCode.DollarSign.U.<computed> (/nix/store/3j0nsr6g8fc0kb20hxhvfnsh83bk0fg6-vscodium-1.91.1.24193/lib/vscode/resources/app/out/vs/workbench/api/node/extensionHostProcess.js:151:4351)
	at f._doExecuteCommand (/nix/store/3j0nsr6g8fc0kb20hxhvfnsh83bk0fg6-vscodium-1.91.1.24193/lib/vscode/resources/app/out/vs/workbench/api/node/extensionHostProcess.js:154:241286)
	at f.executeCommand (/nix/store/3j0nsr6g8fc0kb20hxhvfnsh83bk0fg6-vscodium-1.91.1.24193/lib/vscode/resources/app/out/vs/workbench/api/node/extensionHostProcess.js:154:240611)
	at k.registerCommand.description (/nix/store/3j0nsr6g8fc0kb20hxhvfnsh83bk0fg6-vscodium-1.91.1.24193/lib/vscode/resources/app/out/vs/workbench/api/node/extensionHostProcess.js:154:239855)
	at f._executeContributedCommand (/nix/store/3j0nsr6g8fc0kb20hxhvfnsh83bk0fg6-vscodium-1.91.1.24193/lib/vscode/resources/app/out/vs/workbench/api/node/extensionHostProcess.js:154:241924)
	at f._doExecuteCommand (/nix/store/3j0nsr6g8fc0kb20hxhvfnsh83bk0fg6-vscodium-1.91.1.24193/lib/vscode/resources/app/out/vs/workbench/api/node/extensionHostProcess.js:154:240744)
	at f.executeCommand (/nix/store/3j0nsr6g8fc0kb20hxhvfnsh83bk0fg6-vscodium-1.91.1.24193/lib/vscode/resources/app/out/vs/workbench/api/node/extensionHostProcess.js:154:240611)
	at Object.executeCommand (/nix/store/3j0nsr6g8fc0kb20hxhvfnsh83bk0fg6-vscodium-1.91.1.24193/lib/vscode/resources/app/out/vs/workbench/api/node/extensionHostProcess.js:164:29715)
	at T.reset (/home/ser/.vscode-oss/extensions/asvetliakov.vscode-neovim-1.18.8-universal/dist/extension.js:2:187723)
	at l.<anonymous> (/home/ser/.vscode-oss/extensions/asvetliakov.vscode-neovim-1.18.8-universal/dist/extension.js:2:406042)
	at l.dispose (/nix/store/3j0nsr6g8fc0kb20hxhvfnsh83bk0fg6-vscodium-1.91.1.24193/lib/vscode/resources/app/out/vs/workbench/api/node/extensionHostProcess.js:152:6342)
	at h (/nix/store/3j0nsr6g8fc0kb20hxhvfnsh83bk0fg6-vscodium-1.91.1.24193/lib/vscode/resources/app/out/vs/workbench/api/node/extensionHostProcess.js:30:758)
	at m._deactivate (/nix/store/3j0nsr6g8fc0kb20hxhvfnsh83bk0fg6-vscodium-1.91.1.24193/lib/vscode/resources/app/out/vs/workbench/api/node/extensionHostProcess.js:160:13048)
	at /nix/store/3j0nsr6g8fc0kb20hxhvfnsh83bk0fg6-vscodium-1.91.1.24193/lib/vscode/resources/app/out/vs/workbench/api/node/extensionHostProcess.js:160:10194
	at Array.map (<anonymous>)
	at m._deactivateAll (/nix/store/3j0nsr6g8fc0kb20hxhvfnsh83bk0fg6-vscodium-1.91.1.24193/lib/vscode/resources/app/out/vs/workbench/api/node/extensionHostProcess.js:160:10181)
	at m.terminate (/nix/store/3j0nsr6g8fc0kb20hxhvfnsh83bk0fg6-vscodium-1.91.1.24193/lib/vscode/resources/app/out/vs/workbench/api/node/extensionHostProcess.js:160:10564)
	at h.terminate (/nix/store/3j0nsr6g8fc0kb20hxhvfnsh83bk0fg6-vscodium-1.91.1.24193/lib/vscode/resources/app/out/vs/workbench/api/node/extensionHostProcess.js:164:1908)
	at i (/nix/store/3j0nsr6g8fc0kb20hxhvfnsh83bk0fg6-vscodium-1.91.1.24193/lib/vscode/resources/app/out/vs/workbench/api/node/extensionHostProcess.js:177:12354)
	at MessagePortMain.<anonymous> (/nix/store/3j0nsr6g8fc0kb20hxhvfnsh83bk0fg6-vscodium-1.91.1.24193/lib/vscode/resources/app/out/vs/workbench/api/node/extensionHostProcess.js:177:8164)
	at MessagePortMain.emit (node:events:514:28)
	at MessagePortMain._internalPort.emit (node:electron/js2c/utility_init:2:2285) setContext undefined
2024-08-31 13:43:33.705 [error] Canceled: Canceled
	at new T (/nix/store/3j0nsr6g8fc0kb20hxhvfnsh83bk0fg6-vscodium-1.91.1.24193/lib/vscode/resources/app/out/vs/workbench/api/node/extensionHostProcess.js:144:39096)
	at y._remoteCall (/nix/store/3j0nsr6g8fc0kb20hxhvfnsh83bk0fg6-vscodium-1.91.1.24193/lib/vscode/resources/app/out/vs/workbench/api/node/extensionHostProcess.js:151:8166)
	at U.<computed>.F.charCodeAt.R.CharCode.DollarSign.U.<computed> (/nix/store/3j0nsr6g8fc0kb20hxhvfnsh83bk0fg6-vscodium-1.91.1.24193/lib/vscode/resources/app/out/vs/workbench/api/node/extensionHostProcess.js:151:4351)
	at f._doExecuteCommand (/nix/store/3j0nsr6g8fc0kb20hxhvfnsh83bk0fg6-vscodium-1.91.1.24193/lib/vscode/resources/app/out/vs/workbench/api/node/extensionHostProcess.js:154:241286)
	at f.executeCommand (/nix/store/3j0nsr6g8fc0kb20hxhvfnsh83bk0fg6-vscodium-1.91.1.24193/lib/vscode/resources/app/out/vs/workbench/api/node/extensionHostProcess.js:154:240611)
	at k.registerCommand.description (/nix/store/3j0nsr6g8fc0kb20hxhvfnsh83bk0fg6-vscodium-1.91.1.24193/lib/vscode/resources/app/out/vs/workbench/api/node/extensionHostProcess.js:154:239855)
	at f._executeContributedCommand (/nix/store/3j0nsr6g8fc0kb20hxhvfnsh83bk0fg6-vscodium-1.91.1.24193/lib/vscode/resources/app/out/vs/workbench/api/node/extensionHostProcess.js:154:241924)
	at f._doExecuteCommand (/nix/store/3j0nsr6g8fc0kb20hxhvfnsh83bk0fg6-vscodium-1.91.1.24193/lib/vscode/resources/app/out/vs/workbench/api/node/extensionHostProcess.js:154:240744)
	at f.executeCommand (/nix/store/3j0nsr6g8fc0kb20hxhvfnsh83bk0fg6-vscodium-1.91.1.24193/lib/vscode/resources/app/out/vs/workbench/api/node/extensionHostProcess.js:154:240611)
	at Object.executeCommand (/nix/store/3j0nsr6g8fc0kb20hxhvfnsh83bk0fg6-vscodium-1.91.1.24193/lib/vscode/resources/app/out/vs/workbench/api/node/extensionHostProcess.js:164:29715)
	at T.reset (/home/ser/.vscode-oss/extensions/asvetliakov.vscode-neovim-1.18.8-universal/dist/extension.js:2:187723)
	at l.<anonymous> (/home/ser/.vscode-oss/extensions/asvetliakov.vscode-neovim-1.18.8-universal/dist/extension.js:2:406042)
	at l.dispose (/nix/store/3j0nsr6g8fc0kb20hxhvfnsh83bk0fg6-vscodium-1.91.1.24193/lib/vscode/resources/app/out/vs/workbench/api/node/extensionHostProcess.js:152:6342)
	at h (/nix/store/3j0nsr6g8fc0kb20hxhvfnsh83bk0fg6-vscodium-1.91.1.24193/lib/vscode/resources/app/out/vs/workbench/api/node/extensionHostProcess.js:30:758)
	at m._deactivate (/nix/store/3j0nsr6g8fc0kb20hxhvfnsh83bk0fg6-vscodium-1.91.1.24193/lib/vscode/resources/app/out/vs/workbench/api/node/extensionHostProcess.js:160:13048)
	at /nix/store/3j0nsr6g8fc0kb20hxhvfnsh83bk0fg6-vscodium-1.91.1.24193/lib/vscode/resources/app/out/vs/workbench/api/node/extensionHostProcess.js:160:10194
	at Array.map (<anonymous>)
	at m._deactivateAll (/nix/store/3j0nsr6g8fc0kb20hxhvfnsh83bk0fg6-vscodium-1.91.1.24193/lib/vscode/resources/app/out/vs/workbench/api/node/extensionHostProcess.js:160:10181)
	at m.terminate (/nix/store/3j0nsr6g8fc0kb20hxhvfnsh83bk0fg6-vscodium-1.91.1.24193/lib/vscode/resources/app/out/vs/workbench/api/node/extensionHostProcess.js:160:10564)
	at h.terminate (/nix/store/3j0nsr6g8fc0kb20hxhvfnsh83bk0fg6-vscodium-1.91.1.24193/lib/vscode/resources/app/out/vs/workbench/api/node/extensionHostProcess.js:164:1908)
	at i (/nix/store/3j0nsr6g8fc0kb20hxhvfnsh83bk0fg6-vscodium-1.91.1.24193/lib/vscode/resources/app/out/vs/workbench/api/node/extensionHostProcess.js:177:12354)
	at MessagePortMain.<anonymous> (/nix/store/3j0nsr6g8fc0kb20hxhvfnsh83bk0fg6-vscodium-1.91.1.24193/lib/vscode/resources/app/out/vs/workbench/api/node/extensionHostProcess.js:177:8164)
	at MessagePortMain.emit (node:events:514:28)
	at MessagePortMain._internalPort.emit (node:electron/js2c/utility_init:2:2285) setContext undefined
2024-08-31 13:43:33.705 [error] Canceled: Canceled
	at new T (/nix/store/3j0nsr6g8fc0kb20hxhvfnsh83bk0fg6-vscodium-1.91.1.24193/lib/vscode/resources/app/out/vs/workbench/api/node/extensionHostProcess.js:144:39096)
	at y._remoteCall (/nix/store/3j0nsr6g8fc0kb20hxhvfnsh83bk0fg6-vscodium-1.91.1.24193/lib/vscode/resources/app/out/vs/workbench/api/node/extensionHostProcess.js:151:8166)
	at U.<computed>.F.charCodeAt.R.CharCode.DollarSign.U.<computed> (/nix/store/3j0nsr6g8fc0kb20hxhvfnsh83bk0fg6-vscodium-1.91.1.24193/lib/vscode/resources/app/out/vs/workbench/api/node/extensionHostProcess.js:151:4351)
	at f._doExecuteCommand (/nix/store/3j0nsr6g8fc0kb20hxhvfnsh83bk0fg6-vscodium-1.91.1.24193/lib/vscode/resources/app/out/vs/workbench/api/node/extensionHostProcess.js:154:241286)
	at f.executeCommand (/nix/store/3j0nsr6g8fc0kb20hxhvfnsh83bk0fg6-vscodium-1.91.1.24193/lib/vscode/resources/app/out/vs/workbench/api/node/extensionHostProcess.js:154:240611)
	at k.registerCommand.description (/nix/store/3j0nsr6g8fc0kb20hxhvfnsh83bk0fg6-vscodium-1.91.1.24193/lib/vscode/resources/app/out/vs/workbench/api/node/extensionHostProcess.js:154:239855)
	at f._executeContributedCommand (/nix/store/3j0nsr6g8fc0kb20hxhvfnsh83bk0fg6-vscodium-1.91.1.24193/lib/vscode/resources/app/out/vs/workbench/api/node/extensionHostProcess.js:154:241924)
	at f._doExecuteCommand (/nix/store/3j0nsr6g8fc0kb20hxhvfnsh83bk0fg6-vscodium-1.91.1.24193/lib/vscode/resources/app/out/vs/workbench/api/node/extensionHostProcess.js:154:240744)
	at f.executeCommand (/nix/store/3j0nsr6g8fc0kb20hxhvfnsh83bk0fg6-vscodium-1.91.1.24193/lib/vscode/resources/app/out/vs/workbench/api/node/extensionHostProcess.js:154:240611)
	at Object.executeCommand (/nix/store/3j0nsr6g8fc0kb20hxhvfnsh83bk0fg6-vscodium-1.91.1.24193/lib/vscode/resources/app/out/vs/workbench/api/node/extensionHostProcess.js:164:29715)
	at T.reset (/home/ser/.vscode-oss/extensions/asvetliakov.vscode-neovim-1.18.8-universal/dist/extension.js:2:187723)
	at l.<anonymous> (/home/ser/.vscode-oss/extensions/asvetliakov.vscode-neovim-1.18.8-universal/dist/extension.js:2:406042)
	at l.dispose (/nix/store/3j0nsr6g8fc0kb20hxhvfnsh83bk0fg6-vscodium-1.91.1.24193/lib/vscode/resources/app/out/vs/workbench/api/node/extensionHostProcess.js:152:6342)
	at h (/nix/store/3j0nsr6g8fc0kb20hxhvfnsh83bk0fg6-vscodium-1.91.1.24193/lib/vscode/resources/app/out/vs/workbench/api/node/extensionHostProcess.js:30:758)
	at m._deactivate (/nix/store/3j0nsr6g8fc0kb20hxhvfnsh83bk0fg6-vscodium-1.91.1.24193/lib/vscode/resources/app/out/vs/workbench/api/node/extensionHostProcess.js:160:13048)
	at /nix/store/3j0nsr6g8fc0kb20hxhvfnsh83bk0fg6-vscodium-1.91.1.24193/lib/vscode/resources/app/out/vs/workbench/api/node/extensionHostProcess.js:160:10194
	at Array.map (<anonymous>)
	at m._deactivateAll (/nix/store/3j0nsr6g8fc0kb20hxhvfnsh83bk0fg6-vscodium-1.91.1.24193/lib/vscode/resources/app/out/vs/workbench/api/node/extensionHostProcess.js:160:10181)
	at m.terminate (/nix/store/3j0nsr6g8fc0kb20hxhvfnsh83bk0fg6-vscodium-1.91.1.24193/lib/vscode/resources/app/out/vs/workbench/api/node/extensionHostProcess.js:160:10564)
	at h.terminate (/nix/store/3j0nsr6g8fc0kb20hxhvfnsh83bk0fg6-vscodium-1.91.1.24193/lib/vscode/resources/app/out/vs/workbench/api/node/extensionHostProcess.js:164:1908)
	at i (/nix/store/3j0nsr6g8fc0kb20hxhvfnsh83bk0fg6-vscodium-1.91.1.24193/lib/vscode/resources/app/out/vs/workbench/api/node/extensionHostProcess.js:177:12354)
	at MessagePortMain.<anonymous> (/nix/store/3j0nsr6g8fc0kb20hxhvfnsh83bk0fg6-vscodium-1.91.1.24193/lib/vscode/resources/app/out/vs/workbench/api/node/extensionHostProcess.js:177:8164)
	at MessagePortMain.emit (node:events:514:28)
	at MessagePortMain._internalPort.emit (node:electron/js2c/utility_init:2:2285) setContext undefined
2024-08-31 13:43:33.705 [error] Canceled: Canceled
	at new T (/nix/store/3j0nsr6g8fc0kb20hxhvfnsh83bk0fg6-vscodium-1.91.1.24193/lib/vscode/resources/app/out/vs/workbench/api/node/extensionHostProcess.js:144:39096)
	at y._remoteCall (/nix/store/3j0nsr6g8fc0kb20hxhvfnsh83bk0fg6-vscodium-1.91.1.24193/lib/vscode/resources/app/out/vs/workbench/api/node/extensionHostProcess.js:151:8166)
	at U.<computed>.F.charCodeAt.R.CharCode.DollarSign.U.<computed> (/nix/store/3j0nsr6g8fc0kb20hxhvfnsh83bk0fg6-vscodium-1.91.1.24193/lib/vscode/resources/app/out/vs/workbench/api/node/extensionHostProcess.js:151:4351)
	at f._doExecuteCommand (/nix/store/3j0nsr6g8fc0kb20hxhvfnsh83bk0fg6-vscodium-1.91.1.24193/lib/vscode/resources/app/out/vs/workbench/api/node/extensionHostProcess.js:154:241286)
	at f.executeCommand (/nix/store/3j0nsr6g8fc0kb20hxhvfnsh83bk0fg6-vscodium-1.91.1.24193/lib/vscode/resources/app/out/vs/workbench/api/node/extensionHostProcess.js:154:240611)
	at k.registerCommand.description (/nix/store/3j0nsr6g8fc0kb20hxhvfnsh83bk0fg6-vscodium-1.91.1.24193/lib/vscode/resources/app/out/vs/workbench/api/node/extensionHostProcess.js:154:239855)
	at f._executeContributedCommand (/nix/store/3j0nsr6g8fc0kb20hxhvfnsh83bk0fg6-vscodium-1.91.1.24193/lib/vscode/resources/app/out/vs/workbench/api/node/extensionHostProcess.js:154:241924)
	at f._doExecuteCommand (/nix/store/3j0nsr6g8fc0kb20hxhvfnsh83bk0fg6-vscodium-1.91.1.24193/lib/vscode/resources/app/out/vs/workbench/api/node/extensionHostProcess.js:154:240744)
	at f.executeCommand (/nix/store/3j0nsr6g8fc0kb20hxhvfnsh83bk0fg6-vscodium-1.91.1.24193/lib/vscode/resources/app/out/vs/workbench/api/node/extensionHostProcess.js:154:240611)
	at Object.executeCommand (/nix/store/3j0nsr6g8fc0kb20hxhvfnsh83bk0fg6-vscodium-1.91.1.24193/lib/vscode/resources/app/out/vs/workbench/api/node/extensionHostProcess.js:164:29715)
	at T.reset (/home/ser/.vscode-oss/extensions/asvetliakov.vscode-neovim-1.18.8-universal/dist/extension.js:2:187723)
	at l.<anonymous> (/home/ser/.vscode-oss/extensions/asvetliakov.vscode-neovim-1.18.8-universal/dist/extension.js:2:406042)
	at l.dispose (/nix/store/3j0nsr6g8fc0kb20hxhvfnsh83bk0fg6-vscodium-1.91.1.24193/lib/vscode/resources/app/out/vs/workbench/api/node/extensionHostProcess.js:152:6342)
	at h (/nix/store/3j0nsr6g8fc0kb20hxhvfnsh83bk0fg6-vscodium-1.91.1.24193/lib/vscode/resources/app/out/vs/workbench/api/node/extensionHostProcess.js:30:758)
	at m._deactivate (/nix/store/3j0nsr6g8fc0kb20hxhvfnsh83bk0fg6-vscodium-1.91.1.24193/lib/vscode/resources/app/out/vs/workbench/api/node/extensionHostProcess.js:160:13048)
	at /nix/store/3j0nsr6g8fc0kb20hxhvfnsh83bk0fg6-vscodium-1.91.1.24193/lib/vscode/resources/app/out/vs/workbench/api/node/extensionHostProcess.js:160:10194
	at Array.map (<anonymous>)
	at m._deactivateAll (/nix/store/3j0nsr6g8fc0kb20hxhvfnsh83bk0fg6-vscodium-1.91.1.24193/lib/vscode/resources/app/out/vs/workbench/api/node/extensionHostProcess.js:160:10181)
	at m.terminate (/nix/store/3j0nsr6g8fc0kb20hxhvfnsh83bk0fg6-vscodium-1.91.1.24193/lib/vscode/resources/app/out/vs/workbench/api/node/extensionHostProcess.js:160:10564)
	at h.terminate (/nix/store/3j0nsr6g8fc0kb20hxhvfnsh83bk0fg6-vscodium-1.91.1.24193/lib/vscode/resources/app/out/vs/workbench/api/node/extensionHostProcess.js:164:1908)
	at i (/nix/store/3j0nsr6g8fc0kb20hxhvfnsh83bk0fg6-vscodium-1.91.1.24193/lib/vscode/resources/app/out/vs/workbench/api/node/extensionHostProcess.js:177:12354)
	at MessagePortMain.<anonymous> (/nix/store/3j0nsr6g8fc0kb20hxhvfnsh83bk0fg6-vscodium-1.91.1.24193/lib/vscode/resources/app/out/vs/workbench/api/node/extensionHostProcess.js:177:8164)
	at MessagePortMain.emit (node:events:514:28)
	at MessagePortMain._internalPort.emit (node:electron/js2c/utility_init:2:2285) setContext undefined
2024-08-31 13:43:33.706 [error] Canceled: Canceled
	at new T (/nix/store/3j0nsr6g8fc0kb20hxhvfnsh83bk0fg6-vscodium-1.91.1.24193/lib/vscode/resources/app/out/vs/workbench/api/node/extensionHostProcess.js:144:39096)
	at y._remoteCall (/nix/store/3j0nsr6g8fc0kb20hxhvfnsh83bk0fg6-vscodium-1.91.1.24193/lib/vscode/resources/app/out/vs/workbench/api/node/extensionHostProcess.js:151:8166)
	at U.<computed>.F.charCodeAt.R.CharCode.DollarSign.U.<computed> (/nix/store/3j0nsr6g8fc0kb20hxhvfnsh83bk0fg6-vscodium-1.91.1.24193/lib/vscode/resources/app/out/vs/workbench/api/node/extensionHostProcess.js:151:4351)
	at f._doExecuteCommand (/nix/store/3j0nsr6g8fc0kb20hxhvfnsh83bk0fg6-vscodium-1.91.1.24193/lib/vscode/resources/app/out/vs/workbench/api/node/extensionHostProcess.js:154:241286)
	at f.executeCommand (/nix/store/3j0nsr6g8fc0kb20hxhvfnsh83bk0fg6-vscodium-1.91.1.24193/lib/vscode/resources/app/out/vs/workbench/api/node/extensionHostProcess.js:154:240611)
	at k.registerCommand.description (/nix/store/3j0nsr6g8fc0kb20hxhvfnsh83bk0fg6-vscodium-1.91.1.24193/lib/vscode/resources/app/out/vs/workbench/api/node/extensionHostProcess.js:154:239855)
	at f._executeContributedCommand (/nix/store/3j0nsr6g8fc0kb20hxhvfnsh83bk0fg6-vscodium-1.91.1.24193/lib/vscode/resources/app/out/vs/workbench/api/node/extensionHostProcess.js:154:241924)
	at f._doExecuteCommand (/nix/store/3j0nsr6g8fc0kb20hxhvfnsh83bk0fg6-vscodium-1.91.1.24193/lib/vscode/resources/app/out/vs/workbench/api/node/extensionHostProcess.js:154:240744)
	at f.executeCommand (/nix/store/3j0nsr6g8fc0kb20hxhvfnsh83bk0fg6-vscodium-1.91.1.24193/lib/vscode/resources/app/out/vs/workbench/api/node/extensionHostProcess.js:154:240611)
	at Object.executeCommand (/nix/store/3j0nsr6g8fc0kb20hxhvfnsh83bk0fg6-vscodium-1.91.1.24193/lib/vscode/resources/app/out/vs/workbench/api/node/extensionHostProcess.js:164:29715)
	at T.reset (/home/ser/.vscode-oss/extensions/asvetliakov.vscode-neovim-1.18.8-universal/dist/extension.js:2:187723)
	at l.<anonymous> (/home/ser/.vscode-oss/extensions/asvetliakov.vscode-neovim-1.18.8-universal/dist/extension.js:2:406042)
	at l.dispose (/nix/store/3j0nsr6g8fc0kb20hxhvfnsh83bk0fg6-vscodium-1.91.1.24193/lib/vscode/resources/app/out/vs/workbench/api/node/extensionHostProcess.js:152:6342)
	at h (/nix/store/3j0nsr6g8fc0kb20hxhvfnsh83bk0fg6-vscodium-1.91.1.24193/lib/vscode/resources/app/out/vs/workbench/api/node/extensionHostProcess.js:30:758)
	at m._deactivate (/nix/store/3j0nsr6g8fc0kb20hxhvfnsh83bk0fg6-vscodium-1.91.1.24193/lib/vscode/resources/app/out/vs/workbench/api/node/extensionHostProcess.js:160:13048)
	at /nix/store/3j0nsr6g8fc0kb20hxhvfnsh83bk0fg6-vscodium-1.91.1.24193/lib/vscode/resources/app/out/vs/workbench/api/node/extensionHostProcess.js:160:10194
	at Array.map (<anonymous>)
	at m._deactivateAll (/nix/store/3j0nsr6g8fc0kb20hxhvfnsh83bk0fg6-vscodium-1.91.1.24193/lib/vscode/resources/app/out/vs/workbench/api/node/extensionHostProcess.js:160:10181)
	at m.terminate (/nix/store/3j0nsr6g8fc0kb20hxhvfnsh83bk0fg6-vscodium-1.91.1.24193/lib/vscode/resources/app/out/vs/workbench/api/node/extensionHostProcess.js:160:10564)
	at h.terminate (/nix/store/3j0nsr6g8fc0kb20hxhvfnsh83bk0fg6-vscodium-1.91.1.24193/lib/vscode/resources/app/out/vs/workbench/api/node/extensionHostProcess.js:164:1908)
	at i (/nix/store/3j0nsr6g8fc0kb20hxhvfnsh83bk0fg6-vscodium-1.91.1.24193/lib/vscode/resources/app/out/vs/workbench/api/node/extensionHostProcess.js:177:12354)
	at MessagePortMain.<anonymous> (/nix/store/3j0nsr6g8fc0kb20hxhvfnsh83bk0fg6-vscodium-1.91.1.24193/lib/vscode/resources/app/out/vs/workbench/api/node/extensionHostProcess.js:177:8164)
	at MessagePortMain.emit (node:events:514:28)
	at MessagePortMain._internalPort.emit (node:electron/js2c/utility_init:2:2285) setContext undefined
2024-08-31 13:43:33.706 [error] Canceled: Canceled
	at new T (/nix/store/3j0nsr6g8fc0kb20hxhvfnsh83bk0fg6-vscodium-1.91.1.24193/lib/vscode/resources/app/out/vs/workbench/api/node/extensionHostProcess.js:144:39096)
	at y._remoteCall (/nix/store/3j0nsr6g8fc0kb20hxhvfnsh83bk0fg6-vscodium-1.91.1.24193/lib/vscode/resources/app/out/vs/workbench/api/node/extensionHostProcess.js:151:8166)
	at U.<computed>.F.charCodeAt.R.CharCode.DollarSign.U.<computed> (/nix/store/3j0nsr6g8fc0kb20hxhvfnsh83bk0fg6-vscodium-1.91.1.24193/lib/vscode/resources/app/out/vs/workbench/api/node/extensionHostProcess.js:151:4351)
	at f._doExecuteCommand (/nix/store/3j0nsr6g8fc0kb20hxhvfnsh83bk0fg6-vscodium-1.91.1.24193/lib/vscode/resources/app/out/vs/workbench/api/node/extensionHostProcess.js:154:241286)
	at f.executeCommand (/nix/store/3j0nsr6g8fc0kb20hxhvfnsh83bk0fg6-vscodium-1.91.1.24193/lib/vscode/resources/app/out/vs/workbench/api/node/extensionHostProcess.js:154:240611)
	at k.registerCommand.description (/nix/store/3j0nsr6g8fc0kb20hxhvfnsh83bk0fg6-vscodium-1.91.1.24193/lib/vscode/resources/app/out/vs/workbench/api/node/extensionHostProcess.js:154:239855)
	at f._executeContributedCommand (/nix/store/3j0nsr6g8fc0kb20hxhvfnsh83bk0fg6-vscodium-1.91.1.24193/lib/vscode/resources/app/out/vs/workbench/api/node/extensionHostProcess.js:154:241924)
	at f._doExecuteCommand (/nix/store/3j0nsr6g8fc0kb20hxhvfnsh83bk0fg6-vscodium-1.91.1.24193/lib/vscode/resources/app/out/vs/workbench/api/node/extensionHostProcess.js:154:240744)
	at f.executeCommand (/nix/store/3j0nsr6g8fc0kb20hxhvfnsh83bk0fg6-vscodium-1.91.1.24193/lib/vscode/resources/app/out/vs/workbench/api/node/extensionHostProcess.js:154:240611)
	at Object.executeCommand (/nix/store/3j0nsr6g8fc0kb20hxhvfnsh83bk0fg6-vscodium-1.91.1.24193/lib/vscode/resources/app/out/vs/workbench/api/node/extensionHostProcess.js:164:29715)
	at T.reset (/home/ser/.vscode-oss/extensions/asvetliakov.vscode-neovim-1.18.8-universal/dist/extension.js:2:187723)
	at l.<anonymous> (/home/ser/.vscode-oss/extensions/asvetliakov.vscode-neovim-1.18.8-universal/dist/extension.js:2:406042)
	at l.dispose (/nix/store/3j0nsr6g8fc0kb20hxhvfnsh83bk0fg6-vscodium-1.91.1.24193/lib/vscode/resources/app/out/vs/workbench/api/node/extensionHostProcess.js:152:6342)
	at h (/nix/store/3j0nsr6g8fc0kb20hxhvfnsh83bk0fg6-vscodium-1.91.1.24193/lib/vscode/resources/app/out/vs/workbench/api/node/extensionHostProcess.js:30:758)
	at m._deactivate (/nix/store/3j0nsr6g8fc0kb20hxhvfnsh83bk0fg6-vscodium-1.91.1.24193/lib/vscode/resources/app/out/vs/workbench/api/node/extensionHostProcess.js:160:13048)
	at /nix/store/3j0nsr6g8fc0kb20hxhvfnsh83bk0fg6-vscodium-1.91.1.24193/lib/vscode/resources/app/out/vs/workbench/api/node/extensionHostProcess.js:160:10194
	at Array.map (<anonymous>)
	at m._deactivateAll (/nix/store/3j0nsr6g8fc0kb20hxhvfnsh83bk0fg6-vscodium-1.91.1.24193/lib/vscode/resources/app/out/vs/workbench/api/node/extensionHostProcess.js:160:10181)
	at m.terminate (/nix/store/3j0nsr6g8fc0kb20hxhvfnsh83bk0fg6-vscodium-1.91.1.24193/lib/vscode/resources/app/out/vs/workbench/api/node/extensionHostProcess.js:160:10564)
	at h.terminate (/nix/store/3j0nsr6g8fc0kb20hxhvfnsh83bk0fg6-vscodium-1.91.1.24193/lib/vscode/resources/app/out/vs/workbench/api/node/extensionHostProcess.js:164:1908)
	at i (/nix/store/3j0nsr6g8fc0kb20hxhvfnsh83bk0fg6-vscodium-1.91.1.24193/lib/vscode/resources/app/out/vs/workbench/api/node/extensionHostProcess.js:177:12354)
	at MessagePortMain.<anonymous> (/nix/store/3j0nsr6g8fc0kb20hxhvfnsh83bk0fg6-vscodium-1.91.1.24193/lib/vscode/resources/app/out/vs/workbench/api/node/extensionHostProcess.js:177:8164)
	at MessagePortMain.emit (node:events:514:28)
	at MessagePortMain._internalPort.emit (node:electron/js2c/utility_init:2:2285) setContext undefined
2024-08-31 13:43:33.706 [error] Canceled: Canceled
	at new T (/nix/store/3j0nsr6g8fc0kb20hxhvfnsh83bk0fg6-vscodium-1.91.1.24193/lib/vscode/resources/app/out/vs/workbench/api/node/extensionHostProcess.js:144:39096)
	at y._remoteCall (/nix/store/3j0nsr6g8fc0kb20hxhvfnsh83bk0fg6-vscodium-1.91.1.24193/lib/vscode/resources/app/out/vs/workbench/api/node/extensionHostProcess.js:151:8166)
	at U.<computed>.F.charCodeAt.R.CharCode.DollarSign.U.<computed> (/nix/store/3j0nsr6g8fc0kb20hxhvfnsh83bk0fg6-vscodium-1.91.1.24193/lib/vscode/resources/app/out/vs/workbench/api/node/extensionHostProcess.js:151:4351)
	at f._doExecuteCommand (/nix/store/3j0nsr6g8fc0kb20hxhvfnsh83bk0fg6-vscodium-1.91.1.24193/lib/vscode/resources/app/out/vs/workbench/api/node/extensionHostProcess.js:154:241286)
	at f.executeCommand (/nix/store/3j0nsr6g8fc0kb20hxhvfnsh83bk0fg6-vscodium-1.91.1.24193/lib/vscode/resources/app/out/vs/workbench/api/node/extensionHostProcess.js:154:240611)
	at k.registerCommand.description (/nix/store/3j0nsr6g8fc0kb20hxhvfnsh83bk0fg6-vscodium-1.91.1.24193/lib/vscode/resources/app/out/vs/workbench/api/node/extensionHostProcess.js:154:239855)
	at f._executeContributedCommand (/nix/store/3j0nsr6g8fc0kb20hxhvfnsh83bk0fg6-vscodium-1.91.1.24193/lib/vscode/resources/app/out/vs/workbench/api/node/extensionHostProcess.js:154:241924)
	at f._doExecuteCommand (/nix/store/3j0nsr6g8fc0kb20hxhvfnsh83bk0fg6-vscodium-1.91.1.24193/lib/vscode/resources/app/out/vs/workbench/api/node/extensionHostProcess.js:154:240744)
	at f.executeCommand (/nix/store/3j0nsr6g8fc0kb20hxhvfnsh83bk0fg6-vscodium-1.91.1.24193/lib/vscode/resources/app/out/vs/workbench/api/node/extensionHostProcess.js:154:240611)
	at Object.executeCommand (/nix/store/3j0nsr6g8fc0kb20hxhvfnsh83bk0fg6-vscodium-1.91.1.24193/lib/vscode/resources/app/out/vs/workbench/api/node/extensionHostProcess.js:164:29715)
	at T.reset (/home/ser/.vscode-oss/extensions/asvetliakov.vscode-neovim-1.18.8-universal/dist/extension.js:2:187723)
	at l.<anonymous> (/home/ser/.vscode-oss/extensions/asvetliakov.vscode-neovim-1.18.8-universal/dist/extension.js:2:406042)
	at l.dispose (/nix/store/3j0nsr6g8fc0kb20hxhvfnsh83bk0fg6-vscodium-1.91.1.24193/lib/vscode/resources/app/out/vs/workbench/api/node/extensionHostProcess.js:152:6342)
	at h (/nix/store/3j0nsr6g8fc0kb20hxhvfnsh83bk0fg6-vscodium-1.91.1.24193/lib/vscode/resources/app/out/vs/workbench/api/node/extensionHostProcess.js:30:758)
	at m._deactivate (/nix/store/3j0nsr6g8fc0kb20hxhvfnsh83bk0fg6-vscodium-1.91.1.24193/lib/vscode/resources/app/out/vs/workbench/api/node/extensionHostProcess.js:160:13048)
	at /nix/store/3j0nsr6g8fc0kb20hxhvfnsh83bk0fg6-vscodium-1.91.1.24193/lib/vscode/resources/app/out/vs/workbench/api/node/extensionHostProcess.js:160:10194
	at Array.map (<anonymous>)
	at m._deactivateAll (/nix/store/3j0nsr6g8fc0kb20hxhvfnsh83bk0fg6-vscodium-1.91.1.24193/lib/vscode/resources/app/out/vs/workbench/api/node/extensionHostProcess.js:160:10181)
	at m.terminate (/nix/store/3j0nsr6g8fc0kb20hxhvfnsh83bk0fg6-vscodium-1.91.1.24193/lib/vscode/resources/app/out/vs/workbench/api/node/extensionHostProcess.js:160:10564)
	at h.terminate (/nix/store/3j0nsr6g8fc0kb20hxhvfnsh83bk0fg6-vscodium-1.91.1.24193/lib/vscode/resources/app/out/vs/workbench/api/node/extensionHostProcess.js:164:1908)
	at i (/nix/store/3j0nsr6g8fc0kb20hxhvfnsh83bk0fg6-vscodium-1.91.1.24193/lib/vscode/resources/app/out/vs/workbench/api/node/extensionHostProcess.js:177:12354)
	at MessagePortMain.<anonymous> (/nix/store/3j0nsr6g8fc0kb20hxhvfnsh83bk0fg6-vscodium-1.91.1.24193/lib/vscode/resources/app/out/vs/workbench/api/node/extensionHostProcess.js:177:8164)
	at MessagePortMain.emit (node:events:514:28)
	at MessagePortMain._internalPort.emit (node:electron/js2c/utility_init:2:2285) setContext undefined
2024-08-31 13:43:33.706 [error] Canceled: Canceled
	at new T (/nix/store/3j0nsr6g8fc0kb20hxhvfnsh83bk0fg6-vscodium-1.91.1.24193/lib/vscode/resources/app/out/vs/workbench/api/node/extensionHostProcess.js:144:39096)
	at y._remoteCall (/nix/store/3j0nsr6g8fc0kb20hxhvfnsh83bk0fg6-vscodium-1.91.1.24193/lib/vscode/resources/app/out/vs/workbench/api/node/extensionHostProcess.js:151:8166)
	at U.<computed>.F.charCodeAt.R.CharCode.DollarSign.U.<computed> (/nix/store/3j0nsr6g8fc0kb20hxhvfnsh83bk0fg6-vscodium-1.91.1.24193/lib/vscode/resources/app/out/vs/workbench/api/node/extensionHostProcess.js:151:4351)
	at f._doExecuteCommand (/nix/store/3j0nsr6g8fc0kb20hxhvfnsh83bk0fg6-vscodium-1.91.1.24193/lib/vscode/resources/app/out/vs/workbench/api/node/extensionHostProcess.js:154:241286)
	at f.executeCommand (/nix/store/3j0nsr6g8fc0kb20hxhvfnsh83bk0fg6-vscodium-1.91.1.24193/lib/vscode/resources/app/out/vs/workbench/api/node/extensionHostProcess.js:154:240611)
	at k.registerCommand.description (/nix/store/3j0nsr6g8fc0kb20hxhvfnsh83bk0fg6-vscodium-1.91.1.24193/lib/vscode/resources/app/out/vs/workbench/api/node/extensionHostProcess.js:154:239855)
	at f._executeContributedCommand (/nix/store/3j0nsr6g8fc0kb20hxhvfnsh83bk0fg6-vscodium-1.91.1.24193/lib/vscode/resources/app/out/vs/workbench/api/node/extensionHostProcess.js:154:241924)
	at f._doExecuteCommand (/nix/store/3j0nsr6g8fc0kb20hxhvfnsh83bk0fg6-vscodium-1.91.1.24193/lib/vscode/resources/app/out/vs/workbench/api/node/extensionHostProcess.js:154:240744)
	at f.executeCommand (/nix/store/3j0nsr6g8fc0kb20hxhvfnsh83bk0fg6-vscodium-1.91.1.24193/lib/vscode/resources/app/out/vs/workbench/api/node/extensionHostProcess.js:154:240611)
	at Object.executeCommand (/nix/store/3j0nsr6g8fc0kb20hxhvfnsh83bk0fg6-vscodium-1.91.1.24193/lib/vscode/resources/app/out/vs/workbench/api/node/extensionHostProcess.js:164:29715)
	at tr.set (/home/ser/.vscode-oss/extensions/ms-toolsai.jupyter-2024.6.0-universal/dist/extension.node.js:304:163863)
	at Xb.updateContextOfActiveNotebookKernel (/home/ser/.vscode-oss/extensions/ms-toolsai.jupyter-2024.6.0-universal/dist/extension.node.js:373:11480)
	at Xb.onDidKernelStatusChange (/home/ser/.vscode-oss/extensions/ms-toolsai.jupyter-2024.6.0-universal/dist/extension.node.js:373:13070)
	at r._deliver (/nix/store/3j0nsr6g8fc0kb20hxhvfnsh83bk0fg6-vscodium-1.91.1.24193/lib/vscode/resources/app/out/vs/workbench/api/node/extensionHostProcess.js:83:915)
	at r._deliverQueue (/nix/store/3j0nsr6g8fc0kb20hxhvfnsh83bk0fg6-vscodium-1.91.1.24193/lib/vscode/resources/app/out/vs/workbench/api/node/extensionHostProcess.js:83:1006)
	at r.fire (/nix/store/3j0nsr6g8fc0kb20hxhvfnsh83bk0fg6-vscodium-1.91.1.24193/lib/vscode/resources/app/out/vs/workbench/api/node/extensionHostProcess.js:83:1341)
	at my.<anonymous> (/home/ser/.vscode-oss/extensions/ms-toolsai.jupyter-2024.6.0-universal/dist/extension.node.js:299:2825)
	at r._deliver (/nix/store/3j0nsr6g8fc0kb20hxhvfnsh83bk0fg6-vscodium-1.91.1.24193/lib/vscode/resources/app/out/vs/workbench/api/node/extensionHostProcess.js:83:915)
	at r._deliverQueue (/nix/store/3j0nsr6g8fc0kb20hxhvfnsh83bk0fg6-vscodium-1.91.1.24193/lib/vscode/resources/app/out/vs/workbench/api/node/extensionHostProcess.js:83:1006)
	at r.fire (/nix/store/3j0nsr6g8fc0kb20hxhvfnsh83bk0fg6-vscodium-1.91.1.24193/lib/vscode/resources/app/out/vs/workbench/api/node/extensionHostProcess.js:83:1341)
	at e (/home/ser/.vscode-oss/extensions/ms-toolsai.jupyter-2024.6.0-universal/dist/extension.node.js:285:31911)
	at YD.dispose (/home/ser/.vscode-oss/extensions/ms-toolsai.jupyter-2024.6.0-universal/dist/extension.node.js:285:32034)
	at /home/ser/.vscode-oss/extensions/ms-toolsai.jupyter-2024.6.0-universal/dist/extension.node.js:183:1926
	at Array.map (<anonymous>)
	at fg.dispose (/home/ser/.vscode-oss/extensions/ms-toolsai.jupyter-2024.6.0-universal/dist/extension.node.js:183:1917)
	at Object.Wfe (/home/ser/.vscode-oss/extensions/ms-toolsai.jupyter-2024.6.0-universal/dist/extension.node.js:436:3379)
	at Object.m (/home/ser/.vscode-oss/extensions/ms-toolsai.jupyter-2024.6.0-universal/dist/extension.node.proxy.js:1:1025)
	at m._deactivate (/nix/store/3j0nsr6g8fc0kb20hxhvfnsh83bk0fg6-vscodium-1.91.1.24193/lib/vscode/resources/app/out/vs/workbench/api/node/extensionHostProcess.js:160:12819)
	at /nix/store/3j0nsr6g8fc0kb20hxhvfnsh83bk0fg6-vscodium-1.91.1.24193/lib/vscode/resources/app/out/vs/workbench/api/node/extensionHostProcess.js:160:10194
	at Array.map (<anonymous>)
	at m._deactivateAll (/nix/store/3j0nsr6g8fc0kb20hxhvfnsh83bk0fg6-vscodium-1.91.1.24193/lib/vscode/resources/app/out/vs/workbench/api/node/extensionHostProcess.js:160:10181)
	at m.terminate (/nix/store/3j0nsr6g8fc0kb20hxhvfnsh83bk0fg6-vscodium-1.91.1.24193/lib/vscode/resources/app/out/vs/workbench/api/node/extensionHostProcess.js:160:10564)
	at h.terminate (/nix/store/3j0nsr6g8fc0kb20hxhvfnsh83bk0fg6-vscodium-1.91.1.24193/lib/vscode/resources/app/out/vs/workbench/api/node/extensionHostProcess.js:164:1908)
	at i (/nix/store/3j0nsr6g8fc0kb20hxhvfnsh83bk0fg6-vscodium-1.91.1.24193/lib/vscode/resources/app/out/vs/workbench/api/node/extensionHostProcess.js:177:12354)
	at MessagePortMain.<anonymous> (/nix/store/3j0nsr6g8fc0kb20hxhvfnsh83bk0fg6-vscodium-1.91.1.24193/lib/vscode/resources/app/out/vs/workbench/api/node/extensionHostProcess.js:177:8164)
	at MessagePortMain.emit (node:events:514:28)
	at MessagePortMain._internalPort.emit (node:electron/js2c/utility_init:2:2285) setContext undefined
2024-08-31 13:43:33.713 [info] Extension host with pid 17729 exiting with code 0
