2024-08-11 17:11:14.929 [info] Extension host with pid 40336 started
2024-08-11 17:11:15.043 [info] ExtensionService#_doActivateExtension vscode.git-base, startup: true, activationEvent: '*', root cause: vscode.git
2024-08-11 17:11:15.056 [info] ExtensionService#_doActivateExtension vscode.git, startup: true, activationEvent: '*'
2024-08-11 17:11:15.080 [info] ExtensionService#_doActivateExtension vscode.github, startup: true, activationEvent: '*'
2024-08-11 17:11:15.113 [info] Eager extensions activated
2024-08-11 17:11:15.120 [info] ExtensionService#_doActivateExtension vscode.debug-auto-launch, startup: false, activationEvent: 'onStartupFinished'
2024-08-11 17:11:15.121 [info] ExtensionService#_doActivateExtension vscode.merge-conflict, startup: false, activationEvent: 'onStartupFinished'
2024-08-11 17:11:16.696 [info] ExtensionService#_doActivateExtension vscode.emmet, startup: false, activationEvent: 'onLanguage'
2024-08-11 17:12:20.725 [info] ExtensionService#_doActivateExtension asvetliakov.vscode-neovim, startup: false, activationEvent: 'onStartupFinished'
2024-08-11 21:46:43.647 [info] Extension host terminating: renderer closed the MessagePort
2024-08-11 21:46:43.662 [warning] ExtHostTextEditorOptions 'setCursorStyle' failed:'
2024-08-11 21:46:43.665 [warning] Canceled
2024-08-11 21:46:43.665 [error] Canceled: Canceled
	at new T (/nix/store/3j0nsr6g8fc0kb20hxhvfnsh83bk0fg6-vscodium-1.91.1.24193/lib/vscode/resources/app/out/vs/workbench/api/node/extensionHostProcess.js:144:39096)
	at y._remoteCall (/nix/store/3j0nsr6g8fc0kb20hxhvfnsh83bk0fg6-vscodium-1.91.1.24193/lib/vscode/resources/app/out/vs/workbench/api/node/extensionHostProcess.js:151:8166)
	at U.<computed>.F.charCodeAt.R.CharCode.DollarSign.U.<computed> (/nix/store/3j0nsr6g8fc0kb20hxhvfnsh83bk0fg6-vscodium-1.91.1.24193/lib/vscode/resources/app/out/vs/workbench/api/node/extensionHostProcess.js:151:4351)
	at f._doExecuteCommand (/nix/store/3j0nsr6g8fc0kb20hxhvfnsh83bk0fg6-vscodium-1.91.1.24193/lib/vscode/resources/app/out/vs/workbench/api/node/extensionHostProcess.js:154:241286)
	at f.executeCommand (/nix/store/3j0nsr6g8fc0kb20hxhvfnsh83bk0fg6-vscodium-1.91.1.24193/lib/vscode/resources/app/out/vs/workbench/api/node/extensionHostProcess.js:154:240611)
	at k.registerCommand.description (/nix/store/3j0nsr6g8fc0kb20hxhvfnsh83bk0fg6-vscodium-1.91.1.24193/lib/vscode/resources/app/out/vs/workbench/api/node/extensionHostProcess.js:154:239855)
	at f._executeContributedCommand (/nix/store/3j0nsr6g8fc0kb20hxhvfnsh83bk0fg6-vscodium-1.91.1.24193/lib/vscode/resources/app/out/vs/workbench/api/node/extensionHostProcess.js:154:241924)
	at f._doExecuteCommand (/nix/store/3j0nsr6g8fc0kb20hxhvfnsh83bk0fg6-vscodium-1.91.1.24193/lib/vscode/resources/app/out/vs/workbench/api/node/extensionHostProcess.js:154:240744)
	at f.executeCommand (/nix/store/3j0nsr6g8fc0kb20hxhvfnsh83bk0fg6-vscodium-1.91.1.24193/lib/vscode/resources/app/out/vs/workbench/api/node/extensionHostProcess.js:154:240611)
	at Object.executeCommand (/nix/store/3j0nsr6g8fc0kb20hxhvfnsh83bk0fg6-vscodium-1.91.1.24193/lib/vscode/resources/app/out/vs/workbench/api/node/extensionHostProcess.js:164:29715)
	at T.reset (/home/ser/.vscode-oss/extensions/asvetliakov.vscode-neovim-1.18.7-universal/dist/extension.js:2:187723)
	at l.<anonymous> (/home/ser/.vscode-oss/extensions/asvetliakov.vscode-neovim-1.18.7-universal/dist/extension.js:2:421141)
	at l.dispose (/nix/store/3j0nsr6g8fc0kb20hxhvfnsh83bk0fg6-vscodium-1.91.1.24193/lib/vscode/resources/app/out/vs/workbench/api/node/extensionHostProcess.js:152:6342)
	at h (/nix/store/3j0nsr6g8fc0kb20hxhvfnsh83bk0fg6-vscodium-1.91.1.24193/lib/vscode/resources/app/out/vs/workbench/api/node/extensionHostProcess.js:30:758)
	at m._deactivate (/nix/store/3j0nsr6g8fc0kb20hxhvfnsh83bk0fg6-vscodium-1.91.1.24193/lib/vscode/resources/app/out/vs/workbench/api/node/extensionHostProcess.js:160:13048)
	at /nix/store/3j0nsr6g8fc0kb20hxhvfnsh83bk0fg6-vscodium-1.91.1.24193/lib/vscode/resources/app/out/vs/workbench/api/node/extensionHostProcess.js:160:10194
	at Array.map (<anonymous>)
	at m._deactivateAll (/nix/store/3j0nsr6g8fc0kb20hxhvfnsh83bk0fg6-vscodium-1.91.1.24193/lib/vscode/resources/app/out/vs/workbench/api/node/extensionHostProcess.js:160:10181)
	at m.terminate (/nix/store/3j0nsr6g8fc0kb20hxhvfnsh83bk0fg6-vscodium-1.91.1.24193/lib/vscode/resources/app/out/vs/workbench/api/node/extensionHostProcess.js:160:10564)
	at h.terminate (/nix/store/3j0nsr6g8fc0kb20hxhvfnsh83bk0fg6-vscodium-1.91.1.24193/lib/vscode/resources/app/out/vs/workbench/api/node/extensionHostProcess.js:164:1908)
	at i (/nix/store/3j0nsr6g8fc0kb20hxhvfnsh83bk0fg6-vscodium-1.91.1.24193/lib/vscode/resources/app/out/vs/workbench/api/node/extensionHostProcess.js:177:12354)
	at MessagePortMain.<anonymous> (/nix/store/3j0nsr6g8fc0kb20hxhvfnsh83bk0fg6-vscodium-1.91.1.24193/lib/vscode/resources/app/out/vs/workbench/api/node/extensionHostProcess.js:177:8164)
	at MessagePortMain.emit (node:events:514:28)
	at MessagePortMain._internalPort.emit (node:electron/js2c/utility_init:2:2285) setContext undefined
2024-08-11 21:46:43.665 [error] Canceled: Canceled
	at new T (/nix/store/3j0nsr6g8fc0kb20hxhvfnsh83bk0fg6-vscodium-1.91.1.24193/lib/vscode/resources/app/out/vs/workbench/api/node/extensionHostProcess.js:144:39096)
	at y._remoteCall (/nix/store/3j0nsr6g8fc0kb20hxhvfnsh83bk0fg6-vscodium-1.91.1.24193/lib/vscode/resources/app/out/vs/workbench/api/node/extensionHostProcess.js:151:8166)
	at U.<computed>.F.charCodeAt.R.CharCode.DollarSign.U.<computed> (/nix/store/3j0nsr6g8fc0kb20hxhvfnsh83bk0fg6-vscodium-1.91.1.24193/lib/vscode/resources/app/out/vs/workbench/api/node/extensionHostProcess.js:151:4351)
	at f._doExecuteCommand (/nix/store/3j0nsr6g8fc0kb20hxhvfnsh83bk0fg6-vscodium-1.91.1.24193/lib/vscode/resources/app/out/vs/workbench/api/node/extensionHostProcess.js:154:241286)
	at f.executeCommand (/nix/store/3j0nsr6g8fc0kb20hxhvfnsh83bk0fg6-vscodium-1.91.1.24193/lib/vscode/resources/app/out/vs/workbench/api/node/extensionHostProcess.js:154:240611)
	at k.registerCommand.description (/nix/store/3j0nsr6g8fc0kb20hxhvfnsh83bk0fg6-vscodium-1.91.1.24193/lib/vscode/resources/app/out/vs/workbench/api/node/extensionHostProcess.js:154:239855)
	at f._executeContributedCommand (/nix/store/3j0nsr6g8fc0kb20hxhvfnsh83bk0fg6-vscodium-1.91.1.24193/lib/vscode/resources/app/out/vs/workbench/api/node/extensionHostProcess.js:154:241924)
	at f._doExecuteCommand (/nix/store/3j0nsr6g8fc0kb20hxhvfnsh83bk0fg6-vscodium-1.91.1.24193/lib/vscode/resources/app/out/vs/workbench/api/node/extensionHostProcess.js:154:240744)
	at f.executeCommand (/nix/store/3j0nsr6g8fc0kb20hxhvfnsh83bk0fg6-vscodium-1.91.1.24193/lib/vscode/resources/app/out/vs/workbench/api/node/extensionHostProcess.js:154:240611)
	at Object.executeCommand (/nix/store/3j0nsr6g8fc0kb20hxhvfnsh83bk0fg6-vscodium-1.91.1.24193/lib/vscode/resources/app/out/vs/workbench/api/node/extensionHostProcess.js:164:29715)
	at T.reset (/home/ser/.vscode-oss/extensions/asvetliakov.vscode-neovim-1.18.7-universal/dist/extension.js:2:187723)
	at l.<anonymous> (/home/ser/.vscode-oss/extensions/asvetliakov.vscode-neovim-1.18.7-universal/dist/extension.js:2:421141)
	at l.dispose (/nix/store/3j0nsr6g8fc0kb20hxhvfnsh83bk0fg6-vscodium-1.91.1.24193/lib/vscode/resources/app/out/vs/workbench/api/node/extensionHostProcess.js:152:6342)
	at h (/nix/store/3j0nsr6g8fc0kb20hxhvfnsh83bk0fg6-vscodium-1.91.1.24193/lib/vscode/resources/app/out/vs/workbench/api/node/extensionHostProcess.js:30:758)
	at m._deactivate (/nix/store/3j0nsr6g8fc0kb20hxhvfnsh83bk0fg6-vscodium-1.91.1.24193/lib/vscode/resources/app/out/vs/workbench/api/node/extensionHostProcess.js:160:13048)
	at /nix/store/3j0nsr6g8fc0kb20hxhvfnsh83bk0fg6-vscodium-1.91.1.24193/lib/vscode/resources/app/out/vs/workbench/api/node/extensionHostProcess.js:160:10194
	at Array.map (<anonymous>)
	at m._deactivateAll (/nix/store/3j0nsr6g8fc0kb20hxhvfnsh83bk0fg6-vscodium-1.91.1.24193/lib/vscode/resources/app/out/vs/workbench/api/node/extensionHostProcess.js:160:10181)
	at m.terminate (/nix/store/3j0nsr6g8fc0kb20hxhvfnsh83bk0fg6-vscodium-1.91.1.24193/lib/vscode/resources/app/out/vs/workbench/api/node/extensionHostProcess.js:160:10564)
	at h.terminate (/nix/store/3j0nsr6g8fc0kb20hxhvfnsh83bk0fg6-vscodium-1.91.1.24193/lib/vscode/resources/app/out/vs/workbench/api/node/extensionHostProcess.js:164:1908)
	at i (/nix/store/3j0nsr6g8fc0kb20hxhvfnsh83bk0fg6-vscodium-1.91.1.24193/lib/vscode/resources/app/out/vs/workbench/api/node/extensionHostProcess.js:177:12354)
	at MessagePortMain.<anonymous> (/nix/store/3j0nsr6g8fc0kb20hxhvfnsh83bk0fg6-vscodium-1.91.1.24193/lib/vscode/resources/app/out/vs/workbench/api/node/extensionHostProcess.js:177:8164)
	at MessagePortMain.emit (node:events:514:28)
	at MessagePortMain._internalPort.emit (node:electron/js2c/utility_init:2:2285) setContext undefined
2024-08-11 21:46:43.665 [error] Canceled: Canceled
	at new T (/nix/store/3j0nsr6g8fc0kb20hxhvfnsh83bk0fg6-vscodium-1.91.1.24193/lib/vscode/resources/app/out/vs/workbench/api/node/extensionHostProcess.js:144:39096)
	at y._remoteCall (/nix/store/3j0nsr6g8fc0kb20hxhvfnsh83bk0fg6-vscodium-1.91.1.24193/lib/vscode/resources/app/out/vs/workbench/api/node/extensionHostProcess.js:151:8166)
	at U.<computed>.F.charCodeAt.R.CharCode.DollarSign.U.<computed> (/nix/store/3j0nsr6g8fc0kb20hxhvfnsh83bk0fg6-vscodium-1.91.1.24193/lib/vscode/resources/app/out/vs/workbench/api/node/extensionHostProcess.js:151:4351)
	at f._doExecuteCommand (/nix/store/3j0nsr6g8fc0kb20hxhvfnsh83bk0fg6-vscodium-1.91.1.24193/lib/vscode/resources/app/out/vs/workbench/api/node/extensionHostProcess.js:154:241286)
	at f.executeCommand (/nix/store/3j0nsr6g8fc0kb20hxhvfnsh83bk0fg6-vscodium-1.91.1.24193/lib/vscode/resources/app/out/vs/workbench/api/node/extensionHostProcess.js:154:240611)
	at k.registerCommand.description (/nix/store/3j0nsr6g8fc0kb20hxhvfnsh83bk0fg6-vscodium-1.91.1.24193/lib/vscode/resources/app/out/vs/workbench/api/node/extensionHostProcess.js:154:239855)
	at f._executeContributedCommand (/nix/store/3j0nsr6g8fc0kb20hxhvfnsh83bk0fg6-vscodium-1.91.1.24193/lib/vscode/resources/app/out/vs/workbench/api/node/extensionHostProcess.js:154:241924)
	at f._doExecuteCommand (/nix/store/3j0nsr6g8fc0kb20hxhvfnsh83bk0fg6-vscodium-1.91.1.24193/lib/vscode/resources/app/out/vs/workbench/api/node/extensionHostProcess.js:154:240744)
	at f.executeCommand (/nix/store/3j0nsr6g8fc0kb20hxhvfnsh83bk0fg6-vscodium-1.91.1.24193/lib/vscode/resources/app/out/vs/workbench/api/node/extensionHostProcess.js:154:240611)
	at Object.executeCommand (/nix/store/3j0nsr6g8fc0kb20hxhvfnsh83bk0fg6-vscodium-1.91.1.24193/lib/vscode/resources/app/out/vs/workbench/api/node/extensionHostProcess.js:164:29715)
	at T.reset (/home/ser/.vscode-oss/extensions/asvetliakov.vscode-neovim-1.18.7-universal/dist/extension.js:2:187723)
	at l.<anonymous> (/home/ser/.vscode-oss/extensions/asvetliakov.vscode-neovim-1.18.7-universal/dist/extension.js:2:421141)
	at l.dispose (/nix/store/3j0nsr6g8fc0kb20hxhvfnsh83bk0fg6-vscodium-1.91.1.24193/lib/vscode/resources/app/out/vs/workbench/api/node/extensionHostProcess.js:152:6342)
	at h (/nix/store/3j0nsr6g8fc0kb20hxhvfnsh83bk0fg6-vscodium-1.91.1.24193/lib/vscode/resources/app/out/vs/workbench/api/node/extensionHostProcess.js:30:758)
	at m._deactivate (/nix/store/3j0nsr6g8fc0kb20hxhvfnsh83bk0fg6-vscodium-1.91.1.24193/lib/vscode/resources/app/out/vs/workbench/api/node/extensionHostProcess.js:160:13048)
	at /nix/store/3j0nsr6g8fc0kb20hxhvfnsh83bk0fg6-vscodium-1.91.1.24193/lib/vscode/resources/app/out/vs/workbench/api/node/extensionHostProcess.js:160:10194
	at Array.map (<anonymous>)
	at m._deactivateAll (/nix/store/3j0nsr6g8fc0kb20hxhvfnsh83bk0fg6-vscodium-1.91.1.24193/lib/vscode/resources/app/out/vs/workbench/api/node/extensionHostProcess.js:160:10181)
	at m.terminate (/nix/store/3j0nsr6g8fc0kb20hxhvfnsh83bk0fg6-vscodium-1.91.1.24193/lib/vscode/resources/app/out/vs/workbench/api/node/extensionHostProcess.js:160:10564)
	at h.terminate (/nix/store/3j0nsr6g8fc0kb20hxhvfnsh83bk0fg6-vscodium-1.91.1.24193/lib/vscode/resources/app/out/vs/workbench/api/node/extensionHostProcess.js:164:1908)
	at i (/nix/store/3j0nsr6g8fc0kb20hxhvfnsh83bk0fg6-vscodium-1.91.1.24193/lib/vscode/resources/app/out/vs/workbench/api/node/extensionHostProcess.js:177:12354)
	at MessagePortMain.<anonymous> (/nix/store/3j0nsr6g8fc0kb20hxhvfnsh83bk0fg6-vscodium-1.91.1.24193/lib/vscode/resources/app/out/vs/workbench/api/node/extensionHostProcess.js:177:8164)
	at MessagePortMain.emit (node:events:514:28)
	at MessagePortMain._internalPort.emit (node:electron/js2c/utility_init:2:2285) setContext undefined
2024-08-11 21:46:43.665 [error] Canceled: Canceled
	at new T (/nix/store/3j0nsr6g8fc0kb20hxhvfnsh83bk0fg6-vscodium-1.91.1.24193/lib/vscode/resources/app/out/vs/workbench/api/node/extensionHostProcess.js:144:39096)
	at y._remoteCall (/nix/store/3j0nsr6g8fc0kb20hxhvfnsh83bk0fg6-vscodium-1.91.1.24193/lib/vscode/resources/app/out/vs/workbench/api/node/extensionHostProcess.js:151:8166)
	at U.<computed>.F.charCodeAt.R.CharCode.DollarSign.U.<computed> (/nix/store/3j0nsr6g8fc0kb20hxhvfnsh83bk0fg6-vscodium-1.91.1.24193/lib/vscode/resources/app/out/vs/workbench/api/node/extensionHostProcess.js:151:4351)
	at f._doExecuteCommand (/nix/store/3j0nsr6g8fc0kb20hxhvfnsh83bk0fg6-vscodium-1.91.1.24193/lib/vscode/resources/app/out/vs/workbench/api/node/extensionHostProcess.js:154:241286)
	at f.executeCommand (/nix/store/3j0nsr6g8fc0kb20hxhvfnsh83bk0fg6-vscodium-1.91.1.24193/lib/vscode/resources/app/out/vs/workbench/api/node/extensionHostProcess.js:154:240611)
	at k.registerCommand.description (/nix/store/3j0nsr6g8fc0kb20hxhvfnsh83bk0fg6-vscodium-1.91.1.24193/lib/vscode/resources/app/out/vs/workbench/api/node/extensionHostProcess.js:154:239855)
	at f._executeContributedCommand (/nix/store/3j0nsr6g8fc0kb20hxhvfnsh83bk0fg6-vscodium-1.91.1.24193/lib/vscode/resources/app/out/vs/workbench/api/node/extensionHostProcess.js:154:241924)
	at f._doExecuteCommand (/nix/store/3j0nsr6g8fc0kb20hxhvfnsh83bk0fg6-vscodium-1.91.1.24193/lib/vscode/resources/app/out/vs/workbench/api/node/extensionHostProcess.js:154:240744)
	at f.executeCommand (/nix/store/3j0nsr6g8fc0kb20hxhvfnsh83bk0fg6-vscodium-1.91.1.24193/lib/vscode/resources/app/out/vs/workbench/api/node/extensionHostProcess.js:154:240611)
	at Object.executeCommand (/nix/store/3j0nsr6g8fc0kb20hxhvfnsh83bk0fg6-vscodium-1.91.1.24193/lib/vscode/resources/app/out/vs/workbench/api/node/extensionHostProcess.js:164:29715)
	at T.reset (/home/ser/.vscode-oss/extensions/asvetliakov.vscode-neovim-1.18.7-universal/dist/extension.js:2:187723)
	at l.<anonymous> (/home/ser/.vscode-oss/extensions/asvetliakov.vscode-neovim-1.18.7-universal/dist/extension.js:2:421141)
	at l.dispose (/nix/store/3j0nsr6g8fc0kb20hxhvfnsh83bk0fg6-vscodium-1.91.1.24193/lib/vscode/resources/app/out/vs/workbench/api/node/extensionHostProcess.js:152:6342)
	at h (/nix/store/3j0nsr6g8fc0kb20hxhvfnsh83bk0fg6-vscodium-1.91.1.24193/lib/vscode/resources/app/out/vs/workbench/api/node/extensionHostProcess.js:30:758)
	at m._deactivate (/nix/store/3j0nsr6g8fc0kb20hxhvfnsh83bk0fg6-vscodium-1.91.1.24193/lib/vscode/resources/app/out/vs/workbench/api/node/extensionHostProcess.js:160:13048)
	at /nix/store/3j0nsr6g8fc0kb20hxhvfnsh83bk0fg6-vscodium-1.91.1.24193/lib/vscode/resources/app/out/vs/workbench/api/node/extensionHostProcess.js:160:10194
	at Array.map (<anonymous>)
	at m._deactivateAll (/nix/store/3j0nsr6g8fc0kb20hxhvfnsh83bk0fg6-vscodium-1.91.1.24193/lib/vscode/resources/app/out/vs/workbench/api/node/extensionHostProcess.js:160:10181)
	at m.terminate (/nix/store/3j0nsr6g8fc0kb20hxhvfnsh83bk0fg6-vscodium-1.91.1.24193/lib/vscode/resources/app/out/vs/workbench/api/node/extensionHostProcess.js:160:10564)
	at h.terminate (/nix/store/3j0nsr6g8fc0kb20hxhvfnsh83bk0fg6-vscodium-1.91.1.24193/lib/vscode/resources/app/out/vs/workbench/api/node/extensionHostProcess.js:164:1908)
	at i (/nix/store/3j0nsr6g8fc0kb20hxhvfnsh83bk0fg6-vscodium-1.91.1.24193/lib/vscode/resources/app/out/vs/workbench/api/node/extensionHostProcess.js:177:12354)
	at MessagePortMain.<anonymous> (/nix/store/3j0nsr6g8fc0kb20hxhvfnsh83bk0fg6-vscodium-1.91.1.24193/lib/vscode/resources/app/out/vs/workbench/api/node/extensionHostProcess.js:177:8164)
	at MessagePortMain.emit (node:events:514:28)
	at MessagePortMain._internalPort.emit (node:electron/js2c/utility_init:2:2285) setContext undefined
2024-08-11 21:46:43.665 [error] Canceled: Canceled
	at new T (/nix/store/3j0nsr6g8fc0kb20hxhvfnsh83bk0fg6-vscodium-1.91.1.24193/lib/vscode/resources/app/out/vs/workbench/api/node/extensionHostProcess.js:144:39096)
	at y._remoteCall (/nix/store/3j0nsr6g8fc0kb20hxhvfnsh83bk0fg6-vscodium-1.91.1.24193/lib/vscode/resources/app/out/vs/workbench/api/node/extensionHostProcess.js:151:8166)
	at U.<computed>.F.charCodeAt.R.CharCode.DollarSign.U.<computed> (/nix/store/3j0nsr6g8fc0kb20hxhvfnsh83bk0fg6-vscodium-1.91.1.24193/lib/vscode/resources/app/out/vs/workbench/api/node/extensionHostProcess.js:151:4351)
	at f._doExecuteCommand (/nix/store/3j0nsr6g8fc0kb20hxhvfnsh83bk0fg6-vscodium-1.91.1.24193/lib/vscode/resources/app/out/vs/workbench/api/node/extensionHostProcess.js:154:241286)
	at f.executeCommand (/nix/store/3j0nsr6g8fc0kb20hxhvfnsh83bk0fg6-vscodium-1.91.1.24193/lib/vscode/resources/app/out/vs/workbench/api/node/extensionHostProcess.js:154:240611)
	at k.registerCommand.description (/nix/store/3j0nsr6g8fc0kb20hxhvfnsh83bk0fg6-vscodium-1.91.1.24193/lib/vscode/resources/app/out/vs/workbench/api/node/extensionHostProcess.js:154:239855)
	at f._executeContributedCommand (/nix/store/3j0nsr6g8fc0kb20hxhvfnsh83bk0fg6-vscodium-1.91.1.24193/lib/vscode/resources/app/out/vs/workbench/api/node/extensionHostProcess.js:154:241924)
	at f._doExecuteCommand (/nix/store/3j0nsr6g8fc0kb20hxhvfnsh83bk0fg6-vscodium-1.91.1.24193/lib/vscode/resources/app/out/vs/workbench/api/node/extensionHostProcess.js:154:240744)
	at f.executeCommand (/nix/store/3j0nsr6g8fc0kb20hxhvfnsh83bk0fg6-vscodium-1.91.1.24193/lib/vscode/resources/app/out/vs/workbench/api/node/extensionHostProcess.js:154:240611)
	at Object.executeCommand (/nix/store/3j0nsr6g8fc0kb20hxhvfnsh83bk0fg6-vscodium-1.91.1.24193/lib/vscode/resources/app/out/vs/workbench/api/node/extensionHostProcess.js:164:29715)
	at T.reset (/home/ser/.vscode-oss/extensions/asvetliakov.vscode-neovim-1.18.7-universal/dist/extension.js:2:187723)
	at l.<anonymous> (/home/ser/.vscode-oss/extensions/asvetliakov.vscode-neovim-1.18.7-universal/dist/extension.js:2:421141)
	at l.dispose (/nix/store/3j0nsr6g8fc0kb20hxhvfnsh83bk0fg6-vscodium-1.91.1.24193/lib/vscode/resources/app/out/vs/workbench/api/node/extensionHostProcess.js:152:6342)
	at h (/nix/store/3j0nsr6g8fc0kb20hxhvfnsh83bk0fg6-vscodium-1.91.1.24193/lib/vscode/resources/app/out/vs/workbench/api/node/extensionHostProcess.js:30:758)
	at m._deactivate (/nix/store/3j0nsr6g8fc0kb20hxhvfnsh83bk0fg6-vscodium-1.91.1.24193/lib/vscode/resources/app/out/vs/workbench/api/node/extensionHostProcess.js:160:13048)
	at /nix/store/3j0nsr6g8fc0kb20hxhvfnsh83bk0fg6-vscodium-1.91.1.24193/lib/vscode/resources/app/out/vs/workbench/api/node/extensionHostProcess.js:160:10194
	at Array.map (<anonymous>)
	at m._deactivateAll (/nix/store/3j0nsr6g8fc0kb20hxhvfnsh83bk0fg6-vscodium-1.91.1.24193/lib/vscode/resources/app/out/vs/workbench/api/node/extensionHostProcess.js:160:10181)
	at m.terminate (/nix/store/3j0nsr6g8fc0kb20hxhvfnsh83bk0fg6-vscodium-1.91.1.24193/lib/vscode/resources/app/out/vs/workbench/api/node/extensionHostProcess.js:160:10564)
	at h.terminate (/nix/store/3j0nsr6g8fc0kb20hxhvfnsh83bk0fg6-vscodium-1.91.1.24193/lib/vscode/resources/app/out/vs/workbench/api/node/extensionHostProcess.js:164:1908)
	at i (/nix/store/3j0nsr6g8fc0kb20hxhvfnsh83bk0fg6-vscodium-1.91.1.24193/lib/vscode/resources/app/out/vs/workbench/api/node/extensionHostProcess.js:177:12354)
	at MessagePortMain.<anonymous> (/nix/store/3j0nsr6g8fc0kb20hxhvfnsh83bk0fg6-vscodium-1.91.1.24193/lib/vscode/resources/app/out/vs/workbench/api/node/extensionHostProcess.js:177:8164)
	at MessagePortMain.emit (node:events:514:28)
	at MessagePortMain._internalPort.emit (node:electron/js2c/utility_init:2:2285) setContext undefined
2024-08-11 21:46:43.665 [error] Canceled: Canceled
	at new T (/nix/store/3j0nsr6g8fc0kb20hxhvfnsh83bk0fg6-vscodium-1.91.1.24193/lib/vscode/resources/app/out/vs/workbench/api/node/extensionHostProcess.js:144:39096)
	at y._remoteCall (/nix/store/3j0nsr6g8fc0kb20hxhvfnsh83bk0fg6-vscodium-1.91.1.24193/lib/vscode/resources/app/out/vs/workbench/api/node/extensionHostProcess.js:151:8166)
	at U.<computed>.F.charCodeAt.R.CharCode.DollarSign.U.<computed> (/nix/store/3j0nsr6g8fc0kb20hxhvfnsh83bk0fg6-vscodium-1.91.1.24193/lib/vscode/resources/app/out/vs/workbench/api/node/extensionHostProcess.js:151:4351)
	at f._doExecuteCommand (/nix/store/3j0nsr6g8fc0kb20hxhvfnsh83bk0fg6-vscodium-1.91.1.24193/lib/vscode/resources/app/out/vs/workbench/api/node/extensionHostProcess.js:154:241286)
	at f.executeCommand (/nix/store/3j0nsr6g8fc0kb20hxhvfnsh83bk0fg6-vscodium-1.91.1.24193/lib/vscode/resources/app/out/vs/workbench/api/node/extensionHostProcess.js:154:240611)
	at k.registerCommand.description (/nix/store/3j0nsr6g8fc0kb20hxhvfnsh83bk0fg6-vscodium-1.91.1.24193/lib/vscode/resources/app/out/vs/workbench/api/node/extensionHostProcess.js:154:239855)
	at f._executeContributedCommand (/nix/store/3j0nsr6g8fc0kb20hxhvfnsh83bk0fg6-vscodium-1.91.1.24193/lib/vscode/resources/app/out/vs/workbench/api/node/extensionHostProcess.js:154:241924)
	at f._doExecuteCommand (/nix/store/3j0nsr6g8fc0kb20hxhvfnsh83bk0fg6-vscodium-1.91.1.24193/lib/vscode/resources/app/out/vs/workbench/api/node/extensionHostProcess.js:154:240744)
	at f.executeCommand (/nix/store/3j0nsr6g8fc0kb20hxhvfnsh83bk0fg6-vscodium-1.91.1.24193/lib/vscode/resources/app/out/vs/workbench/api/node/extensionHostProcess.js:154:240611)
	at Object.executeCommand (/nix/store/3j0nsr6g8fc0kb20hxhvfnsh83bk0fg6-vscodium-1.91.1.24193/lib/vscode/resources/app/out/vs/workbench/api/node/extensionHostProcess.js:164:29715)
	at T.reset (/home/ser/.vscode-oss/extensions/asvetliakov.vscode-neovim-1.18.7-universal/dist/extension.js:2:187723)
	at l.<anonymous> (/home/ser/.vscode-oss/extensions/asvetliakov.vscode-neovim-1.18.7-universal/dist/extension.js:2:421141)
	at l.dispose (/nix/store/3j0nsr6g8fc0kb20hxhvfnsh83bk0fg6-vscodium-1.91.1.24193/lib/vscode/resources/app/out/vs/workbench/api/node/extensionHostProcess.js:152:6342)
	at h (/nix/store/3j0nsr6g8fc0kb20hxhvfnsh83bk0fg6-vscodium-1.91.1.24193/lib/vscode/resources/app/out/vs/workbench/api/node/extensionHostProcess.js:30:758)
	at m._deactivate (/nix/store/3j0nsr6g8fc0kb20hxhvfnsh83bk0fg6-vscodium-1.91.1.24193/lib/vscode/resources/app/out/vs/workbench/api/node/extensionHostProcess.js:160:13048)
	at /nix/store/3j0nsr6g8fc0kb20hxhvfnsh83bk0fg6-vscodium-1.91.1.24193/lib/vscode/resources/app/out/vs/workbench/api/node/extensionHostProcess.js:160:10194
	at Array.map (<anonymous>)
	at m._deactivateAll (/nix/store/3j0nsr6g8fc0kb20hxhvfnsh83bk0fg6-vscodium-1.91.1.24193/lib/vscode/resources/app/out/vs/workbench/api/node/extensionHostProcess.js:160:10181)
	at m.terminate (/nix/store/3j0nsr6g8fc0kb20hxhvfnsh83bk0fg6-vscodium-1.91.1.24193/lib/vscode/resources/app/out/vs/workbench/api/node/extensionHostProcess.js:160:10564)
	at h.terminate (/nix/store/3j0nsr6g8fc0kb20hxhvfnsh83bk0fg6-vscodium-1.91.1.24193/lib/vscode/resources/app/out/vs/workbench/api/node/extensionHostProcess.js:164:1908)
	at i (/nix/store/3j0nsr6g8fc0kb20hxhvfnsh83bk0fg6-vscodium-1.91.1.24193/lib/vscode/resources/app/out/vs/workbench/api/node/extensionHostProcess.js:177:12354)
	at MessagePortMain.<anonymous> (/nix/store/3j0nsr6g8fc0kb20hxhvfnsh83bk0fg6-vscodium-1.91.1.24193/lib/vscode/resources/app/out/vs/workbench/api/node/extensionHostProcess.js:177:8164)
	at MessagePortMain.emit (node:events:514:28)
	at MessagePortMain._internalPort.emit (node:electron/js2c/utility_init:2:2285) setContext undefined
2024-08-11 21:46:43.666 [error] Canceled: Canceled
	at new T (/nix/store/3j0nsr6g8fc0kb20hxhvfnsh83bk0fg6-vscodium-1.91.1.24193/lib/vscode/resources/app/out/vs/workbench/api/node/extensionHostProcess.js:144:39096)
	at y._remoteCall (/nix/store/3j0nsr6g8fc0kb20hxhvfnsh83bk0fg6-vscodium-1.91.1.24193/lib/vscode/resources/app/out/vs/workbench/api/node/extensionHostProcess.js:151:8166)
	at U.<computed>.F.charCodeAt.R.CharCode.DollarSign.U.<computed> (/nix/store/3j0nsr6g8fc0kb20hxhvfnsh83bk0fg6-vscodium-1.91.1.24193/lib/vscode/resources/app/out/vs/workbench/api/node/extensionHostProcess.js:151:4351)
	at f._doExecuteCommand (/nix/store/3j0nsr6g8fc0kb20hxhvfnsh83bk0fg6-vscodium-1.91.1.24193/lib/vscode/resources/app/out/vs/workbench/api/node/extensionHostProcess.js:154:241286)
	at f.executeCommand (/nix/store/3j0nsr6g8fc0kb20hxhvfnsh83bk0fg6-vscodium-1.91.1.24193/lib/vscode/resources/app/out/vs/workbench/api/node/extensionHostProcess.js:154:240611)
	at k.registerCommand.description (/nix/store/3j0nsr6g8fc0kb20hxhvfnsh83bk0fg6-vscodium-1.91.1.24193/lib/vscode/resources/app/out/vs/workbench/api/node/extensionHostProcess.js:154:239855)
	at f._executeContributedCommand (/nix/store/3j0nsr6g8fc0kb20hxhvfnsh83bk0fg6-vscodium-1.91.1.24193/lib/vscode/resources/app/out/vs/workbench/api/node/extensionHostProcess.js:154:241924)
	at f._doExecuteCommand (/nix/store/3j0nsr6g8fc0kb20hxhvfnsh83bk0fg6-vscodium-1.91.1.24193/lib/vscode/resources/app/out/vs/workbench/api/node/extensionHostProcess.js:154:240744)
	at f.executeCommand (/nix/store/3j0nsr6g8fc0kb20hxhvfnsh83bk0fg6-vscodium-1.91.1.24193/lib/vscode/resources/app/out/vs/workbench/api/node/extensionHostProcess.js:154:240611)
	at Object.executeCommand (/nix/store/3j0nsr6g8fc0kb20hxhvfnsh83bk0fg6-vscodium-1.91.1.24193/lib/vscode/resources/app/out/vs/workbench/api/node/extensionHostProcess.js:164:29715)
	at T.reset (/home/ser/.vscode-oss/extensions/asvetliakov.vscode-neovim-1.18.7-universal/dist/extension.js:2:187723)
	at l.<anonymous> (/home/ser/.vscode-oss/extensions/asvetliakov.vscode-neovim-1.18.7-universal/dist/extension.js:2:421141)
	at l.dispose (/nix/store/3j0nsr6g8fc0kb20hxhvfnsh83bk0fg6-vscodium-1.91.1.24193/lib/vscode/resources/app/out/vs/workbench/api/node/extensionHostProcess.js:152:6342)
	at h (/nix/store/3j0nsr6g8fc0kb20hxhvfnsh83bk0fg6-vscodium-1.91.1.24193/lib/vscode/resources/app/out/vs/workbench/api/node/extensionHostProcess.js:30:758)
	at m._deactivate (/nix/store/3j0nsr6g8fc0kb20hxhvfnsh83bk0fg6-vscodium-1.91.1.24193/lib/vscode/resources/app/out/vs/workbench/api/node/extensionHostProcess.js:160:13048)
	at /nix/store/3j0nsr6g8fc0kb20hxhvfnsh83bk0fg6-vscodium-1.91.1.24193/lib/vscode/resources/app/out/vs/workbench/api/node/extensionHostProcess.js:160:10194
	at Array.map (<anonymous>)
	at m._deactivateAll (/nix/store/3j0nsr6g8fc0kb20hxhvfnsh83bk0fg6-vscodium-1.91.1.24193/lib/vscode/resources/app/out/vs/workbench/api/node/extensionHostProcess.js:160:10181)
	at m.terminate (/nix/store/3j0nsr6g8fc0kb20hxhvfnsh83bk0fg6-vscodium-1.91.1.24193/lib/vscode/resources/app/out/vs/workbench/api/node/extensionHostProcess.js:160:10564)
	at h.terminate (/nix/store/3j0nsr6g8fc0kb20hxhvfnsh83bk0fg6-vscodium-1.91.1.24193/lib/vscode/resources/app/out/vs/workbench/api/node/extensionHostProcess.js:164:1908)
	at i (/nix/store/3j0nsr6g8fc0kb20hxhvfnsh83bk0fg6-vscodium-1.91.1.24193/lib/vscode/resources/app/out/vs/workbench/api/node/extensionHostProcess.js:177:12354)
	at MessagePortMain.<anonymous> (/nix/store/3j0nsr6g8fc0kb20hxhvfnsh83bk0fg6-vscodium-1.91.1.24193/lib/vscode/resources/app/out/vs/workbench/api/node/extensionHostProcess.js:177:8164)
	at MessagePortMain.emit (node:events:514:28)
	at MessagePortMain._internalPort.emit (node:electron/js2c/utility_init:2:2285) setContext undefined
2024-08-11 21:46:43.666 [error] Canceled: Canceled
	at new T (/nix/store/3j0nsr6g8fc0kb20hxhvfnsh83bk0fg6-vscodium-1.91.1.24193/lib/vscode/resources/app/out/vs/workbench/api/node/extensionHostProcess.js:144:39096)
	at y._remoteCall (/nix/store/3j0nsr6g8fc0kb20hxhvfnsh83bk0fg6-vscodium-1.91.1.24193/lib/vscode/resources/app/out/vs/workbench/api/node/extensionHostProcess.js:151:8166)
	at U.<computed>.F.charCodeAt.R.CharCode.DollarSign.U.<computed> (/nix/store/3j0nsr6g8fc0kb20hxhvfnsh83bk0fg6-vscodium-1.91.1.24193/lib/vscode/resources/app/out/vs/workbench/api/node/extensionHostProcess.js:151:4351)
	at f._doExecuteCommand (/nix/store/3j0nsr6g8fc0kb20hxhvfnsh83bk0fg6-vscodium-1.91.1.24193/lib/vscode/resources/app/out/vs/workbench/api/node/extensionHostProcess.js:154:241286)
	at f.executeCommand (/nix/store/3j0nsr6g8fc0kb20hxhvfnsh83bk0fg6-vscodium-1.91.1.24193/lib/vscode/resources/app/out/vs/workbench/api/node/extensionHostProcess.js:154:240611)
	at k.registerCommand.description (/nix/store/3j0nsr6g8fc0kb20hxhvfnsh83bk0fg6-vscodium-1.91.1.24193/lib/vscode/resources/app/out/vs/workbench/api/node/extensionHostProcess.js:154:239855)
	at f._executeContributedCommand (/nix/store/3j0nsr6g8fc0kb20hxhvfnsh83bk0fg6-vscodium-1.91.1.24193/lib/vscode/resources/app/out/vs/workbench/api/node/extensionHostProcess.js:154:241924)
	at f._doExecuteCommand (/nix/store/3j0nsr6g8fc0kb20hxhvfnsh83bk0fg6-vscodium-1.91.1.24193/lib/vscode/resources/app/out/vs/workbench/api/node/extensionHostProcess.js:154:240744)
	at f.executeCommand (/nix/store/3j0nsr6g8fc0kb20hxhvfnsh83bk0fg6-vscodium-1.91.1.24193/lib/vscode/resources/app/out/vs/workbench/api/node/extensionHostProcess.js:154:240611)
	at Object.executeCommand (/nix/store/3j0nsr6g8fc0kb20hxhvfnsh83bk0fg6-vscodium-1.91.1.24193/lib/vscode/resources/app/out/vs/workbench/api/node/extensionHostProcess.js:164:29715)
	at T.reset (/home/ser/.vscode-oss/extensions/asvetliakov.vscode-neovim-1.18.7-universal/dist/extension.js:2:187723)
	at l.<anonymous> (/home/ser/.vscode-oss/extensions/asvetliakov.vscode-neovim-1.18.7-universal/dist/extension.js:2:421141)
	at l.dispose (/nix/store/3j0nsr6g8fc0kb20hxhvfnsh83bk0fg6-vscodium-1.91.1.24193/lib/vscode/resources/app/out/vs/workbench/api/node/extensionHostProcess.js:152:6342)
	at h (/nix/store/3j0nsr6g8fc0kb20hxhvfnsh83bk0fg6-vscodium-1.91.1.24193/lib/vscode/resources/app/out/vs/workbench/api/node/extensionHostProcess.js:30:758)
	at m._deactivate (/nix/store/3j0nsr6g8fc0kb20hxhvfnsh83bk0fg6-vscodium-1.91.1.24193/lib/vscode/resources/app/out/vs/workbench/api/node/extensionHostProcess.js:160:13048)
	at /nix/store/3j0nsr6g8fc0kb20hxhvfnsh83bk0fg6-vscodium-1.91.1.24193/lib/vscode/resources/app/out/vs/workbench/api/node/extensionHostProcess.js:160:10194
	at Array.map (<anonymous>)
	at m._deactivateAll (/nix/store/3j0nsr6g8fc0kb20hxhvfnsh83bk0fg6-vscodium-1.91.1.24193/lib/vscode/resources/app/out/vs/workbench/api/node/extensionHostProcess.js:160:10181)
	at m.terminate (/nix/store/3j0nsr6g8fc0kb20hxhvfnsh83bk0fg6-vscodium-1.91.1.24193/lib/vscode/resources/app/out/vs/workbench/api/node/extensionHostProcess.js:160:10564)
	at h.terminate (/nix/store/3j0nsr6g8fc0kb20hxhvfnsh83bk0fg6-vscodium-1.91.1.24193/lib/vscode/resources/app/out/vs/workbench/api/node/extensionHostProcess.js:164:1908)
	at i (/nix/store/3j0nsr6g8fc0kb20hxhvfnsh83bk0fg6-vscodium-1.91.1.24193/lib/vscode/resources/app/out/vs/workbench/api/node/extensionHostProcess.js:177:12354)
	at MessagePortMain.<anonymous> (/nix/store/3j0nsr6g8fc0kb20hxhvfnsh83bk0fg6-vscodium-1.91.1.24193/lib/vscode/resources/app/out/vs/workbench/api/node/extensionHostProcess.js:177:8164)
	at MessagePortMain.emit (node:events:514:28)
	at MessagePortMain._internalPort.emit (node:electron/js2c/utility_init:2:2285) setContext undefined
2024-08-11 21:46:43.666 [error] Canceled: Canceled
	at new T (/nix/store/3j0nsr6g8fc0kb20hxhvfnsh83bk0fg6-vscodium-1.91.1.24193/lib/vscode/resources/app/out/vs/workbench/api/node/extensionHostProcess.js:144:39096)
	at y._remoteCall (/nix/store/3j0nsr6g8fc0kb20hxhvfnsh83bk0fg6-vscodium-1.91.1.24193/lib/vscode/resources/app/out/vs/workbench/api/node/extensionHostProcess.js:151:8166)
	at U.<computed>.F.charCodeAt.R.CharCode.DollarSign.U.<computed> (/nix/store/3j0nsr6g8fc0kb20hxhvfnsh83bk0fg6-vscodium-1.91.1.24193/lib/vscode/resources/app/out/vs/workbench/api/node/extensionHostProcess.js:151:4351)
	at f._doExecuteCommand (/nix/store/3j0nsr6g8fc0kb20hxhvfnsh83bk0fg6-vscodium-1.91.1.24193/lib/vscode/resources/app/out/vs/workbench/api/node/extensionHostProcess.js:154:241286)
	at f.executeCommand (/nix/store/3j0nsr6g8fc0kb20hxhvfnsh83bk0fg6-vscodium-1.91.1.24193/lib/vscode/resources/app/out/vs/workbench/api/node/extensionHostProcess.js:154:240611)
	at k.registerCommand.description (/nix/store/3j0nsr6g8fc0kb20hxhvfnsh83bk0fg6-vscodium-1.91.1.24193/lib/vscode/resources/app/out/vs/workbench/api/node/extensionHostProcess.js:154:239855)
	at f._executeContributedCommand (/nix/store/3j0nsr6g8fc0kb20hxhvfnsh83bk0fg6-vscodium-1.91.1.24193/lib/vscode/resources/app/out/vs/workbench/api/node/extensionHostProcess.js:154:241924)
	at f._doExecuteCommand (/nix/store/3j0nsr6g8fc0kb20hxhvfnsh83bk0fg6-vscodium-1.91.1.24193/lib/vscode/resources/app/out/vs/workbench/api/node/extensionHostProcess.js:154:240744)
	at f.executeCommand (/nix/store/3j0nsr6g8fc0kb20hxhvfnsh83bk0fg6-vscodium-1.91.1.24193/lib/vscode/resources/app/out/vs/workbench/api/node/extensionHostProcess.js:154:240611)
	at Object.executeCommand (/nix/store/3j0nsr6g8fc0kb20hxhvfnsh83bk0fg6-vscodium-1.91.1.24193/lib/vscode/resources/app/out/vs/workbench/api/node/extensionHostProcess.js:164:29715)
	at T.reset (/home/ser/.vscode-oss/extensions/asvetliakov.vscode-neovim-1.18.7-universal/dist/extension.js:2:187723)
	at l.<anonymous> (/home/ser/.vscode-oss/extensions/asvetliakov.vscode-neovim-1.18.7-universal/dist/extension.js:2:421141)
	at l.dispose (/nix/store/3j0nsr6g8fc0kb20hxhvfnsh83bk0fg6-vscodium-1.91.1.24193/lib/vscode/resources/app/out/vs/workbench/api/node/extensionHostProcess.js:152:6342)
	at h (/nix/store/3j0nsr6g8fc0kb20hxhvfnsh83bk0fg6-vscodium-1.91.1.24193/lib/vscode/resources/app/out/vs/workbench/api/node/extensionHostProcess.js:30:758)
	at m._deactivate (/nix/store/3j0nsr6g8fc0kb20hxhvfnsh83bk0fg6-vscodium-1.91.1.24193/lib/vscode/resources/app/out/vs/workbench/api/node/extensionHostProcess.js:160:13048)
	at /nix/store/3j0nsr6g8fc0kb20hxhvfnsh83bk0fg6-vscodium-1.91.1.24193/lib/vscode/resources/app/out/vs/workbench/api/node/extensionHostProcess.js:160:10194
	at Array.map (<anonymous>)
	at m._deactivateAll (/nix/store/3j0nsr6g8fc0kb20hxhvfnsh83bk0fg6-vscodium-1.91.1.24193/lib/vscode/resources/app/out/vs/workbench/api/node/extensionHostProcess.js:160:10181)
	at m.terminate (/nix/store/3j0nsr6g8fc0kb20hxhvfnsh83bk0fg6-vscodium-1.91.1.24193/lib/vscode/resources/app/out/vs/workbench/api/node/extensionHostProcess.js:160:10564)
	at h.terminate (/nix/store/3j0nsr6g8fc0kb20hxhvfnsh83bk0fg6-vscodium-1.91.1.24193/lib/vscode/resources/app/out/vs/workbench/api/node/extensionHostProcess.js:164:1908)
	at i (/nix/store/3j0nsr6g8fc0kb20hxhvfnsh83bk0fg6-vscodium-1.91.1.24193/lib/vscode/resources/app/out/vs/workbench/api/node/extensionHostProcess.js:177:12354)
	at MessagePortMain.<anonymous> (/nix/store/3j0nsr6g8fc0kb20hxhvfnsh83bk0fg6-vscodium-1.91.1.24193/lib/vscode/resources/app/out/vs/workbench/api/node/extensionHostProcess.js:177:8164)
	at MessagePortMain.emit (node:events:514:28)
	at MessagePortMain._internalPort.emit (node:electron/js2c/utility_init:2:2285) setContext undefined
2024-08-11 21:46:43.666 [error] Canceled: Canceled
	at new T (/nix/store/3j0nsr6g8fc0kb20hxhvfnsh83bk0fg6-vscodium-1.91.1.24193/lib/vscode/resources/app/out/vs/workbench/api/node/extensionHostProcess.js:144:39096)
	at y._remoteCall (/nix/store/3j0nsr6g8fc0kb20hxhvfnsh83bk0fg6-vscodium-1.91.1.24193/lib/vscode/resources/app/out/vs/workbench/api/node/extensionHostProcess.js:151:8166)
	at U.<computed>.F.charCodeAt.R.CharCode.DollarSign.U.<computed> (/nix/store/3j0nsr6g8fc0kb20hxhvfnsh83bk0fg6-vscodium-1.91.1.24193/lib/vscode/resources/app/out/vs/workbench/api/node/extensionHostProcess.js:151:4351)
	at f._doExecuteCommand (/nix/store/3j0nsr6g8fc0kb20hxhvfnsh83bk0fg6-vscodium-1.91.1.24193/lib/vscode/resources/app/out/vs/workbench/api/node/extensionHostProcess.js:154:241286)
	at f.executeCommand (/nix/store/3j0nsr6g8fc0kb20hxhvfnsh83bk0fg6-vscodium-1.91.1.24193/lib/vscode/resources/app/out/vs/workbench/api/node/extensionHostProcess.js:154:240611)
	at k.registerCommand.description (/nix/store/3j0nsr6g8fc0kb20hxhvfnsh83bk0fg6-vscodium-1.91.1.24193/lib/vscode/resources/app/out/vs/workbench/api/node/extensionHostProcess.js:154:239855)
	at f._executeContributedCommand (/nix/store/3j0nsr6g8fc0kb20hxhvfnsh83bk0fg6-vscodium-1.91.1.24193/lib/vscode/resources/app/out/vs/workbench/api/node/extensionHostProcess.js:154:241924)
	at f._doExecuteCommand (/nix/store/3j0nsr6g8fc0kb20hxhvfnsh83bk0fg6-vscodium-1.91.1.24193/lib/vscode/resources/app/out/vs/workbench/api/node/extensionHostProcess.js:154:240744)
	at f.executeCommand (/nix/store/3j0nsr6g8fc0kb20hxhvfnsh83bk0fg6-vscodium-1.91.1.24193/lib/vscode/resources/app/out/vs/workbench/api/node/extensionHostProcess.js:154:240611)
	at Object.executeCommand (/nix/store/3j0nsr6g8fc0kb20hxhvfnsh83bk0fg6-vscodium-1.91.1.24193/lib/vscode/resources/app/out/vs/workbench/api/node/extensionHostProcess.js:164:29715)
	at T.reset (/home/ser/.vscode-oss/extensions/asvetliakov.vscode-neovim-1.18.7-universal/dist/extension.js:2:187723)
	at l.<anonymous> (/home/ser/.vscode-oss/extensions/asvetliakov.vscode-neovim-1.18.7-universal/dist/extension.js:2:421141)
	at l.dispose (/nix/store/3j0nsr6g8fc0kb20hxhvfnsh83bk0fg6-vscodium-1.91.1.24193/lib/vscode/resources/app/out/vs/workbench/api/node/extensionHostProcess.js:152:6342)
	at h (/nix/store/3j0nsr6g8fc0kb20hxhvfnsh83bk0fg6-vscodium-1.91.1.24193/lib/vscode/resources/app/out/vs/workbench/api/node/extensionHostProcess.js:30:758)
	at m._deactivate (/nix/store/3j0nsr6g8fc0kb20hxhvfnsh83bk0fg6-vscodium-1.91.1.24193/lib/vscode/resources/app/out/vs/workbench/api/node/extensionHostProcess.js:160:13048)
	at /nix/store/3j0nsr6g8fc0kb20hxhvfnsh83bk0fg6-vscodium-1.91.1.24193/lib/vscode/resources/app/out/vs/workbench/api/node/extensionHostProcess.js:160:10194
	at Array.map (<anonymous>)
	at m._deactivateAll (/nix/store/3j0nsr6g8fc0kb20hxhvfnsh83bk0fg6-vscodium-1.91.1.24193/lib/vscode/resources/app/out/vs/workbench/api/node/extensionHostProcess.js:160:10181)
	at m.terminate (/nix/store/3j0nsr6g8fc0kb20hxhvfnsh83bk0fg6-vscodium-1.91.1.24193/lib/vscode/resources/app/out/vs/workbench/api/node/extensionHostProcess.js:160:10564)
	at h.terminate (/nix/store/3j0nsr6g8fc0kb20hxhvfnsh83bk0fg6-vscodium-1.91.1.24193/lib/vscode/resources/app/out/vs/workbench/api/node/extensionHostProcess.js:164:1908)
	at i (/nix/store/3j0nsr6g8fc0kb20hxhvfnsh83bk0fg6-vscodium-1.91.1.24193/lib/vscode/resources/app/out/vs/workbench/api/node/extensionHostProcess.js:177:12354)
	at MessagePortMain.<anonymous> (/nix/store/3j0nsr6g8fc0kb20hxhvfnsh83bk0fg6-vscodium-1.91.1.24193/lib/vscode/resources/app/out/vs/workbench/api/node/extensionHostProcess.js:177:8164)
	at MessagePortMain.emit (node:events:514:28)
	at MessagePortMain._internalPort.emit (node:electron/js2c/utility_init:2:2285) setContext undefined
2024-08-11 21:46:43.666 [error] Canceled: Canceled
	at new T (/nix/store/3j0nsr6g8fc0kb20hxhvfnsh83bk0fg6-vscodium-1.91.1.24193/lib/vscode/resources/app/out/vs/workbench/api/node/extensionHostProcess.js:144:39096)
	at y._remoteCall (/nix/store/3j0nsr6g8fc0kb20hxhvfnsh83bk0fg6-vscodium-1.91.1.24193/lib/vscode/resources/app/out/vs/workbench/api/node/extensionHostProcess.js:151:8166)
	at U.<computed>.F.charCodeAt.R.CharCode.DollarSign.U.<computed> (/nix/store/3j0nsr6g8fc0kb20hxhvfnsh83bk0fg6-vscodium-1.91.1.24193/lib/vscode/resources/app/out/vs/workbench/api/node/extensionHostProcess.js:151:4351)
	at f._doExecuteCommand (/nix/store/3j0nsr6g8fc0kb20hxhvfnsh83bk0fg6-vscodium-1.91.1.24193/lib/vscode/resources/app/out/vs/workbench/api/node/extensionHostProcess.js:154:241286)
	at f.executeCommand (/nix/store/3j0nsr6g8fc0kb20hxhvfnsh83bk0fg6-vscodium-1.91.1.24193/lib/vscode/resources/app/out/vs/workbench/api/node/extensionHostProcess.js:154:240611)
	at k.registerCommand.description (/nix/store/3j0nsr6g8fc0kb20hxhvfnsh83bk0fg6-vscodium-1.91.1.24193/lib/vscode/resources/app/out/vs/workbench/api/node/extensionHostProcess.js:154:239855)
	at f._executeContributedCommand (/nix/store/3j0nsr6g8fc0kb20hxhvfnsh83bk0fg6-vscodium-1.91.1.24193/lib/vscode/resources/app/out/vs/workbench/api/node/extensionHostProcess.js:154:241924)
	at f._doExecuteCommand (/nix/store/3j0nsr6g8fc0kb20hxhvfnsh83bk0fg6-vscodium-1.91.1.24193/lib/vscode/resources/app/out/vs/workbench/api/node/extensionHostProcess.js:154:240744)
	at f.executeCommand (/nix/store/3j0nsr6g8fc0kb20hxhvfnsh83bk0fg6-vscodium-1.91.1.24193/lib/vscode/resources/app/out/vs/workbench/api/node/extensionHostProcess.js:154:240611)
	at Object.executeCommand (/nix/store/3j0nsr6g8fc0kb20hxhvfnsh83bk0fg6-vscodium-1.91.1.24193/lib/vscode/resources/app/out/vs/workbench/api/node/extensionHostProcess.js:164:29715)
	at T.reset (/home/ser/.vscode-oss/extensions/asvetliakov.vscode-neovim-1.18.7-universal/dist/extension.js:2:187723)
	at l.<anonymous> (/home/ser/.vscode-oss/extensions/asvetliakov.vscode-neovim-1.18.7-universal/dist/extension.js:2:421141)
	at l.dispose (/nix/store/3j0nsr6g8fc0kb20hxhvfnsh83bk0fg6-vscodium-1.91.1.24193/lib/vscode/resources/app/out/vs/workbench/api/node/extensionHostProcess.js:152:6342)
	at h (/nix/store/3j0nsr6g8fc0kb20hxhvfnsh83bk0fg6-vscodium-1.91.1.24193/lib/vscode/resources/app/out/vs/workbench/api/node/extensionHostProcess.js:30:758)
	at m._deactivate (/nix/store/3j0nsr6g8fc0kb20hxhvfnsh83bk0fg6-vscodium-1.91.1.24193/lib/vscode/resources/app/out/vs/workbench/api/node/extensionHostProcess.js:160:13048)
	at /nix/store/3j0nsr6g8fc0kb20hxhvfnsh83bk0fg6-vscodium-1.91.1.24193/lib/vscode/resources/app/out/vs/workbench/api/node/extensionHostProcess.js:160:10194
	at Array.map (<anonymous>)
	at m._deactivateAll (/nix/store/3j0nsr6g8fc0kb20hxhvfnsh83bk0fg6-vscodium-1.91.1.24193/lib/vscode/resources/app/out/vs/workbench/api/node/extensionHostProcess.js:160:10181)
	at m.terminate (/nix/store/3j0nsr6g8fc0kb20hxhvfnsh83bk0fg6-vscodium-1.91.1.24193/lib/vscode/resources/app/out/vs/workbench/api/node/extensionHostProcess.js:160:10564)
	at h.terminate (/nix/store/3j0nsr6g8fc0kb20hxhvfnsh83bk0fg6-vscodium-1.91.1.24193/lib/vscode/resources/app/out/vs/workbench/api/node/extensionHostProcess.js:164:1908)
	at i (/nix/store/3j0nsr6g8fc0kb20hxhvfnsh83bk0fg6-vscodium-1.91.1.24193/lib/vscode/resources/app/out/vs/workbench/api/node/extensionHostProcess.js:177:12354)
	at MessagePortMain.<anonymous> (/nix/store/3j0nsr6g8fc0kb20hxhvfnsh83bk0fg6-vscodium-1.91.1.24193/lib/vscode/resources/app/out/vs/workbench/api/node/extensionHostProcess.js:177:8164)
	at MessagePortMain.emit (node:events:514:28)
	at MessagePortMain._internalPort.emit (node:electron/js2c/utility_init:2:2285) setContext undefined
2024-08-11 21:46:43.666 [error] Canceled: Canceled
	at new T (/nix/store/3j0nsr6g8fc0kb20hxhvfnsh83bk0fg6-vscodium-1.91.1.24193/lib/vscode/resources/app/out/vs/workbench/api/node/extensionHostProcess.js:144:39096)
	at y._remoteCall (/nix/store/3j0nsr6g8fc0kb20hxhvfnsh83bk0fg6-vscodium-1.91.1.24193/lib/vscode/resources/app/out/vs/workbench/api/node/extensionHostProcess.js:151:8166)
	at U.<computed>.F.charCodeAt.R.CharCode.DollarSign.U.<computed> (/nix/store/3j0nsr6g8fc0kb20hxhvfnsh83bk0fg6-vscodium-1.91.1.24193/lib/vscode/resources/app/out/vs/workbench/api/node/extensionHostProcess.js:151:4351)
	at f._doExecuteCommand (/nix/store/3j0nsr6g8fc0kb20hxhvfnsh83bk0fg6-vscodium-1.91.1.24193/lib/vscode/resources/app/out/vs/workbench/api/node/extensionHostProcess.js:154:241286)
	at f.executeCommand (/nix/store/3j0nsr6g8fc0kb20hxhvfnsh83bk0fg6-vscodium-1.91.1.24193/lib/vscode/resources/app/out/vs/workbench/api/node/extensionHostProcess.js:154:240611)
	at k.registerCommand.description (/nix/store/3j0nsr6g8fc0kb20hxhvfnsh83bk0fg6-vscodium-1.91.1.24193/lib/vscode/resources/app/out/vs/workbench/api/node/extensionHostProcess.js:154:239855)
	at f._executeContributedCommand (/nix/store/3j0nsr6g8fc0kb20hxhvfnsh83bk0fg6-vscodium-1.91.1.24193/lib/vscode/resources/app/out/vs/workbench/api/node/extensionHostProcess.js:154:241924)
	at f._doExecuteCommand (/nix/store/3j0nsr6g8fc0kb20hxhvfnsh83bk0fg6-vscodium-1.91.1.24193/lib/vscode/resources/app/out/vs/workbench/api/node/extensionHostProcess.js:154:240744)
	at f.executeCommand (/nix/store/3j0nsr6g8fc0kb20hxhvfnsh83bk0fg6-vscodium-1.91.1.24193/lib/vscode/resources/app/out/vs/workbench/api/node/extensionHostProcess.js:154:240611)
	at Object.executeCommand (/nix/store/3j0nsr6g8fc0kb20hxhvfnsh83bk0fg6-vscodium-1.91.1.24193/lib/vscode/resources/app/out/vs/workbench/api/node/extensionHostProcess.js:164:29715)
	at T.reset (/home/ser/.vscode-oss/extensions/asvetliakov.vscode-neovim-1.18.7-universal/dist/extension.js:2:187723)
	at l.<anonymous> (/home/ser/.vscode-oss/extensions/asvetliakov.vscode-neovim-1.18.7-universal/dist/extension.js:2:421141)
	at l.dispose (/nix/store/3j0nsr6g8fc0kb20hxhvfnsh83bk0fg6-vscodium-1.91.1.24193/lib/vscode/resources/app/out/vs/workbench/api/node/extensionHostProcess.js:152:6342)
	at h (/nix/store/3j0nsr6g8fc0kb20hxhvfnsh83bk0fg6-vscodium-1.91.1.24193/lib/vscode/resources/app/out/vs/workbench/api/node/extensionHostProcess.js:30:758)
	at m._deactivate (/nix/store/3j0nsr6g8fc0kb20hxhvfnsh83bk0fg6-vscodium-1.91.1.24193/lib/vscode/resources/app/out/vs/workbench/api/node/extensionHostProcess.js:160:13048)
	at /nix/store/3j0nsr6g8fc0kb20hxhvfnsh83bk0fg6-vscodium-1.91.1.24193/lib/vscode/resources/app/out/vs/workbench/api/node/extensionHostProcess.js:160:10194
	at Array.map (<anonymous>)
	at m._deactivateAll (/nix/store/3j0nsr6g8fc0kb20hxhvfnsh83bk0fg6-vscodium-1.91.1.24193/lib/vscode/resources/app/out/vs/workbench/api/node/extensionHostProcess.js:160:10181)
	at m.terminate (/nix/store/3j0nsr6g8fc0kb20hxhvfnsh83bk0fg6-vscodium-1.91.1.24193/lib/vscode/resources/app/out/vs/workbench/api/node/extensionHostProcess.js:160:10564)
	at h.terminate (/nix/store/3j0nsr6g8fc0kb20hxhvfnsh83bk0fg6-vscodium-1.91.1.24193/lib/vscode/resources/app/out/vs/workbench/api/node/extensionHostProcess.js:164:1908)
	at i (/nix/store/3j0nsr6g8fc0kb20hxhvfnsh83bk0fg6-vscodium-1.91.1.24193/lib/vscode/resources/app/out/vs/workbench/api/node/extensionHostProcess.js:177:12354)
	at MessagePortMain.<anonymous> (/nix/store/3j0nsr6g8fc0kb20hxhvfnsh83bk0fg6-vscodium-1.91.1.24193/lib/vscode/resources/app/out/vs/workbench/api/node/extensionHostProcess.js:177:8164)
	at MessagePortMain.emit (node:events:514:28)
	at MessagePortMain._internalPort.emit (node:electron/js2c/utility_init:2:2285) setContext undefined
2024-08-11 21:46:43.666 [error] Canceled: Canceled
	at new T (/nix/store/3j0nsr6g8fc0kb20hxhvfnsh83bk0fg6-vscodium-1.91.1.24193/lib/vscode/resources/app/out/vs/workbench/api/node/extensionHostProcess.js:144:39096)
	at y._remoteCall (/nix/store/3j0nsr6g8fc0kb20hxhvfnsh83bk0fg6-vscodium-1.91.1.24193/lib/vscode/resources/app/out/vs/workbench/api/node/extensionHostProcess.js:151:8166)
	at U.<computed>.F.charCodeAt.R.CharCode.DollarSign.U.<computed> (/nix/store/3j0nsr6g8fc0kb20hxhvfnsh83bk0fg6-vscodium-1.91.1.24193/lib/vscode/resources/app/out/vs/workbench/api/node/extensionHostProcess.js:151:4351)
	at f._doExecuteCommand (/nix/store/3j0nsr6g8fc0kb20hxhvfnsh83bk0fg6-vscodium-1.91.1.24193/lib/vscode/resources/app/out/vs/workbench/api/node/extensionHostProcess.js:154:241286)
	at f.executeCommand (/nix/store/3j0nsr6g8fc0kb20hxhvfnsh83bk0fg6-vscodium-1.91.1.24193/lib/vscode/resources/app/out/vs/workbench/api/node/extensionHostProcess.js:154:240611)
	at k.registerCommand.description (/nix/store/3j0nsr6g8fc0kb20hxhvfnsh83bk0fg6-vscodium-1.91.1.24193/lib/vscode/resources/app/out/vs/workbench/api/node/extensionHostProcess.js:154:239855)
	at f._executeContributedCommand (/nix/store/3j0nsr6g8fc0kb20hxhvfnsh83bk0fg6-vscodium-1.91.1.24193/lib/vscode/resources/app/out/vs/workbench/api/node/extensionHostProcess.js:154:241924)
	at f._doExecuteCommand (/nix/store/3j0nsr6g8fc0kb20hxhvfnsh83bk0fg6-vscodium-1.91.1.24193/lib/vscode/resources/app/out/vs/workbench/api/node/extensionHostProcess.js:154:240744)
	at f.executeCommand (/nix/store/3j0nsr6g8fc0kb20hxhvfnsh83bk0fg6-vscodium-1.91.1.24193/lib/vscode/resources/app/out/vs/workbench/api/node/extensionHostProcess.js:154:240611)
	at Object.executeCommand (/nix/store/3j0nsr6g8fc0kb20hxhvfnsh83bk0fg6-vscodium-1.91.1.24193/lib/vscode/resources/app/out/vs/workbench/api/node/extensionHostProcess.js:164:29715)
	at T.reset (/home/ser/.vscode-oss/extensions/asvetliakov.vscode-neovim-1.18.7-universal/dist/extension.js:2:187723)
	at l.<anonymous> (/home/ser/.vscode-oss/extensions/asvetliakov.vscode-neovim-1.18.7-universal/dist/extension.js:2:421141)
	at l.dispose (/nix/store/3j0nsr6g8fc0kb20hxhvfnsh83bk0fg6-vscodium-1.91.1.24193/lib/vscode/resources/app/out/vs/workbench/api/node/extensionHostProcess.js:152:6342)
	at h (/nix/store/3j0nsr6g8fc0kb20hxhvfnsh83bk0fg6-vscodium-1.91.1.24193/lib/vscode/resources/app/out/vs/workbench/api/node/extensionHostProcess.js:30:758)
	at m._deactivate (/nix/store/3j0nsr6g8fc0kb20hxhvfnsh83bk0fg6-vscodium-1.91.1.24193/lib/vscode/resources/app/out/vs/workbench/api/node/extensionHostProcess.js:160:13048)
	at /nix/store/3j0nsr6g8fc0kb20hxhvfnsh83bk0fg6-vscodium-1.91.1.24193/lib/vscode/resources/app/out/vs/workbench/api/node/extensionHostProcess.js:160:10194
	at Array.map (<anonymous>)
	at m._deactivateAll (/nix/store/3j0nsr6g8fc0kb20hxhvfnsh83bk0fg6-vscodium-1.91.1.24193/lib/vscode/resources/app/out/vs/workbench/api/node/extensionHostProcess.js:160:10181)
	at m.terminate (/nix/store/3j0nsr6g8fc0kb20hxhvfnsh83bk0fg6-vscodium-1.91.1.24193/lib/vscode/resources/app/out/vs/workbench/api/node/extensionHostProcess.js:160:10564)
	at h.terminate (/nix/store/3j0nsr6g8fc0kb20hxhvfnsh83bk0fg6-vscodium-1.91.1.24193/lib/vscode/resources/app/out/vs/workbench/api/node/extensionHostProcess.js:164:1908)
	at i (/nix/store/3j0nsr6g8fc0kb20hxhvfnsh83bk0fg6-vscodium-1.91.1.24193/lib/vscode/resources/app/out/vs/workbench/api/node/extensionHostProcess.js:177:12354)
	at MessagePortMain.<anonymous> (/nix/store/3j0nsr6g8fc0kb20hxhvfnsh83bk0fg6-vscodium-1.91.1.24193/lib/vscode/resources/app/out/vs/workbench/api/node/extensionHostProcess.js:177:8164)
	at MessagePortMain.emit (node:events:514:28)
	at MessagePortMain._internalPort.emit (node:electron/js2c/utility_init:2:2285) setContext undefined
2024-08-11 21:46:43.666 [error] Canceled: Canceled
	at new T (/nix/store/3j0nsr6g8fc0kb20hxhvfnsh83bk0fg6-vscodium-1.91.1.24193/lib/vscode/resources/app/out/vs/workbench/api/node/extensionHostProcess.js:144:39096)
	at y._remoteCall (/nix/store/3j0nsr6g8fc0kb20hxhvfnsh83bk0fg6-vscodium-1.91.1.24193/lib/vscode/resources/app/out/vs/workbench/api/node/extensionHostProcess.js:151:8166)
	at U.<computed>.F.charCodeAt.R.CharCode.DollarSign.U.<computed> (/nix/store/3j0nsr6g8fc0kb20hxhvfnsh83bk0fg6-vscodium-1.91.1.24193/lib/vscode/resources/app/out/vs/workbench/api/node/extensionHostProcess.js:151:4351)
	at f._doExecuteCommand (/nix/store/3j0nsr6g8fc0kb20hxhvfnsh83bk0fg6-vscodium-1.91.1.24193/lib/vscode/resources/app/out/vs/workbench/api/node/extensionHostProcess.js:154:241286)
	at f.executeCommand (/nix/store/3j0nsr6g8fc0kb20hxhvfnsh83bk0fg6-vscodium-1.91.1.24193/lib/vscode/resources/app/out/vs/workbench/api/node/extensionHostProcess.js:154:240611)
	at k.registerCommand.description (/nix/store/3j0nsr6g8fc0kb20hxhvfnsh83bk0fg6-vscodium-1.91.1.24193/lib/vscode/resources/app/out/vs/workbench/api/node/extensionHostProcess.js:154:239855)
	at f._executeContributedCommand (/nix/store/3j0nsr6g8fc0kb20hxhvfnsh83bk0fg6-vscodium-1.91.1.24193/lib/vscode/resources/app/out/vs/workbench/api/node/extensionHostProcess.js:154:241924)
	at f._doExecuteCommand (/nix/store/3j0nsr6g8fc0kb20hxhvfnsh83bk0fg6-vscodium-1.91.1.24193/lib/vscode/resources/app/out/vs/workbench/api/node/extensionHostProcess.js:154:240744)
	at f.executeCommand (/nix/store/3j0nsr6g8fc0kb20hxhvfnsh83bk0fg6-vscodium-1.91.1.24193/lib/vscode/resources/app/out/vs/workbench/api/node/extensionHostProcess.js:154:240611)
	at Object.executeCommand (/nix/store/3j0nsr6g8fc0kb20hxhvfnsh83bk0fg6-vscodium-1.91.1.24193/lib/vscode/resources/app/out/vs/workbench/api/node/extensionHostProcess.js:164:29715)
	at T.reset (/home/ser/.vscode-oss/extensions/asvetliakov.vscode-neovim-1.18.7-universal/dist/extension.js:2:187723)
	at l.<anonymous> (/home/ser/.vscode-oss/extensions/asvetliakov.vscode-neovim-1.18.7-universal/dist/extension.js:2:421141)
	at l.dispose (/nix/store/3j0nsr6g8fc0kb20hxhvfnsh83bk0fg6-vscodium-1.91.1.24193/lib/vscode/resources/app/out/vs/workbench/api/node/extensionHostProcess.js:152:6342)
	at h (/nix/store/3j0nsr6g8fc0kb20hxhvfnsh83bk0fg6-vscodium-1.91.1.24193/lib/vscode/resources/app/out/vs/workbench/api/node/extensionHostProcess.js:30:758)
	at m._deactivate (/nix/store/3j0nsr6g8fc0kb20hxhvfnsh83bk0fg6-vscodium-1.91.1.24193/lib/vscode/resources/app/out/vs/workbench/api/node/extensionHostProcess.js:160:13048)
	at /nix/store/3j0nsr6g8fc0kb20hxhvfnsh83bk0fg6-vscodium-1.91.1.24193/lib/vscode/resources/app/out/vs/workbench/api/node/extensionHostProcess.js:160:10194
	at Array.map (<anonymous>)
	at m._deactivateAll (/nix/store/3j0nsr6g8fc0kb20hxhvfnsh83bk0fg6-vscodium-1.91.1.24193/lib/vscode/resources/app/out/vs/workbench/api/node/extensionHostProcess.js:160:10181)
	at m.terminate (/nix/store/3j0nsr6g8fc0kb20hxhvfnsh83bk0fg6-vscodium-1.91.1.24193/lib/vscode/resources/app/out/vs/workbench/api/node/extensionHostProcess.js:160:10564)
	at h.terminate (/nix/store/3j0nsr6g8fc0kb20hxhvfnsh83bk0fg6-vscodium-1.91.1.24193/lib/vscode/resources/app/out/vs/workbench/api/node/extensionHostProcess.js:164:1908)
	at i (/nix/store/3j0nsr6g8fc0kb20hxhvfnsh83bk0fg6-vscodium-1.91.1.24193/lib/vscode/resources/app/out/vs/workbench/api/node/extensionHostProcess.js:177:12354)
	at MessagePortMain.<anonymous> (/nix/store/3j0nsr6g8fc0kb20hxhvfnsh83bk0fg6-vscodium-1.91.1.24193/lib/vscode/resources/app/out/vs/workbench/api/node/extensionHostProcess.js:177:8164)
	at MessagePortMain.emit (node:events:514:28)
	at MessagePortMain._internalPort.emit (node:electron/js2c/utility_init:2:2285) setContext undefined
2024-08-11 21:46:43.666 [error] Canceled: Canceled
	at new T (/nix/store/3j0nsr6g8fc0kb20hxhvfnsh83bk0fg6-vscodium-1.91.1.24193/lib/vscode/resources/app/out/vs/workbench/api/node/extensionHostProcess.js:144:39096)
	at y._remoteCall (/nix/store/3j0nsr6g8fc0kb20hxhvfnsh83bk0fg6-vscodium-1.91.1.24193/lib/vscode/resources/app/out/vs/workbench/api/node/extensionHostProcess.js:151:8166)
	at U.<computed>.F.charCodeAt.R.CharCode.DollarSign.U.<computed> (/nix/store/3j0nsr6g8fc0kb20hxhvfnsh83bk0fg6-vscodium-1.91.1.24193/lib/vscode/resources/app/out/vs/workbench/api/node/extensionHostProcess.js:151:4351)
	at f._doExecuteCommand (/nix/store/3j0nsr6g8fc0kb20hxhvfnsh83bk0fg6-vscodium-1.91.1.24193/lib/vscode/resources/app/out/vs/workbench/api/node/extensionHostProcess.js:154:241286)
	at f.executeCommand (/nix/store/3j0nsr6g8fc0kb20hxhvfnsh83bk0fg6-vscodium-1.91.1.24193/lib/vscode/resources/app/out/vs/workbench/api/node/extensionHostProcess.js:154:240611)
	at k.registerCommand.description (/nix/store/3j0nsr6g8fc0kb20hxhvfnsh83bk0fg6-vscodium-1.91.1.24193/lib/vscode/resources/app/out/vs/workbench/api/node/extensionHostProcess.js:154:239855)
	at f._executeContributedCommand (/nix/store/3j0nsr6g8fc0kb20hxhvfnsh83bk0fg6-vscodium-1.91.1.24193/lib/vscode/resources/app/out/vs/workbench/api/node/extensionHostProcess.js:154:241924)
	at f._doExecuteCommand (/nix/store/3j0nsr6g8fc0kb20hxhvfnsh83bk0fg6-vscodium-1.91.1.24193/lib/vscode/resources/app/out/vs/workbench/api/node/extensionHostProcess.js:154:240744)
	at f.executeCommand (/nix/store/3j0nsr6g8fc0kb20hxhvfnsh83bk0fg6-vscodium-1.91.1.24193/lib/vscode/resources/app/out/vs/workbench/api/node/extensionHostProcess.js:154:240611)
	at Object.executeCommand (/nix/store/3j0nsr6g8fc0kb20hxhvfnsh83bk0fg6-vscodium-1.91.1.24193/lib/vscode/resources/app/out/vs/workbench/api/node/extensionHostProcess.js:164:29715)
	at T.reset (/home/ser/.vscode-oss/extensions/asvetliakov.vscode-neovim-1.18.7-universal/dist/extension.js:2:187723)
	at l.<anonymous> (/home/ser/.vscode-oss/extensions/asvetliakov.vscode-neovim-1.18.7-universal/dist/extension.js:2:421141)
	at l.dispose (/nix/store/3j0nsr6g8fc0kb20hxhvfnsh83bk0fg6-vscodium-1.91.1.24193/lib/vscode/resources/app/out/vs/workbench/api/node/extensionHostProcess.js:152:6342)
	at h (/nix/store/3j0nsr6g8fc0kb20hxhvfnsh83bk0fg6-vscodium-1.91.1.24193/lib/vscode/resources/app/out/vs/workbench/api/node/extensionHostProcess.js:30:758)
	at m._deactivate (/nix/store/3j0nsr6g8fc0kb20hxhvfnsh83bk0fg6-vscodium-1.91.1.24193/lib/vscode/resources/app/out/vs/workbench/api/node/extensionHostProcess.js:160:13048)
	at /nix/store/3j0nsr6g8fc0kb20hxhvfnsh83bk0fg6-vscodium-1.91.1.24193/lib/vscode/resources/app/out/vs/workbench/api/node/extensionHostProcess.js:160:10194
	at Array.map (<anonymous>)
	at m._deactivateAll (/nix/store/3j0nsr6g8fc0kb20hxhvfnsh83bk0fg6-vscodium-1.91.1.24193/lib/vscode/resources/app/out/vs/workbench/api/node/extensionHostProcess.js:160:10181)
	at m.terminate (/nix/store/3j0nsr6g8fc0kb20hxhvfnsh83bk0fg6-vscodium-1.91.1.24193/lib/vscode/resources/app/out/vs/workbench/api/node/extensionHostProcess.js:160:10564)
	at h.terminate (/nix/store/3j0nsr6g8fc0kb20hxhvfnsh83bk0fg6-vscodium-1.91.1.24193/lib/vscode/resources/app/out/vs/workbench/api/node/extensionHostProcess.js:164:1908)
	at i (/nix/store/3j0nsr6g8fc0kb20hxhvfnsh83bk0fg6-vscodium-1.91.1.24193/lib/vscode/resources/app/out/vs/workbench/api/node/extensionHostProcess.js:177:12354)
	at MessagePortMain.<anonymous> (/nix/store/3j0nsr6g8fc0kb20hxhvfnsh83bk0fg6-vscodium-1.91.1.24193/lib/vscode/resources/app/out/vs/workbench/api/node/extensionHostProcess.js:177:8164)
	at MessagePortMain.emit (node:events:514:28)
	at MessagePortMain._internalPort.emit (node:electron/js2c/utility_init:2:2285) setContext undefined
2024-08-11 21:46:43.666 [error] Canceled: Canceled
	at new T (/nix/store/3j0nsr6g8fc0kb20hxhvfnsh83bk0fg6-vscodium-1.91.1.24193/lib/vscode/resources/app/out/vs/workbench/api/node/extensionHostProcess.js:144:39096)
	at y._remoteCall (/nix/store/3j0nsr6g8fc0kb20hxhvfnsh83bk0fg6-vscodium-1.91.1.24193/lib/vscode/resources/app/out/vs/workbench/api/node/extensionHostProcess.js:151:8166)
	at U.<computed>.F.charCodeAt.R.CharCode.DollarSign.U.<computed> (/nix/store/3j0nsr6g8fc0kb20hxhvfnsh83bk0fg6-vscodium-1.91.1.24193/lib/vscode/resources/app/out/vs/workbench/api/node/extensionHostProcess.js:151:4351)
	at f._doExecuteCommand (/nix/store/3j0nsr6g8fc0kb20hxhvfnsh83bk0fg6-vscodium-1.91.1.24193/lib/vscode/resources/app/out/vs/workbench/api/node/extensionHostProcess.js:154:241286)
	at f.executeCommand (/nix/store/3j0nsr6g8fc0kb20hxhvfnsh83bk0fg6-vscodium-1.91.1.24193/lib/vscode/resources/app/out/vs/workbench/api/node/extensionHostProcess.js:154:240611)
	at k.registerCommand.description (/nix/store/3j0nsr6g8fc0kb20hxhvfnsh83bk0fg6-vscodium-1.91.1.24193/lib/vscode/resources/app/out/vs/workbench/api/node/extensionHostProcess.js:154:239855)
	at f._executeContributedCommand (/nix/store/3j0nsr6g8fc0kb20hxhvfnsh83bk0fg6-vscodium-1.91.1.24193/lib/vscode/resources/app/out/vs/workbench/api/node/extensionHostProcess.js:154:241924)
	at f._doExecuteCommand (/nix/store/3j0nsr6g8fc0kb20hxhvfnsh83bk0fg6-vscodium-1.91.1.24193/lib/vscode/resources/app/out/vs/workbench/api/node/extensionHostProcess.js:154:240744)
	at f.executeCommand (/nix/store/3j0nsr6g8fc0kb20hxhvfnsh83bk0fg6-vscodium-1.91.1.24193/lib/vscode/resources/app/out/vs/workbench/api/node/extensionHostProcess.js:154:240611)
	at Object.executeCommand (/nix/store/3j0nsr6g8fc0kb20hxhvfnsh83bk0fg6-vscodium-1.91.1.24193/lib/vscode/resources/app/out/vs/workbench/api/node/extensionHostProcess.js:164:29715)
	at T.reset (/home/ser/.vscode-oss/extensions/asvetliakov.vscode-neovim-1.18.7-universal/dist/extension.js:2:187723)
	at l.<anonymous> (/home/ser/.vscode-oss/extensions/asvetliakov.vscode-neovim-1.18.7-universal/dist/extension.js:2:421141)
	at l.dispose (/nix/store/3j0nsr6g8fc0kb20hxhvfnsh83bk0fg6-vscodium-1.91.1.24193/lib/vscode/resources/app/out/vs/workbench/api/node/extensionHostProcess.js:152:6342)
	at h (/nix/store/3j0nsr6g8fc0kb20hxhvfnsh83bk0fg6-vscodium-1.91.1.24193/lib/vscode/resources/app/out/vs/workbench/api/node/extensionHostProcess.js:30:758)
	at m._deactivate (/nix/store/3j0nsr6g8fc0kb20hxhvfnsh83bk0fg6-vscodium-1.91.1.24193/lib/vscode/resources/app/out/vs/workbench/api/node/extensionHostProcess.js:160:13048)
	at /nix/store/3j0nsr6g8fc0kb20hxhvfnsh83bk0fg6-vscodium-1.91.1.24193/lib/vscode/resources/app/out/vs/workbench/api/node/extensionHostProcess.js:160:10194
	at Array.map (<anonymous>)
	at m._deactivateAll (/nix/store/3j0nsr6g8fc0kb20hxhvfnsh83bk0fg6-vscodium-1.91.1.24193/lib/vscode/resources/app/out/vs/workbench/api/node/extensionHostProcess.js:160:10181)
	at m.terminate (/nix/store/3j0nsr6g8fc0kb20hxhvfnsh83bk0fg6-vscodium-1.91.1.24193/lib/vscode/resources/app/out/vs/workbench/api/node/extensionHostProcess.js:160:10564)
	at h.terminate (/nix/store/3j0nsr6g8fc0kb20hxhvfnsh83bk0fg6-vscodium-1.91.1.24193/lib/vscode/resources/app/out/vs/workbench/api/node/extensionHostProcess.js:164:1908)
	at i (/nix/store/3j0nsr6g8fc0kb20hxhvfnsh83bk0fg6-vscodium-1.91.1.24193/lib/vscode/resources/app/out/vs/workbench/api/node/extensionHostProcess.js:177:12354)
	at MessagePortMain.<anonymous> (/nix/store/3j0nsr6g8fc0kb20hxhvfnsh83bk0fg6-vscodium-1.91.1.24193/lib/vscode/resources/app/out/vs/workbench/api/node/extensionHostProcess.js:177:8164)
	at MessagePortMain.emit (node:events:514:28)
	at MessagePortMain._internalPort.emit (node:electron/js2c/utility_init:2:2285) setContext undefined
2024-08-11 21:46:43.666 [error] Canceled: Canceled
	at new T (/nix/store/3j0nsr6g8fc0kb20hxhvfnsh83bk0fg6-vscodium-1.91.1.24193/lib/vscode/resources/app/out/vs/workbench/api/node/extensionHostProcess.js:144:39096)
	at y._remoteCall (/nix/store/3j0nsr6g8fc0kb20hxhvfnsh83bk0fg6-vscodium-1.91.1.24193/lib/vscode/resources/app/out/vs/workbench/api/node/extensionHostProcess.js:151:8166)
	at U.<computed>.F.charCodeAt.R.CharCode.DollarSign.U.<computed> (/nix/store/3j0nsr6g8fc0kb20hxhvfnsh83bk0fg6-vscodium-1.91.1.24193/lib/vscode/resources/app/out/vs/workbench/api/node/extensionHostProcess.js:151:4351)
	at f._doExecuteCommand (/nix/store/3j0nsr6g8fc0kb20hxhvfnsh83bk0fg6-vscodium-1.91.1.24193/lib/vscode/resources/app/out/vs/workbench/api/node/extensionHostProcess.js:154:241286)
	at f.executeCommand (/nix/store/3j0nsr6g8fc0kb20hxhvfnsh83bk0fg6-vscodium-1.91.1.24193/lib/vscode/resources/app/out/vs/workbench/api/node/extensionHostProcess.js:154:240611)
	at k.registerCommand.description (/nix/store/3j0nsr6g8fc0kb20hxhvfnsh83bk0fg6-vscodium-1.91.1.24193/lib/vscode/resources/app/out/vs/workbench/api/node/extensionHostProcess.js:154:239855)
	at f._executeContributedCommand (/nix/store/3j0nsr6g8fc0kb20hxhvfnsh83bk0fg6-vscodium-1.91.1.24193/lib/vscode/resources/app/out/vs/workbench/api/node/extensionHostProcess.js:154:241924)
	at f._doExecuteCommand (/nix/store/3j0nsr6g8fc0kb20hxhvfnsh83bk0fg6-vscodium-1.91.1.24193/lib/vscode/resources/app/out/vs/workbench/api/node/extensionHostProcess.js:154:240744)
	at f.executeCommand (/nix/store/3j0nsr6g8fc0kb20hxhvfnsh83bk0fg6-vscodium-1.91.1.24193/lib/vscode/resources/app/out/vs/workbench/api/node/extensionHostProcess.js:154:240611)
	at Object.executeCommand (/nix/store/3j0nsr6g8fc0kb20hxhvfnsh83bk0fg6-vscodium-1.91.1.24193/lib/vscode/resources/app/out/vs/workbench/api/node/extensionHostProcess.js:164:29715)
	at T.reset (/home/ser/.vscode-oss/extensions/asvetliakov.vscode-neovim-1.18.7-universal/dist/extension.js:2:187723)
	at l.<anonymous> (/home/ser/.vscode-oss/extensions/asvetliakov.vscode-neovim-1.18.7-universal/dist/extension.js:2:421141)
	at l.dispose (/nix/store/3j0nsr6g8fc0kb20hxhvfnsh83bk0fg6-vscodium-1.91.1.24193/lib/vscode/resources/app/out/vs/workbench/api/node/extensionHostProcess.js:152:6342)
	at h (/nix/store/3j0nsr6g8fc0kb20hxhvfnsh83bk0fg6-vscodium-1.91.1.24193/lib/vscode/resources/app/out/vs/workbench/api/node/extensionHostProcess.js:30:758)
	at m._deactivate (/nix/store/3j0nsr6g8fc0kb20hxhvfnsh83bk0fg6-vscodium-1.91.1.24193/lib/vscode/resources/app/out/vs/workbench/api/node/extensionHostProcess.js:160:13048)
	at /nix/store/3j0nsr6g8fc0kb20hxhvfnsh83bk0fg6-vscodium-1.91.1.24193/lib/vscode/resources/app/out/vs/workbench/api/node/extensionHostProcess.js:160:10194
	at Array.map (<anonymous>)
	at m._deactivateAll (/nix/store/3j0nsr6g8fc0kb20hxhvfnsh83bk0fg6-vscodium-1.91.1.24193/lib/vscode/resources/app/out/vs/workbench/api/node/extensionHostProcess.js:160:10181)
	at m.terminate (/nix/store/3j0nsr6g8fc0kb20hxhvfnsh83bk0fg6-vscodium-1.91.1.24193/lib/vscode/resources/app/out/vs/workbench/api/node/extensionHostProcess.js:160:10564)
	at h.terminate (/nix/store/3j0nsr6g8fc0kb20hxhvfnsh83bk0fg6-vscodium-1.91.1.24193/lib/vscode/resources/app/out/vs/workbench/api/node/extensionHostProcess.js:164:1908)
	at i (/nix/store/3j0nsr6g8fc0kb20hxhvfnsh83bk0fg6-vscodium-1.91.1.24193/lib/vscode/resources/app/out/vs/workbench/api/node/extensionHostProcess.js:177:12354)
	at MessagePortMain.<anonymous> (/nix/store/3j0nsr6g8fc0kb20hxhvfnsh83bk0fg6-vscodium-1.91.1.24193/lib/vscode/resources/app/out/vs/workbench/api/node/extensionHostProcess.js:177:8164)
	at MessagePortMain.emit (node:events:514:28)
	at MessagePortMain._internalPort.emit (node:electron/js2c/utility_init:2:2285) setContext undefined
2024-08-11 21:46:43.666 [error] Canceled: Canceled
	at new T (/nix/store/3j0nsr6g8fc0kb20hxhvfnsh83bk0fg6-vscodium-1.91.1.24193/lib/vscode/resources/app/out/vs/workbench/api/node/extensionHostProcess.js:144:39096)
	at y._remoteCall (/nix/store/3j0nsr6g8fc0kb20hxhvfnsh83bk0fg6-vscodium-1.91.1.24193/lib/vscode/resources/app/out/vs/workbench/api/node/extensionHostProcess.js:151:8166)
	at U.<computed>.F.charCodeAt.R.CharCode.DollarSign.U.<computed> (/nix/store/3j0nsr6g8fc0kb20hxhvfnsh83bk0fg6-vscodium-1.91.1.24193/lib/vscode/resources/app/out/vs/workbench/api/node/extensionHostProcess.js:151:4351)
	at f._doExecuteCommand (/nix/store/3j0nsr6g8fc0kb20hxhvfnsh83bk0fg6-vscodium-1.91.1.24193/lib/vscode/resources/app/out/vs/workbench/api/node/extensionHostProcess.js:154:241286)
	at f.executeCommand (/nix/store/3j0nsr6g8fc0kb20hxhvfnsh83bk0fg6-vscodium-1.91.1.24193/lib/vscode/resources/app/out/vs/workbench/api/node/extensionHostProcess.js:154:240611)
	at k.registerCommand.description (/nix/store/3j0nsr6g8fc0kb20hxhvfnsh83bk0fg6-vscodium-1.91.1.24193/lib/vscode/resources/app/out/vs/workbench/api/node/extensionHostProcess.js:154:239855)
	at f._executeContributedCommand (/nix/store/3j0nsr6g8fc0kb20hxhvfnsh83bk0fg6-vscodium-1.91.1.24193/lib/vscode/resources/app/out/vs/workbench/api/node/extensionHostProcess.js:154:241924)
	at f._doExecuteCommand (/nix/store/3j0nsr6g8fc0kb20hxhvfnsh83bk0fg6-vscodium-1.91.1.24193/lib/vscode/resources/app/out/vs/workbench/api/node/extensionHostProcess.js:154:240744)
	at f.executeCommand (/nix/store/3j0nsr6g8fc0kb20hxhvfnsh83bk0fg6-vscodium-1.91.1.24193/lib/vscode/resources/app/out/vs/workbench/api/node/extensionHostProcess.js:154:240611)
	at Object.executeCommand (/nix/store/3j0nsr6g8fc0kb20hxhvfnsh83bk0fg6-vscodium-1.91.1.24193/lib/vscode/resources/app/out/vs/workbench/api/node/extensionHostProcess.js:164:29715)
	at T.reset (/home/ser/.vscode-oss/extensions/asvetliakov.vscode-neovim-1.18.7-universal/dist/extension.js:2:187723)
	at l.<anonymous> (/home/ser/.vscode-oss/extensions/asvetliakov.vscode-neovim-1.18.7-universal/dist/extension.js:2:421141)
	at l.dispose (/nix/store/3j0nsr6g8fc0kb20hxhvfnsh83bk0fg6-vscodium-1.91.1.24193/lib/vscode/resources/app/out/vs/workbench/api/node/extensionHostProcess.js:152:6342)
	at h (/nix/store/3j0nsr6g8fc0kb20hxhvfnsh83bk0fg6-vscodium-1.91.1.24193/lib/vscode/resources/app/out/vs/workbench/api/node/extensionHostProcess.js:30:758)
	at m._deactivate (/nix/store/3j0nsr6g8fc0kb20hxhvfnsh83bk0fg6-vscodium-1.91.1.24193/lib/vscode/resources/app/out/vs/workbench/api/node/extensionHostProcess.js:160:13048)
	at /nix/store/3j0nsr6g8fc0kb20hxhvfnsh83bk0fg6-vscodium-1.91.1.24193/lib/vscode/resources/app/out/vs/workbench/api/node/extensionHostProcess.js:160:10194
	at Array.map (<anonymous>)
	at m._deactivateAll (/nix/store/3j0nsr6g8fc0kb20hxhvfnsh83bk0fg6-vscodium-1.91.1.24193/lib/vscode/resources/app/out/vs/workbench/api/node/extensionHostProcess.js:160:10181)
	at m.terminate (/nix/store/3j0nsr6g8fc0kb20hxhvfnsh83bk0fg6-vscodium-1.91.1.24193/lib/vscode/resources/app/out/vs/workbench/api/node/extensionHostProcess.js:160:10564)
	at h.terminate (/nix/store/3j0nsr6g8fc0kb20hxhvfnsh83bk0fg6-vscodium-1.91.1.24193/lib/vscode/resources/app/out/vs/workbench/api/node/extensionHostProcess.js:164:1908)
	at i (/nix/store/3j0nsr6g8fc0kb20hxhvfnsh83bk0fg6-vscodium-1.91.1.24193/lib/vscode/resources/app/out/vs/workbench/api/node/extensionHostProcess.js:177:12354)
	at MessagePortMain.<anonymous> (/nix/store/3j0nsr6g8fc0kb20hxhvfnsh83bk0fg6-vscodium-1.91.1.24193/lib/vscode/resources/app/out/vs/workbench/api/node/extensionHostProcess.js:177:8164)
	at MessagePortMain.emit (node:events:514:28)
	at MessagePortMain._internalPort.emit (node:electron/js2c/utility_init:2:2285) setContext undefined
2024-08-11 21:46:43.666 [error] Canceled: Canceled
	at new T (/nix/store/3j0nsr6g8fc0kb20hxhvfnsh83bk0fg6-vscodium-1.91.1.24193/lib/vscode/resources/app/out/vs/workbench/api/node/extensionHostProcess.js:144:39096)
	at y._remoteCall (/nix/store/3j0nsr6g8fc0kb20hxhvfnsh83bk0fg6-vscodium-1.91.1.24193/lib/vscode/resources/app/out/vs/workbench/api/node/extensionHostProcess.js:151:8166)
	at U.<computed>.F.charCodeAt.R.CharCode.DollarSign.U.<computed> (/nix/store/3j0nsr6g8fc0kb20hxhvfnsh83bk0fg6-vscodium-1.91.1.24193/lib/vscode/resources/app/out/vs/workbench/api/node/extensionHostProcess.js:151:4351)
	at f._doExecuteCommand (/nix/store/3j0nsr6g8fc0kb20hxhvfnsh83bk0fg6-vscodium-1.91.1.24193/lib/vscode/resources/app/out/vs/workbench/api/node/extensionHostProcess.js:154:241286)
	at f.executeCommand (/nix/store/3j0nsr6g8fc0kb20hxhvfnsh83bk0fg6-vscodium-1.91.1.24193/lib/vscode/resources/app/out/vs/workbench/api/node/extensionHostProcess.js:154:240611)
	at k.registerCommand.description (/nix/store/3j0nsr6g8fc0kb20hxhvfnsh83bk0fg6-vscodium-1.91.1.24193/lib/vscode/resources/app/out/vs/workbench/api/node/extensionHostProcess.js:154:239855)
	at f._executeContributedCommand (/nix/store/3j0nsr6g8fc0kb20hxhvfnsh83bk0fg6-vscodium-1.91.1.24193/lib/vscode/resources/app/out/vs/workbench/api/node/extensionHostProcess.js:154:241924)
	at f._doExecuteCommand (/nix/store/3j0nsr6g8fc0kb20hxhvfnsh83bk0fg6-vscodium-1.91.1.24193/lib/vscode/resources/app/out/vs/workbench/api/node/extensionHostProcess.js:154:240744)
	at f.executeCommand (/nix/store/3j0nsr6g8fc0kb20hxhvfnsh83bk0fg6-vscodium-1.91.1.24193/lib/vscode/resources/app/out/vs/workbench/api/node/extensionHostProcess.js:154:240611)
	at Object.executeCommand (/nix/store/3j0nsr6g8fc0kb20hxhvfnsh83bk0fg6-vscodium-1.91.1.24193/lib/vscode/resources/app/out/vs/workbench/api/node/extensionHostProcess.js:164:29715)
	at T.reset (/home/ser/.vscode-oss/extensions/asvetliakov.vscode-neovim-1.18.7-universal/dist/extension.js:2:187723)
	at l.<anonymous> (/home/ser/.vscode-oss/extensions/asvetliakov.vscode-neovim-1.18.7-universal/dist/extension.js:2:421141)
	at l.dispose (/nix/store/3j0nsr6g8fc0kb20hxhvfnsh83bk0fg6-vscodium-1.91.1.24193/lib/vscode/resources/app/out/vs/workbench/api/node/extensionHostProcess.js:152:6342)
	at h (/nix/store/3j0nsr6g8fc0kb20hxhvfnsh83bk0fg6-vscodium-1.91.1.24193/lib/vscode/resources/app/out/vs/workbench/api/node/extensionHostProcess.js:30:758)
	at m._deactivate (/nix/store/3j0nsr6g8fc0kb20hxhvfnsh83bk0fg6-vscodium-1.91.1.24193/lib/vscode/resources/app/out/vs/workbench/api/node/extensionHostProcess.js:160:13048)
	at /nix/store/3j0nsr6g8fc0kb20hxhvfnsh83bk0fg6-vscodium-1.91.1.24193/lib/vscode/resources/app/out/vs/workbench/api/node/extensionHostProcess.js:160:10194
	at Array.map (<anonymous>)
	at m._deactivateAll (/nix/store/3j0nsr6g8fc0kb20hxhvfnsh83bk0fg6-vscodium-1.91.1.24193/lib/vscode/resources/app/out/vs/workbench/api/node/extensionHostProcess.js:160:10181)
	at m.terminate (/nix/store/3j0nsr6g8fc0kb20hxhvfnsh83bk0fg6-vscodium-1.91.1.24193/lib/vscode/resources/app/out/vs/workbench/api/node/extensionHostProcess.js:160:10564)
	at h.terminate (/nix/store/3j0nsr6g8fc0kb20hxhvfnsh83bk0fg6-vscodium-1.91.1.24193/lib/vscode/resources/app/out/vs/workbench/api/node/extensionHostProcess.js:164:1908)
	at i (/nix/store/3j0nsr6g8fc0kb20hxhvfnsh83bk0fg6-vscodium-1.91.1.24193/lib/vscode/resources/app/out/vs/workbench/api/node/extensionHostProcess.js:177:12354)
	at MessagePortMain.<anonymous> (/nix/store/3j0nsr6g8fc0kb20hxhvfnsh83bk0fg6-vscodium-1.91.1.24193/lib/vscode/resources/app/out/vs/workbench/api/node/extensionHostProcess.js:177:8164)
	at MessagePortMain.emit (node:events:514:28)
	at MessagePortMain._internalPort.emit (node:electron/js2c/utility_init:2:2285) setContext undefined
2024-08-11 21:46:43.666 [error] Canceled: Canceled
	at new T (/nix/store/3j0nsr6g8fc0kb20hxhvfnsh83bk0fg6-vscodium-1.91.1.24193/lib/vscode/resources/app/out/vs/workbench/api/node/extensionHostProcess.js:144:39096)
	at y._remoteCall (/nix/store/3j0nsr6g8fc0kb20hxhvfnsh83bk0fg6-vscodium-1.91.1.24193/lib/vscode/resources/app/out/vs/workbench/api/node/extensionHostProcess.js:151:8166)
	at U.<computed>.F.charCodeAt.R.CharCode.DollarSign.U.<computed> (/nix/store/3j0nsr6g8fc0kb20hxhvfnsh83bk0fg6-vscodium-1.91.1.24193/lib/vscode/resources/app/out/vs/workbench/api/node/extensionHostProcess.js:151:4351)
	at f._doExecuteCommand (/nix/store/3j0nsr6g8fc0kb20hxhvfnsh83bk0fg6-vscodium-1.91.1.24193/lib/vscode/resources/app/out/vs/workbench/api/node/extensionHostProcess.js:154:241286)
	at f.executeCommand (/nix/store/3j0nsr6g8fc0kb20hxhvfnsh83bk0fg6-vscodium-1.91.1.24193/lib/vscode/resources/app/out/vs/workbench/api/node/extensionHostProcess.js:154:240611)
	at k.registerCommand.description (/nix/store/3j0nsr6g8fc0kb20hxhvfnsh83bk0fg6-vscodium-1.91.1.24193/lib/vscode/resources/app/out/vs/workbench/api/node/extensionHostProcess.js:154:239855)
	at f._executeContributedCommand (/nix/store/3j0nsr6g8fc0kb20hxhvfnsh83bk0fg6-vscodium-1.91.1.24193/lib/vscode/resources/app/out/vs/workbench/api/node/extensionHostProcess.js:154:241924)
	at f._doExecuteCommand (/nix/store/3j0nsr6g8fc0kb20hxhvfnsh83bk0fg6-vscodium-1.91.1.24193/lib/vscode/resources/app/out/vs/workbench/api/node/extensionHostProcess.js:154:240744)
	at f.executeCommand (/nix/store/3j0nsr6g8fc0kb20hxhvfnsh83bk0fg6-vscodium-1.91.1.24193/lib/vscode/resources/app/out/vs/workbench/api/node/extensionHostProcess.js:154:240611)
	at Object.executeCommand (/nix/store/3j0nsr6g8fc0kb20hxhvfnsh83bk0fg6-vscodium-1.91.1.24193/lib/vscode/resources/app/out/vs/workbench/api/node/extensionHostProcess.js:164:29715)
	at T.reset (/home/ser/.vscode-oss/extensions/asvetliakov.vscode-neovim-1.18.7-universal/dist/extension.js:2:187723)
	at l.<anonymous> (/home/ser/.vscode-oss/extensions/asvetliakov.vscode-neovim-1.18.7-universal/dist/extension.js:2:421141)
	at l.dispose (/nix/store/3j0nsr6g8fc0kb20hxhvfnsh83bk0fg6-vscodium-1.91.1.24193/lib/vscode/resources/app/out/vs/workbench/api/node/extensionHostProcess.js:152:6342)
	at h (/nix/store/3j0nsr6g8fc0kb20hxhvfnsh83bk0fg6-vscodium-1.91.1.24193/lib/vscode/resources/app/out/vs/workbench/api/node/extensionHostProcess.js:30:758)
	at m._deactivate (/nix/store/3j0nsr6g8fc0kb20hxhvfnsh83bk0fg6-vscodium-1.91.1.24193/lib/vscode/resources/app/out/vs/workbench/api/node/extensionHostProcess.js:160:13048)
	at /nix/store/3j0nsr6g8fc0kb20hxhvfnsh83bk0fg6-vscodium-1.91.1.24193/lib/vscode/resources/app/out/vs/workbench/api/node/extensionHostProcess.js:160:10194
	at Array.map (<anonymous>)
	at m._deactivateAll (/nix/store/3j0nsr6g8fc0kb20hxhvfnsh83bk0fg6-vscodium-1.91.1.24193/lib/vscode/resources/app/out/vs/workbench/api/node/extensionHostProcess.js:160:10181)
	at m.terminate (/nix/store/3j0nsr6g8fc0kb20hxhvfnsh83bk0fg6-vscodium-1.91.1.24193/lib/vscode/resources/app/out/vs/workbench/api/node/extensionHostProcess.js:160:10564)
	at h.terminate (/nix/store/3j0nsr6g8fc0kb20hxhvfnsh83bk0fg6-vscodium-1.91.1.24193/lib/vscode/resources/app/out/vs/workbench/api/node/extensionHostProcess.js:164:1908)
	at i (/nix/store/3j0nsr6g8fc0kb20hxhvfnsh83bk0fg6-vscodium-1.91.1.24193/lib/vscode/resources/app/out/vs/workbench/api/node/extensionHostProcess.js:177:12354)
	at MessagePortMain.<anonymous> (/nix/store/3j0nsr6g8fc0kb20hxhvfnsh83bk0fg6-vscodium-1.91.1.24193/lib/vscode/resources/app/out/vs/workbench/api/node/extensionHostProcess.js:177:8164)
	at MessagePortMain.emit (node:events:514:28)
	at MessagePortMain._internalPort.emit (node:electron/js2c/utility_init:2:2285) setContext undefined
2024-08-11 21:46:43.666 [error] Canceled: Canceled
	at new T (/nix/store/3j0nsr6g8fc0kb20hxhvfnsh83bk0fg6-vscodium-1.91.1.24193/lib/vscode/resources/app/out/vs/workbench/api/node/extensionHostProcess.js:144:39096)
	at y._remoteCall (/nix/store/3j0nsr6g8fc0kb20hxhvfnsh83bk0fg6-vscodium-1.91.1.24193/lib/vscode/resources/app/out/vs/workbench/api/node/extensionHostProcess.js:151:8166)
	at U.<computed>.F.charCodeAt.R.CharCode.DollarSign.U.<computed> (/nix/store/3j0nsr6g8fc0kb20hxhvfnsh83bk0fg6-vscodium-1.91.1.24193/lib/vscode/resources/app/out/vs/workbench/api/node/extensionHostProcess.js:151:4351)
	at f._doExecuteCommand (/nix/store/3j0nsr6g8fc0kb20hxhvfnsh83bk0fg6-vscodium-1.91.1.24193/lib/vscode/resources/app/out/vs/workbench/api/node/extensionHostProcess.js:154:241286)
	at f.executeCommand (/nix/store/3j0nsr6g8fc0kb20hxhvfnsh83bk0fg6-vscodium-1.91.1.24193/lib/vscode/resources/app/out/vs/workbench/api/node/extensionHostProcess.js:154:240611)
	at k.registerCommand.description (/nix/store/3j0nsr6g8fc0kb20hxhvfnsh83bk0fg6-vscodium-1.91.1.24193/lib/vscode/resources/app/out/vs/workbench/api/node/extensionHostProcess.js:154:239855)
	at f._executeContributedCommand (/nix/store/3j0nsr6g8fc0kb20hxhvfnsh83bk0fg6-vscodium-1.91.1.24193/lib/vscode/resources/app/out/vs/workbench/api/node/extensionHostProcess.js:154:241924)
	at f._doExecuteCommand (/nix/store/3j0nsr6g8fc0kb20hxhvfnsh83bk0fg6-vscodium-1.91.1.24193/lib/vscode/resources/app/out/vs/workbench/api/node/extensionHostProcess.js:154:240744)
	at f.executeCommand (/nix/store/3j0nsr6g8fc0kb20hxhvfnsh83bk0fg6-vscodium-1.91.1.24193/lib/vscode/resources/app/out/vs/workbench/api/node/extensionHostProcess.js:154:240611)
	at Object.executeCommand (/nix/store/3j0nsr6g8fc0kb20hxhvfnsh83bk0fg6-vscodium-1.91.1.24193/lib/vscode/resources/app/out/vs/workbench/api/node/extensionHostProcess.js:164:29715)
	at T.reset (/home/ser/.vscode-oss/extensions/asvetliakov.vscode-neovim-1.18.7-universal/dist/extension.js:2:187723)
	at l.<anonymous> (/home/ser/.vscode-oss/extensions/asvetliakov.vscode-neovim-1.18.7-universal/dist/extension.js:2:421141)
	at l.dispose (/nix/store/3j0nsr6g8fc0kb20hxhvfnsh83bk0fg6-vscodium-1.91.1.24193/lib/vscode/resources/app/out/vs/workbench/api/node/extensionHostProcess.js:152:6342)
	at h (/nix/store/3j0nsr6g8fc0kb20hxhvfnsh83bk0fg6-vscodium-1.91.1.24193/lib/vscode/resources/app/out/vs/workbench/api/node/extensionHostProcess.js:30:758)
	at m._deactivate (/nix/store/3j0nsr6g8fc0kb20hxhvfnsh83bk0fg6-vscodium-1.91.1.24193/lib/vscode/resources/app/out/vs/workbench/api/node/extensionHostProcess.js:160:13048)
	at /nix/store/3j0nsr6g8fc0kb20hxhvfnsh83bk0fg6-vscodium-1.91.1.24193/lib/vscode/resources/app/out/vs/workbench/api/node/extensionHostProcess.js:160:10194
	at Array.map (<anonymous>)
	at m._deactivateAll (/nix/store/3j0nsr6g8fc0kb20hxhvfnsh83bk0fg6-vscodium-1.91.1.24193/lib/vscode/resources/app/out/vs/workbench/api/node/extensionHostProcess.js:160:10181)
	at m.terminate (/nix/store/3j0nsr6g8fc0kb20hxhvfnsh83bk0fg6-vscodium-1.91.1.24193/lib/vscode/resources/app/out/vs/workbench/api/node/extensionHostProcess.js:160:10564)
	at h.terminate (/nix/store/3j0nsr6g8fc0kb20hxhvfnsh83bk0fg6-vscodium-1.91.1.24193/lib/vscode/resources/app/out/vs/workbench/api/node/extensionHostProcess.js:164:1908)
	at i (/nix/store/3j0nsr6g8fc0kb20hxhvfnsh83bk0fg6-vscodium-1.91.1.24193/lib/vscode/resources/app/out/vs/workbench/api/node/extensionHostProcess.js:177:12354)
	at MessagePortMain.<anonymous> (/nix/store/3j0nsr6g8fc0kb20hxhvfnsh83bk0fg6-vscodium-1.91.1.24193/lib/vscode/resources/app/out/vs/workbench/api/node/extensionHostProcess.js:177:8164)
	at MessagePortMain.emit (node:events:514:28)
	at MessagePortMain._internalPort.emit (node:electron/js2c/utility_init:2:2285) setContext undefined
2024-08-11 21:46:43.666 [error] Canceled: Canceled
	at new T (/nix/store/3j0nsr6g8fc0kb20hxhvfnsh83bk0fg6-vscodium-1.91.1.24193/lib/vscode/resources/app/out/vs/workbench/api/node/extensionHostProcess.js:144:39096)
	at y._remoteCall (/nix/store/3j0nsr6g8fc0kb20hxhvfnsh83bk0fg6-vscodium-1.91.1.24193/lib/vscode/resources/app/out/vs/workbench/api/node/extensionHostProcess.js:151:8166)
	at U.<computed>.F.charCodeAt.R.CharCode.DollarSign.U.<computed> (/nix/store/3j0nsr6g8fc0kb20hxhvfnsh83bk0fg6-vscodium-1.91.1.24193/lib/vscode/resources/app/out/vs/workbench/api/node/extensionHostProcess.js:151:4351)
	at f._doExecuteCommand (/nix/store/3j0nsr6g8fc0kb20hxhvfnsh83bk0fg6-vscodium-1.91.1.24193/lib/vscode/resources/app/out/vs/workbench/api/node/extensionHostProcess.js:154:241286)
	at f.executeCommand (/nix/store/3j0nsr6g8fc0kb20hxhvfnsh83bk0fg6-vscodium-1.91.1.24193/lib/vscode/resources/app/out/vs/workbench/api/node/extensionHostProcess.js:154:240611)
	at k.registerCommand.description (/nix/store/3j0nsr6g8fc0kb20hxhvfnsh83bk0fg6-vscodium-1.91.1.24193/lib/vscode/resources/app/out/vs/workbench/api/node/extensionHostProcess.js:154:239855)
	at f._executeContributedCommand (/nix/store/3j0nsr6g8fc0kb20hxhvfnsh83bk0fg6-vscodium-1.91.1.24193/lib/vscode/resources/app/out/vs/workbench/api/node/extensionHostProcess.js:154:241924)
	at f._doExecuteCommand (/nix/store/3j0nsr6g8fc0kb20hxhvfnsh83bk0fg6-vscodium-1.91.1.24193/lib/vscode/resources/app/out/vs/workbench/api/node/extensionHostProcess.js:154:240744)
	at f.executeCommand (/nix/store/3j0nsr6g8fc0kb20hxhvfnsh83bk0fg6-vscodium-1.91.1.24193/lib/vscode/resources/app/out/vs/workbench/api/node/extensionHostProcess.js:154:240611)
	at Object.executeCommand (/nix/store/3j0nsr6g8fc0kb20hxhvfnsh83bk0fg6-vscodium-1.91.1.24193/lib/vscode/resources/app/out/vs/workbench/api/node/extensionHostProcess.js:164:29715)
	at T.reset (/home/ser/.vscode-oss/extensions/asvetliakov.vscode-neovim-1.18.7-universal/dist/extension.js:2:187723)
	at l.<anonymous> (/home/ser/.vscode-oss/extensions/asvetliakov.vscode-neovim-1.18.7-universal/dist/extension.js:2:421141)
	at l.dispose (/nix/store/3j0nsr6g8fc0kb20hxhvfnsh83bk0fg6-vscodium-1.91.1.24193/lib/vscode/resources/app/out/vs/workbench/api/node/extensionHostProcess.js:152:6342)
	at h (/nix/store/3j0nsr6g8fc0kb20hxhvfnsh83bk0fg6-vscodium-1.91.1.24193/lib/vscode/resources/app/out/vs/workbench/api/node/extensionHostProcess.js:30:758)
	at m._deactivate (/nix/store/3j0nsr6g8fc0kb20hxhvfnsh83bk0fg6-vscodium-1.91.1.24193/lib/vscode/resources/app/out/vs/workbench/api/node/extensionHostProcess.js:160:13048)
	at /nix/store/3j0nsr6g8fc0kb20hxhvfnsh83bk0fg6-vscodium-1.91.1.24193/lib/vscode/resources/app/out/vs/workbench/api/node/extensionHostProcess.js:160:10194
	at Array.map (<anonymous>)
	at m._deactivateAll (/nix/store/3j0nsr6g8fc0kb20hxhvfnsh83bk0fg6-vscodium-1.91.1.24193/lib/vscode/resources/app/out/vs/workbench/api/node/extensionHostProcess.js:160:10181)
	at m.terminate (/nix/store/3j0nsr6g8fc0kb20hxhvfnsh83bk0fg6-vscodium-1.91.1.24193/lib/vscode/resources/app/out/vs/workbench/api/node/extensionHostProcess.js:160:10564)
	at h.terminate (/nix/store/3j0nsr6g8fc0kb20hxhvfnsh83bk0fg6-vscodium-1.91.1.24193/lib/vscode/resources/app/out/vs/workbench/api/node/extensionHostProcess.js:164:1908)
	at i (/nix/store/3j0nsr6g8fc0kb20hxhvfnsh83bk0fg6-vscodium-1.91.1.24193/lib/vscode/resources/app/out/vs/workbench/api/node/extensionHostProcess.js:177:12354)
	at MessagePortMain.<anonymous> (/nix/store/3j0nsr6g8fc0kb20hxhvfnsh83bk0fg6-vscodium-1.91.1.24193/lib/vscode/resources/app/out/vs/workbench/api/node/extensionHostProcess.js:177:8164)
	at MessagePortMain.emit (node:events:514:28)
	at MessagePortMain._internalPort.emit (node:electron/js2c/utility_init:2:2285) setContext undefined
2024-08-11 21:46:43.666 [error] Canceled: Canceled
	at new T (/nix/store/3j0nsr6g8fc0kb20hxhvfnsh83bk0fg6-vscodium-1.91.1.24193/lib/vscode/resources/app/out/vs/workbench/api/node/extensionHostProcess.js:144:39096)
	at y._remoteCall (/nix/store/3j0nsr6g8fc0kb20hxhvfnsh83bk0fg6-vscodium-1.91.1.24193/lib/vscode/resources/app/out/vs/workbench/api/node/extensionHostProcess.js:151:8166)
	at U.<computed>.F.charCodeAt.R.CharCode.DollarSign.U.<computed> (/nix/store/3j0nsr6g8fc0kb20hxhvfnsh83bk0fg6-vscodium-1.91.1.24193/lib/vscode/resources/app/out/vs/workbench/api/node/extensionHostProcess.js:151:4351)
	at f._doExecuteCommand (/nix/store/3j0nsr6g8fc0kb20hxhvfnsh83bk0fg6-vscodium-1.91.1.24193/lib/vscode/resources/app/out/vs/workbench/api/node/extensionHostProcess.js:154:241286)
	at f.executeCommand (/nix/store/3j0nsr6g8fc0kb20hxhvfnsh83bk0fg6-vscodium-1.91.1.24193/lib/vscode/resources/app/out/vs/workbench/api/node/extensionHostProcess.js:154:240611)
	at k.registerCommand.description (/nix/store/3j0nsr6g8fc0kb20hxhvfnsh83bk0fg6-vscodium-1.91.1.24193/lib/vscode/resources/app/out/vs/workbench/api/node/extensionHostProcess.js:154:239855)
	at f._executeContributedCommand (/nix/store/3j0nsr6g8fc0kb20hxhvfnsh83bk0fg6-vscodium-1.91.1.24193/lib/vscode/resources/app/out/vs/workbench/api/node/extensionHostProcess.js:154:241924)
	at f._doExecuteCommand (/nix/store/3j0nsr6g8fc0kb20hxhvfnsh83bk0fg6-vscodium-1.91.1.24193/lib/vscode/resources/app/out/vs/workbench/api/node/extensionHostProcess.js:154:240744)
	at f.executeCommand (/nix/store/3j0nsr6g8fc0kb20hxhvfnsh83bk0fg6-vscodium-1.91.1.24193/lib/vscode/resources/app/out/vs/workbench/api/node/extensionHostProcess.js:154:240611)
	at Object.executeCommand (/nix/store/3j0nsr6g8fc0kb20hxhvfnsh83bk0fg6-vscodium-1.91.1.24193/lib/vscode/resources/app/out/vs/workbench/api/node/extensionHostProcess.js:164:29715)
	at T.reset (/home/ser/.vscode-oss/extensions/asvetliakov.vscode-neovim-1.18.7-universal/dist/extension.js:2:187723)
	at l.<anonymous> (/home/ser/.vscode-oss/extensions/asvetliakov.vscode-neovim-1.18.7-universal/dist/extension.js:2:421141)
	at l.dispose (/nix/store/3j0nsr6g8fc0kb20hxhvfnsh83bk0fg6-vscodium-1.91.1.24193/lib/vscode/resources/app/out/vs/workbench/api/node/extensionHostProcess.js:152:6342)
	at h (/nix/store/3j0nsr6g8fc0kb20hxhvfnsh83bk0fg6-vscodium-1.91.1.24193/lib/vscode/resources/app/out/vs/workbench/api/node/extensionHostProcess.js:30:758)
	at m._deactivate (/nix/store/3j0nsr6g8fc0kb20hxhvfnsh83bk0fg6-vscodium-1.91.1.24193/lib/vscode/resources/app/out/vs/workbench/api/node/extensionHostProcess.js:160:13048)
	at /nix/store/3j0nsr6g8fc0kb20hxhvfnsh83bk0fg6-vscodium-1.91.1.24193/lib/vscode/resources/app/out/vs/workbench/api/node/extensionHostProcess.js:160:10194
	at Array.map (<anonymous>)
	at m._deactivateAll (/nix/store/3j0nsr6g8fc0kb20hxhvfnsh83bk0fg6-vscodium-1.91.1.24193/lib/vscode/resources/app/out/vs/workbench/api/node/extensionHostProcess.js:160:10181)
	at m.terminate (/nix/store/3j0nsr6g8fc0kb20hxhvfnsh83bk0fg6-vscodium-1.91.1.24193/lib/vscode/resources/app/out/vs/workbench/api/node/extensionHostProcess.js:160:10564)
	at h.terminate (/nix/store/3j0nsr6g8fc0kb20hxhvfnsh83bk0fg6-vscodium-1.91.1.24193/lib/vscode/resources/app/out/vs/workbench/api/node/extensionHostProcess.js:164:1908)
	at i (/nix/store/3j0nsr6g8fc0kb20hxhvfnsh83bk0fg6-vscodium-1.91.1.24193/lib/vscode/resources/app/out/vs/workbench/api/node/extensionHostProcess.js:177:12354)
	at MessagePortMain.<anonymous> (/nix/store/3j0nsr6g8fc0kb20hxhvfnsh83bk0fg6-vscodium-1.91.1.24193/lib/vscode/resources/app/out/vs/workbench/api/node/extensionHostProcess.js:177:8164)
	at MessagePortMain.emit (node:events:514:28)
	at MessagePortMain._internalPort.emit (node:electron/js2c/utility_init:2:2285) setContext undefined
2024-08-11 21:46:43.666 [error] Canceled: Canceled
	at new T (/nix/store/3j0nsr6g8fc0kb20hxhvfnsh83bk0fg6-vscodium-1.91.1.24193/lib/vscode/resources/app/out/vs/workbench/api/node/extensionHostProcess.js:144:39096)
	at y._remoteCall (/nix/store/3j0nsr6g8fc0kb20hxhvfnsh83bk0fg6-vscodium-1.91.1.24193/lib/vscode/resources/app/out/vs/workbench/api/node/extensionHostProcess.js:151:8166)
	at U.<computed>.F.charCodeAt.R.CharCode.DollarSign.U.<computed> (/nix/store/3j0nsr6g8fc0kb20hxhvfnsh83bk0fg6-vscodium-1.91.1.24193/lib/vscode/resources/app/out/vs/workbench/api/node/extensionHostProcess.js:151:4351)
	at f._doExecuteCommand (/nix/store/3j0nsr6g8fc0kb20hxhvfnsh83bk0fg6-vscodium-1.91.1.24193/lib/vscode/resources/app/out/vs/workbench/api/node/extensionHostProcess.js:154:241286)
	at f.executeCommand (/nix/store/3j0nsr6g8fc0kb20hxhvfnsh83bk0fg6-vscodium-1.91.1.24193/lib/vscode/resources/app/out/vs/workbench/api/node/extensionHostProcess.js:154:240611)
	at k.registerCommand.description (/nix/store/3j0nsr6g8fc0kb20hxhvfnsh83bk0fg6-vscodium-1.91.1.24193/lib/vscode/resources/app/out/vs/workbench/api/node/extensionHostProcess.js:154:239855)
	at f._executeContributedCommand (/nix/store/3j0nsr6g8fc0kb20hxhvfnsh83bk0fg6-vscodium-1.91.1.24193/lib/vscode/resources/app/out/vs/workbench/api/node/extensionHostProcess.js:154:241924)
	at f._doExecuteCommand (/nix/store/3j0nsr6g8fc0kb20hxhvfnsh83bk0fg6-vscodium-1.91.1.24193/lib/vscode/resources/app/out/vs/workbench/api/node/extensionHostProcess.js:154:240744)
	at f.executeCommand (/nix/store/3j0nsr6g8fc0kb20hxhvfnsh83bk0fg6-vscodium-1.91.1.24193/lib/vscode/resources/app/out/vs/workbench/api/node/extensionHostProcess.js:154:240611)
	at Object.executeCommand (/nix/store/3j0nsr6g8fc0kb20hxhvfnsh83bk0fg6-vscodium-1.91.1.24193/lib/vscode/resources/app/out/vs/workbench/api/node/extensionHostProcess.js:164:29715)
	at T.reset (/home/ser/.vscode-oss/extensions/asvetliakov.vscode-neovim-1.18.7-universal/dist/extension.js:2:187723)
	at l.<anonymous> (/home/ser/.vscode-oss/extensions/asvetliakov.vscode-neovim-1.18.7-universal/dist/extension.js:2:421141)
	at l.dispose (/nix/store/3j0nsr6g8fc0kb20hxhvfnsh83bk0fg6-vscodium-1.91.1.24193/lib/vscode/resources/app/out/vs/workbench/api/node/extensionHostProcess.js:152:6342)
	at h (/nix/store/3j0nsr6g8fc0kb20hxhvfnsh83bk0fg6-vscodium-1.91.1.24193/lib/vscode/resources/app/out/vs/workbench/api/node/extensionHostProcess.js:30:758)
	at m._deactivate (/nix/store/3j0nsr6g8fc0kb20hxhvfnsh83bk0fg6-vscodium-1.91.1.24193/lib/vscode/resources/app/out/vs/workbench/api/node/extensionHostProcess.js:160:13048)
	at /nix/store/3j0nsr6g8fc0kb20hxhvfnsh83bk0fg6-vscodium-1.91.1.24193/lib/vscode/resources/app/out/vs/workbench/api/node/extensionHostProcess.js:160:10194
	at Array.map (<anonymous>)
	at m._deactivateAll (/nix/store/3j0nsr6g8fc0kb20hxhvfnsh83bk0fg6-vscodium-1.91.1.24193/lib/vscode/resources/app/out/vs/workbench/api/node/extensionHostProcess.js:160:10181)
	at m.terminate (/nix/store/3j0nsr6g8fc0kb20hxhvfnsh83bk0fg6-vscodium-1.91.1.24193/lib/vscode/resources/app/out/vs/workbench/api/node/extensionHostProcess.js:160:10564)
	at h.terminate (/nix/store/3j0nsr6g8fc0kb20hxhvfnsh83bk0fg6-vscodium-1.91.1.24193/lib/vscode/resources/app/out/vs/workbench/api/node/extensionHostProcess.js:164:1908)
	at i (/nix/store/3j0nsr6g8fc0kb20hxhvfnsh83bk0fg6-vscodium-1.91.1.24193/lib/vscode/resources/app/out/vs/workbench/api/node/extensionHostProcess.js:177:12354)
	at MessagePortMain.<anonymous> (/nix/store/3j0nsr6g8fc0kb20hxhvfnsh83bk0fg6-vscodium-1.91.1.24193/lib/vscode/resources/app/out/vs/workbench/api/node/extensionHostProcess.js:177:8164)
	at MessagePortMain.emit (node:events:514:28)
	at MessagePortMain._internalPort.emit (node:electron/js2c/utility_init:2:2285) setContext undefined
2024-08-11 21:46:43.666 [error] Canceled: Canceled
	at new T (/nix/store/3j0nsr6g8fc0kb20hxhvfnsh83bk0fg6-vscodium-1.91.1.24193/lib/vscode/resources/app/out/vs/workbench/api/node/extensionHostProcess.js:144:39096)
	at y._remoteCall (/nix/store/3j0nsr6g8fc0kb20hxhvfnsh83bk0fg6-vscodium-1.91.1.24193/lib/vscode/resources/app/out/vs/workbench/api/node/extensionHostProcess.js:151:8166)
	at U.<computed>.F.charCodeAt.R.CharCode.DollarSign.U.<computed> (/nix/store/3j0nsr6g8fc0kb20hxhvfnsh83bk0fg6-vscodium-1.91.1.24193/lib/vscode/resources/app/out/vs/workbench/api/node/extensionHostProcess.js:151:4351)
	at f._doExecuteCommand (/nix/store/3j0nsr6g8fc0kb20hxhvfnsh83bk0fg6-vscodium-1.91.1.24193/lib/vscode/resources/app/out/vs/workbench/api/node/extensionHostProcess.js:154:241286)
	at f.executeCommand (/nix/store/3j0nsr6g8fc0kb20hxhvfnsh83bk0fg6-vscodium-1.91.1.24193/lib/vscode/resources/app/out/vs/workbench/api/node/extensionHostProcess.js:154:240611)
	at k.registerCommand.description (/nix/store/3j0nsr6g8fc0kb20hxhvfnsh83bk0fg6-vscodium-1.91.1.24193/lib/vscode/resources/app/out/vs/workbench/api/node/extensionHostProcess.js:154:239855)
	at f._executeContributedCommand (/nix/store/3j0nsr6g8fc0kb20hxhvfnsh83bk0fg6-vscodium-1.91.1.24193/lib/vscode/resources/app/out/vs/workbench/api/node/extensionHostProcess.js:154:241924)
	at f._doExecuteCommand (/nix/store/3j0nsr6g8fc0kb20hxhvfnsh83bk0fg6-vscodium-1.91.1.24193/lib/vscode/resources/app/out/vs/workbench/api/node/extensionHostProcess.js:154:240744)
	at f.executeCommand (/nix/store/3j0nsr6g8fc0kb20hxhvfnsh83bk0fg6-vscodium-1.91.1.24193/lib/vscode/resources/app/out/vs/workbench/api/node/extensionHostProcess.js:154:240611)
	at Object.executeCommand (/nix/store/3j0nsr6g8fc0kb20hxhvfnsh83bk0fg6-vscodium-1.91.1.24193/lib/vscode/resources/app/out/vs/workbench/api/node/extensionHostProcess.js:164:29715)
	at T.reset (/home/ser/.vscode-oss/extensions/asvetliakov.vscode-neovim-1.18.7-universal/dist/extension.js:2:187723)
	at l.<anonymous> (/home/ser/.vscode-oss/extensions/asvetliakov.vscode-neovim-1.18.7-universal/dist/extension.js:2:421141)
	at l.dispose (/nix/store/3j0nsr6g8fc0kb20hxhvfnsh83bk0fg6-vscodium-1.91.1.24193/lib/vscode/resources/app/out/vs/workbench/api/node/extensionHostProcess.js:152:6342)
	at h (/nix/store/3j0nsr6g8fc0kb20hxhvfnsh83bk0fg6-vscodium-1.91.1.24193/lib/vscode/resources/app/out/vs/workbench/api/node/extensionHostProcess.js:30:758)
	at m._deactivate (/nix/store/3j0nsr6g8fc0kb20hxhvfnsh83bk0fg6-vscodium-1.91.1.24193/lib/vscode/resources/app/out/vs/workbench/api/node/extensionHostProcess.js:160:13048)
	at /nix/store/3j0nsr6g8fc0kb20hxhvfnsh83bk0fg6-vscodium-1.91.1.24193/lib/vscode/resources/app/out/vs/workbench/api/node/extensionHostProcess.js:160:10194
	at Array.map (<anonymous>)
	at m._deactivateAll (/nix/store/3j0nsr6g8fc0kb20hxhvfnsh83bk0fg6-vscodium-1.91.1.24193/lib/vscode/resources/app/out/vs/workbench/api/node/extensionHostProcess.js:160:10181)
	at m.terminate (/nix/store/3j0nsr6g8fc0kb20hxhvfnsh83bk0fg6-vscodium-1.91.1.24193/lib/vscode/resources/app/out/vs/workbench/api/node/extensionHostProcess.js:160:10564)
	at h.terminate (/nix/store/3j0nsr6g8fc0kb20hxhvfnsh83bk0fg6-vscodium-1.91.1.24193/lib/vscode/resources/app/out/vs/workbench/api/node/extensionHostProcess.js:164:1908)
	at i (/nix/store/3j0nsr6g8fc0kb20hxhvfnsh83bk0fg6-vscodium-1.91.1.24193/lib/vscode/resources/app/out/vs/workbench/api/node/extensionHostProcess.js:177:12354)
	at MessagePortMain.<anonymous> (/nix/store/3j0nsr6g8fc0kb20hxhvfnsh83bk0fg6-vscodium-1.91.1.24193/lib/vscode/resources/app/out/vs/workbench/api/node/extensionHostProcess.js:177:8164)
	at MessagePortMain.emit (node:events:514:28)
	at MessagePortMain._internalPort.emit (node:electron/js2c/utility_init:2:2285) setContext undefined
2024-08-11 21:46:43.667 [error] Canceled: Canceled
	at new T (/nix/store/3j0nsr6g8fc0kb20hxhvfnsh83bk0fg6-vscodium-1.91.1.24193/lib/vscode/resources/app/out/vs/workbench/api/node/extensionHostProcess.js:144:39096)
	at y._remoteCall (/nix/store/3j0nsr6g8fc0kb20hxhvfnsh83bk0fg6-vscodium-1.91.1.24193/lib/vscode/resources/app/out/vs/workbench/api/node/extensionHostProcess.js:151:8166)
	at U.<computed>.F.charCodeAt.R.CharCode.DollarSign.U.<computed> (/nix/store/3j0nsr6g8fc0kb20hxhvfnsh83bk0fg6-vscodium-1.91.1.24193/lib/vscode/resources/app/out/vs/workbench/api/node/extensionHostProcess.js:151:4351)
	at f._doExecuteCommand (/nix/store/3j0nsr6g8fc0kb20hxhvfnsh83bk0fg6-vscodium-1.91.1.24193/lib/vscode/resources/app/out/vs/workbench/api/node/extensionHostProcess.js:154:241286)
	at f.executeCommand (/nix/store/3j0nsr6g8fc0kb20hxhvfnsh83bk0fg6-vscodium-1.91.1.24193/lib/vscode/resources/app/out/vs/workbench/api/node/extensionHostProcess.js:154:240611)
	at k.registerCommand.description (/nix/store/3j0nsr6g8fc0kb20hxhvfnsh83bk0fg6-vscodium-1.91.1.24193/lib/vscode/resources/app/out/vs/workbench/api/node/extensionHostProcess.js:154:239855)
	at f._executeContributedCommand (/nix/store/3j0nsr6g8fc0kb20hxhvfnsh83bk0fg6-vscodium-1.91.1.24193/lib/vscode/resources/app/out/vs/workbench/api/node/extensionHostProcess.js:154:241924)
	at f._doExecuteCommand (/nix/store/3j0nsr6g8fc0kb20hxhvfnsh83bk0fg6-vscodium-1.91.1.24193/lib/vscode/resources/app/out/vs/workbench/api/node/extensionHostProcess.js:154:240744)
	at f.executeCommand (/nix/store/3j0nsr6g8fc0kb20hxhvfnsh83bk0fg6-vscodium-1.91.1.24193/lib/vscode/resources/app/out/vs/workbench/api/node/extensionHostProcess.js:154:240611)
	at Object.executeCommand (/nix/store/3j0nsr6g8fc0kb20hxhvfnsh83bk0fg6-vscodium-1.91.1.24193/lib/vscode/resources/app/out/vs/workbench/api/node/extensionHostProcess.js:164:29715)
	at T.reset (/home/ser/.vscode-oss/extensions/asvetliakov.vscode-neovim-1.18.7-universal/dist/extension.js:2:187723)
	at l.<anonymous> (/home/ser/.vscode-oss/extensions/asvetliakov.vscode-neovim-1.18.7-universal/dist/extension.js:2:421141)
	at l.dispose (/nix/store/3j0nsr6g8fc0kb20hxhvfnsh83bk0fg6-vscodium-1.91.1.24193/lib/vscode/resources/app/out/vs/workbench/api/node/extensionHostProcess.js:152:6342)
	at h (/nix/store/3j0nsr6g8fc0kb20hxhvfnsh83bk0fg6-vscodium-1.91.1.24193/lib/vscode/resources/app/out/vs/workbench/api/node/extensionHostProcess.js:30:758)
	at m._deactivate (/nix/store/3j0nsr6g8fc0kb20hxhvfnsh83bk0fg6-vscodium-1.91.1.24193/lib/vscode/resources/app/out/vs/workbench/api/node/extensionHostProcess.js:160:13048)
	at /nix/store/3j0nsr6g8fc0kb20hxhvfnsh83bk0fg6-vscodium-1.91.1.24193/lib/vscode/resources/app/out/vs/workbench/api/node/extensionHostProcess.js:160:10194
	at Array.map (<anonymous>)
	at m._deactivateAll (/nix/store/3j0nsr6g8fc0kb20hxhvfnsh83bk0fg6-vscodium-1.91.1.24193/lib/vscode/resources/app/out/vs/workbench/api/node/extensionHostProcess.js:160:10181)
	at m.terminate (/nix/store/3j0nsr6g8fc0kb20hxhvfnsh83bk0fg6-vscodium-1.91.1.24193/lib/vscode/resources/app/out/vs/workbench/api/node/extensionHostProcess.js:160:10564)
	at h.terminate (/nix/store/3j0nsr6g8fc0kb20hxhvfnsh83bk0fg6-vscodium-1.91.1.24193/lib/vscode/resources/app/out/vs/workbench/api/node/extensionHostProcess.js:164:1908)
	at i (/nix/store/3j0nsr6g8fc0kb20hxhvfnsh83bk0fg6-vscodium-1.91.1.24193/lib/vscode/resources/app/out/vs/workbench/api/node/extensionHostProcess.js:177:12354)
	at MessagePortMain.<anonymous> (/nix/store/3j0nsr6g8fc0kb20hxhvfnsh83bk0fg6-vscodium-1.91.1.24193/lib/vscode/resources/app/out/vs/workbench/api/node/extensionHostProcess.js:177:8164)
	at MessagePortMain.emit (node:events:514:28)
	at MessagePortMain._internalPort.emit (node:electron/js2c/utility_init:2:2285) setContext undefined
2024-08-11 21:46:43.667 [error] Canceled: Canceled
	at new T (/nix/store/3j0nsr6g8fc0kb20hxhvfnsh83bk0fg6-vscodium-1.91.1.24193/lib/vscode/resources/app/out/vs/workbench/api/node/extensionHostProcess.js:144:39096)
	at y._remoteCall (/nix/store/3j0nsr6g8fc0kb20hxhvfnsh83bk0fg6-vscodium-1.91.1.24193/lib/vscode/resources/app/out/vs/workbench/api/node/extensionHostProcess.js:151:8166)
	at U.<computed>.F.charCodeAt.R.CharCode.DollarSign.U.<computed> (/nix/store/3j0nsr6g8fc0kb20hxhvfnsh83bk0fg6-vscodium-1.91.1.24193/lib/vscode/resources/app/out/vs/workbench/api/node/extensionHostProcess.js:151:4351)
	at f._doExecuteCommand (/nix/store/3j0nsr6g8fc0kb20hxhvfnsh83bk0fg6-vscodium-1.91.1.24193/lib/vscode/resources/app/out/vs/workbench/api/node/extensionHostProcess.js:154:241286)
	at f.executeCommand (/nix/store/3j0nsr6g8fc0kb20hxhvfnsh83bk0fg6-vscodium-1.91.1.24193/lib/vscode/resources/app/out/vs/workbench/api/node/extensionHostProcess.js:154:240611)
	at k.registerCommand.description (/nix/store/3j0nsr6g8fc0kb20hxhvfnsh83bk0fg6-vscodium-1.91.1.24193/lib/vscode/resources/app/out/vs/workbench/api/node/extensionHostProcess.js:154:239855)
	at f._executeContributedCommand (/nix/store/3j0nsr6g8fc0kb20hxhvfnsh83bk0fg6-vscodium-1.91.1.24193/lib/vscode/resources/app/out/vs/workbench/api/node/extensionHostProcess.js:154:241924)
	at f._doExecuteCommand (/nix/store/3j0nsr6g8fc0kb20hxhvfnsh83bk0fg6-vscodium-1.91.1.24193/lib/vscode/resources/app/out/vs/workbench/api/node/extensionHostProcess.js:154:240744)
	at f.executeCommand (/nix/store/3j0nsr6g8fc0kb20hxhvfnsh83bk0fg6-vscodium-1.91.1.24193/lib/vscode/resources/app/out/vs/workbench/api/node/extensionHostProcess.js:154:240611)
	at Object.executeCommand (/nix/store/3j0nsr6g8fc0kb20hxhvfnsh83bk0fg6-vscodium-1.91.1.24193/lib/vscode/resources/app/out/vs/workbench/api/node/extensionHostProcess.js:164:29715)
	at T.reset (/home/ser/.vscode-oss/extensions/asvetliakov.vscode-neovim-1.18.7-universal/dist/extension.js:2:187723)
	at l.<anonymous> (/home/ser/.vscode-oss/extensions/asvetliakov.vscode-neovim-1.18.7-universal/dist/extension.js:2:421141)
	at l.dispose (/nix/store/3j0nsr6g8fc0kb20hxhvfnsh83bk0fg6-vscodium-1.91.1.24193/lib/vscode/resources/app/out/vs/workbench/api/node/extensionHostProcess.js:152:6342)
	at h (/nix/store/3j0nsr6g8fc0kb20hxhvfnsh83bk0fg6-vscodium-1.91.1.24193/lib/vscode/resources/app/out/vs/workbench/api/node/extensionHostProcess.js:30:758)
	at m._deactivate (/nix/store/3j0nsr6g8fc0kb20hxhvfnsh83bk0fg6-vscodium-1.91.1.24193/lib/vscode/resources/app/out/vs/workbench/api/node/extensionHostProcess.js:160:13048)
	at /nix/store/3j0nsr6g8fc0kb20hxhvfnsh83bk0fg6-vscodium-1.91.1.24193/lib/vscode/resources/app/out/vs/workbench/api/node/extensionHostProcess.js:160:10194
	at Array.map (<anonymous>)
	at m._deactivateAll (/nix/store/3j0nsr6g8fc0kb20hxhvfnsh83bk0fg6-vscodium-1.91.1.24193/lib/vscode/resources/app/out/vs/workbench/api/node/extensionHostProcess.js:160:10181)
	at m.terminate (/nix/store/3j0nsr6g8fc0kb20hxhvfnsh83bk0fg6-vscodium-1.91.1.24193/lib/vscode/resources/app/out/vs/workbench/api/node/extensionHostProcess.js:160:10564)
	at h.terminate (/nix/store/3j0nsr6g8fc0kb20hxhvfnsh83bk0fg6-vscodium-1.91.1.24193/lib/vscode/resources/app/out/vs/workbench/api/node/extensionHostProcess.js:164:1908)
	at i (/nix/store/3j0nsr6g8fc0kb20hxhvfnsh83bk0fg6-vscodium-1.91.1.24193/lib/vscode/resources/app/out/vs/workbench/api/node/extensionHostProcess.js:177:12354)
	at MessagePortMain.<anonymous> (/nix/store/3j0nsr6g8fc0kb20hxhvfnsh83bk0fg6-vscodium-1.91.1.24193/lib/vscode/resources/app/out/vs/workbench/api/node/extensionHostProcess.js:177:8164)
	at MessagePortMain.emit (node:events:514:28)
	at MessagePortMain._internalPort.emit (node:electron/js2c/utility_init:2:2285) setContext undefined
2024-08-11 21:46:43.667 [error] Canceled: Canceled
	at new T (/nix/store/3j0nsr6g8fc0kb20hxhvfnsh83bk0fg6-vscodium-1.91.1.24193/lib/vscode/resources/app/out/vs/workbench/api/node/extensionHostProcess.js:144:39096)
	at y._remoteCall (/nix/store/3j0nsr6g8fc0kb20hxhvfnsh83bk0fg6-vscodium-1.91.1.24193/lib/vscode/resources/app/out/vs/workbench/api/node/extensionHostProcess.js:151:8166)
	at U.<computed>.F.charCodeAt.R.CharCode.DollarSign.U.<computed> (/nix/store/3j0nsr6g8fc0kb20hxhvfnsh83bk0fg6-vscodium-1.91.1.24193/lib/vscode/resources/app/out/vs/workbench/api/node/extensionHostProcess.js:151:4351)
	at f._doExecuteCommand (/nix/store/3j0nsr6g8fc0kb20hxhvfnsh83bk0fg6-vscodium-1.91.1.24193/lib/vscode/resources/app/out/vs/workbench/api/node/extensionHostProcess.js:154:241286)
	at f.executeCommand (/nix/store/3j0nsr6g8fc0kb20hxhvfnsh83bk0fg6-vscodium-1.91.1.24193/lib/vscode/resources/app/out/vs/workbench/api/node/extensionHostProcess.js:154:240611)
	at k.registerCommand.description (/nix/store/3j0nsr6g8fc0kb20hxhvfnsh83bk0fg6-vscodium-1.91.1.24193/lib/vscode/resources/app/out/vs/workbench/api/node/extensionHostProcess.js:154:239855)
	at f._executeContributedCommand (/nix/store/3j0nsr6g8fc0kb20hxhvfnsh83bk0fg6-vscodium-1.91.1.24193/lib/vscode/resources/app/out/vs/workbench/api/node/extensionHostProcess.js:154:241924)
	at f._doExecuteCommand (/nix/store/3j0nsr6g8fc0kb20hxhvfnsh83bk0fg6-vscodium-1.91.1.24193/lib/vscode/resources/app/out/vs/workbench/api/node/extensionHostProcess.js:154:240744)
	at f.executeCommand (/nix/store/3j0nsr6g8fc0kb20hxhvfnsh83bk0fg6-vscodium-1.91.1.24193/lib/vscode/resources/app/out/vs/workbench/api/node/extensionHostProcess.js:154:240611)
	at Object.executeCommand (/nix/store/3j0nsr6g8fc0kb20hxhvfnsh83bk0fg6-vscodium-1.91.1.24193/lib/vscode/resources/app/out/vs/workbench/api/node/extensionHostProcess.js:164:29715)
	at T.reset (/home/ser/.vscode-oss/extensions/asvetliakov.vscode-neovim-1.18.7-universal/dist/extension.js:2:187723)
	at l.<anonymous> (/home/ser/.vscode-oss/extensions/asvetliakov.vscode-neovim-1.18.7-universal/dist/extension.js:2:421141)
	at l.dispose (/nix/store/3j0nsr6g8fc0kb20hxhvfnsh83bk0fg6-vscodium-1.91.1.24193/lib/vscode/resources/app/out/vs/workbench/api/node/extensionHostProcess.js:152:6342)
	at h (/nix/store/3j0nsr6g8fc0kb20hxhvfnsh83bk0fg6-vscodium-1.91.1.24193/lib/vscode/resources/app/out/vs/workbench/api/node/extensionHostProcess.js:30:758)
	at m._deactivate (/nix/store/3j0nsr6g8fc0kb20hxhvfnsh83bk0fg6-vscodium-1.91.1.24193/lib/vscode/resources/app/out/vs/workbench/api/node/extensionHostProcess.js:160:13048)
	at /nix/store/3j0nsr6g8fc0kb20hxhvfnsh83bk0fg6-vscodium-1.91.1.24193/lib/vscode/resources/app/out/vs/workbench/api/node/extensionHostProcess.js:160:10194
	at Array.map (<anonymous>)
	at m._deactivateAll (/nix/store/3j0nsr6g8fc0kb20hxhvfnsh83bk0fg6-vscodium-1.91.1.24193/lib/vscode/resources/app/out/vs/workbench/api/node/extensionHostProcess.js:160:10181)
	at m.terminate (/nix/store/3j0nsr6g8fc0kb20hxhvfnsh83bk0fg6-vscodium-1.91.1.24193/lib/vscode/resources/app/out/vs/workbench/api/node/extensionHostProcess.js:160:10564)
	at h.terminate (/nix/store/3j0nsr6g8fc0kb20hxhvfnsh83bk0fg6-vscodium-1.91.1.24193/lib/vscode/resources/app/out/vs/workbench/api/node/extensionHostProcess.js:164:1908)
	at i (/nix/store/3j0nsr6g8fc0kb20hxhvfnsh83bk0fg6-vscodium-1.91.1.24193/lib/vscode/resources/app/out/vs/workbench/api/node/extensionHostProcess.js:177:12354)
	at MessagePortMain.<anonymous> (/nix/store/3j0nsr6g8fc0kb20hxhvfnsh83bk0fg6-vscodium-1.91.1.24193/lib/vscode/resources/app/out/vs/workbench/api/node/extensionHostProcess.js:177:8164)
	at MessagePortMain.emit (node:events:514:28)
	at MessagePortMain._internalPort.emit (node:electron/js2c/utility_init:2:2285) setContext undefined
2024-08-11 21:46:43.667 [error] Canceled: Canceled
	at new T (/nix/store/3j0nsr6g8fc0kb20hxhvfnsh83bk0fg6-vscodium-1.91.1.24193/lib/vscode/resources/app/out/vs/workbench/api/node/extensionHostProcess.js:144:39096)
	at y._remoteCall (/nix/store/3j0nsr6g8fc0kb20hxhvfnsh83bk0fg6-vscodium-1.91.1.24193/lib/vscode/resources/app/out/vs/workbench/api/node/extensionHostProcess.js:151:8166)
	at U.<computed>.F.charCodeAt.R.CharCode.DollarSign.U.<computed> (/nix/store/3j0nsr6g8fc0kb20hxhvfnsh83bk0fg6-vscodium-1.91.1.24193/lib/vscode/resources/app/out/vs/workbench/api/node/extensionHostProcess.js:151:4351)
	at f._doExecuteCommand (/nix/store/3j0nsr6g8fc0kb20hxhvfnsh83bk0fg6-vscodium-1.91.1.24193/lib/vscode/resources/app/out/vs/workbench/api/node/extensionHostProcess.js:154:241286)
	at f.executeCommand (/nix/store/3j0nsr6g8fc0kb20hxhvfnsh83bk0fg6-vscodium-1.91.1.24193/lib/vscode/resources/app/out/vs/workbench/api/node/extensionHostProcess.js:154:240611)
	at k.registerCommand.description (/nix/store/3j0nsr6g8fc0kb20hxhvfnsh83bk0fg6-vscodium-1.91.1.24193/lib/vscode/resources/app/out/vs/workbench/api/node/extensionHostProcess.js:154:239855)
	at f._executeContributedCommand (/nix/store/3j0nsr6g8fc0kb20hxhvfnsh83bk0fg6-vscodium-1.91.1.24193/lib/vscode/resources/app/out/vs/workbench/api/node/extensionHostProcess.js:154:241924)
	at f._doExecuteCommand (/nix/store/3j0nsr6g8fc0kb20hxhvfnsh83bk0fg6-vscodium-1.91.1.24193/lib/vscode/resources/app/out/vs/workbench/api/node/extensionHostProcess.js:154:240744)
	at f.executeCommand (/nix/store/3j0nsr6g8fc0kb20hxhvfnsh83bk0fg6-vscodium-1.91.1.24193/lib/vscode/resources/app/out/vs/workbench/api/node/extensionHostProcess.js:154:240611)
	at Object.executeCommand (/nix/store/3j0nsr6g8fc0kb20hxhvfnsh83bk0fg6-vscodium-1.91.1.24193/lib/vscode/resources/app/out/vs/workbench/api/node/extensionHostProcess.js:164:29715)
	at T.reset (/home/ser/.vscode-oss/extensions/asvetliakov.vscode-neovim-1.18.7-universal/dist/extension.js:2:187723)
	at l.<anonymous> (/home/ser/.vscode-oss/extensions/asvetliakov.vscode-neovim-1.18.7-universal/dist/extension.js:2:421141)
	at l.dispose (/nix/store/3j0nsr6g8fc0kb20hxhvfnsh83bk0fg6-vscodium-1.91.1.24193/lib/vscode/resources/app/out/vs/workbench/api/node/extensionHostProcess.js:152:6342)
	at h (/nix/store/3j0nsr6g8fc0kb20hxhvfnsh83bk0fg6-vscodium-1.91.1.24193/lib/vscode/resources/app/out/vs/workbench/api/node/extensionHostProcess.js:30:758)
	at m._deactivate (/nix/store/3j0nsr6g8fc0kb20hxhvfnsh83bk0fg6-vscodium-1.91.1.24193/lib/vscode/resources/app/out/vs/workbench/api/node/extensionHostProcess.js:160:13048)
	at /nix/store/3j0nsr6g8fc0kb20hxhvfnsh83bk0fg6-vscodium-1.91.1.24193/lib/vscode/resources/app/out/vs/workbench/api/node/extensionHostProcess.js:160:10194
	at Array.map (<anonymous>)
	at m._deactivateAll (/nix/store/3j0nsr6g8fc0kb20hxhvfnsh83bk0fg6-vscodium-1.91.1.24193/lib/vscode/resources/app/out/vs/workbench/api/node/extensionHostProcess.js:160:10181)
	at m.terminate (/nix/store/3j0nsr6g8fc0kb20hxhvfnsh83bk0fg6-vscodium-1.91.1.24193/lib/vscode/resources/app/out/vs/workbench/api/node/extensionHostProcess.js:160:10564)
	at h.terminate (/nix/store/3j0nsr6g8fc0kb20hxhvfnsh83bk0fg6-vscodium-1.91.1.24193/lib/vscode/resources/app/out/vs/workbench/api/node/extensionHostProcess.js:164:1908)
	at i (/nix/store/3j0nsr6g8fc0kb20hxhvfnsh83bk0fg6-vscodium-1.91.1.24193/lib/vscode/resources/app/out/vs/workbench/api/node/extensionHostProcess.js:177:12354)
	at MessagePortMain.<anonymous> (/nix/store/3j0nsr6g8fc0kb20hxhvfnsh83bk0fg6-vscodium-1.91.1.24193/lib/vscode/resources/app/out/vs/workbench/api/node/extensionHostProcess.js:177:8164)
	at MessagePortMain.emit (node:events:514:28)
	at MessagePortMain._internalPort.emit (node:electron/js2c/utility_init:2:2285) setContext undefined
2024-08-11 21:46:43.667 [error] Canceled: Canceled
	at new T (/nix/store/3j0nsr6g8fc0kb20hxhvfnsh83bk0fg6-vscodium-1.91.1.24193/lib/vscode/resources/app/out/vs/workbench/api/node/extensionHostProcess.js:144:39096)
	at y._remoteCall (/nix/store/3j0nsr6g8fc0kb20hxhvfnsh83bk0fg6-vscodium-1.91.1.24193/lib/vscode/resources/app/out/vs/workbench/api/node/extensionHostProcess.js:151:8166)
	at U.<computed>.F.charCodeAt.R.CharCode.DollarSign.U.<computed> (/nix/store/3j0nsr6g8fc0kb20hxhvfnsh83bk0fg6-vscodium-1.91.1.24193/lib/vscode/resources/app/out/vs/workbench/api/node/extensionHostProcess.js:151:4351)
	at f._doExecuteCommand (/nix/store/3j0nsr6g8fc0kb20hxhvfnsh83bk0fg6-vscodium-1.91.1.24193/lib/vscode/resources/app/out/vs/workbench/api/node/extensionHostProcess.js:154:241286)
	at f.executeCommand (/nix/store/3j0nsr6g8fc0kb20hxhvfnsh83bk0fg6-vscodium-1.91.1.24193/lib/vscode/resources/app/out/vs/workbench/api/node/extensionHostProcess.js:154:240611)
	at k.registerCommand.description (/nix/store/3j0nsr6g8fc0kb20hxhvfnsh83bk0fg6-vscodium-1.91.1.24193/lib/vscode/resources/app/out/vs/workbench/api/node/extensionHostProcess.js:154:239855)
	at f._executeContributedCommand (/nix/store/3j0nsr6g8fc0kb20hxhvfnsh83bk0fg6-vscodium-1.91.1.24193/lib/vscode/resources/app/out/vs/workbench/api/node/extensionHostProcess.js:154:241924)
	at f._doExecuteCommand (/nix/store/3j0nsr6g8fc0kb20hxhvfnsh83bk0fg6-vscodium-1.91.1.24193/lib/vscode/resources/app/out/vs/workbench/api/node/extensionHostProcess.js:154:240744)
	at f.executeCommand (/nix/store/3j0nsr6g8fc0kb20hxhvfnsh83bk0fg6-vscodium-1.91.1.24193/lib/vscode/resources/app/out/vs/workbench/api/node/extensionHostProcess.js:154:240611)
	at Object.executeCommand (/nix/store/3j0nsr6g8fc0kb20hxhvfnsh83bk0fg6-vscodium-1.91.1.24193/lib/vscode/resources/app/out/vs/workbench/api/node/extensionHostProcess.js:164:29715)
	at T.reset (/home/ser/.vscode-oss/extensions/asvetliakov.vscode-neovim-1.18.7-universal/dist/extension.js:2:187723)
	at l.<anonymous> (/home/ser/.vscode-oss/extensions/asvetliakov.vscode-neovim-1.18.7-universal/dist/extension.js:2:421141)
	at l.dispose (/nix/store/3j0nsr6g8fc0kb20hxhvfnsh83bk0fg6-vscodium-1.91.1.24193/lib/vscode/resources/app/out/vs/workbench/api/node/extensionHostProcess.js:152:6342)
	at h (/nix/store/3j0nsr6g8fc0kb20hxhvfnsh83bk0fg6-vscodium-1.91.1.24193/lib/vscode/resources/app/out/vs/workbench/api/node/extensionHostProcess.js:30:758)
	at m._deactivate (/nix/store/3j0nsr6g8fc0kb20hxhvfnsh83bk0fg6-vscodium-1.91.1.24193/lib/vscode/resources/app/out/vs/workbench/api/node/extensionHostProcess.js:160:13048)
	at /nix/store/3j0nsr6g8fc0kb20hxhvfnsh83bk0fg6-vscodium-1.91.1.24193/lib/vscode/resources/app/out/vs/workbench/api/node/extensionHostProcess.js:160:10194
	at Array.map (<anonymous>)
	at m._deactivateAll (/nix/store/3j0nsr6g8fc0kb20hxhvfnsh83bk0fg6-vscodium-1.91.1.24193/lib/vscode/resources/app/out/vs/workbench/api/node/extensionHostProcess.js:160:10181)
	at m.terminate (/nix/store/3j0nsr6g8fc0kb20hxhvfnsh83bk0fg6-vscodium-1.91.1.24193/lib/vscode/resources/app/out/vs/workbench/api/node/extensionHostProcess.js:160:10564)
	at h.terminate (/nix/store/3j0nsr6g8fc0kb20hxhvfnsh83bk0fg6-vscodium-1.91.1.24193/lib/vscode/resources/app/out/vs/workbench/api/node/extensionHostProcess.js:164:1908)
	at i (/nix/store/3j0nsr6g8fc0kb20hxhvfnsh83bk0fg6-vscodium-1.91.1.24193/lib/vscode/resources/app/out/vs/workbench/api/node/extensionHostProcess.js:177:12354)
	at MessagePortMain.<anonymous> (/nix/store/3j0nsr6g8fc0kb20hxhvfnsh83bk0fg6-vscodium-1.91.1.24193/lib/vscode/resources/app/out/vs/workbench/api/node/extensionHostProcess.js:177:8164)
	at MessagePortMain.emit (node:events:514:28)
	at MessagePortMain._internalPort.emit (node:electron/js2c/utility_init:2:2285) setContext undefined
2024-08-11 21:46:43.667 [error] Canceled: Canceled
	at new T (/nix/store/3j0nsr6g8fc0kb20hxhvfnsh83bk0fg6-vscodium-1.91.1.24193/lib/vscode/resources/app/out/vs/workbench/api/node/extensionHostProcess.js:144:39096)
	at y._remoteCall (/nix/store/3j0nsr6g8fc0kb20hxhvfnsh83bk0fg6-vscodium-1.91.1.24193/lib/vscode/resources/app/out/vs/workbench/api/node/extensionHostProcess.js:151:8166)
	at U.<computed>.F.charCodeAt.R.CharCode.DollarSign.U.<computed> (/nix/store/3j0nsr6g8fc0kb20hxhvfnsh83bk0fg6-vscodium-1.91.1.24193/lib/vscode/resources/app/out/vs/workbench/api/node/extensionHostProcess.js:151:4351)
	at f._doExecuteCommand (/nix/store/3j0nsr6g8fc0kb20hxhvfnsh83bk0fg6-vscodium-1.91.1.24193/lib/vscode/resources/app/out/vs/workbench/api/node/extensionHostProcess.js:154:241286)
	at f.executeCommand (/nix/store/3j0nsr6g8fc0kb20hxhvfnsh83bk0fg6-vscodium-1.91.1.24193/lib/vscode/resources/app/out/vs/workbench/api/node/extensionHostProcess.js:154:240611)
	at k.registerCommand.description (/nix/store/3j0nsr6g8fc0kb20hxhvfnsh83bk0fg6-vscodium-1.91.1.24193/lib/vscode/resources/app/out/vs/workbench/api/node/extensionHostProcess.js:154:239855)
	at f._executeContributedCommand (/nix/store/3j0nsr6g8fc0kb20hxhvfnsh83bk0fg6-vscodium-1.91.1.24193/lib/vscode/resources/app/out/vs/workbench/api/node/extensionHostProcess.js:154:241924)
	at f._doExecuteCommand (/nix/store/3j0nsr6g8fc0kb20hxhvfnsh83bk0fg6-vscodium-1.91.1.24193/lib/vscode/resources/app/out/vs/workbench/api/node/extensionHostProcess.js:154:240744)
	at f.executeCommand (/nix/store/3j0nsr6g8fc0kb20hxhvfnsh83bk0fg6-vscodium-1.91.1.24193/lib/vscode/resources/app/out/vs/workbench/api/node/extensionHostProcess.js:154:240611)
	at Object.executeCommand (/nix/store/3j0nsr6g8fc0kb20hxhvfnsh83bk0fg6-vscodium-1.91.1.24193/lib/vscode/resources/app/out/vs/workbench/api/node/extensionHostProcess.js:164:29715)
	at T.reset (/home/ser/.vscode-oss/extensions/asvetliakov.vscode-neovim-1.18.7-universal/dist/extension.js:2:187723)
	at l.<anonymous> (/home/ser/.vscode-oss/extensions/asvetliakov.vscode-neovim-1.18.7-universal/dist/extension.js:2:421141)
	at l.dispose (/nix/store/3j0nsr6g8fc0kb20hxhvfnsh83bk0fg6-vscodium-1.91.1.24193/lib/vscode/resources/app/out/vs/workbench/api/node/extensionHostProcess.js:152:6342)
	at h (/nix/store/3j0nsr6g8fc0kb20hxhvfnsh83bk0fg6-vscodium-1.91.1.24193/lib/vscode/resources/app/out/vs/workbench/api/node/extensionHostProcess.js:30:758)
	at m._deactivate (/nix/store/3j0nsr6g8fc0kb20hxhvfnsh83bk0fg6-vscodium-1.91.1.24193/lib/vscode/resources/app/out/vs/workbench/api/node/extensionHostProcess.js:160:13048)
	at /nix/store/3j0nsr6g8fc0kb20hxhvfnsh83bk0fg6-vscodium-1.91.1.24193/lib/vscode/resources/app/out/vs/workbench/api/node/extensionHostProcess.js:160:10194
	at Array.map (<anonymous>)
	at m._deactivateAll (/nix/store/3j0nsr6g8fc0kb20hxhvfnsh83bk0fg6-vscodium-1.91.1.24193/lib/vscode/resources/app/out/vs/workbench/api/node/extensionHostProcess.js:160:10181)
	at m.terminate (/nix/store/3j0nsr6g8fc0kb20hxhvfnsh83bk0fg6-vscodium-1.91.1.24193/lib/vscode/resources/app/out/vs/workbench/api/node/extensionHostProcess.js:160:10564)
	at h.terminate (/nix/store/3j0nsr6g8fc0kb20hxhvfnsh83bk0fg6-vscodium-1.91.1.24193/lib/vscode/resources/app/out/vs/workbench/api/node/extensionHostProcess.js:164:1908)
	at i (/nix/store/3j0nsr6g8fc0kb20hxhvfnsh83bk0fg6-vscodium-1.91.1.24193/lib/vscode/resources/app/out/vs/workbench/api/node/extensionHostProcess.js:177:12354)
	at MessagePortMain.<anonymous> (/nix/store/3j0nsr6g8fc0kb20hxhvfnsh83bk0fg6-vscodium-1.91.1.24193/lib/vscode/resources/app/out/vs/workbench/api/node/extensionHostProcess.js:177:8164)
	at MessagePortMain.emit (node:events:514:28)
	at MessagePortMain._internalPort.emit (node:electron/js2c/utility_init:2:2285) setContext undefined
2024-08-11 21:46:43.667 [error] Canceled: Canceled
	at new T (/nix/store/3j0nsr6g8fc0kb20hxhvfnsh83bk0fg6-vscodium-1.91.1.24193/lib/vscode/resources/app/out/vs/workbench/api/node/extensionHostProcess.js:144:39096)
	at y._remoteCall (/nix/store/3j0nsr6g8fc0kb20hxhvfnsh83bk0fg6-vscodium-1.91.1.24193/lib/vscode/resources/app/out/vs/workbench/api/node/extensionHostProcess.js:151:8166)
	at U.<computed>.F.charCodeAt.R.CharCode.DollarSign.U.<computed> (/nix/store/3j0nsr6g8fc0kb20hxhvfnsh83bk0fg6-vscodium-1.91.1.24193/lib/vscode/resources/app/out/vs/workbench/api/node/extensionHostProcess.js:151:4351)
	at f._doExecuteCommand (/nix/store/3j0nsr6g8fc0kb20hxhvfnsh83bk0fg6-vscodium-1.91.1.24193/lib/vscode/resources/app/out/vs/workbench/api/node/extensionHostProcess.js:154:241286)
	at f.executeCommand (/nix/store/3j0nsr6g8fc0kb20hxhvfnsh83bk0fg6-vscodium-1.91.1.24193/lib/vscode/resources/app/out/vs/workbench/api/node/extensionHostProcess.js:154:240611)
	at k.registerCommand.description (/nix/store/3j0nsr6g8fc0kb20hxhvfnsh83bk0fg6-vscodium-1.91.1.24193/lib/vscode/resources/app/out/vs/workbench/api/node/extensionHostProcess.js:154:239855)
	at f._executeContributedCommand (/nix/store/3j0nsr6g8fc0kb20hxhvfnsh83bk0fg6-vscodium-1.91.1.24193/lib/vscode/resources/app/out/vs/workbench/api/node/extensionHostProcess.js:154:241924)
	at f._doExecuteCommand (/nix/store/3j0nsr6g8fc0kb20hxhvfnsh83bk0fg6-vscodium-1.91.1.24193/lib/vscode/resources/app/out/vs/workbench/api/node/extensionHostProcess.js:154:240744)
	at f.executeCommand (/nix/store/3j0nsr6g8fc0kb20hxhvfnsh83bk0fg6-vscodium-1.91.1.24193/lib/vscode/resources/app/out/vs/workbench/api/node/extensionHostProcess.js:154:240611)
	at Object.executeCommand (/nix/store/3j0nsr6g8fc0kb20hxhvfnsh83bk0fg6-vscodium-1.91.1.24193/lib/vscode/resources/app/out/vs/workbench/api/node/extensionHostProcess.js:164:29715)
	at T.reset (/home/ser/.vscode-oss/extensions/asvetliakov.vscode-neovim-1.18.7-universal/dist/extension.js:2:187723)
	at l.<anonymous> (/home/ser/.vscode-oss/extensions/asvetliakov.vscode-neovim-1.18.7-universal/dist/extension.js:2:421141)
	at l.dispose (/nix/store/3j0nsr6g8fc0kb20hxhvfnsh83bk0fg6-vscodium-1.91.1.24193/lib/vscode/resources/app/out/vs/workbench/api/node/extensionHostProcess.js:152:6342)
	at h (/nix/store/3j0nsr6g8fc0kb20hxhvfnsh83bk0fg6-vscodium-1.91.1.24193/lib/vscode/resources/app/out/vs/workbench/api/node/extensionHostProcess.js:30:758)
	at m._deactivate (/nix/store/3j0nsr6g8fc0kb20hxhvfnsh83bk0fg6-vscodium-1.91.1.24193/lib/vscode/resources/app/out/vs/workbench/api/node/extensionHostProcess.js:160:13048)
	at /nix/store/3j0nsr6g8fc0kb20hxhvfnsh83bk0fg6-vscodium-1.91.1.24193/lib/vscode/resources/app/out/vs/workbench/api/node/extensionHostProcess.js:160:10194
	at Array.map (<anonymous>)
	at m._deactivateAll (/nix/store/3j0nsr6g8fc0kb20hxhvfnsh83bk0fg6-vscodium-1.91.1.24193/lib/vscode/resources/app/out/vs/workbench/api/node/extensionHostProcess.js:160:10181)
	at m.terminate (/nix/store/3j0nsr6g8fc0kb20hxhvfnsh83bk0fg6-vscodium-1.91.1.24193/lib/vscode/resources/app/out/vs/workbench/api/node/extensionHostProcess.js:160:10564)
	at h.terminate (/nix/store/3j0nsr6g8fc0kb20hxhvfnsh83bk0fg6-vscodium-1.91.1.24193/lib/vscode/resources/app/out/vs/workbench/api/node/extensionHostProcess.js:164:1908)
	at i (/nix/store/3j0nsr6g8fc0kb20hxhvfnsh83bk0fg6-vscodium-1.91.1.24193/lib/vscode/resources/app/out/vs/workbench/api/node/extensionHostProcess.js:177:12354)
	at MessagePortMain.<anonymous> (/nix/store/3j0nsr6g8fc0kb20hxhvfnsh83bk0fg6-vscodium-1.91.1.24193/lib/vscode/resources/app/out/vs/workbench/api/node/extensionHostProcess.js:177:8164)
	at MessagePortMain.emit (node:events:514:28)
	at MessagePortMain._internalPort.emit (node:electron/js2c/utility_init:2:2285) setContext undefined
2024-08-11 21:46:43.667 [error] Canceled: Canceled
	at new T (/nix/store/3j0nsr6g8fc0kb20hxhvfnsh83bk0fg6-vscodium-1.91.1.24193/lib/vscode/resources/app/out/vs/workbench/api/node/extensionHostProcess.js:144:39096)
	at y._remoteCall (/nix/store/3j0nsr6g8fc0kb20hxhvfnsh83bk0fg6-vscodium-1.91.1.24193/lib/vscode/resources/app/out/vs/workbench/api/node/extensionHostProcess.js:151:8166)
	at U.<computed>.F.charCodeAt.R.CharCode.DollarSign.U.<computed> (/nix/store/3j0nsr6g8fc0kb20hxhvfnsh83bk0fg6-vscodium-1.91.1.24193/lib/vscode/resources/app/out/vs/workbench/api/node/extensionHostProcess.js:151:4351)
	at f._doExecuteCommand (/nix/store/3j0nsr6g8fc0kb20hxhvfnsh83bk0fg6-vscodium-1.91.1.24193/lib/vscode/resources/app/out/vs/workbench/api/node/extensionHostProcess.js:154:241286)
	at f.executeCommand (/nix/store/3j0nsr6g8fc0kb20hxhvfnsh83bk0fg6-vscodium-1.91.1.24193/lib/vscode/resources/app/out/vs/workbench/api/node/extensionHostProcess.js:154:240611)
	at k.registerCommand.description (/nix/store/3j0nsr6g8fc0kb20hxhvfnsh83bk0fg6-vscodium-1.91.1.24193/lib/vscode/resources/app/out/vs/workbench/api/node/extensionHostProcess.js:154:239855)
	at f._executeContributedCommand (/nix/store/3j0nsr6g8fc0kb20hxhvfnsh83bk0fg6-vscodium-1.91.1.24193/lib/vscode/resources/app/out/vs/workbench/api/node/extensionHostProcess.js:154:241924)
	at f._doExecuteCommand (/nix/store/3j0nsr6g8fc0kb20hxhvfnsh83bk0fg6-vscodium-1.91.1.24193/lib/vscode/resources/app/out/vs/workbench/api/node/extensionHostProcess.js:154:240744)
	at f.executeCommand (/nix/store/3j0nsr6g8fc0kb20hxhvfnsh83bk0fg6-vscodium-1.91.1.24193/lib/vscode/resources/app/out/vs/workbench/api/node/extensionHostProcess.js:154:240611)
	at Object.executeCommand (/nix/store/3j0nsr6g8fc0kb20hxhvfnsh83bk0fg6-vscodium-1.91.1.24193/lib/vscode/resources/app/out/vs/workbench/api/node/extensionHostProcess.js:164:29715)
	at T.reset (/home/ser/.vscode-oss/extensions/asvetliakov.vscode-neovim-1.18.7-universal/dist/extension.js:2:187723)
	at l.<anonymous> (/home/ser/.vscode-oss/extensions/asvetliakov.vscode-neovim-1.18.7-universal/dist/extension.js:2:421141)
	at l.dispose (/nix/store/3j0nsr6g8fc0kb20hxhvfnsh83bk0fg6-vscodium-1.91.1.24193/lib/vscode/resources/app/out/vs/workbench/api/node/extensionHostProcess.js:152:6342)
	at h (/nix/store/3j0nsr6g8fc0kb20hxhvfnsh83bk0fg6-vscodium-1.91.1.24193/lib/vscode/resources/app/out/vs/workbench/api/node/extensionHostProcess.js:30:758)
	at m._deactivate (/nix/store/3j0nsr6g8fc0kb20hxhvfnsh83bk0fg6-vscodium-1.91.1.24193/lib/vscode/resources/app/out/vs/workbench/api/node/extensionHostProcess.js:160:13048)
	at /nix/store/3j0nsr6g8fc0kb20hxhvfnsh83bk0fg6-vscodium-1.91.1.24193/lib/vscode/resources/app/out/vs/workbench/api/node/extensionHostProcess.js:160:10194
	at Array.map (<anonymous>)
	at m._deactivateAll (/nix/store/3j0nsr6g8fc0kb20hxhvfnsh83bk0fg6-vscodium-1.91.1.24193/lib/vscode/resources/app/out/vs/workbench/api/node/extensionHostProcess.js:160:10181)
	at m.terminate (/nix/store/3j0nsr6g8fc0kb20hxhvfnsh83bk0fg6-vscodium-1.91.1.24193/lib/vscode/resources/app/out/vs/workbench/api/node/extensionHostProcess.js:160:10564)
	at h.terminate (/nix/store/3j0nsr6g8fc0kb20hxhvfnsh83bk0fg6-vscodium-1.91.1.24193/lib/vscode/resources/app/out/vs/workbench/api/node/extensionHostProcess.js:164:1908)
	at i (/nix/store/3j0nsr6g8fc0kb20hxhvfnsh83bk0fg6-vscodium-1.91.1.24193/lib/vscode/resources/app/out/vs/workbench/api/node/extensionHostProcess.js:177:12354)
	at MessagePortMain.<anonymous> (/nix/store/3j0nsr6g8fc0kb20hxhvfnsh83bk0fg6-vscodium-1.91.1.24193/lib/vscode/resources/app/out/vs/workbench/api/node/extensionHostProcess.js:177:8164)
	at MessagePortMain.emit (node:events:514:28)
	at MessagePortMain._internalPort.emit (node:electron/js2c/utility_init:2:2285) setContext undefined
2024-08-11 21:46:43.667 [error] Canceled: Canceled
	at new T (/nix/store/3j0nsr6g8fc0kb20hxhvfnsh83bk0fg6-vscodium-1.91.1.24193/lib/vscode/resources/app/out/vs/workbench/api/node/extensionHostProcess.js:144:39096)
	at y._remoteCall (/nix/store/3j0nsr6g8fc0kb20hxhvfnsh83bk0fg6-vscodium-1.91.1.24193/lib/vscode/resources/app/out/vs/workbench/api/node/extensionHostProcess.js:151:8166)
	at U.<computed>.F.charCodeAt.R.CharCode.DollarSign.U.<computed> (/nix/store/3j0nsr6g8fc0kb20hxhvfnsh83bk0fg6-vscodium-1.91.1.24193/lib/vscode/resources/app/out/vs/workbench/api/node/extensionHostProcess.js:151:4351)
	at f._doExecuteCommand (/nix/store/3j0nsr6g8fc0kb20hxhvfnsh83bk0fg6-vscodium-1.91.1.24193/lib/vscode/resources/app/out/vs/workbench/api/node/extensionHostProcess.js:154:241286)
	at f.executeCommand (/nix/store/3j0nsr6g8fc0kb20hxhvfnsh83bk0fg6-vscodium-1.91.1.24193/lib/vscode/resources/app/out/vs/workbench/api/node/extensionHostProcess.js:154:240611)
	at k.registerCommand.description (/nix/store/3j0nsr6g8fc0kb20hxhvfnsh83bk0fg6-vscodium-1.91.1.24193/lib/vscode/resources/app/out/vs/workbench/api/node/extensionHostProcess.js:154:239855)
	at f._executeContributedCommand (/nix/store/3j0nsr6g8fc0kb20hxhvfnsh83bk0fg6-vscodium-1.91.1.24193/lib/vscode/resources/app/out/vs/workbench/api/node/extensionHostProcess.js:154:241924)
	at f._doExecuteCommand (/nix/store/3j0nsr6g8fc0kb20hxhvfnsh83bk0fg6-vscodium-1.91.1.24193/lib/vscode/resources/app/out/vs/workbench/api/node/extensionHostProcess.js:154:240744)
	at f.executeCommand (/nix/store/3j0nsr6g8fc0kb20hxhvfnsh83bk0fg6-vscodium-1.91.1.24193/lib/vscode/resources/app/out/vs/workbench/api/node/extensionHostProcess.js:154:240611)
	at Object.executeCommand (/nix/store/3j0nsr6g8fc0kb20hxhvfnsh83bk0fg6-vscodium-1.91.1.24193/lib/vscode/resources/app/out/vs/workbench/api/node/extensionHostProcess.js:164:29715)
	at T.reset (/home/ser/.vscode-oss/extensions/asvetliakov.vscode-neovim-1.18.7-universal/dist/extension.js:2:187723)
	at l.<anonymous> (/home/ser/.vscode-oss/extensions/asvetliakov.vscode-neovim-1.18.7-universal/dist/extension.js:2:421141)
	at l.dispose (/nix/store/3j0nsr6g8fc0kb20hxhvfnsh83bk0fg6-vscodium-1.91.1.24193/lib/vscode/resources/app/out/vs/workbench/api/node/extensionHostProcess.js:152:6342)
	at h (/nix/store/3j0nsr6g8fc0kb20hxhvfnsh83bk0fg6-vscodium-1.91.1.24193/lib/vscode/resources/app/out/vs/workbench/api/node/extensionHostProcess.js:30:758)
	at m._deactivate (/nix/store/3j0nsr6g8fc0kb20hxhvfnsh83bk0fg6-vscodium-1.91.1.24193/lib/vscode/resources/app/out/vs/workbench/api/node/extensionHostProcess.js:160:13048)
	at /nix/store/3j0nsr6g8fc0kb20hxhvfnsh83bk0fg6-vscodium-1.91.1.24193/lib/vscode/resources/app/out/vs/workbench/api/node/extensionHostProcess.js:160:10194
	at Array.map (<anonymous>)
	at m._deactivateAll (/nix/store/3j0nsr6g8fc0kb20hxhvfnsh83bk0fg6-vscodium-1.91.1.24193/lib/vscode/resources/app/out/vs/workbench/api/node/extensionHostProcess.js:160:10181)
	at m.terminate (/nix/store/3j0nsr6g8fc0kb20hxhvfnsh83bk0fg6-vscodium-1.91.1.24193/lib/vscode/resources/app/out/vs/workbench/api/node/extensionHostProcess.js:160:10564)
	at h.terminate (/nix/store/3j0nsr6g8fc0kb20hxhvfnsh83bk0fg6-vscodium-1.91.1.24193/lib/vscode/resources/app/out/vs/workbench/api/node/extensionHostProcess.js:164:1908)
	at i (/nix/store/3j0nsr6g8fc0kb20hxhvfnsh83bk0fg6-vscodium-1.91.1.24193/lib/vscode/resources/app/out/vs/workbench/api/node/extensionHostProcess.js:177:12354)
	at MessagePortMain.<anonymous> (/nix/store/3j0nsr6g8fc0kb20hxhvfnsh83bk0fg6-vscodium-1.91.1.24193/lib/vscode/resources/app/out/vs/workbench/api/node/extensionHostProcess.js:177:8164)
	at MessagePortMain.emit (node:events:514:28)
	at MessagePortMain._internalPort.emit (node:electron/js2c/utility_init:2:2285) setContext undefined
2024-08-11 21:46:43.667 [error] Canceled: Canceled
	at new T (/nix/store/3j0nsr6g8fc0kb20hxhvfnsh83bk0fg6-vscodium-1.91.1.24193/lib/vscode/resources/app/out/vs/workbench/api/node/extensionHostProcess.js:144:39096)
	at y._remoteCall (/nix/store/3j0nsr6g8fc0kb20hxhvfnsh83bk0fg6-vscodium-1.91.1.24193/lib/vscode/resources/app/out/vs/workbench/api/node/extensionHostProcess.js:151:8166)
	at U.<computed>.F.charCodeAt.R.CharCode.DollarSign.U.<computed> (/nix/store/3j0nsr6g8fc0kb20hxhvfnsh83bk0fg6-vscodium-1.91.1.24193/lib/vscode/resources/app/out/vs/workbench/api/node/extensionHostProcess.js:151:4351)
	at f._doExecuteCommand (/nix/store/3j0nsr6g8fc0kb20hxhvfnsh83bk0fg6-vscodium-1.91.1.24193/lib/vscode/resources/app/out/vs/workbench/api/node/extensionHostProcess.js:154:241286)
	at f.executeCommand (/nix/store/3j0nsr6g8fc0kb20hxhvfnsh83bk0fg6-vscodium-1.91.1.24193/lib/vscode/resources/app/out/vs/workbench/api/node/extensionHostProcess.js:154:240611)
	at k.registerCommand.description (/nix/store/3j0nsr6g8fc0kb20hxhvfnsh83bk0fg6-vscodium-1.91.1.24193/lib/vscode/resources/app/out/vs/workbench/api/node/extensionHostProcess.js:154:239855)
	at f._executeContributedCommand (/nix/store/3j0nsr6g8fc0kb20hxhvfnsh83bk0fg6-vscodium-1.91.1.24193/lib/vscode/resources/app/out/vs/workbench/api/node/extensionHostProcess.js:154:241924)
	at f._doExecuteCommand (/nix/store/3j0nsr6g8fc0kb20hxhvfnsh83bk0fg6-vscodium-1.91.1.24193/lib/vscode/resources/app/out/vs/workbench/api/node/extensionHostProcess.js:154:240744)
	at f.executeCommand (/nix/store/3j0nsr6g8fc0kb20hxhvfnsh83bk0fg6-vscodium-1.91.1.24193/lib/vscode/resources/app/out/vs/workbench/api/node/extensionHostProcess.js:154:240611)
	at Object.executeCommand (/nix/store/3j0nsr6g8fc0kb20hxhvfnsh83bk0fg6-vscodium-1.91.1.24193/lib/vscode/resources/app/out/vs/workbench/api/node/extensionHostProcess.js:164:29715)
	at T.reset (/home/ser/.vscode-oss/extensions/asvetliakov.vscode-neovim-1.18.7-universal/dist/extension.js:2:187723)
	at l.<anonymous> (/home/ser/.vscode-oss/extensions/asvetliakov.vscode-neovim-1.18.7-universal/dist/extension.js:2:421141)
	at l.dispose (/nix/store/3j0nsr6g8fc0kb20hxhvfnsh83bk0fg6-vscodium-1.91.1.24193/lib/vscode/resources/app/out/vs/workbench/api/node/extensionHostProcess.js:152:6342)
	at h (/nix/store/3j0nsr6g8fc0kb20hxhvfnsh83bk0fg6-vscodium-1.91.1.24193/lib/vscode/resources/app/out/vs/workbench/api/node/extensionHostProcess.js:30:758)
	at m._deactivate (/nix/store/3j0nsr6g8fc0kb20hxhvfnsh83bk0fg6-vscodium-1.91.1.24193/lib/vscode/resources/app/out/vs/workbench/api/node/extensionHostProcess.js:160:13048)
	at /nix/store/3j0nsr6g8fc0kb20hxhvfnsh83bk0fg6-vscodium-1.91.1.24193/lib/vscode/resources/app/out/vs/workbench/api/node/extensionHostProcess.js:160:10194
	at Array.map (<anonymous>)
	at m._deactivateAll (/nix/store/3j0nsr6g8fc0kb20hxhvfnsh83bk0fg6-vscodium-1.91.1.24193/lib/vscode/resources/app/out/vs/workbench/api/node/extensionHostProcess.js:160:10181)
	at m.terminate (/nix/store/3j0nsr6g8fc0kb20hxhvfnsh83bk0fg6-vscodium-1.91.1.24193/lib/vscode/resources/app/out/vs/workbench/api/node/extensionHostProcess.js:160:10564)
	at h.terminate (/nix/store/3j0nsr6g8fc0kb20hxhvfnsh83bk0fg6-vscodium-1.91.1.24193/lib/vscode/resources/app/out/vs/workbench/api/node/extensionHostProcess.js:164:1908)
	at i (/nix/store/3j0nsr6g8fc0kb20hxhvfnsh83bk0fg6-vscodium-1.91.1.24193/lib/vscode/resources/app/out/vs/workbench/api/node/extensionHostProcess.js:177:12354)
	at MessagePortMain.<anonymous> (/nix/store/3j0nsr6g8fc0kb20hxhvfnsh83bk0fg6-vscodium-1.91.1.24193/lib/vscode/resources/app/out/vs/workbench/api/node/extensionHostProcess.js:177:8164)
	at MessagePortMain.emit (node:events:514:28)
	at MessagePortMain._internalPort.emit (node:electron/js2c/utility_init:2:2285) setContext undefined
2024-08-11 21:46:43.667 [error] Canceled: Canceled
	at new T (/nix/store/3j0nsr6g8fc0kb20hxhvfnsh83bk0fg6-vscodium-1.91.1.24193/lib/vscode/resources/app/out/vs/workbench/api/node/extensionHostProcess.js:144:39096)
	at y._remoteCall (/nix/store/3j0nsr6g8fc0kb20hxhvfnsh83bk0fg6-vscodium-1.91.1.24193/lib/vscode/resources/app/out/vs/workbench/api/node/extensionHostProcess.js:151:8166)
	at U.<computed>.F.charCodeAt.R.CharCode.DollarSign.U.<computed> (/nix/store/3j0nsr6g8fc0kb20hxhvfnsh83bk0fg6-vscodium-1.91.1.24193/lib/vscode/resources/app/out/vs/workbench/api/node/extensionHostProcess.js:151:4351)
	at f._doExecuteCommand (/nix/store/3j0nsr6g8fc0kb20hxhvfnsh83bk0fg6-vscodium-1.91.1.24193/lib/vscode/resources/app/out/vs/workbench/api/node/extensionHostProcess.js:154:241286)
	at f.executeCommand (/nix/store/3j0nsr6g8fc0kb20hxhvfnsh83bk0fg6-vscodium-1.91.1.24193/lib/vscode/resources/app/out/vs/workbench/api/node/extensionHostProcess.js:154:240611)
	at k.registerCommand.description (/nix/store/3j0nsr6g8fc0kb20hxhvfnsh83bk0fg6-vscodium-1.91.1.24193/lib/vscode/resources/app/out/vs/workbench/api/node/extensionHostProcess.js:154:239855)
	at f._executeContributedCommand (/nix/store/3j0nsr6g8fc0kb20hxhvfnsh83bk0fg6-vscodium-1.91.1.24193/lib/vscode/resources/app/out/vs/workbench/api/node/extensionHostProcess.js:154:241924)
	at f._doExecuteCommand (/nix/store/3j0nsr6g8fc0kb20hxhvfnsh83bk0fg6-vscodium-1.91.1.24193/lib/vscode/resources/app/out/vs/workbench/api/node/extensionHostProcess.js:154:240744)
	at f.executeCommand (/nix/store/3j0nsr6g8fc0kb20hxhvfnsh83bk0fg6-vscodium-1.91.1.24193/lib/vscode/resources/app/out/vs/workbench/api/node/extensionHostProcess.js:154:240611)
	at Object.executeCommand (/nix/store/3j0nsr6g8fc0kb20hxhvfnsh83bk0fg6-vscodium-1.91.1.24193/lib/vscode/resources/app/out/vs/workbench/api/node/extensionHostProcess.js:164:29715)
	at T.reset (/home/ser/.vscode-oss/extensions/asvetliakov.vscode-neovim-1.18.7-universal/dist/extension.js:2:187723)
	at l.<anonymous> (/home/ser/.vscode-oss/extensions/asvetliakov.vscode-neovim-1.18.7-universal/dist/extension.js:2:421141)
	at l.dispose (/nix/store/3j0nsr6g8fc0kb20hxhvfnsh83bk0fg6-vscodium-1.91.1.24193/lib/vscode/resources/app/out/vs/workbench/api/node/extensionHostProcess.js:152:6342)
	at h (/nix/store/3j0nsr6g8fc0kb20hxhvfnsh83bk0fg6-vscodium-1.91.1.24193/lib/vscode/resources/app/out/vs/workbench/api/node/extensionHostProcess.js:30:758)
	at m._deactivate (/nix/store/3j0nsr6g8fc0kb20hxhvfnsh83bk0fg6-vscodium-1.91.1.24193/lib/vscode/resources/app/out/vs/workbench/api/node/extensionHostProcess.js:160:13048)
	at /nix/store/3j0nsr6g8fc0kb20hxhvfnsh83bk0fg6-vscodium-1.91.1.24193/lib/vscode/resources/app/out/vs/workbench/api/node/extensionHostProcess.js:160:10194
	at Array.map (<anonymous>)
	at m._deactivateAll (/nix/store/3j0nsr6g8fc0kb20hxhvfnsh83bk0fg6-vscodium-1.91.1.24193/lib/vscode/resources/app/out/vs/workbench/api/node/extensionHostProcess.js:160:10181)
	at m.terminate (/nix/store/3j0nsr6g8fc0kb20hxhvfnsh83bk0fg6-vscodium-1.91.1.24193/lib/vscode/resources/app/out/vs/workbench/api/node/extensionHostProcess.js:160:10564)
	at h.terminate (/nix/store/3j0nsr6g8fc0kb20hxhvfnsh83bk0fg6-vscodium-1.91.1.24193/lib/vscode/resources/app/out/vs/workbench/api/node/extensionHostProcess.js:164:1908)
	at i (/nix/store/3j0nsr6g8fc0kb20hxhvfnsh83bk0fg6-vscodium-1.91.1.24193/lib/vscode/resources/app/out/vs/workbench/api/node/extensionHostProcess.js:177:12354)
	at MessagePortMain.<anonymous> (/nix/store/3j0nsr6g8fc0kb20hxhvfnsh83bk0fg6-vscodium-1.91.1.24193/lib/vscode/resources/app/out/vs/workbench/api/node/extensionHostProcess.js:177:8164)
	at MessagePortMain.emit (node:events:514:28)
	at MessagePortMain._internalPort.emit (node:electron/js2c/utility_init:2:2285) setContext undefined
2024-08-11 21:46:43.667 [error] Canceled: Canceled
	at new T (/nix/store/3j0nsr6g8fc0kb20hxhvfnsh83bk0fg6-vscodium-1.91.1.24193/lib/vscode/resources/app/out/vs/workbench/api/node/extensionHostProcess.js:144:39096)
	at y._remoteCall (/nix/store/3j0nsr6g8fc0kb20hxhvfnsh83bk0fg6-vscodium-1.91.1.24193/lib/vscode/resources/app/out/vs/workbench/api/node/extensionHostProcess.js:151:8166)
	at U.<computed>.F.charCodeAt.R.CharCode.DollarSign.U.<computed> (/nix/store/3j0nsr6g8fc0kb20hxhvfnsh83bk0fg6-vscodium-1.91.1.24193/lib/vscode/resources/app/out/vs/workbench/api/node/extensionHostProcess.js:151:4351)
	at f._doExecuteCommand (/nix/store/3j0nsr6g8fc0kb20hxhvfnsh83bk0fg6-vscodium-1.91.1.24193/lib/vscode/resources/app/out/vs/workbench/api/node/extensionHostProcess.js:154:241286)
	at f.executeCommand (/nix/store/3j0nsr6g8fc0kb20hxhvfnsh83bk0fg6-vscodium-1.91.1.24193/lib/vscode/resources/app/out/vs/workbench/api/node/extensionHostProcess.js:154:240611)
	at k.registerCommand.description (/nix/store/3j0nsr6g8fc0kb20hxhvfnsh83bk0fg6-vscodium-1.91.1.24193/lib/vscode/resources/app/out/vs/workbench/api/node/extensionHostProcess.js:154:239855)
	at f._executeContributedCommand (/nix/store/3j0nsr6g8fc0kb20hxhvfnsh83bk0fg6-vscodium-1.91.1.24193/lib/vscode/resources/app/out/vs/workbench/api/node/extensionHostProcess.js:154:241924)
	at f._doExecuteCommand (/nix/store/3j0nsr6g8fc0kb20hxhvfnsh83bk0fg6-vscodium-1.91.1.24193/lib/vscode/resources/app/out/vs/workbench/api/node/extensionHostProcess.js:154:240744)
	at f.executeCommand (/nix/store/3j0nsr6g8fc0kb20hxhvfnsh83bk0fg6-vscodium-1.91.1.24193/lib/vscode/resources/app/out/vs/workbench/api/node/extensionHostProcess.js:154:240611)
	at Object.executeCommand (/nix/store/3j0nsr6g8fc0kb20hxhvfnsh83bk0fg6-vscodium-1.91.1.24193/lib/vscode/resources/app/out/vs/workbench/api/node/extensionHostProcess.js:164:29715)
	at T.reset (/home/ser/.vscode-oss/extensions/asvetliakov.vscode-neovim-1.18.7-universal/dist/extension.js:2:187723)
	at l.<anonymous> (/home/ser/.vscode-oss/extensions/asvetliakov.vscode-neovim-1.18.7-universal/dist/extension.js:2:421141)
	at l.dispose (/nix/store/3j0nsr6g8fc0kb20hxhvfnsh83bk0fg6-vscodium-1.91.1.24193/lib/vscode/resources/app/out/vs/workbench/api/node/extensionHostProcess.js:152:6342)
	at h (/nix/store/3j0nsr6g8fc0kb20hxhvfnsh83bk0fg6-vscodium-1.91.1.24193/lib/vscode/resources/app/out/vs/workbench/api/node/extensionHostProcess.js:30:758)
	at m._deactivate (/nix/store/3j0nsr6g8fc0kb20hxhvfnsh83bk0fg6-vscodium-1.91.1.24193/lib/vscode/resources/app/out/vs/workbench/api/node/extensionHostProcess.js:160:13048)
	at /nix/store/3j0nsr6g8fc0kb20hxhvfnsh83bk0fg6-vscodium-1.91.1.24193/lib/vscode/resources/app/out/vs/workbench/api/node/extensionHostProcess.js:160:10194
	at Array.map (<anonymous>)
	at m._deactivateAll (/nix/store/3j0nsr6g8fc0kb20hxhvfnsh83bk0fg6-vscodium-1.91.1.24193/lib/vscode/resources/app/out/vs/workbench/api/node/extensionHostProcess.js:160:10181)
	at m.terminate (/nix/store/3j0nsr6g8fc0kb20hxhvfnsh83bk0fg6-vscodium-1.91.1.24193/lib/vscode/resources/app/out/vs/workbench/api/node/extensionHostProcess.js:160:10564)
	at h.terminate (/nix/store/3j0nsr6g8fc0kb20hxhvfnsh83bk0fg6-vscodium-1.91.1.24193/lib/vscode/resources/app/out/vs/workbench/api/node/extensionHostProcess.js:164:1908)
	at i (/nix/store/3j0nsr6g8fc0kb20hxhvfnsh83bk0fg6-vscodium-1.91.1.24193/lib/vscode/resources/app/out/vs/workbench/api/node/extensionHostProcess.js:177:12354)
	at MessagePortMain.<anonymous> (/nix/store/3j0nsr6g8fc0kb20hxhvfnsh83bk0fg6-vscodium-1.91.1.24193/lib/vscode/resources/app/out/vs/workbench/api/node/extensionHostProcess.js:177:8164)
	at MessagePortMain.emit (node:events:514:28)
	at MessagePortMain._internalPort.emit (node:electron/js2c/utility_init:2:2285) setContext undefined
2024-08-11 21:46:43.667 [error] Canceled: Canceled
	at new T (/nix/store/3j0nsr6g8fc0kb20hxhvfnsh83bk0fg6-vscodium-1.91.1.24193/lib/vscode/resources/app/out/vs/workbench/api/node/extensionHostProcess.js:144:39096)
	at y._remoteCall (/nix/store/3j0nsr6g8fc0kb20hxhvfnsh83bk0fg6-vscodium-1.91.1.24193/lib/vscode/resources/app/out/vs/workbench/api/node/extensionHostProcess.js:151:8166)
	at U.<computed>.F.charCodeAt.R.CharCode.DollarSign.U.<computed> (/nix/store/3j0nsr6g8fc0kb20hxhvfnsh83bk0fg6-vscodium-1.91.1.24193/lib/vscode/resources/app/out/vs/workbench/api/node/extensionHostProcess.js:151:4351)
	at f._doExecuteCommand (/nix/store/3j0nsr6g8fc0kb20hxhvfnsh83bk0fg6-vscodium-1.91.1.24193/lib/vscode/resources/app/out/vs/workbench/api/node/extensionHostProcess.js:154:241286)
	at f.executeCommand (/nix/store/3j0nsr6g8fc0kb20hxhvfnsh83bk0fg6-vscodium-1.91.1.24193/lib/vscode/resources/app/out/vs/workbench/api/node/extensionHostProcess.js:154:240611)
	at k.registerCommand.description (/nix/store/3j0nsr6g8fc0kb20hxhvfnsh83bk0fg6-vscodium-1.91.1.24193/lib/vscode/resources/app/out/vs/workbench/api/node/extensionHostProcess.js:154:239855)
	at f._executeContributedCommand (/nix/store/3j0nsr6g8fc0kb20hxhvfnsh83bk0fg6-vscodium-1.91.1.24193/lib/vscode/resources/app/out/vs/workbench/api/node/extensionHostProcess.js:154:241924)
	at f._doExecuteCommand (/nix/store/3j0nsr6g8fc0kb20hxhvfnsh83bk0fg6-vscodium-1.91.1.24193/lib/vscode/resources/app/out/vs/workbench/api/node/extensionHostProcess.js:154:240744)
	at f.executeCommand (/nix/store/3j0nsr6g8fc0kb20hxhvfnsh83bk0fg6-vscodium-1.91.1.24193/lib/vscode/resources/app/out/vs/workbench/api/node/extensionHostProcess.js:154:240611)
	at Object.executeCommand (/nix/store/3j0nsr6g8fc0kb20hxhvfnsh83bk0fg6-vscodium-1.91.1.24193/lib/vscode/resources/app/out/vs/workbench/api/node/extensionHostProcess.js:164:29715)
	at T.reset (/home/ser/.vscode-oss/extensions/asvetliakov.vscode-neovim-1.18.7-universal/dist/extension.js:2:187723)
	at l.<anonymous> (/home/ser/.vscode-oss/extensions/asvetliakov.vscode-neovim-1.18.7-universal/dist/extension.js:2:421141)
	at l.dispose (/nix/store/3j0nsr6g8fc0kb20hxhvfnsh83bk0fg6-vscodium-1.91.1.24193/lib/vscode/resources/app/out/vs/workbench/api/node/extensionHostProcess.js:152:6342)
	at h (/nix/store/3j0nsr6g8fc0kb20hxhvfnsh83bk0fg6-vscodium-1.91.1.24193/lib/vscode/resources/app/out/vs/workbench/api/node/extensionHostProcess.js:30:758)
	at m._deactivate (/nix/store/3j0nsr6g8fc0kb20hxhvfnsh83bk0fg6-vscodium-1.91.1.24193/lib/vscode/resources/app/out/vs/workbench/api/node/extensionHostProcess.js:160:13048)
	at /nix/store/3j0nsr6g8fc0kb20hxhvfnsh83bk0fg6-vscodium-1.91.1.24193/lib/vscode/resources/app/out/vs/workbench/api/node/extensionHostProcess.js:160:10194
	at Array.map (<anonymous>)
	at m._deactivateAll (/nix/store/3j0nsr6g8fc0kb20hxhvfnsh83bk0fg6-vscodium-1.91.1.24193/lib/vscode/resources/app/out/vs/workbench/api/node/extensionHostProcess.js:160:10181)
	at m.terminate (/nix/store/3j0nsr6g8fc0kb20hxhvfnsh83bk0fg6-vscodium-1.91.1.24193/lib/vscode/resources/app/out/vs/workbench/api/node/extensionHostProcess.js:160:10564)
	at h.terminate (/nix/store/3j0nsr6g8fc0kb20hxhvfnsh83bk0fg6-vscodium-1.91.1.24193/lib/vscode/resources/app/out/vs/workbench/api/node/extensionHostProcess.js:164:1908)
	at i (/nix/store/3j0nsr6g8fc0kb20hxhvfnsh83bk0fg6-vscodium-1.91.1.24193/lib/vscode/resources/app/out/vs/workbench/api/node/extensionHostProcess.js:177:12354)
	at MessagePortMain.<anonymous> (/nix/store/3j0nsr6g8fc0kb20hxhvfnsh83bk0fg6-vscodium-1.91.1.24193/lib/vscode/resources/app/out/vs/workbench/api/node/extensionHostProcess.js:177:8164)
	at MessagePortMain.emit (node:events:514:28)
	at MessagePortMain._internalPort.emit (node:electron/js2c/utility_init:2:2285) setContext undefined
2024-08-11 21:46:43.667 [error] Canceled: Canceled
	at new T (/nix/store/3j0nsr6g8fc0kb20hxhvfnsh83bk0fg6-vscodium-1.91.1.24193/lib/vscode/resources/app/out/vs/workbench/api/node/extensionHostProcess.js:144:39096)
	at y._remoteCall (/nix/store/3j0nsr6g8fc0kb20hxhvfnsh83bk0fg6-vscodium-1.91.1.24193/lib/vscode/resources/app/out/vs/workbench/api/node/extensionHostProcess.js:151:8166)
	at U.<computed>.F.charCodeAt.R.CharCode.DollarSign.U.<computed> (/nix/store/3j0nsr6g8fc0kb20hxhvfnsh83bk0fg6-vscodium-1.91.1.24193/lib/vscode/resources/app/out/vs/workbench/api/node/extensionHostProcess.js:151:4351)
	at f._doExecuteCommand (/nix/store/3j0nsr6g8fc0kb20hxhvfnsh83bk0fg6-vscodium-1.91.1.24193/lib/vscode/resources/app/out/vs/workbench/api/node/extensionHostProcess.js:154:241286)
	at f.executeCommand (/nix/store/3j0nsr6g8fc0kb20hxhvfnsh83bk0fg6-vscodium-1.91.1.24193/lib/vscode/resources/app/out/vs/workbench/api/node/extensionHostProcess.js:154:240611)
	at k.registerCommand.description (/nix/store/3j0nsr6g8fc0kb20hxhvfnsh83bk0fg6-vscodium-1.91.1.24193/lib/vscode/resources/app/out/vs/workbench/api/node/extensionHostProcess.js:154:239855)
	at f._executeContributedCommand (/nix/store/3j0nsr6g8fc0kb20hxhvfnsh83bk0fg6-vscodium-1.91.1.24193/lib/vscode/resources/app/out/vs/workbench/api/node/extensionHostProcess.js:154:241924)
	at f._doExecuteCommand (/nix/store/3j0nsr6g8fc0kb20hxhvfnsh83bk0fg6-vscodium-1.91.1.24193/lib/vscode/resources/app/out/vs/workbench/api/node/extensionHostProcess.js:154:240744)
	at f.executeCommand (/nix/store/3j0nsr6g8fc0kb20hxhvfnsh83bk0fg6-vscodium-1.91.1.24193/lib/vscode/resources/app/out/vs/workbench/api/node/extensionHostProcess.js:154:240611)
	at Object.executeCommand (/nix/store/3j0nsr6g8fc0kb20hxhvfnsh83bk0fg6-vscodium-1.91.1.24193/lib/vscode/resources/app/out/vs/workbench/api/node/extensionHostProcess.js:164:29715)
	at T.reset (/home/ser/.vscode-oss/extensions/asvetliakov.vscode-neovim-1.18.7-universal/dist/extension.js:2:187723)
	at l.<anonymous> (/home/ser/.vscode-oss/extensions/asvetliakov.vscode-neovim-1.18.7-universal/dist/extension.js:2:421141)
	at l.dispose (/nix/store/3j0nsr6g8fc0kb20hxhvfnsh83bk0fg6-vscodium-1.91.1.24193/lib/vscode/resources/app/out/vs/workbench/api/node/extensionHostProcess.js:152:6342)
	at h (/nix/store/3j0nsr6g8fc0kb20hxhvfnsh83bk0fg6-vscodium-1.91.1.24193/lib/vscode/resources/app/out/vs/workbench/api/node/extensionHostProcess.js:30:758)
	at m._deactivate (/nix/store/3j0nsr6g8fc0kb20hxhvfnsh83bk0fg6-vscodium-1.91.1.24193/lib/vscode/resources/app/out/vs/workbench/api/node/extensionHostProcess.js:160:13048)
	at /nix/store/3j0nsr6g8fc0kb20hxhvfnsh83bk0fg6-vscodium-1.91.1.24193/lib/vscode/resources/app/out/vs/workbench/api/node/extensionHostProcess.js:160:10194
	at Array.map (<anonymous>)
	at m._deactivateAll (/nix/store/3j0nsr6g8fc0kb20hxhvfnsh83bk0fg6-vscodium-1.91.1.24193/lib/vscode/resources/app/out/vs/workbench/api/node/extensionHostProcess.js:160:10181)
	at m.terminate (/nix/store/3j0nsr6g8fc0kb20hxhvfnsh83bk0fg6-vscodium-1.91.1.24193/lib/vscode/resources/app/out/vs/workbench/api/node/extensionHostProcess.js:160:10564)
	at h.terminate (/nix/store/3j0nsr6g8fc0kb20hxhvfnsh83bk0fg6-vscodium-1.91.1.24193/lib/vscode/resources/app/out/vs/workbench/api/node/extensionHostProcess.js:164:1908)
	at i (/nix/store/3j0nsr6g8fc0kb20hxhvfnsh83bk0fg6-vscodium-1.91.1.24193/lib/vscode/resources/app/out/vs/workbench/api/node/extensionHostProcess.js:177:12354)
	at MessagePortMain.<anonymous> (/nix/store/3j0nsr6g8fc0kb20hxhvfnsh83bk0fg6-vscodium-1.91.1.24193/lib/vscode/resources/app/out/vs/workbench/api/node/extensionHostProcess.js:177:8164)
	at MessagePortMain.emit (node:events:514:28)
	at MessagePortMain._internalPort.emit (node:electron/js2c/utility_init:2:2285) setContext undefined
2024-08-11 21:46:43.667 [error] Canceled: Canceled
	at new T (/nix/store/3j0nsr6g8fc0kb20hxhvfnsh83bk0fg6-vscodium-1.91.1.24193/lib/vscode/resources/app/out/vs/workbench/api/node/extensionHostProcess.js:144:39096)
	at y._remoteCall (/nix/store/3j0nsr6g8fc0kb20hxhvfnsh83bk0fg6-vscodium-1.91.1.24193/lib/vscode/resources/app/out/vs/workbench/api/node/extensionHostProcess.js:151:8166)
	at U.<computed>.F.charCodeAt.R.CharCode.DollarSign.U.<computed> (/nix/store/3j0nsr6g8fc0kb20hxhvfnsh83bk0fg6-vscodium-1.91.1.24193/lib/vscode/resources/app/out/vs/workbench/api/node/extensionHostProcess.js:151:4351)
	at f._doExecuteCommand (/nix/store/3j0nsr6g8fc0kb20hxhvfnsh83bk0fg6-vscodium-1.91.1.24193/lib/vscode/resources/app/out/vs/workbench/api/node/extensionHostProcess.js:154:241286)
	at f.executeCommand (/nix/store/3j0nsr6g8fc0kb20hxhvfnsh83bk0fg6-vscodium-1.91.1.24193/lib/vscode/resources/app/out/vs/workbench/api/node/extensionHostProcess.js:154:240611)
	at k.registerCommand.description (/nix/store/3j0nsr6g8fc0kb20hxhvfnsh83bk0fg6-vscodium-1.91.1.24193/lib/vscode/resources/app/out/vs/workbench/api/node/extensionHostProcess.js:154:239855)
	at f._executeContributedCommand (/nix/store/3j0nsr6g8fc0kb20hxhvfnsh83bk0fg6-vscodium-1.91.1.24193/lib/vscode/resources/app/out/vs/workbench/api/node/extensionHostProcess.js:154:241924)
	at f._doExecuteCommand (/nix/store/3j0nsr6g8fc0kb20hxhvfnsh83bk0fg6-vscodium-1.91.1.24193/lib/vscode/resources/app/out/vs/workbench/api/node/extensionHostProcess.js:154:240744)
	at f.executeCommand (/nix/store/3j0nsr6g8fc0kb20hxhvfnsh83bk0fg6-vscodium-1.91.1.24193/lib/vscode/resources/app/out/vs/workbench/api/node/extensionHostProcess.js:154:240611)
	at Object.executeCommand (/nix/store/3j0nsr6g8fc0kb20hxhvfnsh83bk0fg6-vscodium-1.91.1.24193/lib/vscode/resources/app/out/vs/workbench/api/node/extensionHostProcess.js:164:29715)
	at T.reset (/home/ser/.vscode-oss/extensions/asvetliakov.vscode-neovim-1.18.7-universal/dist/extension.js:2:187723)
	at l.<anonymous> (/home/ser/.vscode-oss/extensions/asvetliakov.vscode-neovim-1.18.7-universal/dist/extension.js:2:421141)
	at l.dispose (/nix/store/3j0nsr6g8fc0kb20hxhvfnsh83bk0fg6-vscodium-1.91.1.24193/lib/vscode/resources/app/out/vs/workbench/api/node/extensionHostProcess.js:152:6342)
	at h (/nix/store/3j0nsr6g8fc0kb20hxhvfnsh83bk0fg6-vscodium-1.91.1.24193/lib/vscode/resources/app/out/vs/workbench/api/node/extensionHostProcess.js:30:758)
	at m._deactivate (/nix/store/3j0nsr6g8fc0kb20hxhvfnsh83bk0fg6-vscodium-1.91.1.24193/lib/vscode/resources/app/out/vs/workbench/api/node/extensionHostProcess.js:160:13048)
	at /nix/store/3j0nsr6g8fc0kb20hxhvfnsh83bk0fg6-vscodium-1.91.1.24193/lib/vscode/resources/app/out/vs/workbench/api/node/extensionHostProcess.js:160:10194
	at Array.map (<anonymous>)
	at m._deactivateAll (/nix/store/3j0nsr6g8fc0kb20hxhvfnsh83bk0fg6-vscodium-1.91.1.24193/lib/vscode/resources/app/out/vs/workbench/api/node/extensionHostProcess.js:160:10181)
	at m.terminate (/nix/store/3j0nsr6g8fc0kb20hxhvfnsh83bk0fg6-vscodium-1.91.1.24193/lib/vscode/resources/app/out/vs/workbench/api/node/extensionHostProcess.js:160:10564)
	at h.terminate (/nix/store/3j0nsr6g8fc0kb20hxhvfnsh83bk0fg6-vscodium-1.91.1.24193/lib/vscode/resources/app/out/vs/workbench/api/node/extensionHostProcess.js:164:1908)
	at i (/nix/store/3j0nsr6g8fc0kb20hxhvfnsh83bk0fg6-vscodium-1.91.1.24193/lib/vscode/resources/app/out/vs/workbench/api/node/extensionHostProcess.js:177:12354)
	at MessagePortMain.<anonymous> (/nix/store/3j0nsr6g8fc0kb20hxhvfnsh83bk0fg6-vscodium-1.91.1.24193/lib/vscode/resources/app/out/vs/workbench/api/node/extensionHostProcess.js:177:8164)
	at MessagePortMain.emit (node:events:514:28)
	at MessagePortMain._internalPort.emit (node:electron/js2c/utility_init:2:2285) setContext undefined
2024-08-11 21:46:43.667 [error] Canceled: Canceled
	at new T (/nix/store/3j0nsr6g8fc0kb20hxhvfnsh83bk0fg6-vscodium-1.91.1.24193/lib/vscode/resources/app/out/vs/workbench/api/node/extensionHostProcess.js:144:39096)
	at y._remoteCall (/nix/store/3j0nsr6g8fc0kb20hxhvfnsh83bk0fg6-vscodium-1.91.1.24193/lib/vscode/resources/app/out/vs/workbench/api/node/extensionHostProcess.js:151:8166)
	at U.<computed>.F.charCodeAt.R.CharCode.DollarSign.U.<computed> (/nix/store/3j0nsr6g8fc0kb20hxhvfnsh83bk0fg6-vscodium-1.91.1.24193/lib/vscode/resources/app/out/vs/workbench/api/node/extensionHostProcess.js:151:4351)
	at f._doExecuteCommand (/nix/store/3j0nsr6g8fc0kb20hxhvfnsh83bk0fg6-vscodium-1.91.1.24193/lib/vscode/resources/app/out/vs/workbench/api/node/extensionHostProcess.js:154:241286)
	at f.executeCommand (/nix/store/3j0nsr6g8fc0kb20hxhvfnsh83bk0fg6-vscodium-1.91.1.24193/lib/vscode/resources/app/out/vs/workbench/api/node/extensionHostProcess.js:154:240611)
	at k.registerCommand.description (/nix/store/3j0nsr6g8fc0kb20hxhvfnsh83bk0fg6-vscodium-1.91.1.24193/lib/vscode/resources/app/out/vs/workbench/api/node/extensionHostProcess.js:154:239855)
	at f._executeContributedCommand (/nix/store/3j0nsr6g8fc0kb20hxhvfnsh83bk0fg6-vscodium-1.91.1.24193/lib/vscode/resources/app/out/vs/workbench/api/node/extensionHostProcess.js:154:241924)
	at f._doExecuteCommand (/nix/store/3j0nsr6g8fc0kb20hxhvfnsh83bk0fg6-vscodium-1.91.1.24193/lib/vscode/resources/app/out/vs/workbench/api/node/extensionHostProcess.js:154:240744)
	at f.executeCommand (/nix/store/3j0nsr6g8fc0kb20hxhvfnsh83bk0fg6-vscodium-1.91.1.24193/lib/vscode/resources/app/out/vs/workbench/api/node/extensionHostProcess.js:154:240611)
	at Object.executeCommand (/nix/store/3j0nsr6g8fc0kb20hxhvfnsh83bk0fg6-vscodium-1.91.1.24193/lib/vscode/resources/app/out/vs/workbench/api/node/extensionHostProcess.js:164:29715)
	at T.reset (/home/ser/.vscode-oss/extensions/asvetliakov.vscode-neovim-1.18.7-universal/dist/extension.js:2:187723)
	at l.<anonymous> (/home/ser/.vscode-oss/extensions/asvetliakov.vscode-neovim-1.18.7-universal/dist/extension.js:2:421141)
	at l.dispose (/nix/store/3j0nsr6g8fc0kb20hxhvfnsh83bk0fg6-vscodium-1.91.1.24193/lib/vscode/resources/app/out/vs/workbench/api/node/extensionHostProcess.js:152:6342)
	at h (/nix/store/3j0nsr6g8fc0kb20hxhvfnsh83bk0fg6-vscodium-1.91.1.24193/lib/vscode/resources/app/out/vs/workbench/api/node/extensionHostProcess.js:30:758)
	at m._deactivate (/nix/store/3j0nsr6g8fc0kb20hxhvfnsh83bk0fg6-vscodium-1.91.1.24193/lib/vscode/resources/app/out/vs/workbench/api/node/extensionHostProcess.js:160:13048)
	at /nix/store/3j0nsr6g8fc0kb20hxhvfnsh83bk0fg6-vscodium-1.91.1.24193/lib/vscode/resources/app/out/vs/workbench/api/node/extensionHostProcess.js:160:10194
	at Array.map (<anonymous>)
	at m._deactivateAll (/nix/store/3j0nsr6g8fc0kb20hxhvfnsh83bk0fg6-vscodium-1.91.1.24193/lib/vscode/resources/app/out/vs/workbench/api/node/extensionHostProcess.js:160:10181)
	at m.terminate (/nix/store/3j0nsr6g8fc0kb20hxhvfnsh83bk0fg6-vscodium-1.91.1.24193/lib/vscode/resources/app/out/vs/workbench/api/node/extensionHostProcess.js:160:10564)
	at h.terminate (/nix/store/3j0nsr6g8fc0kb20hxhvfnsh83bk0fg6-vscodium-1.91.1.24193/lib/vscode/resources/app/out/vs/workbench/api/node/extensionHostProcess.js:164:1908)
	at i (/nix/store/3j0nsr6g8fc0kb20hxhvfnsh83bk0fg6-vscodium-1.91.1.24193/lib/vscode/resources/app/out/vs/workbench/api/node/extensionHostProcess.js:177:12354)
	at MessagePortMain.<anonymous> (/nix/store/3j0nsr6g8fc0kb20hxhvfnsh83bk0fg6-vscodium-1.91.1.24193/lib/vscode/resources/app/out/vs/workbench/api/node/extensionHostProcess.js:177:8164)
	at MessagePortMain.emit (node:events:514:28)
	at MessagePortMain._internalPort.emit (node:electron/js2c/utility_init:2:2285) setContext undefined
2024-08-11 21:46:43.667 [error] Canceled: Canceled
	at new T (/nix/store/3j0nsr6g8fc0kb20hxhvfnsh83bk0fg6-vscodium-1.91.1.24193/lib/vscode/resources/app/out/vs/workbench/api/node/extensionHostProcess.js:144:39096)
	at y._remoteCall (/nix/store/3j0nsr6g8fc0kb20hxhvfnsh83bk0fg6-vscodium-1.91.1.24193/lib/vscode/resources/app/out/vs/workbench/api/node/extensionHostProcess.js:151:8166)
	at U.<computed>.F.charCodeAt.R.CharCode.DollarSign.U.<computed> (/nix/store/3j0nsr6g8fc0kb20hxhvfnsh83bk0fg6-vscodium-1.91.1.24193/lib/vscode/resources/app/out/vs/workbench/api/node/extensionHostProcess.js:151:4351)
	at f._doExecuteCommand (/nix/store/3j0nsr6g8fc0kb20hxhvfnsh83bk0fg6-vscodium-1.91.1.24193/lib/vscode/resources/app/out/vs/workbench/api/node/extensionHostProcess.js:154:241286)
	at f.executeCommand (/nix/store/3j0nsr6g8fc0kb20hxhvfnsh83bk0fg6-vscodium-1.91.1.24193/lib/vscode/resources/app/out/vs/workbench/api/node/extensionHostProcess.js:154:240611)
	at k.registerCommand.description (/nix/store/3j0nsr6g8fc0kb20hxhvfnsh83bk0fg6-vscodium-1.91.1.24193/lib/vscode/resources/app/out/vs/workbench/api/node/extensionHostProcess.js:154:239855)
	at f._executeContributedCommand (/nix/store/3j0nsr6g8fc0kb20hxhvfnsh83bk0fg6-vscodium-1.91.1.24193/lib/vscode/resources/app/out/vs/workbench/api/node/extensionHostProcess.js:154:241924)
	at f._doExecuteCommand (/nix/store/3j0nsr6g8fc0kb20hxhvfnsh83bk0fg6-vscodium-1.91.1.24193/lib/vscode/resources/app/out/vs/workbench/api/node/extensionHostProcess.js:154:240744)
	at f.executeCommand (/nix/store/3j0nsr6g8fc0kb20hxhvfnsh83bk0fg6-vscodium-1.91.1.24193/lib/vscode/resources/app/out/vs/workbench/api/node/extensionHostProcess.js:154:240611)
	at Object.executeCommand (/nix/store/3j0nsr6g8fc0kb20hxhvfnsh83bk0fg6-vscodium-1.91.1.24193/lib/vscode/resources/app/out/vs/workbench/api/node/extensionHostProcess.js:164:29715)
	at T.reset (/home/ser/.vscode-oss/extensions/asvetliakov.vscode-neovim-1.18.7-universal/dist/extension.js:2:187723)
	at l.<anonymous> (/home/ser/.vscode-oss/extensions/asvetliakov.vscode-neovim-1.18.7-universal/dist/extension.js:2:421141)
	at l.dispose (/nix/store/3j0nsr6g8fc0kb20hxhvfnsh83bk0fg6-vscodium-1.91.1.24193/lib/vscode/resources/app/out/vs/workbench/api/node/extensionHostProcess.js:152:6342)
	at h (/nix/store/3j0nsr6g8fc0kb20hxhvfnsh83bk0fg6-vscodium-1.91.1.24193/lib/vscode/resources/app/out/vs/workbench/api/node/extensionHostProcess.js:30:758)
	at m._deactivate (/nix/store/3j0nsr6g8fc0kb20hxhvfnsh83bk0fg6-vscodium-1.91.1.24193/lib/vscode/resources/app/out/vs/workbench/api/node/extensionHostProcess.js:160:13048)
	at /nix/store/3j0nsr6g8fc0kb20hxhvfnsh83bk0fg6-vscodium-1.91.1.24193/lib/vscode/resources/app/out/vs/workbench/api/node/extensionHostProcess.js:160:10194
	at Array.map (<anonymous>)
	at m._deactivateAll (/nix/store/3j0nsr6g8fc0kb20hxhvfnsh83bk0fg6-vscodium-1.91.1.24193/lib/vscode/resources/app/out/vs/workbench/api/node/extensionHostProcess.js:160:10181)
	at m.terminate (/nix/store/3j0nsr6g8fc0kb20hxhvfnsh83bk0fg6-vscodium-1.91.1.24193/lib/vscode/resources/app/out/vs/workbench/api/node/extensionHostProcess.js:160:10564)
	at h.terminate (/nix/store/3j0nsr6g8fc0kb20hxhvfnsh83bk0fg6-vscodium-1.91.1.24193/lib/vscode/resources/app/out/vs/workbench/api/node/extensionHostProcess.js:164:1908)
	at i (/nix/store/3j0nsr6g8fc0kb20hxhvfnsh83bk0fg6-vscodium-1.91.1.24193/lib/vscode/resources/app/out/vs/workbench/api/node/extensionHostProcess.js:177:12354)
	at MessagePortMain.<anonymous> (/nix/store/3j0nsr6g8fc0kb20hxhvfnsh83bk0fg6-vscodium-1.91.1.24193/lib/vscode/resources/app/out/vs/workbench/api/node/extensionHostProcess.js:177:8164)
	at MessagePortMain.emit (node:events:514:28)
	at MessagePortMain._internalPort.emit (node:electron/js2c/utility_init:2:2285) setContext undefined
2024-08-11 21:46:43.667 [error] Canceled: Canceled
	at new T (/nix/store/3j0nsr6g8fc0kb20hxhvfnsh83bk0fg6-vscodium-1.91.1.24193/lib/vscode/resources/app/out/vs/workbench/api/node/extensionHostProcess.js:144:39096)
	at y._remoteCall (/nix/store/3j0nsr6g8fc0kb20hxhvfnsh83bk0fg6-vscodium-1.91.1.24193/lib/vscode/resources/app/out/vs/workbench/api/node/extensionHostProcess.js:151:8166)
	at U.<computed>.F.charCodeAt.R.CharCode.DollarSign.U.<computed> (/nix/store/3j0nsr6g8fc0kb20hxhvfnsh83bk0fg6-vscodium-1.91.1.24193/lib/vscode/resources/app/out/vs/workbench/api/node/extensionHostProcess.js:151:4351)
	at f._doExecuteCommand (/nix/store/3j0nsr6g8fc0kb20hxhvfnsh83bk0fg6-vscodium-1.91.1.24193/lib/vscode/resources/app/out/vs/workbench/api/node/extensionHostProcess.js:154:241286)
	at f.executeCommand (/nix/store/3j0nsr6g8fc0kb20hxhvfnsh83bk0fg6-vscodium-1.91.1.24193/lib/vscode/resources/app/out/vs/workbench/api/node/extensionHostProcess.js:154:240611)
	at k.registerCommand.description (/nix/store/3j0nsr6g8fc0kb20hxhvfnsh83bk0fg6-vscodium-1.91.1.24193/lib/vscode/resources/app/out/vs/workbench/api/node/extensionHostProcess.js:154:239855)
	at f._executeContributedCommand (/nix/store/3j0nsr6g8fc0kb20hxhvfnsh83bk0fg6-vscodium-1.91.1.24193/lib/vscode/resources/app/out/vs/workbench/api/node/extensionHostProcess.js:154:241924)
	at f._doExecuteCommand (/nix/store/3j0nsr6g8fc0kb20hxhvfnsh83bk0fg6-vscodium-1.91.1.24193/lib/vscode/resources/app/out/vs/workbench/api/node/extensionHostProcess.js:154:240744)
	at f.executeCommand (/nix/store/3j0nsr6g8fc0kb20hxhvfnsh83bk0fg6-vscodium-1.91.1.24193/lib/vscode/resources/app/out/vs/workbench/api/node/extensionHostProcess.js:154:240611)
	at Object.executeCommand (/nix/store/3j0nsr6g8fc0kb20hxhvfnsh83bk0fg6-vscodium-1.91.1.24193/lib/vscode/resources/app/out/vs/workbench/api/node/extensionHostProcess.js:164:29715)
	at T.reset (/home/ser/.vscode-oss/extensions/asvetliakov.vscode-neovim-1.18.7-universal/dist/extension.js:2:187723)
	at l.<anonymous> (/home/ser/.vscode-oss/extensions/asvetliakov.vscode-neovim-1.18.7-universal/dist/extension.js:2:421141)
	at l.dispose (/nix/store/3j0nsr6g8fc0kb20hxhvfnsh83bk0fg6-vscodium-1.91.1.24193/lib/vscode/resources/app/out/vs/workbench/api/node/extensionHostProcess.js:152:6342)
	at h (/nix/store/3j0nsr6g8fc0kb20hxhvfnsh83bk0fg6-vscodium-1.91.1.24193/lib/vscode/resources/app/out/vs/workbench/api/node/extensionHostProcess.js:30:758)
	at m._deactivate (/nix/store/3j0nsr6g8fc0kb20hxhvfnsh83bk0fg6-vscodium-1.91.1.24193/lib/vscode/resources/app/out/vs/workbench/api/node/extensionHostProcess.js:160:13048)
	at /nix/store/3j0nsr6g8fc0kb20hxhvfnsh83bk0fg6-vscodium-1.91.1.24193/lib/vscode/resources/app/out/vs/workbench/api/node/extensionHostProcess.js:160:10194
	at Array.map (<anonymous>)
	at m._deactivateAll (/nix/store/3j0nsr6g8fc0kb20hxhvfnsh83bk0fg6-vscodium-1.91.1.24193/lib/vscode/resources/app/out/vs/workbench/api/node/extensionHostProcess.js:160:10181)
	at m.terminate (/nix/store/3j0nsr6g8fc0kb20hxhvfnsh83bk0fg6-vscodium-1.91.1.24193/lib/vscode/resources/app/out/vs/workbench/api/node/extensionHostProcess.js:160:10564)
	at h.terminate (/nix/store/3j0nsr6g8fc0kb20hxhvfnsh83bk0fg6-vscodium-1.91.1.24193/lib/vscode/resources/app/out/vs/workbench/api/node/extensionHostProcess.js:164:1908)
	at i (/nix/store/3j0nsr6g8fc0kb20hxhvfnsh83bk0fg6-vscodium-1.91.1.24193/lib/vscode/resources/app/out/vs/workbench/api/node/extensionHostProcess.js:177:12354)
	at MessagePortMain.<anonymous> (/nix/store/3j0nsr6g8fc0kb20hxhvfnsh83bk0fg6-vscodium-1.91.1.24193/lib/vscode/resources/app/out/vs/workbench/api/node/extensionHostProcess.js:177:8164)
	at MessagePortMain.emit (node:events:514:28)
	at MessagePortMain._internalPort.emit (node:electron/js2c/utility_init:2:2285) setContext undefined
2024-08-11 21:46:43.667 [error] Canceled: Canceled
	at new T (/nix/store/3j0nsr6g8fc0kb20hxhvfnsh83bk0fg6-vscodium-1.91.1.24193/lib/vscode/resources/app/out/vs/workbench/api/node/extensionHostProcess.js:144:39096)
	at y._remoteCall (/nix/store/3j0nsr6g8fc0kb20hxhvfnsh83bk0fg6-vscodium-1.91.1.24193/lib/vscode/resources/app/out/vs/workbench/api/node/extensionHostProcess.js:151:8166)
	at U.<computed>.F.charCodeAt.R.CharCode.DollarSign.U.<computed> (/nix/store/3j0nsr6g8fc0kb20hxhvfnsh83bk0fg6-vscodium-1.91.1.24193/lib/vscode/resources/app/out/vs/workbench/api/node/extensionHostProcess.js:151:4351)
	at f._doExecuteCommand (/nix/store/3j0nsr6g8fc0kb20hxhvfnsh83bk0fg6-vscodium-1.91.1.24193/lib/vscode/resources/app/out/vs/workbench/api/node/extensionHostProcess.js:154:241286)
	at f.executeCommand (/nix/store/3j0nsr6g8fc0kb20hxhvfnsh83bk0fg6-vscodium-1.91.1.24193/lib/vscode/resources/app/out/vs/workbench/api/node/extensionHostProcess.js:154:240611)
	at k.registerCommand.description (/nix/store/3j0nsr6g8fc0kb20hxhvfnsh83bk0fg6-vscodium-1.91.1.24193/lib/vscode/resources/app/out/vs/workbench/api/node/extensionHostProcess.js:154:239855)
	at f._executeContributedCommand (/nix/store/3j0nsr6g8fc0kb20hxhvfnsh83bk0fg6-vscodium-1.91.1.24193/lib/vscode/resources/app/out/vs/workbench/api/node/extensionHostProcess.js:154:241924)
	at f._doExecuteCommand (/nix/store/3j0nsr6g8fc0kb20hxhvfnsh83bk0fg6-vscodium-1.91.1.24193/lib/vscode/resources/app/out/vs/workbench/api/node/extensionHostProcess.js:154:240744)
	at f.executeCommand (/nix/store/3j0nsr6g8fc0kb20hxhvfnsh83bk0fg6-vscodium-1.91.1.24193/lib/vscode/resources/app/out/vs/workbench/api/node/extensionHostProcess.js:154:240611)
	at Object.executeCommand (/nix/store/3j0nsr6g8fc0kb20hxhvfnsh83bk0fg6-vscodium-1.91.1.24193/lib/vscode/resources/app/out/vs/workbench/api/node/extensionHostProcess.js:164:29715)
	at T.reset (/home/ser/.vscode-oss/extensions/asvetliakov.vscode-neovim-1.18.7-universal/dist/extension.js:2:187723)
	at l.<anonymous> (/home/ser/.vscode-oss/extensions/asvetliakov.vscode-neovim-1.18.7-universal/dist/extension.js:2:421141)
	at l.dispose (/nix/store/3j0nsr6g8fc0kb20hxhvfnsh83bk0fg6-vscodium-1.91.1.24193/lib/vscode/resources/app/out/vs/workbench/api/node/extensionHostProcess.js:152:6342)
	at h (/nix/store/3j0nsr6g8fc0kb20hxhvfnsh83bk0fg6-vscodium-1.91.1.24193/lib/vscode/resources/app/out/vs/workbench/api/node/extensionHostProcess.js:30:758)
	at m._deactivate (/nix/store/3j0nsr6g8fc0kb20hxhvfnsh83bk0fg6-vscodium-1.91.1.24193/lib/vscode/resources/app/out/vs/workbench/api/node/extensionHostProcess.js:160:13048)
	at /nix/store/3j0nsr6g8fc0kb20hxhvfnsh83bk0fg6-vscodium-1.91.1.24193/lib/vscode/resources/app/out/vs/workbench/api/node/extensionHostProcess.js:160:10194
	at Array.map (<anonymous>)
	at m._deactivateAll (/nix/store/3j0nsr6g8fc0kb20hxhvfnsh83bk0fg6-vscodium-1.91.1.24193/lib/vscode/resources/app/out/vs/workbench/api/node/extensionHostProcess.js:160:10181)
	at m.terminate (/nix/store/3j0nsr6g8fc0kb20hxhvfnsh83bk0fg6-vscodium-1.91.1.24193/lib/vscode/resources/app/out/vs/workbench/api/node/extensionHostProcess.js:160:10564)
	at h.terminate (/nix/store/3j0nsr6g8fc0kb20hxhvfnsh83bk0fg6-vscodium-1.91.1.24193/lib/vscode/resources/app/out/vs/workbench/api/node/extensionHostProcess.js:164:1908)
	at i (/nix/store/3j0nsr6g8fc0kb20hxhvfnsh83bk0fg6-vscodium-1.91.1.24193/lib/vscode/resources/app/out/vs/workbench/api/node/extensionHostProcess.js:177:12354)
	at MessagePortMain.<anonymous> (/nix/store/3j0nsr6g8fc0kb20hxhvfnsh83bk0fg6-vscodium-1.91.1.24193/lib/vscode/resources/app/out/vs/workbench/api/node/extensionHostProcess.js:177:8164)
	at MessagePortMain.emit (node:events:514:28)
	at MessagePortMain._internalPort.emit (node:electron/js2c/utility_init:2:2285) setContext undefined
2024-08-11 21:46:43.667 [error] Canceled: Canceled
	at new T (/nix/store/3j0nsr6g8fc0kb20hxhvfnsh83bk0fg6-vscodium-1.91.1.24193/lib/vscode/resources/app/out/vs/workbench/api/node/extensionHostProcess.js:144:39096)
	at y._remoteCall (/nix/store/3j0nsr6g8fc0kb20hxhvfnsh83bk0fg6-vscodium-1.91.1.24193/lib/vscode/resources/app/out/vs/workbench/api/node/extensionHostProcess.js:151:8166)
	at U.<computed>.F.charCodeAt.R.CharCode.DollarSign.U.<computed> (/nix/store/3j0nsr6g8fc0kb20hxhvfnsh83bk0fg6-vscodium-1.91.1.24193/lib/vscode/resources/app/out/vs/workbench/api/node/extensionHostProcess.js:151:4351)
	at f._doExecuteCommand (/nix/store/3j0nsr6g8fc0kb20hxhvfnsh83bk0fg6-vscodium-1.91.1.24193/lib/vscode/resources/app/out/vs/workbench/api/node/extensionHostProcess.js:154:241286)
	at f.executeCommand (/nix/store/3j0nsr6g8fc0kb20hxhvfnsh83bk0fg6-vscodium-1.91.1.24193/lib/vscode/resources/app/out/vs/workbench/api/node/extensionHostProcess.js:154:240611)
	at k.registerCommand.description (/nix/store/3j0nsr6g8fc0kb20hxhvfnsh83bk0fg6-vscodium-1.91.1.24193/lib/vscode/resources/app/out/vs/workbench/api/node/extensionHostProcess.js:154:239855)
	at f._executeContributedCommand (/nix/store/3j0nsr6g8fc0kb20hxhvfnsh83bk0fg6-vscodium-1.91.1.24193/lib/vscode/resources/app/out/vs/workbench/api/node/extensionHostProcess.js:154:241924)
	at f._doExecuteCommand (/nix/store/3j0nsr6g8fc0kb20hxhvfnsh83bk0fg6-vscodium-1.91.1.24193/lib/vscode/resources/app/out/vs/workbench/api/node/extensionHostProcess.js:154:240744)
	at f.executeCommand (/nix/store/3j0nsr6g8fc0kb20hxhvfnsh83bk0fg6-vscodium-1.91.1.24193/lib/vscode/resources/app/out/vs/workbench/api/node/extensionHostProcess.js:154:240611)
	at Object.executeCommand (/nix/store/3j0nsr6g8fc0kb20hxhvfnsh83bk0fg6-vscodium-1.91.1.24193/lib/vscode/resources/app/out/vs/workbench/api/node/extensionHostProcess.js:164:29715)
	at T.reset (/home/ser/.vscode-oss/extensions/asvetliakov.vscode-neovim-1.18.7-universal/dist/extension.js:2:187723)
	at l.<anonymous> (/home/ser/.vscode-oss/extensions/asvetliakov.vscode-neovim-1.18.7-universal/dist/extension.js:2:421141)
	at l.dispose (/nix/store/3j0nsr6g8fc0kb20hxhvfnsh83bk0fg6-vscodium-1.91.1.24193/lib/vscode/resources/app/out/vs/workbench/api/node/extensionHostProcess.js:152:6342)
	at h (/nix/store/3j0nsr6g8fc0kb20hxhvfnsh83bk0fg6-vscodium-1.91.1.24193/lib/vscode/resources/app/out/vs/workbench/api/node/extensionHostProcess.js:30:758)
	at m._deactivate (/nix/store/3j0nsr6g8fc0kb20hxhvfnsh83bk0fg6-vscodium-1.91.1.24193/lib/vscode/resources/app/out/vs/workbench/api/node/extensionHostProcess.js:160:13048)
	at /nix/store/3j0nsr6g8fc0kb20hxhvfnsh83bk0fg6-vscodium-1.91.1.24193/lib/vscode/resources/app/out/vs/workbench/api/node/extensionHostProcess.js:160:10194
	at Array.map (<anonymous>)
	at m._deactivateAll (/nix/store/3j0nsr6g8fc0kb20hxhvfnsh83bk0fg6-vscodium-1.91.1.24193/lib/vscode/resources/app/out/vs/workbench/api/node/extensionHostProcess.js:160:10181)
	at m.terminate (/nix/store/3j0nsr6g8fc0kb20hxhvfnsh83bk0fg6-vscodium-1.91.1.24193/lib/vscode/resources/app/out/vs/workbench/api/node/extensionHostProcess.js:160:10564)
	at h.terminate (/nix/store/3j0nsr6g8fc0kb20hxhvfnsh83bk0fg6-vscodium-1.91.1.24193/lib/vscode/resources/app/out/vs/workbench/api/node/extensionHostProcess.js:164:1908)
	at i (/nix/store/3j0nsr6g8fc0kb20hxhvfnsh83bk0fg6-vscodium-1.91.1.24193/lib/vscode/resources/app/out/vs/workbench/api/node/extensionHostProcess.js:177:12354)
	at MessagePortMain.<anonymous> (/nix/store/3j0nsr6g8fc0kb20hxhvfnsh83bk0fg6-vscodium-1.91.1.24193/lib/vscode/resources/app/out/vs/workbench/api/node/extensionHostProcess.js:177:8164)
	at MessagePortMain.emit (node:events:514:28)
	at MessagePortMain._internalPort.emit (node:electron/js2c/utility_init:2:2285) setContext undefined
2024-08-11 21:46:43.668 [error] Canceled: Canceled
	at new T (/nix/store/3j0nsr6g8fc0kb20hxhvfnsh83bk0fg6-vscodium-1.91.1.24193/lib/vscode/resources/app/out/vs/workbench/api/node/extensionHostProcess.js:144:39096)
	at y._remoteCall (/nix/store/3j0nsr6g8fc0kb20hxhvfnsh83bk0fg6-vscodium-1.91.1.24193/lib/vscode/resources/app/out/vs/workbench/api/node/extensionHostProcess.js:151:8166)
	at U.<computed>.F.charCodeAt.R.CharCode.DollarSign.U.<computed> (/nix/store/3j0nsr6g8fc0kb20hxhvfnsh83bk0fg6-vscodium-1.91.1.24193/lib/vscode/resources/app/out/vs/workbench/api/node/extensionHostProcess.js:151:4351)
	at f._doExecuteCommand (/nix/store/3j0nsr6g8fc0kb20hxhvfnsh83bk0fg6-vscodium-1.91.1.24193/lib/vscode/resources/app/out/vs/workbench/api/node/extensionHostProcess.js:154:241286)
	at f.executeCommand (/nix/store/3j0nsr6g8fc0kb20hxhvfnsh83bk0fg6-vscodium-1.91.1.24193/lib/vscode/resources/app/out/vs/workbench/api/node/extensionHostProcess.js:154:240611)
	at k.registerCommand.description (/nix/store/3j0nsr6g8fc0kb20hxhvfnsh83bk0fg6-vscodium-1.91.1.24193/lib/vscode/resources/app/out/vs/workbench/api/node/extensionHostProcess.js:154:239855)
	at f._executeContributedCommand (/nix/store/3j0nsr6g8fc0kb20hxhvfnsh83bk0fg6-vscodium-1.91.1.24193/lib/vscode/resources/app/out/vs/workbench/api/node/extensionHostProcess.js:154:241924)
	at f._doExecuteCommand (/nix/store/3j0nsr6g8fc0kb20hxhvfnsh83bk0fg6-vscodium-1.91.1.24193/lib/vscode/resources/app/out/vs/workbench/api/node/extensionHostProcess.js:154:240744)
	at f.executeCommand (/nix/store/3j0nsr6g8fc0kb20hxhvfnsh83bk0fg6-vscodium-1.91.1.24193/lib/vscode/resources/app/out/vs/workbench/api/node/extensionHostProcess.js:154:240611)
	at Object.executeCommand (/nix/store/3j0nsr6g8fc0kb20hxhvfnsh83bk0fg6-vscodium-1.91.1.24193/lib/vscode/resources/app/out/vs/workbench/api/node/extensionHostProcess.js:164:29715)
	at T.reset (/home/ser/.vscode-oss/extensions/asvetliakov.vscode-neovim-1.18.7-universal/dist/extension.js:2:187723)
	at l.<anonymous> (/home/ser/.vscode-oss/extensions/asvetliakov.vscode-neovim-1.18.7-universal/dist/extension.js:2:421141)
	at l.dispose (/nix/store/3j0nsr6g8fc0kb20hxhvfnsh83bk0fg6-vscodium-1.91.1.24193/lib/vscode/resources/app/out/vs/workbench/api/node/extensionHostProcess.js:152:6342)
	at h (/nix/store/3j0nsr6g8fc0kb20hxhvfnsh83bk0fg6-vscodium-1.91.1.24193/lib/vscode/resources/app/out/vs/workbench/api/node/extensionHostProcess.js:30:758)
	at m._deactivate (/nix/store/3j0nsr6g8fc0kb20hxhvfnsh83bk0fg6-vscodium-1.91.1.24193/lib/vscode/resources/app/out/vs/workbench/api/node/extensionHostProcess.js:160:13048)
	at /nix/store/3j0nsr6g8fc0kb20hxhvfnsh83bk0fg6-vscodium-1.91.1.24193/lib/vscode/resources/app/out/vs/workbench/api/node/extensionHostProcess.js:160:10194
	at Array.map (<anonymous>)
	at m._deactivateAll (/nix/store/3j0nsr6g8fc0kb20hxhvfnsh83bk0fg6-vscodium-1.91.1.24193/lib/vscode/resources/app/out/vs/workbench/api/node/extensionHostProcess.js:160:10181)
	at m.terminate (/nix/store/3j0nsr6g8fc0kb20hxhvfnsh83bk0fg6-vscodium-1.91.1.24193/lib/vscode/resources/app/out/vs/workbench/api/node/extensionHostProcess.js:160:10564)
	at h.terminate (/nix/store/3j0nsr6g8fc0kb20hxhvfnsh83bk0fg6-vscodium-1.91.1.24193/lib/vscode/resources/app/out/vs/workbench/api/node/extensionHostProcess.js:164:1908)
	at i (/nix/store/3j0nsr6g8fc0kb20hxhvfnsh83bk0fg6-vscodium-1.91.1.24193/lib/vscode/resources/app/out/vs/workbench/api/node/extensionHostProcess.js:177:12354)
	at MessagePortMain.<anonymous> (/nix/store/3j0nsr6g8fc0kb20hxhvfnsh83bk0fg6-vscodium-1.91.1.24193/lib/vscode/resources/app/out/vs/workbench/api/node/extensionHostProcess.js:177:8164)
	at MessagePortMain.emit (node:events:514:28)
	at MessagePortMain._internalPort.emit (node:electron/js2c/utility_init:2:2285) setContext undefined
2024-08-11 21:46:43.668 [error] Canceled: Canceled
	at new T (/nix/store/3j0nsr6g8fc0kb20hxhvfnsh83bk0fg6-vscodium-1.91.1.24193/lib/vscode/resources/app/out/vs/workbench/api/node/extensionHostProcess.js:144:39096)
	at y._remoteCall (/nix/store/3j0nsr6g8fc0kb20hxhvfnsh83bk0fg6-vscodium-1.91.1.24193/lib/vscode/resources/app/out/vs/workbench/api/node/extensionHostProcess.js:151:8166)
	at U.<computed>.F.charCodeAt.R.CharCode.DollarSign.U.<computed> (/nix/store/3j0nsr6g8fc0kb20hxhvfnsh83bk0fg6-vscodium-1.91.1.24193/lib/vscode/resources/app/out/vs/workbench/api/node/extensionHostProcess.js:151:4351)
	at f._doExecuteCommand (/nix/store/3j0nsr6g8fc0kb20hxhvfnsh83bk0fg6-vscodium-1.91.1.24193/lib/vscode/resources/app/out/vs/workbench/api/node/extensionHostProcess.js:154:241286)
	at f.executeCommand (/nix/store/3j0nsr6g8fc0kb20hxhvfnsh83bk0fg6-vscodium-1.91.1.24193/lib/vscode/resources/app/out/vs/workbench/api/node/extensionHostProcess.js:154:240611)
	at k.registerCommand.description (/nix/store/3j0nsr6g8fc0kb20hxhvfnsh83bk0fg6-vscodium-1.91.1.24193/lib/vscode/resources/app/out/vs/workbench/api/node/extensionHostProcess.js:154:239855)
	at f._executeContributedCommand (/nix/store/3j0nsr6g8fc0kb20hxhvfnsh83bk0fg6-vscodium-1.91.1.24193/lib/vscode/resources/app/out/vs/workbench/api/node/extensionHostProcess.js:154:241924)
	at f._doExecuteCommand (/nix/store/3j0nsr6g8fc0kb20hxhvfnsh83bk0fg6-vscodium-1.91.1.24193/lib/vscode/resources/app/out/vs/workbench/api/node/extensionHostProcess.js:154:240744)
	at f.executeCommand (/nix/store/3j0nsr6g8fc0kb20hxhvfnsh83bk0fg6-vscodium-1.91.1.24193/lib/vscode/resources/app/out/vs/workbench/api/node/extensionHostProcess.js:154:240611)
	at Object.executeCommand (/nix/store/3j0nsr6g8fc0kb20hxhvfnsh83bk0fg6-vscodium-1.91.1.24193/lib/vscode/resources/app/out/vs/workbench/api/node/extensionHostProcess.js:164:29715)
	at T.reset (/home/ser/.vscode-oss/extensions/asvetliakov.vscode-neovim-1.18.7-universal/dist/extension.js:2:187723)
	at l.<anonymous> (/home/ser/.vscode-oss/extensions/asvetliakov.vscode-neovim-1.18.7-universal/dist/extension.js:2:421141)
	at l.dispose (/nix/store/3j0nsr6g8fc0kb20hxhvfnsh83bk0fg6-vscodium-1.91.1.24193/lib/vscode/resources/app/out/vs/workbench/api/node/extensionHostProcess.js:152:6342)
	at h (/nix/store/3j0nsr6g8fc0kb20hxhvfnsh83bk0fg6-vscodium-1.91.1.24193/lib/vscode/resources/app/out/vs/workbench/api/node/extensionHostProcess.js:30:758)
	at m._deactivate (/nix/store/3j0nsr6g8fc0kb20hxhvfnsh83bk0fg6-vscodium-1.91.1.24193/lib/vscode/resources/app/out/vs/workbench/api/node/extensionHostProcess.js:160:13048)
	at /nix/store/3j0nsr6g8fc0kb20hxhvfnsh83bk0fg6-vscodium-1.91.1.24193/lib/vscode/resources/app/out/vs/workbench/api/node/extensionHostProcess.js:160:10194
	at Array.map (<anonymous>)
	at m._deactivateAll (/nix/store/3j0nsr6g8fc0kb20hxhvfnsh83bk0fg6-vscodium-1.91.1.24193/lib/vscode/resources/app/out/vs/workbench/api/node/extensionHostProcess.js:160:10181)
	at m.terminate (/nix/store/3j0nsr6g8fc0kb20hxhvfnsh83bk0fg6-vscodium-1.91.1.24193/lib/vscode/resources/app/out/vs/workbench/api/node/extensionHostProcess.js:160:10564)
	at h.terminate (/nix/store/3j0nsr6g8fc0kb20hxhvfnsh83bk0fg6-vscodium-1.91.1.24193/lib/vscode/resources/app/out/vs/workbench/api/node/extensionHostProcess.js:164:1908)
	at i (/nix/store/3j0nsr6g8fc0kb20hxhvfnsh83bk0fg6-vscodium-1.91.1.24193/lib/vscode/resources/app/out/vs/workbench/api/node/extensionHostProcess.js:177:12354)
	at MessagePortMain.<anonymous> (/nix/store/3j0nsr6g8fc0kb20hxhvfnsh83bk0fg6-vscodium-1.91.1.24193/lib/vscode/resources/app/out/vs/workbench/api/node/extensionHostProcess.js:177:8164)
	at MessagePortMain.emit (node:events:514:28)
	at MessagePortMain._internalPort.emit (node:electron/js2c/utility_init:2:2285) setContext undefined
2024-08-11 21:46:43.668 [error] Canceled: Canceled
	at new T (/nix/store/3j0nsr6g8fc0kb20hxhvfnsh83bk0fg6-vscodium-1.91.1.24193/lib/vscode/resources/app/out/vs/workbench/api/node/extensionHostProcess.js:144:39096)
	at y._remoteCall (/nix/store/3j0nsr6g8fc0kb20hxhvfnsh83bk0fg6-vscodium-1.91.1.24193/lib/vscode/resources/app/out/vs/workbench/api/node/extensionHostProcess.js:151:8166)
	at U.<computed>.F.charCodeAt.R.CharCode.DollarSign.U.<computed> (/nix/store/3j0nsr6g8fc0kb20hxhvfnsh83bk0fg6-vscodium-1.91.1.24193/lib/vscode/resources/app/out/vs/workbench/api/node/extensionHostProcess.js:151:4351)
	at f._doExecuteCommand (/nix/store/3j0nsr6g8fc0kb20hxhvfnsh83bk0fg6-vscodium-1.91.1.24193/lib/vscode/resources/app/out/vs/workbench/api/node/extensionHostProcess.js:154:241286)
	at f.executeCommand (/nix/store/3j0nsr6g8fc0kb20hxhvfnsh83bk0fg6-vscodium-1.91.1.24193/lib/vscode/resources/app/out/vs/workbench/api/node/extensionHostProcess.js:154:240611)
	at k.registerCommand.description (/nix/store/3j0nsr6g8fc0kb20hxhvfnsh83bk0fg6-vscodium-1.91.1.24193/lib/vscode/resources/app/out/vs/workbench/api/node/extensionHostProcess.js:154:239855)
	at f._executeContributedCommand (/nix/store/3j0nsr6g8fc0kb20hxhvfnsh83bk0fg6-vscodium-1.91.1.24193/lib/vscode/resources/app/out/vs/workbench/api/node/extensionHostProcess.js:154:241924)
	at f._doExecuteCommand (/nix/store/3j0nsr6g8fc0kb20hxhvfnsh83bk0fg6-vscodium-1.91.1.24193/lib/vscode/resources/app/out/vs/workbench/api/node/extensionHostProcess.js:154:240744)
	at f.executeCommand (/nix/store/3j0nsr6g8fc0kb20hxhvfnsh83bk0fg6-vscodium-1.91.1.24193/lib/vscode/resources/app/out/vs/workbench/api/node/extensionHostProcess.js:154:240611)
	at Object.executeCommand (/nix/store/3j0nsr6g8fc0kb20hxhvfnsh83bk0fg6-vscodium-1.91.1.24193/lib/vscode/resources/app/out/vs/workbench/api/node/extensionHostProcess.js:164:29715)
	at T.reset (/home/ser/.vscode-oss/extensions/asvetliakov.vscode-neovim-1.18.7-universal/dist/extension.js:2:187723)
	at l.<anonymous> (/home/ser/.vscode-oss/extensions/asvetliakov.vscode-neovim-1.18.7-universal/dist/extension.js:2:421141)
	at l.dispose (/nix/store/3j0nsr6g8fc0kb20hxhvfnsh83bk0fg6-vscodium-1.91.1.24193/lib/vscode/resources/app/out/vs/workbench/api/node/extensionHostProcess.js:152:6342)
	at h (/nix/store/3j0nsr6g8fc0kb20hxhvfnsh83bk0fg6-vscodium-1.91.1.24193/lib/vscode/resources/app/out/vs/workbench/api/node/extensionHostProcess.js:30:758)
	at m._deactivate (/nix/store/3j0nsr6g8fc0kb20hxhvfnsh83bk0fg6-vscodium-1.91.1.24193/lib/vscode/resources/app/out/vs/workbench/api/node/extensionHostProcess.js:160:13048)
	at /nix/store/3j0nsr6g8fc0kb20hxhvfnsh83bk0fg6-vscodium-1.91.1.24193/lib/vscode/resources/app/out/vs/workbench/api/node/extensionHostProcess.js:160:10194
	at Array.map (<anonymous>)
	at m._deactivateAll (/nix/store/3j0nsr6g8fc0kb20hxhvfnsh83bk0fg6-vscodium-1.91.1.24193/lib/vscode/resources/app/out/vs/workbench/api/node/extensionHostProcess.js:160:10181)
	at m.terminate (/nix/store/3j0nsr6g8fc0kb20hxhvfnsh83bk0fg6-vscodium-1.91.1.24193/lib/vscode/resources/app/out/vs/workbench/api/node/extensionHostProcess.js:160:10564)
	at h.terminate (/nix/store/3j0nsr6g8fc0kb20hxhvfnsh83bk0fg6-vscodium-1.91.1.24193/lib/vscode/resources/app/out/vs/workbench/api/node/extensionHostProcess.js:164:1908)
	at i (/nix/store/3j0nsr6g8fc0kb20hxhvfnsh83bk0fg6-vscodium-1.91.1.24193/lib/vscode/resources/app/out/vs/workbench/api/node/extensionHostProcess.js:177:12354)
	at MessagePortMain.<anonymous> (/nix/store/3j0nsr6g8fc0kb20hxhvfnsh83bk0fg6-vscodium-1.91.1.24193/lib/vscode/resources/app/out/vs/workbench/api/node/extensionHostProcess.js:177:8164)
	at MessagePortMain.emit (node:events:514:28)
	at MessagePortMain._internalPort.emit (node:electron/js2c/utility_init:2:2285) setContext undefined
2024-08-11 21:46:43.668 [error] Canceled: Canceled
	at new T (/nix/store/3j0nsr6g8fc0kb20hxhvfnsh83bk0fg6-vscodium-1.91.1.24193/lib/vscode/resources/app/out/vs/workbench/api/node/extensionHostProcess.js:144:39096)
	at y._remoteCall (/nix/store/3j0nsr6g8fc0kb20hxhvfnsh83bk0fg6-vscodium-1.91.1.24193/lib/vscode/resources/app/out/vs/workbench/api/node/extensionHostProcess.js:151:8166)
	at U.<computed>.F.charCodeAt.R.CharCode.DollarSign.U.<computed> (/nix/store/3j0nsr6g8fc0kb20hxhvfnsh83bk0fg6-vscodium-1.91.1.24193/lib/vscode/resources/app/out/vs/workbench/api/node/extensionHostProcess.js:151:4351)
	at f._doExecuteCommand (/nix/store/3j0nsr6g8fc0kb20hxhvfnsh83bk0fg6-vscodium-1.91.1.24193/lib/vscode/resources/app/out/vs/workbench/api/node/extensionHostProcess.js:154:241286)
	at f.executeCommand (/nix/store/3j0nsr6g8fc0kb20hxhvfnsh83bk0fg6-vscodium-1.91.1.24193/lib/vscode/resources/app/out/vs/workbench/api/node/extensionHostProcess.js:154:240611)
	at k.registerCommand.description (/nix/store/3j0nsr6g8fc0kb20hxhvfnsh83bk0fg6-vscodium-1.91.1.24193/lib/vscode/resources/app/out/vs/workbench/api/node/extensionHostProcess.js:154:239855)
	at f._executeContributedCommand (/nix/store/3j0nsr6g8fc0kb20hxhvfnsh83bk0fg6-vscodium-1.91.1.24193/lib/vscode/resources/app/out/vs/workbench/api/node/extensionHostProcess.js:154:241924)
	at f._doExecuteCommand (/nix/store/3j0nsr6g8fc0kb20hxhvfnsh83bk0fg6-vscodium-1.91.1.24193/lib/vscode/resources/app/out/vs/workbench/api/node/extensionHostProcess.js:154:240744)
	at f.executeCommand (/nix/store/3j0nsr6g8fc0kb20hxhvfnsh83bk0fg6-vscodium-1.91.1.24193/lib/vscode/resources/app/out/vs/workbench/api/node/extensionHostProcess.js:154:240611)
	at Object.executeCommand (/nix/store/3j0nsr6g8fc0kb20hxhvfnsh83bk0fg6-vscodium-1.91.1.24193/lib/vscode/resources/app/out/vs/workbench/api/node/extensionHostProcess.js:164:29715)
	at T.reset (/home/ser/.vscode-oss/extensions/asvetliakov.vscode-neovim-1.18.7-universal/dist/extension.js:2:187723)
	at l.<anonymous> (/home/ser/.vscode-oss/extensions/asvetliakov.vscode-neovim-1.18.7-universal/dist/extension.js:2:421141)
	at l.dispose (/nix/store/3j0nsr6g8fc0kb20hxhvfnsh83bk0fg6-vscodium-1.91.1.24193/lib/vscode/resources/app/out/vs/workbench/api/node/extensionHostProcess.js:152:6342)
	at h (/nix/store/3j0nsr6g8fc0kb20hxhvfnsh83bk0fg6-vscodium-1.91.1.24193/lib/vscode/resources/app/out/vs/workbench/api/node/extensionHostProcess.js:30:758)
	at m._deactivate (/nix/store/3j0nsr6g8fc0kb20hxhvfnsh83bk0fg6-vscodium-1.91.1.24193/lib/vscode/resources/app/out/vs/workbench/api/node/extensionHostProcess.js:160:13048)
	at /nix/store/3j0nsr6g8fc0kb20hxhvfnsh83bk0fg6-vscodium-1.91.1.24193/lib/vscode/resources/app/out/vs/workbench/api/node/extensionHostProcess.js:160:10194
	at Array.map (<anonymous>)
	at m._deactivateAll (/nix/store/3j0nsr6g8fc0kb20hxhvfnsh83bk0fg6-vscodium-1.91.1.24193/lib/vscode/resources/app/out/vs/workbench/api/node/extensionHostProcess.js:160:10181)
	at m.terminate (/nix/store/3j0nsr6g8fc0kb20hxhvfnsh83bk0fg6-vscodium-1.91.1.24193/lib/vscode/resources/app/out/vs/workbench/api/node/extensionHostProcess.js:160:10564)
	at h.terminate (/nix/store/3j0nsr6g8fc0kb20hxhvfnsh83bk0fg6-vscodium-1.91.1.24193/lib/vscode/resources/app/out/vs/workbench/api/node/extensionHostProcess.js:164:1908)
	at i (/nix/store/3j0nsr6g8fc0kb20hxhvfnsh83bk0fg6-vscodium-1.91.1.24193/lib/vscode/resources/app/out/vs/workbench/api/node/extensionHostProcess.js:177:12354)
	at MessagePortMain.<anonymous> (/nix/store/3j0nsr6g8fc0kb20hxhvfnsh83bk0fg6-vscodium-1.91.1.24193/lib/vscode/resources/app/out/vs/workbench/api/node/extensionHostProcess.js:177:8164)
	at MessagePortMain.emit (node:events:514:28)
	at MessagePortMain._internalPort.emit (node:electron/js2c/utility_init:2:2285) setContext undefined
2024-08-11 21:46:43.668 [error] Canceled: Canceled
	at new T (/nix/store/3j0nsr6g8fc0kb20hxhvfnsh83bk0fg6-vscodium-1.91.1.24193/lib/vscode/resources/app/out/vs/workbench/api/node/extensionHostProcess.js:144:39096)
	at y._remoteCall (/nix/store/3j0nsr6g8fc0kb20hxhvfnsh83bk0fg6-vscodium-1.91.1.24193/lib/vscode/resources/app/out/vs/workbench/api/node/extensionHostProcess.js:151:8166)
	at U.<computed>.F.charCodeAt.R.CharCode.DollarSign.U.<computed> (/nix/store/3j0nsr6g8fc0kb20hxhvfnsh83bk0fg6-vscodium-1.91.1.24193/lib/vscode/resources/app/out/vs/workbench/api/node/extensionHostProcess.js:151:4351)
	at f._doExecuteCommand (/nix/store/3j0nsr6g8fc0kb20hxhvfnsh83bk0fg6-vscodium-1.91.1.24193/lib/vscode/resources/app/out/vs/workbench/api/node/extensionHostProcess.js:154:241286)
	at f.executeCommand (/nix/store/3j0nsr6g8fc0kb20hxhvfnsh83bk0fg6-vscodium-1.91.1.24193/lib/vscode/resources/app/out/vs/workbench/api/node/extensionHostProcess.js:154:240611)
	at k.registerCommand.description (/nix/store/3j0nsr6g8fc0kb20hxhvfnsh83bk0fg6-vscodium-1.91.1.24193/lib/vscode/resources/app/out/vs/workbench/api/node/extensionHostProcess.js:154:239855)
	at f._executeContributedCommand (/nix/store/3j0nsr6g8fc0kb20hxhvfnsh83bk0fg6-vscodium-1.91.1.24193/lib/vscode/resources/app/out/vs/workbench/api/node/extensionHostProcess.js:154:241924)
	at f._doExecuteCommand (/nix/store/3j0nsr6g8fc0kb20hxhvfnsh83bk0fg6-vscodium-1.91.1.24193/lib/vscode/resources/app/out/vs/workbench/api/node/extensionHostProcess.js:154:240744)
	at f.executeCommand (/nix/store/3j0nsr6g8fc0kb20hxhvfnsh83bk0fg6-vscodium-1.91.1.24193/lib/vscode/resources/app/out/vs/workbench/api/node/extensionHostProcess.js:154:240611)
	at Object.executeCommand (/nix/store/3j0nsr6g8fc0kb20hxhvfnsh83bk0fg6-vscodium-1.91.1.24193/lib/vscode/resources/app/out/vs/workbench/api/node/extensionHostProcess.js:164:29715)
	at T.reset (/home/ser/.vscode-oss/extensions/asvetliakov.vscode-neovim-1.18.7-universal/dist/extension.js:2:187723)
	at l.<anonymous> (/home/ser/.vscode-oss/extensions/asvetliakov.vscode-neovim-1.18.7-universal/dist/extension.js:2:421141)
	at l.dispose (/nix/store/3j0nsr6g8fc0kb20hxhvfnsh83bk0fg6-vscodium-1.91.1.24193/lib/vscode/resources/app/out/vs/workbench/api/node/extensionHostProcess.js:152:6342)
	at h (/nix/store/3j0nsr6g8fc0kb20hxhvfnsh83bk0fg6-vscodium-1.91.1.24193/lib/vscode/resources/app/out/vs/workbench/api/node/extensionHostProcess.js:30:758)
	at m._deactivate (/nix/store/3j0nsr6g8fc0kb20hxhvfnsh83bk0fg6-vscodium-1.91.1.24193/lib/vscode/resources/app/out/vs/workbench/api/node/extensionHostProcess.js:160:13048)
	at /nix/store/3j0nsr6g8fc0kb20hxhvfnsh83bk0fg6-vscodium-1.91.1.24193/lib/vscode/resources/app/out/vs/workbench/api/node/extensionHostProcess.js:160:10194
	at Array.map (<anonymous>)
	at m._deactivateAll (/nix/store/3j0nsr6g8fc0kb20hxhvfnsh83bk0fg6-vscodium-1.91.1.24193/lib/vscode/resources/app/out/vs/workbench/api/node/extensionHostProcess.js:160:10181)
	at m.terminate (/nix/store/3j0nsr6g8fc0kb20hxhvfnsh83bk0fg6-vscodium-1.91.1.24193/lib/vscode/resources/app/out/vs/workbench/api/node/extensionHostProcess.js:160:10564)
	at h.terminate (/nix/store/3j0nsr6g8fc0kb20hxhvfnsh83bk0fg6-vscodium-1.91.1.24193/lib/vscode/resources/app/out/vs/workbench/api/node/extensionHostProcess.js:164:1908)
	at i (/nix/store/3j0nsr6g8fc0kb20hxhvfnsh83bk0fg6-vscodium-1.91.1.24193/lib/vscode/resources/app/out/vs/workbench/api/node/extensionHostProcess.js:177:12354)
	at MessagePortMain.<anonymous> (/nix/store/3j0nsr6g8fc0kb20hxhvfnsh83bk0fg6-vscodium-1.91.1.24193/lib/vscode/resources/app/out/vs/workbench/api/node/extensionHostProcess.js:177:8164)
	at MessagePortMain.emit (node:events:514:28)
	at MessagePortMain._internalPort.emit (node:electron/js2c/utility_init:2:2285) setContext undefined
2024-08-11 21:46:43.668 [error] Canceled: Canceled
	at new T (/nix/store/3j0nsr6g8fc0kb20hxhvfnsh83bk0fg6-vscodium-1.91.1.24193/lib/vscode/resources/app/out/vs/workbench/api/node/extensionHostProcess.js:144:39096)
	at y._remoteCall (/nix/store/3j0nsr6g8fc0kb20hxhvfnsh83bk0fg6-vscodium-1.91.1.24193/lib/vscode/resources/app/out/vs/workbench/api/node/extensionHostProcess.js:151:8166)
	at U.<computed>.F.charCodeAt.R.CharCode.DollarSign.U.<computed> (/nix/store/3j0nsr6g8fc0kb20hxhvfnsh83bk0fg6-vscodium-1.91.1.24193/lib/vscode/resources/app/out/vs/workbench/api/node/extensionHostProcess.js:151:4351)
	at f._doExecuteCommand (/nix/store/3j0nsr6g8fc0kb20hxhvfnsh83bk0fg6-vscodium-1.91.1.24193/lib/vscode/resources/app/out/vs/workbench/api/node/extensionHostProcess.js:154:241286)
	at f.executeCommand (/nix/store/3j0nsr6g8fc0kb20hxhvfnsh83bk0fg6-vscodium-1.91.1.24193/lib/vscode/resources/app/out/vs/workbench/api/node/extensionHostProcess.js:154:240611)
	at k.registerCommand.description (/nix/store/3j0nsr6g8fc0kb20hxhvfnsh83bk0fg6-vscodium-1.91.1.24193/lib/vscode/resources/app/out/vs/workbench/api/node/extensionHostProcess.js:154:239855)
	at f._executeContributedCommand (/nix/store/3j0nsr6g8fc0kb20hxhvfnsh83bk0fg6-vscodium-1.91.1.24193/lib/vscode/resources/app/out/vs/workbench/api/node/extensionHostProcess.js:154:241924)
	at f._doExecuteCommand (/nix/store/3j0nsr6g8fc0kb20hxhvfnsh83bk0fg6-vscodium-1.91.1.24193/lib/vscode/resources/app/out/vs/workbench/api/node/extensionHostProcess.js:154:240744)
	at f.executeCommand (/nix/store/3j0nsr6g8fc0kb20hxhvfnsh83bk0fg6-vscodium-1.91.1.24193/lib/vscode/resources/app/out/vs/workbench/api/node/extensionHostProcess.js:154:240611)
	at Object.executeCommand (/nix/store/3j0nsr6g8fc0kb20hxhvfnsh83bk0fg6-vscodium-1.91.1.24193/lib/vscode/resources/app/out/vs/workbench/api/node/extensionHostProcess.js:164:29715)
	at T.reset (/home/ser/.vscode-oss/extensions/asvetliakov.vscode-neovim-1.18.7-universal/dist/extension.js:2:187723)
	at l.<anonymous> (/home/ser/.vscode-oss/extensions/asvetliakov.vscode-neovim-1.18.7-universal/dist/extension.js:2:421141)
	at l.dispose (/nix/store/3j0nsr6g8fc0kb20hxhvfnsh83bk0fg6-vscodium-1.91.1.24193/lib/vscode/resources/app/out/vs/workbench/api/node/extensionHostProcess.js:152:6342)
	at h (/nix/store/3j0nsr6g8fc0kb20hxhvfnsh83bk0fg6-vscodium-1.91.1.24193/lib/vscode/resources/app/out/vs/workbench/api/node/extensionHostProcess.js:30:758)
	at m._deactivate (/nix/store/3j0nsr6g8fc0kb20hxhvfnsh83bk0fg6-vscodium-1.91.1.24193/lib/vscode/resources/app/out/vs/workbench/api/node/extensionHostProcess.js:160:13048)
	at /nix/store/3j0nsr6g8fc0kb20hxhvfnsh83bk0fg6-vscodium-1.91.1.24193/lib/vscode/resources/app/out/vs/workbench/api/node/extensionHostProcess.js:160:10194
	at Array.map (<anonymous>)
	at m._deactivateAll (/nix/store/3j0nsr6g8fc0kb20hxhvfnsh83bk0fg6-vscodium-1.91.1.24193/lib/vscode/resources/app/out/vs/workbench/api/node/extensionHostProcess.js:160:10181)
	at m.terminate (/nix/store/3j0nsr6g8fc0kb20hxhvfnsh83bk0fg6-vscodium-1.91.1.24193/lib/vscode/resources/app/out/vs/workbench/api/node/extensionHostProcess.js:160:10564)
	at h.terminate (/nix/store/3j0nsr6g8fc0kb20hxhvfnsh83bk0fg6-vscodium-1.91.1.24193/lib/vscode/resources/app/out/vs/workbench/api/node/extensionHostProcess.js:164:1908)
	at i (/nix/store/3j0nsr6g8fc0kb20hxhvfnsh83bk0fg6-vscodium-1.91.1.24193/lib/vscode/resources/app/out/vs/workbench/api/node/extensionHostProcess.js:177:12354)
	at MessagePortMain.<anonymous> (/nix/store/3j0nsr6g8fc0kb20hxhvfnsh83bk0fg6-vscodium-1.91.1.24193/lib/vscode/resources/app/out/vs/workbench/api/node/extensionHostProcess.js:177:8164)
	at MessagePortMain.emit (node:events:514:28)
	at MessagePortMain._internalPort.emit (node:electron/js2c/utility_init:2:2285) setContext undefined
2024-08-11 21:46:43.668 [error] Canceled: Canceled
	at new T (/nix/store/3j0nsr6g8fc0kb20hxhvfnsh83bk0fg6-vscodium-1.91.1.24193/lib/vscode/resources/app/out/vs/workbench/api/node/extensionHostProcess.js:144:39096)
	at y._remoteCall (/nix/store/3j0nsr6g8fc0kb20hxhvfnsh83bk0fg6-vscodium-1.91.1.24193/lib/vscode/resources/app/out/vs/workbench/api/node/extensionHostProcess.js:151:8166)
	at U.<computed>.F.charCodeAt.R.CharCode.DollarSign.U.<computed> (/nix/store/3j0nsr6g8fc0kb20hxhvfnsh83bk0fg6-vscodium-1.91.1.24193/lib/vscode/resources/app/out/vs/workbench/api/node/extensionHostProcess.js:151:4351)
	at f._doExecuteCommand (/nix/store/3j0nsr6g8fc0kb20hxhvfnsh83bk0fg6-vscodium-1.91.1.24193/lib/vscode/resources/app/out/vs/workbench/api/node/extensionHostProcess.js:154:241286)
	at f.executeCommand (/nix/store/3j0nsr6g8fc0kb20hxhvfnsh83bk0fg6-vscodium-1.91.1.24193/lib/vscode/resources/app/out/vs/workbench/api/node/extensionHostProcess.js:154:240611)
	at k.registerCommand.description (/nix/store/3j0nsr6g8fc0kb20hxhvfnsh83bk0fg6-vscodium-1.91.1.24193/lib/vscode/resources/app/out/vs/workbench/api/node/extensionHostProcess.js:154:239855)
	at f._executeContributedCommand (/nix/store/3j0nsr6g8fc0kb20hxhvfnsh83bk0fg6-vscodium-1.91.1.24193/lib/vscode/resources/app/out/vs/workbench/api/node/extensionHostProcess.js:154:241924)
	at f._doExecuteCommand (/nix/store/3j0nsr6g8fc0kb20hxhvfnsh83bk0fg6-vscodium-1.91.1.24193/lib/vscode/resources/app/out/vs/workbench/api/node/extensionHostProcess.js:154:240744)
	at f.executeCommand (/nix/store/3j0nsr6g8fc0kb20hxhvfnsh83bk0fg6-vscodium-1.91.1.24193/lib/vscode/resources/app/out/vs/workbench/api/node/extensionHostProcess.js:154:240611)
	at Object.executeCommand (/nix/store/3j0nsr6g8fc0kb20hxhvfnsh83bk0fg6-vscodium-1.91.1.24193/lib/vscode/resources/app/out/vs/workbench/api/node/extensionHostProcess.js:164:29715)
	at T.reset (/home/ser/.vscode-oss/extensions/asvetliakov.vscode-neovim-1.18.7-universal/dist/extension.js:2:187723)
	at l.<anonymous> (/home/ser/.vscode-oss/extensions/asvetliakov.vscode-neovim-1.18.7-universal/dist/extension.js:2:421141)
	at l.dispose (/nix/store/3j0nsr6g8fc0kb20hxhvfnsh83bk0fg6-vscodium-1.91.1.24193/lib/vscode/resources/app/out/vs/workbench/api/node/extensionHostProcess.js:152:6342)
	at h (/nix/store/3j0nsr6g8fc0kb20hxhvfnsh83bk0fg6-vscodium-1.91.1.24193/lib/vscode/resources/app/out/vs/workbench/api/node/extensionHostProcess.js:30:758)
	at m._deactivate (/nix/store/3j0nsr6g8fc0kb20hxhvfnsh83bk0fg6-vscodium-1.91.1.24193/lib/vscode/resources/app/out/vs/workbench/api/node/extensionHostProcess.js:160:13048)
	at /nix/store/3j0nsr6g8fc0kb20hxhvfnsh83bk0fg6-vscodium-1.91.1.24193/lib/vscode/resources/app/out/vs/workbench/api/node/extensionHostProcess.js:160:10194
	at Array.map (<anonymous>)
	at m._deactivateAll (/nix/store/3j0nsr6g8fc0kb20hxhvfnsh83bk0fg6-vscodium-1.91.1.24193/lib/vscode/resources/app/out/vs/workbench/api/node/extensionHostProcess.js:160:10181)
	at m.terminate (/nix/store/3j0nsr6g8fc0kb20hxhvfnsh83bk0fg6-vscodium-1.91.1.24193/lib/vscode/resources/app/out/vs/workbench/api/node/extensionHostProcess.js:160:10564)
	at h.terminate (/nix/store/3j0nsr6g8fc0kb20hxhvfnsh83bk0fg6-vscodium-1.91.1.24193/lib/vscode/resources/app/out/vs/workbench/api/node/extensionHostProcess.js:164:1908)
	at i (/nix/store/3j0nsr6g8fc0kb20hxhvfnsh83bk0fg6-vscodium-1.91.1.24193/lib/vscode/resources/app/out/vs/workbench/api/node/extensionHostProcess.js:177:12354)
	at MessagePortMain.<anonymous> (/nix/store/3j0nsr6g8fc0kb20hxhvfnsh83bk0fg6-vscodium-1.91.1.24193/lib/vscode/resources/app/out/vs/workbench/api/node/extensionHostProcess.js:177:8164)
	at MessagePortMain.emit (node:events:514:28)
	at MessagePortMain._internalPort.emit (node:electron/js2c/utility_init:2:2285) setContext undefined
2024-08-11 21:46:43.668 [error] Canceled: Canceled
	at new T (/nix/store/3j0nsr6g8fc0kb20hxhvfnsh83bk0fg6-vscodium-1.91.1.24193/lib/vscode/resources/app/out/vs/workbench/api/node/extensionHostProcess.js:144:39096)
	at y._remoteCall (/nix/store/3j0nsr6g8fc0kb20hxhvfnsh83bk0fg6-vscodium-1.91.1.24193/lib/vscode/resources/app/out/vs/workbench/api/node/extensionHostProcess.js:151:8166)
	at U.<computed>.F.charCodeAt.R.CharCode.DollarSign.U.<computed> (/nix/store/3j0nsr6g8fc0kb20hxhvfnsh83bk0fg6-vscodium-1.91.1.24193/lib/vscode/resources/app/out/vs/workbench/api/node/extensionHostProcess.js:151:4351)
	at f._doExecuteCommand (/nix/store/3j0nsr6g8fc0kb20hxhvfnsh83bk0fg6-vscodium-1.91.1.24193/lib/vscode/resources/app/out/vs/workbench/api/node/extensionHostProcess.js:154:241286)
	at f.executeCommand (/nix/store/3j0nsr6g8fc0kb20hxhvfnsh83bk0fg6-vscodium-1.91.1.24193/lib/vscode/resources/app/out/vs/workbench/api/node/extensionHostProcess.js:154:240611)
	at k.registerCommand.description (/nix/store/3j0nsr6g8fc0kb20hxhvfnsh83bk0fg6-vscodium-1.91.1.24193/lib/vscode/resources/app/out/vs/workbench/api/node/extensionHostProcess.js:154:239855)
	at f._executeContributedCommand (/nix/store/3j0nsr6g8fc0kb20hxhvfnsh83bk0fg6-vscodium-1.91.1.24193/lib/vscode/resources/app/out/vs/workbench/api/node/extensionHostProcess.js:154:241924)
	at f._doExecuteCommand (/nix/store/3j0nsr6g8fc0kb20hxhvfnsh83bk0fg6-vscodium-1.91.1.24193/lib/vscode/resources/app/out/vs/workbench/api/node/extensionHostProcess.js:154:240744)
	at f.executeCommand (/nix/store/3j0nsr6g8fc0kb20hxhvfnsh83bk0fg6-vscodium-1.91.1.24193/lib/vscode/resources/app/out/vs/workbench/api/node/extensionHostProcess.js:154:240611)
	at Object.executeCommand (/nix/store/3j0nsr6g8fc0kb20hxhvfnsh83bk0fg6-vscodium-1.91.1.24193/lib/vscode/resources/app/out/vs/workbench/api/node/extensionHostProcess.js:164:29715)
	at T.reset (/home/ser/.vscode-oss/extensions/asvetliakov.vscode-neovim-1.18.7-universal/dist/extension.js:2:187723)
	at l.<anonymous> (/home/ser/.vscode-oss/extensions/asvetliakov.vscode-neovim-1.18.7-universal/dist/extension.js:2:421141)
	at l.dispose (/nix/store/3j0nsr6g8fc0kb20hxhvfnsh83bk0fg6-vscodium-1.91.1.24193/lib/vscode/resources/app/out/vs/workbench/api/node/extensionHostProcess.js:152:6342)
	at h (/nix/store/3j0nsr6g8fc0kb20hxhvfnsh83bk0fg6-vscodium-1.91.1.24193/lib/vscode/resources/app/out/vs/workbench/api/node/extensionHostProcess.js:30:758)
	at m._deactivate (/nix/store/3j0nsr6g8fc0kb20hxhvfnsh83bk0fg6-vscodium-1.91.1.24193/lib/vscode/resources/app/out/vs/workbench/api/node/extensionHostProcess.js:160:13048)
	at /nix/store/3j0nsr6g8fc0kb20hxhvfnsh83bk0fg6-vscodium-1.91.1.24193/lib/vscode/resources/app/out/vs/workbench/api/node/extensionHostProcess.js:160:10194
	at Array.map (<anonymous>)
	at m._deactivateAll (/nix/store/3j0nsr6g8fc0kb20hxhvfnsh83bk0fg6-vscodium-1.91.1.24193/lib/vscode/resources/app/out/vs/workbench/api/node/extensionHostProcess.js:160:10181)
	at m.terminate (/nix/store/3j0nsr6g8fc0kb20hxhvfnsh83bk0fg6-vscodium-1.91.1.24193/lib/vscode/resources/app/out/vs/workbench/api/node/extensionHostProcess.js:160:10564)
	at h.terminate (/nix/store/3j0nsr6g8fc0kb20hxhvfnsh83bk0fg6-vscodium-1.91.1.24193/lib/vscode/resources/app/out/vs/workbench/api/node/extensionHostProcess.js:164:1908)
	at i (/nix/store/3j0nsr6g8fc0kb20hxhvfnsh83bk0fg6-vscodium-1.91.1.24193/lib/vscode/resources/app/out/vs/workbench/api/node/extensionHostProcess.js:177:12354)
	at MessagePortMain.<anonymous> (/nix/store/3j0nsr6g8fc0kb20hxhvfnsh83bk0fg6-vscodium-1.91.1.24193/lib/vscode/resources/app/out/vs/workbench/api/node/extensionHostProcess.js:177:8164)
	at MessagePortMain.emit (node:events:514:28)
	at MessagePortMain._internalPort.emit (node:electron/js2c/utility_init:2:2285) setContext undefined
2024-08-11 21:46:43.668 [error] Canceled: Canceled
	at new T (/nix/store/3j0nsr6g8fc0kb20hxhvfnsh83bk0fg6-vscodium-1.91.1.24193/lib/vscode/resources/app/out/vs/workbench/api/node/extensionHostProcess.js:144:39096)
	at y._remoteCall (/nix/store/3j0nsr6g8fc0kb20hxhvfnsh83bk0fg6-vscodium-1.91.1.24193/lib/vscode/resources/app/out/vs/workbench/api/node/extensionHostProcess.js:151:8166)
	at U.<computed>.F.charCodeAt.R.CharCode.DollarSign.U.<computed> (/nix/store/3j0nsr6g8fc0kb20hxhvfnsh83bk0fg6-vscodium-1.91.1.24193/lib/vscode/resources/app/out/vs/workbench/api/node/extensionHostProcess.js:151:4351)
	at f._doExecuteCommand (/nix/store/3j0nsr6g8fc0kb20hxhvfnsh83bk0fg6-vscodium-1.91.1.24193/lib/vscode/resources/app/out/vs/workbench/api/node/extensionHostProcess.js:154:241286)
	at f.executeCommand (/nix/store/3j0nsr6g8fc0kb20hxhvfnsh83bk0fg6-vscodium-1.91.1.24193/lib/vscode/resources/app/out/vs/workbench/api/node/extensionHostProcess.js:154:240611)
	at k.registerCommand.description (/nix/store/3j0nsr6g8fc0kb20hxhvfnsh83bk0fg6-vscodium-1.91.1.24193/lib/vscode/resources/app/out/vs/workbench/api/node/extensionHostProcess.js:154:239855)
	at f._executeContributedCommand (/nix/store/3j0nsr6g8fc0kb20hxhvfnsh83bk0fg6-vscodium-1.91.1.24193/lib/vscode/resources/app/out/vs/workbench/api/node/extensionHostProcess.js:154:241924)
	at f._doExecuteCommand (/nix/store/3j0nsr6g8fc0kb20hxhvfnsh83bk0fg6-vscodium-1.91.1.24193/lib/vscode/resources/app/out/vs/workbench/api/node/extensionHostProcess.js:154:240744)
	at f.executeCommand (/nix/store/3j0nsr6g8fc0kb20hxhvfnsh83bk0fg6-vscodium-1.91.1.24193/lib/vscode/resources/app/out/vs/workbench/api/node/extensionHostProcess.js:154:240611)
	at Object.executeCommand (/nix/store/3j0nsr6g8fc0kb20hxhvfnsh83bk0fg6-vscodium-1.91.1.24193/lib/vscode/resources/app/out/vs/workbench/api/node/extensionHostProcess.js:164:29715)
	at T.reset (/home/ser/.vscode-oss/extensions/asvetliakov.vscode-neovim-1.18.7-universal/dist/extension.js:2:187723)
	at l.<anonymous> (/home/ser/.vscode-oss/extensions/asvetliakov.vscode-neovim-1.18.7-universal/dist/extension.js:2:421141)
	at l.dispose (/nix/store/3j0nsr6g8fc0kb20hxhvfnsh83bk0fg6-vscodium-1.91.1.24193/lib/vscode/resources/app/out/vs/workbench/api/node/extensionHostProcess.js:152:6342)
	at h (/nix/store/3j0nsr6g8fc0kb20hxhvfnsh83bk0fg6-vscodium-1.91.1.24193/lib/vscode/resources/app/out/vs/workbench/api/node/extensionHostProcess.js:30:758)
	at m._deactivate (/nix/store/3j0nsr6g8fc0kb20hxhvfnsh83bk0fg6-vscodium-1.91.1.24193/lib/vscode/resources/app/out/vs/workbench/api/node/extensionHostProcess.js:160:13048)
	at /nix/store/3j0nsr6g8fc0kb20hxhvfnsh83bk0fg6-vscodium-1.91.1.24193/lib/vscode/resources/app/out/vs/workbench/api/node/extensionHostProcess.js:160:10194
	at Array.map (<anonymous>)
	at m._deactivateAll (/nix/store/3j0nsr6g8fc0kb20hxhvfnsh83bk0fg6-vscodium-1.91.1.24193/lib/vscode/resources/app/out/vs/workbench/api/node/extensionHostProcess.js:160:10181)
	at m.terminate (/nix/store/3j0nsr6g8fc0kb20hxhvfnsh83bk0fg6-vscodium-1.91.1.24193/lib/vscode/resources/app/out/vs/workbench/api/node/extensionHostProcess.js:160:10564)
	at h.terminate (/nix/store/3j0nsr6g8fc0kb20hxhvfnsh83bk0fg6-vscodium-1.91.1.24193/lib/vscode/resources/app/out/vs/workbench/api/node/extensionHostProcess.js:164:1908)
	at i (/nix/store/3j0nsr6g8fc0kb20hxhvfnsh83bk0fg6-vscodium-1.91.1.24193/lib/vscode/resources/app/out/vs/workbench/api/node/extensionHostProcess.js:177:12354)
	at MessagePortMain.<anonymous> (/nix/store/3j0nsr6g8fc0kb20hxhvfnsh83bk0fg6-vscodium-1.91.1.24193/lib/vscode/resources/app/out/vs/workbench/api/node/extensionHostProcess.js:177:8164)
	at MessagePortMain.emit (node:events:514:28)
	at MessagePortMain._internalPort.emit (node:electron/js2c/utility_init:2:2285) setContext undefined
2024-08-11 21:46:43.668 [error] Canceled: Canceled
	at new T (/nix/store/3j0nsr6g8fc0kb20hxhvfnsh83bk0fg6-vscodium-1.91.1.24193/lib/vscode/resources/app/out/vs/workbench/api/node/extensionHostProcess.js:144:39096)
	at y._remoteCall (/nix/store/3j0nsr6g8fc0kb20hxhvfnsh83bk0fg6-vscodium-1.91.1.24193/lib/vscode/resources/app/out/vs/workbench/api/node/extensionHostProcess.js:151:8166)
	at U.<computed>.F.charCodeAt.R.CharCode.DollarSign.U.<computed> (/nix/store/3j0nsr6g8fc0kb20hxhvfnsh83bk0fg6-vscodium-1.91.1.24193/lib/vscode/resources/app/out/vs/workbench/api/node/extensionHostProcess.js:151:4351)
	at f._doExecuteCommand (/nix/store/3j0nsr6g8fc0kb20hxhvfnsh83bk0fg6-vscodium-1.91.1.24193/lib/vscode/resources/app/out/vs/workbench/api/node/extensionHostProcess.js:154:241286)
	at f.executeCommand (/nix/store/3j0nsr6g8fc0kb20hxhvfnsh83bk0fg6-vscodium-1.91.1.24193/lib/vscode/resources/app/out/vs/workbench/api/node/extensionHostProcess.js:154:240611)
	at k.registerCommand.description (/nix/store/3j0nsr6g8fc0kb20hxhvfnsh83bk0fg6-vscodium-1.91.1.24193/lib/vscode/resources/app/out/vs/workbench/api/node/extensionHostProcess.js:154:239855)
	at f._executeContributedCommand (/nix/store/3j0nsr6g8fc0kb20hxhvfnsh83bk0fg6-vscodium-1.91.1.24193/lib/vscode/resources/app/out/vs/workbench/api/node/extensionHostProcess.js:154:241924)
	at f._doExecuteCommand (/nix/store/3j0nsr6g8fc0kb20hxhvfnsh83bk0fg6-vscodium-1.91.1.24193/lib/vscode/resources/app/out/vs/workbench/api/node/extensionHostProcess.js:154:240744)
	at f.executeCommand (/nix/store/3j0nsr6g8fc0kb20hxhvfnsh83bk0fg6-vscodium-1.91.1.24193/lib/vscode/resources/app/out/vs/workbench/api/node/extensionHostProcess.js:154:240611)
	at Object.executeCommand (/nix/store/3j0nsr6g8fc0kb20hxhvfnsh83bk0fg6-vscodium-1.91.1.24193/lib/vscode/resources/app/out/vs/workbench/api/node/extensionHostProcess.js:164:29715)
	at T.reset (/home/ser/.vscode-oss/extensions/asvetliakov.vscode-neovim-1.18.7-universal/dist/extension.js:2:187723)
	at l.<anonymous> (/home/ser/.vscode-oss/extensions/asvetliakov.vscode-neovim-1.18.7-universal/dist/extension.js:2:421141)
	at l.dispose (/nix/store/3j0nsr6g8fc0kb20hxhvfnsh83bk0fg6-vscodium-1.91.1.24193/lib/vscode/resources/app/out/vs/workbench/api/node/extensionHostProcess.js:152:6342)
	at h (/nix/store/3j0nsr6g8fc0kb20hxhvfnsh83bk0fg6-vscodium-1.91.1.24193/lib/vscode/resources/app/out/vs/workbench/api/node/extensionHostProcess.js:30:758)
	at m._deactivate (/nix/store/3j0nsr6g8fc0kb20hxhvfnsh83bk0fg6-vscodium-1.91.1.24193/lib/vscode/resources/app/out/vs/workbench/api/node/extensionHostProcess.js:160:13048)
	at /nix/store/3j0nsr6g8fc0kb20hxhvfnsh83bk0fg6-vscodium-1.91.1.24193/lib/vscode/resources/app/out/vs/workbench/api/node/extensionHostProcess.js:160:10194
	at Array.map (<anonymous>)
	at m._deactivateAll (/nix/store/3j0nsr6g8fc0kb20hxhvfnsh83bk0fg6-vscodium-1.91.1.24193/lib/vscode/resources/app/out/vs/workbench/api/node/extensionHostProcess.js:160:10181)
	at m.terminate (/nix/store/3j0nsr6g8fc0kb20hxhvfnsh83bk0fg6-vscodium-1.91.1.24193/lib/vscode/resources/app/out/vs/workbench/api/node/extensionHostProcess.js:160:10564)
	at h.terminate (/nix/store/3j0nsr6g8fc0kb20hxhvfnsh83bk0fg6-vscodium-1.91.1.24193/lib/vscode/resources/app/out/vs/workbench/api/node/extensionHostProcess.js:164:1908)
	at i (/nix/store/3j0nsr6g8fc0kb20hxhvfnsh83bk0fg6-vscodium-1.91.1.24193/lib/vscode/resources/app/out/vs/workbench/api/node/extensionHostProcess.js:177:12354)
	at MessagePortMain.<anonymous> (/nix/store/3j0nsr6g8fc0kb20hxhvfnsh83bk0fg6-vscodium-1.91.1.24193/lib/vscode/resources/app/out/vs/workbench/api/node/extensionHostProcess.js:177:8164)
	at MessagePortMain.emit (node:events:514:28)
	at MessagePortMain._internalPort.emit (node:electron/js2c/utility_init:2:2285) setContext undefined
2024-08-11 21:46:43.668 [error] Canceled: Canceled
	at new T (/nix/store/3j0nsr6g8fc0kb20hxhvfnsh83bk0fg6-vscodium-1.91.1.24193/lib/vscode/resources/app/out/vs/workbench/api/node/extensionHostProcess.js:144:39096)
	at y._remoteCall (/nix/store/3j0nsr6g8fc0kb20hxhvfnsh83bk0fg6-vscodium-1.91.1.24193/lib/vscode/resources/app/out/vs/workbench/api/node/extensionHostProcess.js:151:8166)
	at U.<computed>.F.charCodeAt.R.CharCode.DollarSign.U.<computed> (/nix/store/3j0nsr6g8fc0kb20hxhvfnsh83bk0fg6-vscodium-1.91.1.24193/lib/vscode/resources/app/out/vs/workbench/api/node/extensionHostProcess.js:151:4351)
	at f._doExecuteCommand (/nix/store/3j0nsr6g8fc0kb20hxhvfnsh83bk0fg6-vscodium-1.91.1.24193/lib/vscode/resources/app/out/vs/workbench/api/node/extensionHostProcess.js:154:241286)
	at f.executeCommand (/nix/store/3j0nsr6g8fc0kb20hxhvfnsh83bk0fg6-vscodium-1.91.1.24193/lib/vscode/resources/app/out/vs/workbench/api/node/extensionHostProcess.js:154:240611)
	at k.registerCommand.description (/nix/store/3j0nsr6g8fc0kb20hxhvfnsh83bk0fg6-vscodium-1.91.1.24193/lib/vscode/resources/app/out/vs/workbench/api/node/extensionHostProcess.js:154:239855)
	at f._executeContributedCommand (/nix/store/3j0nsr6g8fc0kb20hxhvfnsh83bk0fg6-vscodium-1.91.1.24193/lib/vscode/resources/app/out/vs/workbench/api/node/extensionHostProcess.js:154:241924)
	at f._doExecuteCommand (/nix/store/3j0nsr6g8fc0kb20hxhvfnsh83bk0fg6-vscodium-1.91.1.24193/lib/vscode/resources/app/out/vs/workbench/api/node/extensionHostProcess.js:154:240744)
	at f.executeCommand (/nix/store/3j0nsr6g8fc0kb20hxhvfnsh83bk0fg6-vscodium-1.91.1.24193/lib/vscode/resources/app/out/vs/workbench/api/node/extensionHostProcess.js:154:240611)
	at Object.executeCommand (/nix/store/3j0nsr6g8fc0kb20hxhvfnsh83bk0fg6-vscodium-1.91.1.24193/lib/vscode/resources/app/out/vs/workbench/api/node/extensionHostProcess.js:164:29715)
	at T.reset (/home/ser/.vscode-oss/extensions/asvetliakov.vscode-neovim-1.18.7-universal/dist/extension.js:2:187723)
	at l.<anonymous> (/home/ser/.vscode-oss/extensions/asvetliakov.vscode-neovim-1.18.7-universal/dist/extension.js:2:421141)
	at l.dispose (/nix/store/3j0nsr6g8fc0kb20hxhvfnsh83bk0fg6-vscodium-1.91.1.24193/lib/vscode/resources/app/out/vs/workbench/api/node/extensionHostProcess.js:152:6342)
	at h (/nix/store/3j0nsr6g8fc0kb20hxhvfnsh83bk0fg6-vscodium-1.91.1.24193/lib/vscode/resources/app/out/vs/workbench/api/node/extensionHostProcess.js:30:758)
	at m._deactivate (/nix/store/3j0nsr6g8fc0kb20hxhvfnsh83bk0fg6-vscodium-1.91.1.24193/lib/vscode/resources/app/out/vs/workbench/api/node/extensionHostProcess.js:160:13048)
	at /nix/store/3j0nsr6g8fc0kb20hxhvfnsh83bk0fg6-vscodium-1.91.1.24193/lib/vscode/resources/app/out/vs/workbench/api/node/extensionHostProcess.js:160:10194
	at Array.map (<anonymous>)
	at m._deactivateAll (/nix/store/3j0nsr6g8fc0kb20hxhvfnsh83bk0fg6-vscodium-1.91.1.24193/lib/vscode/resources/app/out/vs/workbench/api/node/extensionHostProcess.js:160:10181)
	at m.terminate (/nix/store/3j0nsr6g8fc0kb20hxhvfnsh83bk0fg6-vscodium-1.91.1.24193/lib/vscode/resources/app/out/vs/workbench/api/node/extensionHostProcess.js:160:10564)
	at h.terminate (/nix/store/3j0nsr6g8fc0kb20hxhvfnsh83bk0fg6-vscodium-1.91.1.24193/lib/vscode/resources/app/out/vs/workbench/api/node/extensionHostProcess.js:164:1908)
	at i (/nix/store/3j0nsr6g8fc0kb20hxhvfnsh83bk0fg6-vscodium-1.91.1.24193/lib/vscode/resources/app/out/vs/workbench/api/node/extensionHostProcess.js:177:12354)
	at MessagePortMain.<anonymous> (/nix/store/3j0nsr6g8fc0kb20hxhvfnsh83bk0fg6-vscodium-1.91.1.24193/lib/vscode/resources/app/out/vs/workbench/api/node/extensionHostProcess.js:177:8164)
	at MessagePortMain.emit (node:events:514:28)
	at MessagePortMain._internalPort.emit (node:electron/js2c/utility_init:2:2285) setContext undefined
2024-08-11 21:46:43.668 [error] Canceled: Canceled
	at new T (/nix/store/3j0nsr6g8fc0kb20hxhvfnsh83bk0fg6-vscodium-1.91.1.24193/lib/vscode/resources/app/out/vs/workbench/api/node/extensionHostProcess.js:144:39096)
	at y._remoteCall (/nix/store/3j0nsr6g8fc0kb20hxhvfnsh83bk0fg6-vscodium-1.91.1.24193/lib/vscode/resources/app/out/vs/workbench/api/node/extensionHostProcess.js:151:8166)
	at U.<computed>.F.charCodeAt.R.CharCode.DollarSign.U.<computed> (/nix/store/3j0nsr6g8fc0kb20hxhvfnsh83bk0fg6-vscodium-1.91.1.24193/lib/vscode/resources/app/out/vs/workbench/api/node/extensionHostProcess.js:151:4351)
	at f._doExecuteCommand (/nix/store/3j0nsr6g8fc0kb20hxhvfnsh83bk0fg6-vscodium-1.91.1.24193/lib/vscode/resources/app/out/vs/workbench/api/node/extensionHostProcess.js:154:241286)
	at f.executeCommand (/nix/store/3j0nsr6g8fc0kb20hxhvfnsh83bk0fg6-vscodium-1.91.1.24193/lib/vscode/resources/app/out/vs/workbench/api/node/extensionHostProcess.js:154:240611)
	at k.registerCommand.description (/nix/store/3j0nsr6g8fc0kb20hxhvfnsh83bk0fg6-vscodium-1.91.1.24193/lib/vscode/resources/app/out/vs/workbench/api/node/extensionHostProcess.js:154:239855)
	at f._executeContributedCommand (/nix/store/3j0nsr6g8fc0kb20hxhvfnsh83bk0fg6-vscodium-1.91.1.24193/lib/vscode/resources/app/out/vs/workbench/api/node/extensionHostProcess.js:154:241924)
	at f._doExecuteCommand (/nix/store/3j0nsr6g8fc0kb20hxhvfnsh83bk0fg6-vscodium-1.91.1.24193/lib/vscode/resources/app/out/vs/workbench/api/node/extensionHostProcess.js:154:240744)
	at f.executeCommand (/nix/store/3j0nsr6g8fc0kb20hxhvfnsh83bk0fg6-vscodium-1.91.1.24193/lib/vscode/resources/app/out/vs/workbench/api/node/extensionHostProcess.js:154:240611)
	at Object.executeCommand (/nix/store/3j0nsr6g8fc0kb20hxhvfnsh83bk0fg6-vscodium-1.91.1.24193/lib/vscode/resources/app/out/vs/workbench/api/node/extensionHostProcess.js:164:29715)
	at T.reset (/home/ser/.vscode-oss/extensions/asvetliakov.vscode-neovim-1.18.7-universal/dist/extension.js:2:187723)
	at l.<anonymous> (/home/ser/.vscode-oss/extensions/asvetliakov.vscode-neovim-1.18.7-universal/dist/extension.js:2:421141)
	at l.dispose (/nix/store/3j0nsr6g8fc0kb20hxhvfnsh83bk0fg6-vscodium-1.91.1.24193/lib/vscode/resources/app/out/vs/workbench/api/node/extensionHostProcess.js:152:6342)
	at h (/nix/store/3j0nsr6g8fc0kb20hxhvfnsh83bk0fg6-vscodium-1.91.1.24193/lib/vscode/resources/app/out/vs/workbench/api/node/extensionHostProcess.js:30:758)
	at m._deactivate (/nix/store/3j0nsr6g8fc0kb20hxhvfnsh83bk0fg6-vscodium-1.91.1.24193/lib/vscode/resources/app/out/vs/workbench/api/node/extensionHostProcess.js:160:13048)
	at /nix/store/3j0nsr6g8fc0kb20hxhvfnsh83bk0fg6-vscodium-1.91.1.24193/lib/vscode/resources/app/out/vs/workbench/api/node/extensionHostProcess.js:160:10194
	at Array.map (<anonymous>)
	at m._deactivateAll (/nix/store/3j0nsr6g8fc0kb20hxhvfnsh83bk0fg6-vscodium-1.91.1.24193/lib/vscode/resources/app/out/vs/workbench/api/node/extensionHostProcess.js:160:10181)
	at m.terminate (/nix/store/3j0nsr6g8fc0kb20hxhvfnsh83bk0fg6-vscodium-1.91.1.24193/lib/vscode/resources/app/out/vs/workbench/api/node/extensionHostProcess.js:160:10564)
	at h.terminate (/nix/store/3j0nsr6g8fc0kb20hxhvfnsh83bk0fg6-vscodium-1.91.1.24193/lib/vscode/resources/app/out/vs/workbench/api/node/extensionHostProcess.js:164:1908)
	at i (/nix/store/3j0nsr6g8fc0kb20hxhvfnsh83bk0fg6-vscodium-1.91.1.24193/lib/vscode/resources/app/out/vs/workbench/api/node/extensionHostProcess.js:177:12354)
	at MessagePortMain.<anonymous> (/nix/store/3j0nsr6g8fc0kb20hxhvfnsh83bk0fg6-vscodium-1.91.1.24193/lib/vscode/resources/app/out/vs/workbench/api/node/extensionHostProcess.js:177:8164)
	at MessagePortMain.emit (node:events:514:28)
	at MessagePortMain._internalPort.emit (node:electron/js2c/utility_init:2:2285) setContext undefined
2024-08-11 21:46:43.668 [error] Canceled: Canceled
	at new T (/nix/store/3j0nsr6g8fc0kb20hxhvfnsh83bk0fg6-vscodium-1.91.1.24193/lib/vscode/resources/app/out/vs/workbench/api/node/extensionHostProcess.js:144:39096)
	at y._remoteCall (/nix/store/3j0nsr6g8fc0kb20hxhvfnsh83bk0fg6-vscodium-1.91.1.24193/lib/vscode/resources/app/out/vs/workbench/api/node/extensionHostProcess.js:151:8166)
	at U.<computed>.F.charCodeAt.R.CharCode.DollarSign.U.<computed> (/nix/store/3j0nsr6g8fc0kb20hxhvfnsh83bk0fg6-vscodium-1.91.1.24193/lib/vscode/resources/app/out/vs/workbench/api/node/extensionHostProcess.js:151:4351)
	at f._doExecuteCommand (/nix/store/3j0nsr6g8fc0kb20hxhvfnsh83bk0fg6-vscodium-1.91.1.24193/lib/vscode/resources/app/out/vs/workbench/api/node/extensionHostProcess.js:154:241286)
	at f.executeCommand (/nix/store/3j0nsr6g8fc0kb20hxhvfnsh83bk0fg6-vscodium-1.91.1.24193/lib/vscode/resources/app/out/vs/workbench/api/node/extensionHostProcess.js:154:240611)
	at k.registerCommand.description (/nix/store/3j0nsr6g8fc0kb20hxhvfnsh83bk0fg6-vscodium-1.91.1.24193/lib/vscode/resources/app/out/vs/workbench/api/node/extensionHostProcess.js:154:239855)
	at f._executeContributedCommand (/nix/store/3j0nsr6g8fc0kb20hxhvfnsh83bk0fg6-vscodium-1.91.1.24193/lib/vscode/resources/app/out/vs/workbench/api/node/extensionHostProcess.js:154:241924)
	at f._doExecuteCommand (/nix/store/3j0nsr6g8fc0kb20hxhvfnsh83bk0fg6-vscodium-1.91.1.24193/lib/vscode/resources/app/out/vs/workbench/api/node/extensionHostProcess.js:154:240744)
	at f.executeCommand (/nix/store/3j0nsr6g8fc0kb20hxhvfnsh83bk0fg6-vscodium-1.91.1.24193/lib/vscode/resources/app/out/vs/workbench/api/node/extensionHostProcess.js:154:240611)
	at Object.executeCommand (/nix/store/3j0nsr6g8fc0kb20hxhvfnsh83bk0fg6-vscodium-1.91.1.24193/lib/vscode/resources/app/out/vs/workbench/api/node/extensionHostProcess.js:164:29715)
	at T.reset (/home/ser/.vscode-oss/extensions/asvetliakov.vscode-neovim-1.18.7-universal/dist/extension.js:2:187723)
	at l.<anonymous> (/home/ser/.vscode-oss/extensions/asvetliakov.vscode-neovim-1.18.7-universal/dist/extension.js:2:421141)
	at l.dispose (/nix/store/3j0nsr6g8fc0kb20hxhvfnsh83bk0fg6-vscodium-1.91.1.24193/lib/vscode/resources/app/out/vs/workbench/api/node/extensionHostProcess.js:152:6342)
	at h (/nix/store/3j0nsr6g8fc0kb20hxhvfnsh83bk0fg6-vscodium-1.91.1.24193/lib/vscode/resources/app/out/vs/workbench/api/node/extensionHostProcess.js:30:758)
	at m._deactivate (/nix/store/3j0nsr6g8fc0kb20hxhvfnsh83bk0fg6-vscodium-1.91.1.24193/lib/vscode/resources/app/out/vs/workbench/api/node/extensionHostProcess.js:160:13048)
	at /nix/store/3j0nsr6g8fc0kb20hxhvfnsh83bk0fg6-vscodium-1.91.1.24193/lib/vscode/resources/app/out/vs/workbench/api/node/extensionHostProcess.js:160:10194
	at Array.map (<anonymous>)
	at m._deactivateAll (/nix/store/3j0nsr6g8fc0kb20hxhvfnsh83bk0fg6-vscodium-1.91.1.24193/lib/vscode/resources/app/out/vs/workbench/api/node/extensionHostProcess.js:160:10181)
	at m.terminate (/nix/store/3j0nsr6g8fc0kb20hxhvfnsh83bk0fg6-vscodium-1.91.1.24193/lib/vscode/resources/app/out/vs/workbench/api/node/extensionHostProcess.js:160:10564)
	at h.terminate (/nix/store/3j0nsr6g8fc0kb20hxhvfnsh83bk0fg6-vscodium-1.91.1.24193/lib/vscode/resources/app/out/vs/workbench/api/node/extensionHostProcess.js:164:1908)
	at i (/nix/store/3j0nsr6g8fc0kb20hxhvfnsh83bk0fg6-vscodium-1.91.1.24193/lib/vscode/resources/app/out/vs/workbench/api/node/extensionHostProcess.js:177:12354)
	at MessagePortMain.<anonymous> (/nix/store/3j0nsr6g8fc0kb20hxhvfnsh83bk0fg6-vscodium-1.91.1.24193/lib/vscode/resources/app/out/vs/workbench/api/node/extensionHostProcess.js:177:8164)
	at MessagePortMain.emit (node:events:514:28)
	at MessagePortMain._internalPort.emit (node:electron/js2c/utility_init:2:2285) setContext undefined
2024-08-11 21:46:43.668 [error] Canceled: Canceled
	at new T (/nix/store/3j0nsr6g8fc0kb20hxhvfnsh83bk0fg6-vscodium-1.91.1.24193/lib/vscode/resources/app/out/vs/workbench/api/node/extensionHostProcess.js:144:39096)
	at y._remoteCall (/nix/store/3j0nsr6g8fc0kb20hxhvfnsh83bk0fg6-vscodium-1.91.1.24193/lib/vscode/resources/app/out/vs/workbench/api/node/extensionHostProcess.js:151:8166)
	at U.<computed>.F.charCodeAt.R.CharCode.DollarSign.U.<computed> (/nix/store/3j0nsr6g8fc0kb20hxhvfnsh83bk0fg6-vscodium-1.91.1.24193/lib/vscode/resources/app/out/vs/workbench/api/node/extensionHostProcess.js:151:4351)
	at f._doExecuteCommand (/nix/store/3j0nsr6g8fc0kb20hxhvfnsh83bk0fg6-vscodium-1.91.1.24193/lib/vscode/resources/app/out/vs/workbench/api/node/extensionHostProcess.js:154:241286)
	at f.executeCommand (/nix/store/3j0nsr6g8fc0kb20hxhvfnsh83bk0fg6-vscodium-1.91.1.24193/lib/vscode/resources/app/out/vs/workbench/api/node/extensionHostProcess.js:154:240611)
	at k.registerCommand.description (/nix/store/3j0nsr6g8fc0kb20hxhvfnsh83bk0fg6-vscodium-1.91.1.24193/lib/vscode/resources/app/out/vs/workbench/api/node/extensionHostProcess.js:154:239855)
	at f._executeContributedCommand (/nix/store/3j0nsr6g8fc0kb20hxhvfnsh83bk0fg6-vscodium-1.91.1.24193/lib/vscode/resources/app/out/vs/workbench/api/node/extensionHostProcess.js:154:241924)
	at f._doExecuteCommand (/nix/store/3j0nsr6g8fc0kb20hxhvfnsh83bk0fg6-vscodium-1.91.1.24193/lib/vscode/resources/app/out/vs/workbench/api/node/extensionHostProcess.js:154:240744)
	at f.executeCommand (/nix/store/3j0nsr6g8fc0kb20hxhvfnsh83bk0fg6-vscodium-1.91.1.24193/lib/vscode/resources/app/out/vs/workbench/api/node/extensionHostProcess.js:154:240611)
	at Object.executeCommand (/nix/store/3j0nsr6g8fc0kb20hxhvfnsh83bk0fg6-vscodium-1.91.1.24193/lib/vscode/resources/app/out/vs/workbench/api/node/extensionHostProcess.js:164:29715)
	at T.reset (/home/ser/.vscode-oss/extensions/asvetliakov.vscode-neovim-1.18.7-universal/dist/extension.js:2:187723)
	at l.<anonymous> (/home/ser/.vscode-oss/extensions/asvetliakov.vscode-neovim-1.18.7-universal/dist/extension.js:2:421141)
	at l.dispose (/nix/store/3j0nsr6g8fc0kb20hxhvfnsh83bk0fg6-vscodium-1.91.1.24193/lib/vscode/resources/app/out/vs/workbench/api/node/extensionHostProcess.js:152:6342)
	at h (/nix/store/3j0nsr6g8fc0kb20hxhvfnsh83bk0fg6-vscodium-1.91.1.24193/lib/vscode/resources/app/out/vs/workbench/api/node/extensionHostProcess.js:30:758)
	at m._deactivate (/nix/store/3j0nsr6g8fc0kb20hxhvfnsh83bk0fg6-vscodium-1.91.1.24193/lib/vscode/resources/app/out/vs/workbench/api/node/extensionHostProcess.js:160:13048)
	at /nix/store/3j0nsr6g8fc0kb20hxhvfnsh83bk0fg6-vscodium-1.91.1.24193/lib/vscode/resources/app/out/vs/workbench/api/node/extensionHostProcess.js:160:10194
	at Array.map (<anonymous>)
	at m._deactivateAll (/nix/store/3j0nsr6g8fc0kb20hxhvfnsh83bk0fg6-vscodium-1.91.1.24193/lib/vscode/resources/app/out/vs/workbench/api/node/extensionHostProcess.js:160:10181)
	at m.terminate (/nix/store/3j0nsr6g8fc0kb20hxhvfnsh83bk0fg6-vscodium-1.91.1.24193/lib/vscode/resources/app/out/vs/workbench/api/node/extensionHostProcess.js:160:10564)
	at h.terminate (/nix/store/3j0nsr6g8fc0kb20hxhvfnsh83bk0fg6-vscodium-1.91.1.24193/lib/vscode/resources/app/out/vs/workbench/api/node/extensionHostProcess.js:164:1908)
	at i (/nix/store/3j0nsr6g8fc0kb20hxhvfnsh83bk0fg6-vscodium-1.91.1.24193/lib/vscode/resources/app/out/vs/workbench/api/node/extensionHostProcess.js:177:12354)
	at MessagePortMain.<anonymous> (/nix/store/3j0nsr6g8fc0kb20hxhvfnsh83bk0fg6-vscodium-1.91.1.24193/lib/vscode/resources/app/out/vs/workbench/api/node/extensionHostProcess.js:177:8164)
	at MessagePortMain.emit (node:events:514:28)
	at MessagePortMain._internalPort.emit (node:electron/js2c/utility_init:2:2285) setContext undefined
2024-08-11 21:46:43.668 [error] Canceled: Canceled
	at new T (/nix/store/3j0nsr6g8fc0kb20hxhvfnsh83bk0fg6-vscodium-1.91.1.24193/lib/vscode/resources/app/out/vs/workbench/api/node/extensionHostProcess.js:144:39096)
	at y._remoteCall (/nix/store/3j0nsr6g8fc0kb20hxhvfnsh83bk0fg6-vscodium-1.91.1.24193/lib/vscode/resources/app/out/vs/workbench/api/node/extensionHostProcess.js:151:8166)
	at U.<computed>.F.charCodeAt.R.CharCode.DollarSign.U.<computed> (/nix/store/3j0nsr6g8fc0kb20hxhvfnsh83bk0fg6-vscodium-1.91.1.24193/lib/vscode/resources/app/out/vs/workbench/api/node/extensionHostProcess.js:151:4351)
	at f._doExecuteCommand (/nix/store/3j0nsr6g8fc0kb20hxhvfnsh83bk0fg6-vscodium-1.91.1.24193/lib/vscode/resources/app/out/vs/workbench/api/node/extensionHostProcess.js:154:241286)
	at f.executeCommand (/nix/store/3j0nsr6g8fc0kb20hxhvfnsh83bk0fg6-vscodium-1.91.1.24193/lib/vscode/resources/app/out/vs/workbench/api/node/extensionHostProcess.js:154:240611)
	at k.registerCommand.description (/nix/store/3j0nsr6g8fc0kb20hxhvfnsh83bk0fg6-vscodium-1.91.1.24193/lib/vscode/resources/app/out/vs/workbench/api/node/extensionHostProcess.js:154:239855)
	at f._executeContributedCommand (/nix/store/3j0nsr6g8fc0kb20hxhvfnsh83bk0fg6-vscodium-1.91.1.24193/lib/vscode/resources/app/out/vs/workbench/api/node/extensionHostProcess.js:154:241924)
	at f._doExecuteCommand (/nix/store/3j0nsr6g8fc0kb20hxhvfnsh83bk0fg6-vscodium-1.91.1.24193/lib/vscode/resources/app/out/vs/workbench/api/node/extensionHostProcess.js:154:240744)
	at f.executeCommand (/nix/store/3j0nsr6g8fc0kb20hxhvfnsh83bk0fg6-vscodium-1.91.1.24193/lib/vscode/resources/app/out/vs/workbench/api/node/extensionHostProcess.js:154:240611)
	at Object.executeCommand (/nix/store/3j0nsr6g8fc0kb20hxhvfnsh83bk0fg6-vscodium-1.91.1.24193/lib/vscode/resources/app/out/vs/workbench/api/node/extensionHostProcess.js:164:29715)
	at T.reset (/home/ser/.vscode-oss/extensions/asvetliakov.vscode-neovim-1.18.7-universal/dist/extension.js:2:187723)
	at l.<anonymous> (/home/ser/.vscode-oss/extensions/asvetliakov.vscode-neovim-1.18.7-universal/dist/extension.js:2:421141)
	at l.dispose (/nix/store/3j0nsr6g8fc0kb20hxhvfnsh83bk0fg6-vscodium-1.91.1.24193/lib/vscode/resources/app/out/vs/workbench/api/node/extensionHostProcess.js:152:6342)
	at h (/nix/store/3j0nsr6g8fc0kb20hxhvfnsh83bk0fg6-vscodium-1.91.1.24193/lib/vscode/resources/app/out/vs/workbench/api/node/extensionHostProcess.js:30:758)
	at m._deactivate (/nix/store/3j0nsr6g8fc0kb20hxhvfnsh83bk0fg6-vscodium-1.91.1.24193/lib/vscode/resources/app/out/vs/workbench/api/node/extensionHostProcess.js:160:13048)
	at /nix/store/3j0nsr6g8fc0kb20hxhvfnsh83bk0fg6-vscodium-1.91.1.24193/lib/vscode/resources/app/out/vs/workbench/api/node/extensionHostProcess.js:160:10194
	at Array.map (<anonymous>)
	at m._deactivateAll (/nix/store/3j0nsr6g8fc0kb20hxhvfnsh83bk0fg6-vscodium-1.91.1.24193/lib/vscode/resources/app/out/vs/workbench/api/node/extensionHostProcess.js:160:10181)
	at m.terminate (/nix/store/3j0nsr6g8fc0kb20hxhvfnsh83bk0fg6-vscodium-1.91.1.24193/lib/vscode/resources/app/out/vs/workbench/api/node/extensionHostProcess.js:160:10564)
	at h.terminate (/nix/store/3j0nsr6g8fc0kb20hxhvfnsh83bk0fg6-vscodium-1.91.1.24193/lib/vscode/resources/app/out/vs/workbench/api/node/extensionHostProcess.js:164:1908)
	at i (/nix/store/3j0nsr6g8fc0kb20hxhvfnsh83bk0fg6-vscodium-1.91.1.24193/lib/vscode/resources/app/out/vs/workbench/api/node/extensionHostProcess.js:177:12354)
	at MessagePortMain.<anonymous> (/nix/store/3j0nsr6g8fc0kb20hxhvfnsh83bk0fg6-vscodium-1.91.1.24193/lib/vscode/resources/app/out/vs/workbench/api/node/extensionHostProcess.js:177:8164)
	at MessagePortMain.emit (node:events:514:28)
	at MessagePortMain._internalPort.emit (node:electron/js2c/utility_init:2:2285) setContext undefined
2024-08-11 21:46:43.668 [error] Canceled: Canceled
	at new T (/nix/store/3j0nsr6g8fc0kb20hxhvfnsh83bk0fg6-vscodium-1.91.1.24193/lib/vscode/resources/app/out/vs/workbench/api/node/extensionHostProcess.js:144:39096)
	at y._remoteCall (/nix/store/3j0nsr6g8fc0kb20hxhvfnsh83bk0fg6-vscodium-1.91.1.24193/lib/vscode/resources/app/out/vs/workbench/api/node/extensionHostProcess.js:151:8166)
	at U.<computed>.F.charCodeAt.R.CharCode.DollarSign.U.<computed> (/nix/store/3j0nsr6g8fc0kb20hxhvfnsh83bk0fg6-vscodium-1.91.1.24193/lib/vscode/resources/app/out/vs/workbench/api/node/extensionHostProcess.js:151:4351)
	at f._doExecuteCommand (/nix/store/3j0nsr6g8fc0kb20hxhvfnsh83bk0fg6-vscodium-1.91.1.24193/lib/vscode/resources/app/out/vs/workbench/api/node/extensionHostProcess.js:154:241286)
	at f.executeCommand (/nix/store/3j0nsr6g8fc0kb20hxhvfnsh83bk0fg6-vscodium-1.91.1.24193/lib/vscode/resources/app/out/vs/workbench/api/node/extensionHostProcess.js:154:240611)
	at k.registerCommand.description (/nix/store/3j0nsr6g8fc0kb20hxhvfnsh83bk0fg6-vscodium-1.91.1.24193/lib/vscode/resources/app/out/vs/workbench/api/node/extensionHostProcess.js:154:239855)
	at f._executeContributedCommand (/nix/store/3j0nsr6g8fc0kb20hxhvfnsh83bk0fg6-vscodium-1.91.1.24193/lib/vscode/resources/app/out/vs/workbench/api/node/extensionHostProcess.js:154:241924)
	at f._doExecuteCommand (/nix/store/3j0nsr6g8fc0kb20hxhvfnsh83bk0fg6-vscodium-1.91.1.24193/lib/vscode/resources/app/out/vs/workbench/api/node/extensionHostProcess.js:154:240744)
	at f.executeCommand (/nix/store/3j0nsr6g8fc0kb20hxhvfnsh83bk0fg6-vscodium-1.91.1.24193/lib/vscode/resources/app/out/vs/workbench/api/node/extensionHostProcess.js:154:240611)
	at Object.executeCommand (/nix/store/3j0nsr6g8fc0kb20hxhvfnsh83bk0fg6-vscodium-1.91.1.24193/lib/vscode/resources/app/out/vs/workbench/api/node/extensionHostProcess.js:164:29715)
	at T.reset (/home/ser/.vscode-oss/extensions/asvetliakov.vscode-neovim-1.18.7-universal/dist/extension.js:2:187723)
	at l.<anonymous> (/home/ser/.vscode-oss/extensions/asvetliakov.vscode-neovim-1.18.7-universal/dist/extension.js:2:421141)
	at l.dispose (/nix/store/3j0nsr6g8fc0kb20hxhvfnsh83bk0fg6-vscodium-1.91.1.24193/lib/vscode/resources/app/out/vs/workbench/api/node/extensionHostProcess.js:152:6342)
	at h (/nix/store/3j0nsr6g8fc0kb20hxhvfnsh83bk0fg6-vscodium-1.91.1.24193/lib/vscode/resources/app/out/vs/workbench/api/node/extensionHostProcess.js:30:758)
	at m._deactivate (/nix/store/3j0nsr6g8fc0kb20hxhvfnsh83bk0fg6-vscodium-1.91.1.24193/lib/vscode/resources/app/out/vs/workbench/api/node/extensionHostProcess.js:160:13048)
	at /nix/store/3j0nsr6g8fc0kb20hxhvfnsh83bk0fg6-vscodium-1.91.1.24193/lib/vscode/resources/app/out/vs/workbench/api/node/extensionHostProcess.js:160:10194
	at Array.map (<anonymous>)
	at m._deactivateAll (/nix/store/3j0nsr6g8fc0kb20hxhvfnsh83bk0fg6-vscodium-1.91.1.24193/lib/vscode/resources/app/out/vs/workbench/api/node/extensionHostProcess.js:160:10181)
	at m.terminate (/nix/store/3j0nsr6g8fc0kb20hxhvfnsh83bk0fg6-vscodium-1.91.1.24193/lib/vscode/resources/app/out/vs/workbench/api/node/extensionHostProcess.js:160:10564)
	at h.terminate (/nix/store/3j0nsr6g8fc0kb20hxhvfnsh83bk0fg6-vscodium-1.91.1.24193/lib/vscode/resources/app/out/vs/workbench/api/node/extensionHostProcess.js:164:1908)
	at i (/nix/store/3j0nsr6g8fc0kb20hxhvfnsh83bk0fg6-vscodium-1.91.1.24193/lib/vscode/resources/app/out/vs/workbench/api/node/extensionHostProcess.js:177:12354)
	at MessagePortMain.<anonymous> (/nix/store/3j0nsr6g8fc0kb20hxhvfnsh83bk0fg6-vscodium-1.91.1.24193/lib/vscode/resources/app/out/vs/workbench/api/node/extensionHostProcess.js:177:8164)
	at MessagePortMain.emit (node:events:514:28)
	at MessagePortMain._internalPort.emit (node:electron/js2c/utility_init:2:2285) setContext undefined
2024-08-11 21:46:43.668 [error] Canceled: Canceled
	at new T (/nix/store/3j0nsr6g8fc0kb20hxhvfnsh83bk0fg6-vscodium-1.91.1.24193/lib/vscode/resources/app/out/vs/workbench/api/node/extensionHostProcess.js:144:39096)
	at y._remoteCall (/nix/store/3j0nsr6g8fc0kb20hxhvfnsh83bk0fg6-vscodium-1.91.1.24193/lib/vscode/resources/app/out/vs/workbench/api/node/extensionHostProcess.js:151:8166)
	at U.<computed>.F.charCodeAt.R.CharCode.DollarSign.U.<computed> (/nix/store/3j0nsr6g8fc0kb20hxhvfnsh83bk0fg6-vscodium-1.91.1.24193/lib/vscode/resources/app/out/vs/workbench/api/node/extensionHostProcess.js:151:4351)
	at f._doExecuteCommand (/nix/store/3j0nsr6g8fc0kb20hxhvfnsh83bk0fg6-vscodium-1.91.1.24193/lib/vscode/resources/app/out/vs/workbench/api/node/extensionHostProcess.js:154:241286)
	at f.executeCommand (/nix/store/3j0nsr6g8fc0kb20hxhvfnsh83bk0fg6-vscodium-1.91.1.24193/lib/vscode/resources/app/out/vs/workbench/api/node/extensionHostProcess.js:154:240611)
	at k.registerCommand.description (/nix/store/3j0nsr6g8fc0kb20hxhvfnsh83bk0fg6-vscodium-1.91.1.24193/lib/vscode/resources/app/out/vs/workbench/api/node/extensionHostProcess.js:154:239855)
	at f._executeContributedCommand (/nix/store/3j0nsr6g8fc0kb20hxhvfnsh83bk0fg6-vscodium-1.91.1.24193/lib/vscode/resources/app/out/vs/workbench/api/node/extensionHostProcess.js:154:241924)
	at f._doExecuteCommand (/nix/store/3j0nsr6g8fc0kb20hxhvfnsh83bk0fg6-vscodium-1.91.1.24193/lib/vscode/resources/app/out/vs/workbench/api/node/extensionHostProcess.js:154:240744)
	at f.executeCommand (/nix/store/3j0nsr6g8fc0kb20hxhvfnsh83bk0fg6-vscodium-1.91.1.24193/lib/vscode/resources/app/out/vs/workbench/api/node/extensionHostProcess.js:154:240611)
	at Object.executeCommand (/nix/store/3j0nsr6g8fc0kb20hxhvfnsh83bk0fg6-vscodium-1.91.1.24193/lib/vscode/resources/app/out/vs/workbench/api/node/extensionHostProcess.js:164:29715)
	at T.reset (/home/ser/.vscode-oss/extensions/asvetliakov.vscode-neovim-1.18.7-universal/dist/extension.js:2:187723)
	at l.<anonymous> (/home/ser/.vscode-oss/extensions/asvetliakov.vscode-neovim-1.18.7-universal/dist/extension.js:2:421141)
	at l.dispose (/nix/store/3j0nsr6g8fc0kb20hxhvfnsh83bk0fg6-vscodium-1.91.1.24193/lib/vscode/resources/app/out/vs/workbench/api/node/extensionHostProcess.js:152:6342)
	at h (/nix/store/3j0nsr6g8fc0kb20hxhvfnsh83bk0fg6-vscodium-1.91.1.24193/lib/vscode/resources/app/out/vs/workbench/api/node/extensionHostProcess.js:30:758)
	at m._deactivate (/nix/store/3j0nsr6g8fc0kb20hxhvfnsh83bk0fg6-vscodium-1.91.1.24193/lib/vscode/resources/app/out/vs/workbench/api/node/extensionHostProcess.js:160:13048)
	at /nix/store/3j0nsr6g8fc0kb20hxhvfnsh83bk0fg6-vscodium-1.91.1.24193/lib/vscode/resources/app/out/vs/workbench/api/node/extensionHostProcess.js:160:10194
	at Array.map (<anonymous>)
	at m._deactivateAll (/nix/store/3j0nsr6g8fc0kb20hxhvfnsh83bk0fg6-vscodium-1.91.1.24193/lib/vscode/resources/app/out/vs/workbench/api/node/extensionHostProcess.js:160:10181)
	at m.terminate (/nix/store/3j0nsr6g8fc0kb20hxhvfnsh83bk0fg6-vscodium-1.91.1.24193/lib/vscode/resources/app/out/vs/workbench/api/node/extensionHostProcess.js:160:10564)
	at h.terminate (/nix/store/3j0nsr6g8fc0kb20hxhvfnsh83bk0fg6-vscodium-1.91.1.24193/lib/vscode/resources/app/out/vs/workbench/api/node/extensionHostProcess.js:164:1908)
	at i (/nix/store/3j0nsr6g8fc0kb20hxhvfnsh83bk0fg6-vscodium-1.91.1.24193/lib/vscode/resources/app/out/vs/workbench/api/node/extensionHostProcess.js:177:12354)
	at MessagePortMain.<anonymous> (/nix/store/3j0nsr6g8fc0kb20hxhvfnsh83bk0fg6-vscodium-1.91.1.24193/lib/vscode/resources/app/out/vs/workbench/api/node/extensionHostProcess.js:177:8164)
	at MessagePortMain.emit (node:events:514:28)
	at MessagePortMain._internalPort.emit (node:electron/js2c/utility_init:2:2285) setContext undefined
2024-08-11 21:46:43.668 [error] Canceled: Canceled
	at new T (/nix/store/3j0nsr6g8fc0kb20hxhvfnsh83bk0fg6-vscodium-1.91.1.24193/lib/vscode/resources/app/out/vs/workbench/api/node/extensionHostProcess.js:144:39096)
	at y._remoteCall (/nix/store/3j0nsr6g8fc0kb20hxhvfnsh83bk0fg6-vscodium-1.91.1.24193/lib/vscode/resources/app/out/vs/workbench/api/node/extensionHostProcess.js:151:8166)
	at U.<computed>.F.charCodeAt.R.CharCode.DollarSign.U.<computed> (/nix/store/3j0nsr6g8fc0kb20hxhvfnsh83bk0fg6-vscodium-1.91.1.24193/lib/vscode/resources/app/out/vs/workbench/api/node/extensionHostProcess.js:151:4351)
	at f._doExecuteCommand (/nix/store/3j0nsr6g8fc0kb20hxhvfnsh83bk0fg6-vscodium-1.91.1.24193/lib/vscode/resources/app/out/vs/workbench/api/node/extensionHostProcess.js:154:241286)
	at f.executeCommand (/nix/store/3j0nsr6g8fc0kb20hxhvfnsh83bk0fg6-vscodium-1.91.1.24193/lib/vscode/resources/app/out/vs/workbench/api/node/extensionHostProcess.js:154:240611)
	at k.registerCommand.description (/nix/store/3j0nsr6g8fc0kb20hxhvfnsh83bk0fg6-vscodium-1.91.1.24193/lib/vscode/resources/app/out/vs/workbench/api/node/extensionHostProcess.js:154:239855)
	at f._executeContributedCommand (/nix/store/3j0nsr6g8fc0kb20hxhvfnsh83bk0fg6-vscodium-1.91.1.24193/lib/vscode/resources/app/out/vs/workbench/api/node/extensionHostProcess.js:154:241924)
	at f._doExecuteCommand (/nix/store/3j0nsr6g8fc0kb20hxhvfnsh83bk0fg6-vscodium-1.91.1.24193/lib/vscode/resources/app/out/vs/workbench/api/node/extensionHostProcess.js:154:240744)
	at f.executeCommand (/nix/store/3j0nsr6g8fc0kb20hxhvfnsh83bk0fg6-vscodium-1.91.1.24193/lib/vscode/resources/app/out/vs/workbench/api/node/extensionHostProcess.js:154:240611)
	at Object.executeCommand (/nix/store/3j0nsr6g8fc0kb20hxhvfnsh83bk0fg6-vscodium-1.91.1.24193/lib/vscode/resources/app/out/vs/workbench/api/node/extensionHostProcess.js:164:29715)
	at T.reset (/home/ser/.vscode-oss/extensions/asvetliakov.vscode-neovim-1.18.7-universal/dist/extension.js:2:187723)
	at l.<anonymous> (/home/ser/.vscode-oss/extensions/asvetliakov.vscode-neovim-1.18.7-universal/dist/extension.js:2:421141)
	at l.dispose (/nix/store/3j0nsr6g8fc0kb20hxhvfnsh83bk0fg6-vscodium-1.91.1.24193/lib/vscode/resources/app/out/vs/workbench/api/node/extensionHostProcess.js:152:6342)
	at h (/nix/store/3j0nsr6g8fc0kb20hxhvfnsh83bk0fg6-vscodium-1.91.1.24193/lib/vscode/resources/app/out/vs/workbench/api/node/extensionHostProcess.js:30:758)
	at m._deactivate (/nix/store/3j0nsr6g8fc0kb20hxhvfnsh83bk0fg6-vscodium-1.91.1.24193/lib/vscode/resources/app/out/vs/workbench/api/node/extensionHostProcess.js:160:13048)
	at /nix/store/3j0nsr6g8fc0kb20hxhvfnsh83bk0fg6-vscodium-1.91.1.24193/lib/vscode/resources/app/out/vs/workbench/api/node/extensionHostProcess.js:160:10194
	at Array.map (<anonymous>)
	at m._deactivateAll (/nix/store/3j0nsr6g8fc0kb20hxhvfnsh83bk0fg6-vscodium-1.91.1.24193/lib/vscode/resources/app/out/vs/workbench/api/node/extensionHostProcess.js:160:10181)
	at m.terminate (/nix/store/3j0nsr6g8fc0kb20hxhvfnsh83bk0fg6-vscodium-1.91.1.24193/lib/vscode/resources/app/out/vs/workbench/api/node/extensionHostProcess.js:160:10564)
	at h.terminate (/nix/store/3j0nsr6g8fc0kb20hxhvfnsh83bk0fg6-vscodium-1.91.1.24193/lib/vscode/resources/app/out/vs/workbench/api/node/extensionHostProcess.js:164:1908)
	at i (/nix/store/3j0nsr6g8fc0kb20hxhvfnsh83bk0fg6-vscodium-1.91.1.24193/lib/vscode/resources/app/out/vs/workbench/api/node/extensionHostProcess.js:177:12354)
	at MessagePortMain.<anonymous> (/nix/store/3j0nsr6g8fc0kb20hxhvfnsh83bk0fg6-vscodium-1.91.1.24193/lib/vscode/resources/app/out/vs/workbench/api/node/extensionHostProcess.js:177:8164)
	at MessagePortMain.emit (node:events:514:28)
	at MessagePortMain._internalPort.emit (node:electron/js2c/utility_init:2:2285) setContext undefined
2024-08-11 21:46:43.668 [error] Canceled: Canceled
	at new T (/nix/store/3j0nsr6g8fc0kb20hxhvfnsh83bk0fg6-vscodium-1.91.1.24193/lib/vscode/resources/app/out/vs/workbench/api/node/extensionHostProcess.js:144:39096)
	at y._remoteCall (/nix/store/3j0nsr6g8fc0kb20hxhvfnsh83bk0fg6-vscodium-1.91.1.24193/lib/vscode/resources/app/out/vs/workbench/api/node/extensionHostProcess.js:151:8166)
	at U.<computed>.F.charCodeAt.R.CharCode.DollarSign.U.<computed> (/nix/store/3j0nsr6g8fc0kb20hxhvfnsh83bk0fg6-vscodium-1.91.1.24193/lib/vscode/resources/app/out/vs/workbench/api/node/extensionHostProcess.js:151:4351)
	at f._doExecuteCommand (/nix/store/3j0nsr6g8fc0kb20hxhvfnsh83bk0fg6-vscodium-1.91.1.24193/lib/vscode/resources/app/out/vs/workbench/api/node/extensionHostProcess.js:154:241286)
	at f.executeCommand (/nix/store/3j0nsr6g8fc0kb20hxhvfnsh83bk0fg6-vscodium-1.91.1.24193/lib/vscode/resources/app/out/vs/workbench/api/node/extensionHostProcess.js:154:240611)
	at k.registerCommand.description (/nix/store/3j0nsr6g8fc0kb20hxhvfnsh83bk0fg6-vscodium-1.91.1.24193/lib/vscode/resources/app/out/vs/workbench/api/node/extensionHostProcess.js:154:239855)
	at f._executeContributedCommand (/nix/store/3j0nsr6g8fc0kb20hxhvfnsh83bk0fg6-vscodium-1.91.1.24193/lib/vscode/resources/app/out/vs/workbench/api/node/extensionHostProcess.js:154:241924)
	at f._doExecuteCommand (/nix/store/3j0nsr6g8fc0kb20hxhvfnsh83bk0fg6-vscodium-1.91.1.24193/lib/vscode/resources/app/out/vs/workbench/api/node/extensionHostProcess.js:154:240744)
	at f.executeCommand (/nix/store/3j0nsr6g8fc0kb20hxhvfnsh83bk0fg6-vscodium-1.91.1.24193/lib/vscode/resources/app/out/vs/workbench/api/node/extensionHostProcess.js:154:240611)
	at Object.executeCommand (/nix/store/3j0nsr6g8fc0kb20hxhvfnsh83bk0fg6-vscodium-1.91.1.24193/lib/vscode/resources/app/out/vs/workbench/api/node/extensionHostProcess.js:164:29715)
	at T.reset (/home/ser/.vscode-oss/extensions/asvetliakov.vscode-neovim-1.18.7-universal/dist/extension.js:2:187723)
	at l.<anonymous> (/home/ser/.vscode-oss/extensions/asvetliakov.vscode-neovim-1.18.7-universal/dist/extension.js:2:421141)
	at l.dispose (/nix/store/3j0nsr6g8fc0kb20hxhvfnsh83bk0fg6-vscodium-1.91.1.24193/lib/vscode/resources/app/out/vs/workbench/api/node/extensionHostProcess.js:152:6342)
	at h (/nix/store/3j0nsr6g8fc0kb20hxhvfnsh83bk0fg6-vscodium-1.91.1.24193/lib/vscode/resources/app/out/vs/workbench/api/node/extensionHostProcess.js:30:758)
	at m._deactivate (/nix/store/3j0nsr6g8fc0kb20hxhvfnsh83bk0fg6-vscodium-1.91.1.24193/lib/vscode/resources/app/out/vs/workbench/api/node/extensionHostProcess.js:160:13048)
	at /nix/store/3j0nsr6g8fc0kb20hxhvfnsh83bk0fg6-vscodium-1.91.1.24193/lib/vscode/resources/app/out/vs/workbench/api/node/extensionHostProcess.js:160:10194
	at Array.map (<anonymous>)
	at m._deactivateAll (/nix/store/3j0nsr6g8fc0kb20hxhvfnsh83bk0fg6-vscodium-1.91.1.24193/lib/vscode/resources/app/out/vs/workbench/api/node/extensionHostProcess.js:160:10181)
	at m.terminate (/nix/store/3j0nsr6g8fc0kb20hxhvfnsh83bk0fg6-vscodium-1.91.1.24193/lib/vscode/resources/app/out/vs/workbench/api/node/extensionHostProcess.js:160:10564)
	at h.terminate (/nix/store/3j0nsr6g8fc0kb20hxhvfnsh83bk0fg6-vscodium-1.91.1.24193/lib/vscode/resources/app/out/vs/workbench/api/node/extensionHostProcess.js:164:1908)
	at i (/nix/store/3j0nsr6g8fc0kb20hxhvfnsh83bk0fg6-vscodium-1.91.1.24193/lib/vscode/resources/app/out/vs/workbench/api/node/extensionHostProcess.js:177:12354)
	at MessagePortMain.<anonymous> (/nix/store/3j0nsr6g8fc0kb20hxhvfnsh83bk0fg6-vscodium-1.91.1.24193/lib/vscode/resources/app/out/vs/workbench/api/node/extensionHostProcess.js:177:8164)
	at MessagePortMain.emit (node:events:514:28)
	at MessagePortMain._internalPort.emit (node:electron/js2c/utility_init:2:2285) setContext undefined
2024-08-11 21:46:43.668 [error] Canceled: Canceled
	at new T (/nix/store/3j0nsr6g8fc0kb20hxhvfnsh83bk0fg6-vscodium-1.91.1.24193/lib/vscode/resources/app/out/vs/workbench/api/node/extensionHostProcess.js:144:39096)
	at y._remoteCall (/nix/store/3j0nsr6g8fc0kb20hxhvfnsh83bk0fg6-vscodium-1.91.1.24193/lib/vscode/resources/app/out/vs/workbench/api/node/extensionHostProcess.js:151:8166)
	at U.<computed>.F.charCodeAt.R.CharCode.DollarSign.U.<computed> (/nix/store/3j0nsr6g8fc0kb20hxhvfnsh83bk0fg6-vscodium-1.91.1.24193/lib/vscode/resources/app/out/vs/workbench/api/node/extensionHostProcess.js:151:4351)
	at f._doExecuteCommand (/nix/store/3j0nsr6g8fc0kb20hxhvfnsh83bk0fg6-vscodium-1.91.1.24193/lib/vscode/resources/app/out/vs/workbench/api/node/extensionHostProcess.js:154:241286)
	at f.executeCommand (/nix/store/3j0nsr6g8fc0kb20hxhvfnsh83bk0fg6-vscodium-1.91.1.24193/lib/vscode/resources/app/out/vs/workbench/api/node/extensionHostProcess.js:154:240611)
	at k.registerCommand.description (/nix/store/3j0nsr6g8fc0kb20hxhvfnsh83bk0fg6-vscodium-1.91.1.24193/lib/vscode/resources/app/out/vs/workbench/api/node/extensionHostProcess.js:154:239855)
	at f._executeContributedCommand (/nix/store/3j0nsr6g8fc0kb20hxhvfnsh83bk0fg6-vscodium-1.91.1.24193/lib/vscode/resources/app/out/vs/workbench/api/node/extensionHostProcess.js:154:241924)
	at f._doExecuteCommand (/nix/store/3j0nsr6g8fc0kb20hxhvfnsh83bk0fg6-vscodium-1.91.1.24193/lib/vscode/resources/app/out/vs/workbench/api/node/extensionHostProcess.js:154:240744)
	at f.executeCommand (/nix/store/3j0nsr6g8fc0kb20hxhvfnsh83bk0fg6-vscodium-1.91.1.24193/lib/vscode/resources/app/out/vs/workbench/api/node/extensionHostProcess.js:154:240611)
	at Object.executeCommand (/nix/store/3j0nsr6g8fc0kb20hxhvfnsh83bk0fg6-vscodium-1.91.1.24193/lib/vscode/resources/app/out/vs/workbench/api/node/extensionHostProcess.js:164:29715)
	at T.reset (/home/ser/.vscode-oss/extensions/asvetliakov.vscode-neovim-1.18.7-universal/dist/extension.js:2:187723)
	at l.<anonymous> (/home/ser/.vscode-oss/extensions/asvetliakov.vscode-neovim-1.18.7-universal/dist/extension.js:2:421141)
	at l.dispose (/nix/store/3j0nsr6g8fc0kb20hxhvfnsh83bk0fg6-vscodium-1.91.1.24193/lib/vscode/resources/app/out/vs/workbench/api/node/extensionHostProcess.js:152:6342)
	at h (/nix/store/3j0nsr6g8fc0kb20hxhvfnsh83bk0fg6-vscodium-1.91.1.24193/lib/vscode/resources/app/out/vs/workbench/api/node/extensionHostProcess.js:30:758)
	at m._deactivate (/nix/store/3j0nsr6g8fc0kb20hxhvfnsh83bk0fg6-vscodium-1.91.1.24193/lib/vscode/resources/app/out/vs/workbench/api/node/extensionHostProcess.js:160:13048)
	at /nix/store/3j0nsr6g8fc0kb20hxhvfnsh83bk0fg6-vscodium-1.91.1.24193/lib/vscode/resources/app/out/vs/workbench/api/node/extensionHostProcess.js:160:10194
	at Array.map (<anonymous>)
	at m._deactivateAll (/nix/store/3j0nsr6g8fc0kb20hxhvfnsh83bk0fg6-vscodium-1.91.1.24193/lib/vscode/resources/app/out/vs/workbench/api/node/extensionHostProcess.js:160:10181)
	at m.terminate (/nix/store/3j0nsr6g8fc0kb20hxhvfnsh83bk0fg6-vscodium-1.91.1.24193/lib/vscode/resources/app/out/vs/workbench/api/node/extensionHostProcess.js:160:10564)
	at h.terminate (/nix/store/3j0nsr6g8fc0kb20hxhvfnsh83bk0fg6-vscodium-1.91.1.24193/lib/vscode/resources/app/out/vs/workbench/api/node/extensionHostProcess.js:164:1908)
	at i (/nix/store/3j0nsr6g8fc0kb20hxhvfnsh83bk0fg6-vscodium-1.91.1.24193/lib/vscode/resources/app/out/vs/workbench/api/node/extensionHostProcess.js:177:12354)
	at MessagePortMain.<anonymous> (/nix/store/3j0nsr6g8fc0kb20hxhvfnsh83bk0fg6-vscodium-1.91.1.24193/lib/vscode/resources/app/out/vs/workbench/api/node/extensionHostProcess.js:177:8164)
	at MessagePortMain.emit (node:events:514:28)
	at MessagePortMain._internalPort.emit (node:electron/js2c/utility_init:2:2285) setContext undefined
2024-08-11 21:46:43.668 [error] Canceled: Canceled
	at new T (/nix/store/3j0nsr6g8fc0kb20hxhvfnsh83bk0fg6-vscodium-1.91.1.24193/lib/vscode/resources/app/out/vs/workbench/api/node/extensionHostProcess.js:144:39096)
	at y._remoteCall (/nix/store/3j0nsr6g8fc0kb20hxhvfnsh83bk0fg6-vscodium-1.91.1.24193/lib/vscode/resources/app/out/vs/workbench/api/node/extensionHostProcess.js:151:8166)
	at U.<computed>.F.charCodeAt.R.CharCode.DollarSign.U.<computed> (/nix/store/3j0nsr6g8fc0kb20hxhvfnsh83bk0fg6-vscodium-1.91.1.24193/lib/vscode/resources/app/out/vs/workbench/api/node/extensionHostProcess.js:151:4351)
	at f._doExecuteCommand (/nix/store/3j0nsr6g8fc0kb20hxhvfnsh83bk0fg6-vscodium-1.91.1.24193/lib/vscode/resources/app/out/vs/workbench/api/node/extensionHostProcess.js:154:241286)
	at f.executeCommand (/nix/store/3j0nsr6g8fc0kb20hxhvfnsh83bk0fg6-vscodium-1.91.1.24193/lib/vscode/resources/app/out/vs/workbench/api/node/extensionHostProcess.js:154:240611)
	at k.registerCommand.description (/nix/store/3j0nsr6g8fc0kb20hxhvfnsh83bk0fg6-vscodium-1.91.1.24193/lib/vscode/resources/app/out/vs/workbench/api/node/extensionHostProcess.js:154:239855)
	at f._executeContributedCommand (/nix/store/3j0nsr6g8fc0kb20hxhvfnsh83bk0fg6-vscodium-1.91.1.24193/lib/vscode/resources/app/out/vs/workbench/api/node/extensionHostProcess.js:154:241924)
	at f._doExecuteCommand (/nix/store/3j0nsr6g8fc0kb20hxhvfnsh83bk0fg6-vscodium-1.91.1.24193/lib/vscode/resources/app/out/vs/workbench/api/node/extensionHostProcess.js:154:240744)
	at f.executeCommand (/nix/store/3j0nsr6g8fc0kb20hxhvfnsh83bk0fg6-vscodium-1.91.1.24193/lib/vscode/resources/app/out/vs/workbench/api/node/extensionHostProcess.js:154:240611)
	at Object.executeCommand (/nix/store/3j0nsr6g8fc0kb20hxhvfnsh83bk0fg6-vscodium-1.91.1.24193/lib/vscode/resources/app/out/vs/workbench/api/node/extensionHostProcess.js:164:29715)
	at T.reset (/home/ser/.vscode-oss/extensions/asvetliakov.vscode-neovim-1.18.7-universal/dist/extension.js:2:187723)
	at l.<anonymous> (/home/ser/.vscode-oss/extensions/asvetliakov.vscode-neovim-1.18.7-universal/dist/extension.js:2:421141)
	at l.dispose (/nix/store/3j0nsr6g8fc0kb20hxhvfnsh83bk0fg6-vscodium-1.91.1.24193/lib/vscode/resources/app/out/vs/workbench/api/node/extensionHostProcess.js:152:6342)
	at h (/nix/store/3j0nsr6g8fc0kb20hxhvfnsh83bk0fg6-vscodium-1.91.1.24193/lib/vscode/resources/app/out/vs/workbench/api/node/extensionHostProcess.js:30:758)
	at m._deactivate (/nix/store/3j0nsr6g8fc0kb20hxhvfnsh83bk0fg6-vscodium-1.91.1.24193/lib/vscode/resources/app/out/vs/workbench/api/node/extensionHostProcess.js:160:13048)
	at /nix/store/3j0nsr6g8fc0kb20hxhvfnsh83bk0fg6-vscodium-1.91.1.24193/lib/vscode/resources/app/out/vs/workbench/api/node/extensionHostProcess.js:160:10194
	at Array.map (<anonymous>)
	at m._deactivateAll (/nix/store/3j0nsr6g8fc0kb20hxhvfnsh83bk0fg6-vscodium-1.91.1.24193/lib/vscode/resources/app/out/vs/workbench/api/node/extensionHostProcess.js:160:10181)
	at m.terminate (/nix/store/3j0nsr6g8fc0kb20hxhvfnsh83bk0fg6-vscodium-1.91.1.24193/lib/vscode/resources/app/out/vs/workbench/api/node/extensionHostProcess.js:160:10564)
	at h.terminate (/nix/store/3j0nsr6g8fc0kb20hxhvfnsh83bk0fg6-vscodium-1.91.1.24193/lib/vscode/resources/app/out/vs/workbench/api/node/extensionHostProcess.js:164:1908)
	at i (/nix/store/3j0nsr6g8fc0kb20hxhvfnsh83bk0fg6-vscodium-1.91.1.24193/lib/vscode/resources/app/out/vs/workbench/api/node/extensionHostProcess.js:177:12354)
	at MessagePortMain.<anonymous> (/nix/store/3j0nsr6g8fc0kb20hxhvfnsh83bk0fg6-vscodium-1.91.1.24193/lib/vscode/resources/app/out/vs/workbench/api/node/extensionHostProcess.js:177:8164)
	at MessagePortMain.emit (node:events:514:28)
	at MessagePortMain._internalPort.emit (node:electron/js2c/utility_init:2:2285) setContext undefined
2024-08-11 21:46:43.668 [error] Canceled: Canceled
	at new T (/nix/store/3j0nsr6g8fc0kb20hxhvfnsh83bk0fg6-vscodium-1.91.1.24193/lib/vscode/resources/app/out/vs/workbench/api/node/extensionHostProcess.js:144:39096)
	at y._remoteCall (/nix/store/3j0nsr6g8fc0kb20hxhvfnsh83bk0fg6-vscodium-1.91.1.24193/lib/vscode/resources/app/out/vs/workbench/api/node/extensionHostProcess.js:151:8166)
	at U.<computed>.F.charCodeAt.R.CharCode.DollarSign.U.<computed> (/nix/store/3j0nsr6g8fc0kb20hxhvfnsh83bk0fg6-vscodium-1.91.1.24193/lib/vscode/resources/app/out/vs/workbench/api/node/extensionHostProcess.js:151:4351)
	at f._doExecuteCommand (/nix/store/3j0nsr6g8fc0kb20hxhvfnsh83bk0fg6-vscodium-1.91.1.24193/lib/vscode/resources/app/out/vs/workbench/api/node/extensionHostProcess.js:154:241286)
	at f.executeCommand (/nix/store/3j0nsr6g8fc0kb20hxhvfnsh83bk0fg6-vscodium-1.91.1.24193/lib/vscode/resources/app/out/vs/workbench/api/node/extensionHostProcess.js:154:240611)
	at k.registerCommand.description (/nix/store/3j0nsr6g8fc0kb20hxhvfnsh83bk0fg6-vscodium-1.91.1.24193/lib/vscode/resources/app/out/vs/workbench/api/node/extensionHostProcess.js:154:239855)
	at f._executeContributedCommand (/nix/store/3j0nsr6g8fc0kb20hxhvfnsh83bk0fg6-vscodium-1.91.1.24193/lib/vscode/resources/app/out/vs/workbench/api/node/extensionHostProcess.js:154:241924)
	at f._doExecuteCommand (/nix/store/3j0nsr6g8fc0kb20hxhvfnsh83bk0fg6-vscodium-1.91.1.24193/lib/vscode/resources/app/out/vs/workbench/api/node/extensionHostProcess.js:154:240744)
	at f.executeCommand (/nix/store/3j0nsr6g8fc0kb20hxhvfnsh83bk0fg6-vscodium-1.91.1.24193/lib/vscode/resources/app/out/vs/workbench/api/node/extensionHostProcess.js:154:240611)
	at Object.executeCommand (/nix/store/3j0nsr6g8fc0kb20hxhvfnsh83bk0fg6-vscodium-1.91.1.24193/lib/vscode/resources/app/out/vs/workbench/api/node/extensionHostProcess.js:164:29715)
	at T.reset (/home/ser/.vscode-oss/extensions/asvetliakov.vscode-neovim-1.18.7-universal/dist/extension.js:2:187723)
	at l.<anonymous> (/home/ser/.vscode-oss/extensions/asvetliakov.vscode-neovim-1.18.7-universal/dist/extension.js:2:421141)
	at l.dispose (/nix/store/3j0nsr6g8fc0kb20hxhvfnsh83bk0fg6-vscodium-1.91.1.24193/lib/vscode/resources/app/out/vs/workbench/api/node/extensionHostProcess.js:152:6342)
	at h (/nix/store/3j0nsr6g8fc0kb20hxhvfnsh83bk0fg6-vscodium-1.91.1.24193/lib/vscode/resources/app/out/vs/workbench/api/node/extensionHostProcess.js:30:758)
	at m._deactivate (/nix/store/3j0nsr6g8fc0kb20hxhvfnsh83bk0fg6-vscodium-1.91.1.24193/lib/vscode/resources/app/out/vs/workbench/api/node/extensionHostProcess.js:160:13048)
	at /nix/store/3j0nsr6g8fc0kb20hxhvfnsh83bk0fg6-vscodium-1.91.1.24193/lib/vscode/resources/app/out/vs/workbench/api/node/extensionHostProcess.js:160:10194
	at Array.map (<anonymous>)
	at m._deactivateAll (/nix/store/3j0nsr6g8fc0kb20hxhvfnsh83bk0fg6-vscodium-1.91.1.24193/lib/vscode/resources/app/out/vs/workbench/api/node/extensionHostProcess.js:160:10181)
	at m.terminate (/nix/store/3j0nsr6g8fc0kb20hxhvfnsh83bk0fg6-vscodium-1.91.1.24193/lib/vscode/resources/app/out/vs/workbench/api/node/extensionHostProcess.js:160:10564)
	at h.terminate (/nix/store/3j0nsr6g8fc0kb20hxhvfnsh83bk0fg6-vscodium-1.91.1.24193/lib/vscode/resources/app/out/vs/workbench/api/node/extensionHostProcess.js:164:1908)
	at i (/nix/store/3j0nsr6g8fc0kb20hxhvfnsh83bk0fg6-vscodium-1.91.1.24193/lib/vscode/resources/app/out/vs/workbench/api/node/extensionHostProcess.js:177:12354)
	at MessagePortMain.<anonymous> (/nix/store/3j0nsr6g8fc0kb20hxhvfnsh83bk0fg6-vscodium-1.91.1.24193/lib/vscode/resources/app/out/vs/workbench/api/node/extensionHostProcess.js:177:8164)
	at MessagePortMain.emit (node:events:514:28)
	at MessagePortMain._internalPort.emit (node:electron/js2c/utility_init:2:2285) setContext undefined
2024-08-11 21:46:43.669 [error] Canceled: Canceled
	at new T (/nix/store/3j0nsr6g8fc0kb20hxhvfnsh83bk0fg6-vscodium-1.91.1.24193/lib/vscode/resources/app/out/vs/workbench/api/node/extensionHostProcess.js:144:39096)
	at y._remoteCall (/nix/store/3j0nsr6g8fc0kb20hxhvfnsh83bk0fg6-vscodium-1.91.1.24193/lib/vscode/resources/app/out/vs/workbench/api/node/extensionHostProcess.js:151:8166)
	at U.<computed>.F.charCodeAt.R.CharCode.DollarSign.U.<computed> (/nix/store/3j0nsr6g8fc0kb20hxhvfnsh83bk0fg6-vscodium-1.91.1.24193/lib/vscode/resources/app/out/vs/workbench/api/node/extensionHostProcess.js:151:4351)
	at f._doExecuteCommand (/nix/store/3j0nsr6g8fc0kb20hxhvfnsh83bk0fg6-vscodium-1.91.1.24193/lib/vscode/resources/app/out/vs/workbench/api/node/extensionHostProcess.js:154:241286)
	at f.executeCommand (/nix/store/3j0nsr6g8fc0kb20hxhvfnsh83bk0fg6-vscodium-1.91.1.24193/lib/vscode/resources/app/out/vs/workbench/api/node/extensionHostProcess.js:154:240611)
	at k.registerCommand.description (/nix/store/3j0nsr6g8fc0kb20hxhvfnsh83bk0fg6-vscodium-1.91.1.24193/lib/vscode/resources/app/out/vs/workbench/api/node/extensionHostProcess.js:154:239855)
	at f._executeContributedCommand (/nix/store/3j0nsr6g8fc0kb20hxhvfnsh83bk0fg6-vscodium-1.91.1.24193/lib/vscode/resources/app/out/vs/workbench/api/node/extensionHostProcess.js:154:241924)
	at f._doExecuteCommand (/nix/store/3j0nsr6g8fc0kb20hxhvfnsh83bk0fg6-vscodium-1.91.1.24193/lib/vscode/resources/app/out/vs/workbench/api/node/extensionHostProcess.js:154:240744)
	at f.executeCommand (/nix/store/3j0nsr6g8fc0kb20hxhvfnsh83bk0fg6-vscodium-1.91.1.24193/lib/vscode/resources/app/out/vs/workbench/api/node/extensionHostProcess.js:154:240611)
	at Object.executeCommand (/nix/store/3j0nsr6g8fc0kb20hxhvfnsh83bk0fg6-vscodium-1.91.1.24193/lib/vscode/resources/app/out/vs/workbench/api/node/extensionHostProcess.js:164:29715)
	at T.reset (/home/ser/.vscode-oss/extensions/asvetliakov.vscode-neovim-1.18.7-universal/dist/extension.js:2:187723)
	at l.<anonymous> (/home/ser/.vscode-oss/extensions/asvetliakov.vscode-neovim-1.18.7-universal/dist/extension.js:2:421141)
	at l.dispose (/nix/store/3j0nsr6g8fc0kb20hxhvfnsh83bk0fg6-vscodium-1.91.1.24193/lib/vscode/resources/app/out/vs/workbench/api/node/extensionHostProcess.js:152:6342)
	at h (/nix/store/3j0nsr6g8fc0kb20hxhvfnsh83bk0fg6-vscodium-1.91.1.24193/lib/vscode/resources/app/out/vs/workbench/api/node/extensionHostProcess.js:30:758)
	at m._deactivate (/nix/store/3j0nsr6g8fc0kb20hxhvfnsh83bk0fg6-vscodium-1.91.1.24193/lib/vscode/resources/app/out/vs/workbench/api/node/extensionHostProcess.js:160:13048)
	at /nix/store/3j0nsr6g8fc0kb20hxhvfnsh83bk0fg6-vscodium-1.91.1.24193/lib/vscode/resources/app/out/vs/workbench/api/node/extensionHostProcess.js:160:10194
	at Array.map (<anonymous>)
	at m._deactivateAll (/nix/store/3j0nsr6g8fc0kb20hxhvfnsh83bk0fg6-vscodium-1.91.1.24193/lib/vscode/resources/app/out/vs/workbench/api/node/extensionHostProcess.js:160:10181)
	at m.terminate (/nix/store/3j0nsr6g8fc0kb20hxhvfnsh83bk0fg6-vscodium-1.91.1.24193/lib/vscode/resources/app/out/vs/workbench/api/node/extensionHostProcess.js:160:10564)
	at h.terminate (/nix/store/3j0nsr6g8fc0kb20hxhvfnsh83bk0fg6-vscodium-1.91.1.24193/lib/vscode/resources/app/out/vs/workbench/api/node/extensionHostProcess.js:164:1908)
	at i (/nix/store/3j0nsr6g8fc0kb20hxhvfnsh83bk0fg6-vscodium-1.91.1.24193/lib/vscode/resources/app/out/vs/workbench/api/node/extensionHostProcess.js:177:12354)
	at MessagePortMain.<anonymous> (/nix/store/3j0nsr6g8fc0kb20hxhvfnsh83bk0fg6-vscodium-1.91.1.24193/lib/vscode/resources/app/out/vs/workbench/api/node/extensionHostProcess.js:177:8164)
	at MessagePortMain.emit (node:events:514:28)
	at MessagePortMain._internalPort.emit (node:electron/js2c/utility_init:2:2285) setContext undefined
2024-08-11 21:46:43.669 [error] Canceled: Canceled
	at new T (/nix/store/3j0nsr6g8fc0kb20hxhvfnsh83bk0fg6-vscodium-1.91.1.24193/lib/vscode/resources/app/out/vs/workbench/api/node/extensionHostProcess.js:144:39096)
	at y._remoteCall (/nix/store/3j0nsr6g8fc0kb20hxhvfnsh83bk0fg6-vscodium-1.91.1.24193/lib/vscode/resources/app/out/vs/workbench/api/node/extensionHostProcess.js:151:8166)
	at U.<computed>.F.charCodeAt.R.CharCode.DollarSign.U.<computed> (/nix/store/3j0nsr6g8fc0kb20hxhvfnsh83bk0fg6-vscodium-1.91.1.24193/lib/vscode/resources/app/out/vs/workbench/api/node/extensionHostProcess.js:151:4351)
	at f._doExecuteCommand (/nix/store/3j0nsr6g8fc0kb20hxhvfnsh83bk0fg6-vscodium-1.91.1.24193/lib/vscode/resources/app/out/vs/workbench/api/node/extensionHostProcess.js:154:241286)
	at f.executeCommand (/nix/store/3j0nsr6g8fc0kb20hxhvfnsh83bk0fg6-vscodium-1.91.1.24193/lib/vscode/resources/app/out/vs/workbench/api/node/extensionHostProcess.js:154:240611)
	at k.registerCommand.description (/nix/store/3j0nsr6g8fc0kb20hxhvfnsh83bk0fg6-vscodium-1.91.1.24193/lib/vscode/resources/app/out/vs/workbench/api/node/extensionHostProcess.js:154:239855)
	at f._executeContributedCommand (/nix/store/3j0nsr6g8fc0kb20hxhvfnsh83bk0fg6-vscodium-1.91.1.24193/lib/vscode/resources/app/out/vs/workbench/api/node/extensionHostProcess.js:154:241924)
	at f._doExecuteCommand (/nix/store/3j0nsr6g8fc0kb20hxhvfnsh83bk0fg6-vscodium-1.91.1.24193/lib/vscode/resources/app/out/vs/workbench/api/node/extensionHostProcess.js:154:240744)
	at f.executeCommand (/nix/store/3j0nsr6g8fc0kb20hxhvfnsh83bk0fg6-vscodium-1.91.1.24193/lib/vscode/resources/app/out/vs/workbench/api/node/extensionHostProcess.js:154:240611)
	at Object.executeCommand (/nix/store/3j0nsr6g8fc0kb20hxhvfnsh83bk0fg6-vscodium-1.91.1.24193/lib/vscode/resources/app/out/vs/workbench/api/node/extensionHostProcess.js:164:29715)
	at T.reset (/home/ser/.vscode-oss/extensions/asvetliakov.vscode-neovim-1.18.7-universal/dist/extension.js:2:187723)
	at l.<anonymous> (/home/ser/.vscode-oss/extensions/asvetliakov.vscode-neovim-1.18.7-universal/dist/extension.js:2:421141)
	at l.dispose (/nix/store/3j0nsr6g8fc0kb20hxhvfnsh83bk0fg6-vscodium-1.91.1.24193/lib/vscode/resources/app/out/vs/workbench/api/node/extensionHostProcess.js:152:6342)
	at h (/nix/store/3j0nsr6g8fc0kb20hxhvfnsh83bk0fg6-vscodium-1.91.1.24193/lib/vscode/resources/app/out/vs/workbench/api/node/extensionHostProcess.js:30:758)
	at m._deactivate (/nix/store/3j0nsr6g8fc0kb20hxhvfnsh83bk0fg6-vscodium-1.91.1.24193/lib/vscode/resources/app/out/vs/workbench/api/node/extensionHostProcess.js:160:13048)
	at /nix/store/3j0nsr6g8fc0kb20hxhvfnsh83bk0fg6-vscodium-1.91.1.24193/lib/vscode/resources/app/out/vs/workbench/api/node/extensionHostProcess.js:160:10194
	at Array.map (<anonymous>)
	at m._deactivateAll (/nix/store/3j0nsr6g8fc0kb20hxhvfnsh83bk0fg6-vscodium-1.91.1.24193/lib/vscode/resources/app/out/vs/workbench/api/node/extensionHostProcess.js:160:10181)
	at m.terminate (/nix/store/3j0nsr6g8fc0kb20hxhvfnsh83bk0fg6-vscodium-1.91.1.24193/lib/vscode/resources/app/out/vs/workbench/api/node/extensionHostProcess.js:160:10564)
	at h.terminate (/nix/store/3j0nsr6g8fc0kb20hxhvfnsh83bk0fg6-vscodium-1.91.1.24193/lib/vscode/resources/app/out/vs/workbench/api/node/extensionHostProcess.js:164:1908)
	at i (/nix/store/3j0nsr6g8fc0kb20hxhvfnsh83bk0fg6-vscodium-1.91.1.24193/lib/vscode/resources/app/out/vs/workbench/api/node/extensionHostProcess.js:177:12354)
	at MessagePortMain.<anonymous> (/nix/store/3j0nsr6g8fc0kb20hxhvfnsh83bk0fg6-vscodium-1.91.1.24193/lib/vscode/resources/app/out/vs/workbench/api/node/extensionHostProcess.js:177:8164)
	at MessagePortMain.emit (node:events:514:28)
	at MessagePortMain._internalPort.emit (node:electron/js2c/utility_init:2:2285) setContext undefined
2024-08-11 21:46:43.669 [error] Canceled: Canceled
	at new T (/nix/store/3j0nsr6g8fc0kb20hxhvfnsh83bk0fg6-vscodium-1.91.1.24193/lib/vscode/resources/app/out/vs/workbench/api/node/extensionHostProcess.js:144:39096)
	at y._remoteCall (/nix/store/3j0nsr6g8fc0kb20hxhvfnsh83bk0fg6-vscodium-1.91.1.24193/lib/vscode/resources/app/out/vs/workbench/api/node/extensionHostProcess.js:151:8166)
	at U.<computed>.F.charCodeAt.R.CharCode.DollarSign.U.<computed> (/nix/store/3j0nsr6g8fc0kb20hxhvfnsh83bk0fg6-vscodium-1.91.1.24193/lib/vscode/resources/app/out/vs/workbench/api/node/extensionHostProcess.js:151:4351)
	at f._doExecuteCommand (/nix/store/3j0nsr6g8fc0kb20hxhvfnsh83bk0fg6-vscodium-1.91.1.24193/lib/vscode/resources/app/out/vs/workbench/api/node/extensionHostProcess.js:154:241286)
	at f.executeCommand (/nix/store/3j0nsr6g8fc0kb20hxhvfnsh83bk0fg6-vscodium-1.91.1.24193/lib/vscode/resources/app/out/vs/workbench/api/node/extensionHostProcess.js:154:240611)
	at k.registerCommand.description (/nix/store/3j0nsr6g8fc0kb20hxhvfnsh83bk0fg6-vscodium-1.91.1.24193/lib/vscode/resources/app/out/vs/workbench/api/node/extensionHostProcess.js:154:239855)
	at f._executeContributedCommand (/nix/store/3j0nsr6g8fc0kb20hxhvfnsh83bk0fg6-vscodium-1.91.1.24193/lib/vscode/resources/app/out/vs/workbench/api/node/extensionHostProcess.js:154:241924)
	at f._doExecuteCommand (/nix/store/3j0nsr6g8fc0kb20hxhvfnsh83bk0fg6-vscodium-1.91.1.24193/lib/vscode/resources/app/out/vs/workbench/api/node/extensionHostProcess.js:154:240744)
	at f.executeCommand (/nix/store/3j0nsr6g8fc0kb20hxhvfnsh83bk0fg6-vscodium-1.91.1.24193/lib/vscode/resources/app/out/vs/workbench/api/node/extensionHostProcess.js:154:240611)
	at Object.executeCommand (/nix/store/3j0nsr6g8fc0kb20hxhvfnsh83bk0fg6-vscodium-1.91.1.24193/lib/vscode/resources/app/out/vs/workbench/api/node/extensionHostProcess.js:164:29715)
	at T.reset (/home/ser/.vscode-oss/extensions/asvetliakov.vscode-neovim-1.18.7-universal/dist/extension.js:2:187723)
	at l.<anonymous> (/home/ser/.vscode-oss/extensions/asvetliakov.vscode-neovim-1.18.7-universal/dist/extension.js:2:421141)
	at l.dispose (/nix/store/3j0nsr6g8fc0kb20hxhvfnsh83bk0fg6-vscodium-1.91.1.24193/lib/vscode/resources/app/out/vs/workbench/api/node/extensionHostProcess.js:152:6342)
	at h (/nix/store/3j0nsr6g8fc0kb20hxhvfnsh83bk0fg6-vscodium-1.91.1.24193/lib/vscode/resources/app/out/vs/workbench/api/node/extensionHostProcess.js:30:758)
	at m._deactivate (/nix/store/3j0nsr6g8fc0kb20hxhvfnsh83bk0fg6-vscodium-1.91.1.24193/lib/vscode/resources/app/out/vs/workbench/api/node/extensionHostProcess.js:160:13048)
	at /nix/store/3j0nsr6g8fc0kb20hxhvfnsh83bk0fg6-vscodium-1.91.1.24193/lib/vscode/resources/app/out/vs/workbench/api/node/extensionHostProcess.js:160:10194
	at Array.map (<anonymous>)
	at m._deactivateAll (/nix/store/3j0nsr6g8fc0kb20hxhvfnsh83bk0fg6-vscodium-1.91.1.24193/lib/vscode/resources/app/out/vs/workbench/api/node/extensionHostProcess.js:160:10181)
	at m.terminate (/nix/store/3j0nsr6g8fc0kb20hxhvfnsh83bk0fg6-vscodium-1.91.1.24193/lib/vscode/resources/app/out/vs/workbench/api/node/extensionHostProcess.js:160:10564)
	at h.terminate (/nix/store/3j0nsr6g8fc0kb20hxhvfnsh83bk0fg6-vscodium-1.91.1.24193/lib/vscode/resources/app/out/vs/workbench/api/node/extensionHostProcess.js:164:1908)
	at i (/nix/store/3j0nsr6g8fc0kb20hxhvfnsh83bk0fg6-vscodium-1.91.1.24193/lib/vscode/resources/app/out/vs/workbench/api/node/extensionHostProcess.js:177:12354)
	at MessagePortMain.<anonymous> (/nix/store/3j0nsr6g8fc0kb20hxhvfnsh83bk0fg6-vscodium-1.91.1.24193/lib/vscode/resources/app/out/vs/workbench/api/node/extensionHostProcess.js:177:8164)
	at MessagePortMain.emit (node:events:514:28)
	at MessagePortMain._internalPort.emit (node:electron/js2c/utility_init:2:2285) setContext undefined
2024-08-11 21:46:43.669 [error] Canceled: Canceled
	at new T (/nix/store/3j0nsr6g8fc0kb20hxhvfnsh83bk0fg6-vscodium-1.91.1.24193/lib/vscode/resources/app/out/vs/workbench/api/node/extensionHostProcess.js:144:39096)
	at y._remoteCall (/nix/store/3j0nsr6g8fc0kb20hxhvfnsh83bk0fg6-vscodium-1.91.1.24193/lib/vscode/resources/app/out/vs/workbench/api/node/extensionHostProcess.js:151:8166)
	at U.<computed>.F.charCodeAt.R.CharCode.DollarSign.U.<computed> (/nix/store/3j0nsr6g8fc0kb20hxhvfnsh83bk0fg6-vscodium-1.91.1.24193/lib/vscode/resources/app/out/vs/workbench/api/node/extensionHostProcess.js:151:4351)
	at f._doExecuteCommand (/nix/store/3j0nsr6g8fc0kb20hxhvfnsh83bk0fg6-vscodium-1.91.1.24193/lib/vscode/resources/app/out/vs/workbench/api/node/extensionHostProcess.js:154:241286)
	at f.executeCommand (/nix/store/3j0nsr6g8fc0kb20hxhvfnsh83bk0fg6-vscodium-1.91.1.24193/lib/vscode/resources/app/out/vs/workbench/api/node/extensionHostProcess.js:154:240611)
	at k.registerCommand.description (/nix/store/3j0nsr6g8fc0kb20hxhvfnsh83bk0fg6-vscodium-1.91.1.24193/lib/vscode/resources/app/out/vs/workbench/api/node/extensionHostProcess.js:154:239855)
	at f._executeContributedCommand (/nix/store/3j0nsr6g8fc0kb20hxhvfnsh83bk0fg6-vscodium-1.91.1.24193/lib/vscode/resources/app/out/vs/workbench/api/node/extensionHostProcess.js:154:241924)
	at f._doExecuteCommand (/nix/store/3j0nsr6g8fc0kb20hxhvfnsh83bk0fg6-vscodium-1.91.1.24193/lib/vscode/resources/app/out/vs/workbench/api/node/extensionHostProcess.js:154:240744)
	at f.executeCommand (/nix/store/3j0nsr6g8fc0kb20hxhvfnsh83bk0fg6-vscodium-1.91.1.24193/lib/vscode/resources/app/out/vs/workbench/api/node/extensionHostProcess.js:154:240611)
	at Object.executeCommand (/nix/store/3j0nsr6g8fc0kb20hxhvfnsh83bk0fg6-vscodium-1.91.1.24193/lib/vscode/resources/app/out/vs/workbench/api/node/extensionHostProcess.js:164:29715)
	at T.reset (/home/ser/.vscode-oss/extensions/asvetliakov.vscode-neovim-1.18.7-universal/dist/extension.js:2:187723)
	at l.<anonymous> (/home/ser/.vscode-oss/extensions/asvetliakov.vscode-neovim-1.18.7-universal/dist/extension.js:2:421141)
	at l.dispose (/nix/store/3j0nsr6g8fc0kb20hxhvfnsh83bk0fg6-vscodium-1.91.1.24193/lib/vscode/resources/app/out/vs/workbench/api/node/extensionHostProcess.js:152:6342)
	at h (/nix/store/3j0nsr6g8fc0kb20hxhvfnsh83bk0fg6-vscodium-1.91.1.24193/lib/vscode/resources/app/out/vs/workbench/api/node/extensionHostProcess.js:30:758)
	at m._deactivate (/nix/store/3j0nsr6g8fc0kb20hxhvfnsh83bk0fg6-vscodium-1.91.1.24193/lib/vscode/resources/app/out/vs/workbench/api/node/extensionHostProcess.js:160:13048)
	at /nix/store/3j0nsr6g8fc0kb20hxhvfnsh83bk0fg6-vscodium-1.91.1.24193/lib/vscode/resources/app/out/vs/workbench/api/node/extensionHostProcess.js:160:10194
	at Array.map (<anonymous>)
	at m._deactivateAll (/nix/store/3j0nsr6g8fc0kb20hxhvfnsh83bk0fg6-vscodium-1.91.1.24193/lib/vscode/resources/app/out/vs/workbench/api/node/extensionHostProcess.js:160:10181)
	at m.terminate (/nix/store/3j0nsr6g8fc0kb20hxhvfnsh83bk0fg6-vscodium-1.91.1.24193/lib/vscode/resources/app/out/vs/workbench/api/node/extensionHostProcess.js:160:10564)
	at h.terminate (/nix/store/3j0nsr6g8fc0kb20hxhvfnsh83bk0fg6-vscodium-1.91.1.24193/lib/vscode/resources/app/out/vs/workbench/api/node/extensionHostProcess.js:164:1908)
	at i (/nix/store/3j0nsr6g8fc0kb20hxhvfnsh83bk0fg6-vscodium-1.91.1.24193/lib/vscode/resources/app/out/vs/workbench/api/node/extensionHostProcess.js:177:12354)
	at MessagePortMain.<anonymous> (/nix/store/3j0nsr6g8fc0kb20hxhvfnsh83bk0fg6-vscodium-1.91.1.24193/lib/vscode/resources/app/out/vs/workbench/api/node/extensionHostProcess.js:177:8164)
	at MessagePortMain.emit (node:events:514:28)
	at MessagePortMain._internalPort.emit (node:electron/js2c/utility_init:2:2285) setContext undefined
2024-08-11 21:46:43.669 [info] Extension host with pid 40336 exiting with code 0
