2024-09-06 23:59:36.640 [info] Extension host with pid 5567 started
2024-09-06 23:59:36.640 [info] Skipping acquiring lock for /home/ser/.config/VSCodium/User/workspaceStorage/7a4386decced02b99e03b2912964450d.
2024-09-06 23:59:36.709 [info] ExtensionService#_doActivateExtension vscode.emmet, startup: false, activationEvent: 'onLanguage'
2024-09-06 23:59:36.734 [info] ExtensionService#_doActivateExtension vscode.git-base, startup: true, activationEvent: '*', root cause: vscode.git
2024-09-06 23:59:36.736 [info] ExtensionService#_doActivateExtension vscode.git, startup: true, activationEvent: '*'
2024-09-06 23:59:36.748 [info] ExtensionService#_doActivateExtension vscode.github, startup: true, activationEvent: '*'
2024-09-06 23:59:36.770 [info] Eager extensions activated
2024-09-06 23:59:36.777 [info] ExtensionService#_doActivateExtension vscode.debug-auto-launch, startup: false, activationEvent: 'onStartupFinished'
2024-09-06 23:59:36.778 [info] ExtensionService#_doActivateExtension vscode.merge-conflict, startup: false, activationEvent: 'onStartupFinished'
2024-09-06 23:59:36.781 [info] ExtensionService#_doActivateExtension asvetliakov.vscode-neovim, startup: false, activationEvent: 'onStartupFinished'
2024-09-06 23:59:41.040 [info] ExtensionService#_doActivateExtension vscode.ipynb, startup: false, activationEvent: 'onNotebookSerializer:jupyter-notebook'
2024-09-06 23:59:41.085 [info] ExtensionService#_doActivateExtension ms-toolsai.jupyter, startup: false, activationEvent: 'onNotebook:jupyter-notebook'
2024-09-06 23:59:41.088 [info] ExtensionService#_doActivateExtension ms-toolsai.vscode-jupyter-cell-tags, startup: false, activationEvent: 'onNotebook:jupyter-notebook'
2024-09-06 23:59:41.089 [info] ExtensionService#_doActivateExtension ms-toolsai.vscode-jupyter-slideshow, startup: false, activationEvent: 'onNotebook:jupyter-notebook'
2024-09-06 23:59:41.288 [info] ExtensionService#_doActivateExtension ms-python.python, startup: false, activationEvent: 'api', root cause: ms-toolsai.jupyter
2024-09-06 23:59:41.324 [info] ExtensionService#_doActivateExtension ms-toolsai.jupyter-renderers, startup: false, activationEvent: 'api', root cause: ms-toolsai.jupyter
2024-09-06 23:59:41.332 [error] Error: spawn /home/ser/.vscode-oss/extensions/ms-python.python-2024.14.0-universal/python-env-tools/bin/pet ENOENT
	at ChildProcess._handle.onexit (node:internal/child_process:286:19)
	at onErrorNT (node:internal/child_process:484:16)
	at process.processTicksAndRejections (node:internal/process/task_queues:82:21)
2024-09-06 23:59:41.427 [info] ExtensionService#_doActivateExtension ms-python.debugpy, startup: false, activationEvent: 'onLanguage:python'
2024-09-07 00:00:03.314 [info] Extension host terminating: renderer closed the MessagePort
2024-09-07 00:00:03.390 [warning] ExtHostTextEditorOptions 'setCursorStyle' failed:'
2024-09-07 00:00:03.391 [warning] Canceled
2024-09-07 00:00:03.393 [error] Canceled: Canceled
	at new P (/nix/store/9nyan9hblp6j3m7p3dycs96xpac9fxiv-vscodium-1.92.2.24228/lib/vscode/resources/app/out/vs/workbench/api/node/extensionHostProcess.js:144:39331)
	at w._remoteCall (/nix/store/9nyan9hblp6j3m7p3dycs96xpac9fxiv-vscodium-1.92.2.24228/lib/vscode/resources/app/out/vs/workbench/api/node/extensionHostProcess.js:151:8160)
	at U.<computed>.x.charCodeAt.k.CharCode.DollarSign.U.<computed> (/nix/store/9nyan9hblp6j3m7p3dycs96xpac9fxiv-vscodium-1.92.2.24228/lib/vscode/resources/app/out/vs/workbench/api/node/extensionHostProcess.js:151:4351)
	at h._doExecuteCommand (/nix/store/9nyan9hblp6j3m7p3dycs96xpac9fxiv-vscodium-1.92.2.24228/lib/vscode/resources/app/out/vs/workbench/api/node/extensionHostProcess.js:154:243642)
	at h.executeCommand (/nix/store/9nyan9hblp6j3m7p3dycs96xpac9fxiv-vscodium-1.92.2.24228/lib/vscode/resources/app/out/vs/workbench/api/node/extensionHostProcess.js:154:242967)
	at A.registerCommand.description (/nix/store/9nyan9hblp6j3m7p3dycs96xpac9fxiv-vscodium-1.92.2.24228/lib/vscode/resources/app/out/vs/workbench/api/node/extensionHostProcess.js:154:242211)
	at h._executeContributedCommand (/nix/store/9nyan9hblp6j3m7p3dycs96xpac9fxiv-vscodium-1.92.2.24228/lib/vscode/resources/app/out/vs/workbench/api/node/extensionHostProcess.js:154:244280)
	at h._doExecuteCommand (/nix/store/9nyan9hblp6j3m7p3dycs96xpac9fxiv-vscodium-1.92.2.24228/lib/vscode/resources/app/out/vs/workbench/api/node/extensionHostProcess.js:154:243100)
	at h.executeCommand (/nix/store/9nyan9hblp6j3m7p3dycs96xpac9fxiv-vscodium-1.92.2.24228/lib/vscode/resources/app/out/vs/workbench/api/node/extensionHostProcess.js:154:242967)
	at Object.executeCommand (/nix/store/9nyan9hblp6j3m7p3dycs96xpac9fxiv-vscodium-1.92.2.24228/lib/vscode/resources/app/out/vs/workbench/api/node/extensionHostProcess.js:164:29724)
	at T.reset (/home/ser/.vscode-oss/extensions/asvetliakov.vscode-neovim-1.18.10-universal/dist/extension.js:2:187724)
	at a.<anonymous> (/home/ser/.vscode-oss/extensions/asvetliakov.vscode-neovim-1.18.10-universal/dist/extension.js:2:407017)
	at a.dispose (/nix/store/9nyan9hblp6j3m7p3dycs96xpac9fxiv-vscodium-1.92.2.24228/lib/vscode/resources/app/out/vs/workbench/api/node/extensionHostProcess.js:152:6598)
	at p (/nix/store/9nyan9hblp6j3m7p3dycs96xpac9fxiv-vscodium-1.92.2.24228/lib/vscode/resources/app/out/vs/workbench/api/node/extensionHostProcess.js:30:758)
	at /nix/store/9nyan9hblp6j3m7p3dycs96xpac9fxiv-vscodium-1.92.2.24228/lib/vscode/resources/app/out/vs/workbench/api/node/extensionHostProcess.js:160:17179
	at /nix/store/9nyan9hblp6j3m7p3dycs96xpac9fxiv-vscodium-1.92.2.24228/lib/vscode/resources/app/out/vs/workbench/api/node/extensionHostProcess.js:30:1147
	at Object.dispose (/nix/store/9nyan9hblp6j3m7p3dycs96xpac9fxiv-vscodium-1.92.2.24228/lib/vscode/resources/app/out/vs/workbench/api/node/extensionHostProcess.js:11:12373)
	at m._deactivate (/nix/store/9nyan9hblp6j3m7p3dycs96xpac9fxiv-vscodium-1.92.2.24228/lib/vscode/resources/app/out/vs/workbench/api/node/extensionHostProcess.js:160:13066)
	at /nix/store/9nyan9hblp6j3m7p3dycs96xpac9fxiv-vscodium-1.92.2.24228/lib/vscode/resources/app/out/vs/workbench/api/node/extensionHostProcess.js:160:10211
	at Array.map (<anonymous>)
	at m._deactivateAll (/nix/store/9nyan9hblp6j3m7p3dycs96xpac9fxiv-vscodium-1.92.2.24228/lib/vscode/resources/app/out/vs/workbench/api/node/extensionHostProcess.js:160:10198)
	at m.terminate (/nix/store/9nyan9hblp6j3m7p3dycs96xpac9fxiv-vscodium-1.92.2.24228/lib/vscode/resources/app/out/vs/workbench/api/node/extensionHostProcess.js:160:10581)
	at p.terminate (/nix/store/9nyan9hblp6j3m7p3dycs96xpac9fxiv-vscodium-1.92.2.24228/lib/vscode/resources/app/out/vs/workbench/api/node/extensionHostProcess.js:164:1908)
	at o (/nix/store/9nyan9hblp6j3m7p3dycs96xpac9fxiv-vscodium-1.92.2.24228/lib/vscode/resources/app/out/vs/workbench/api/node/extensionHostProcess.js:177:12370)
	at MessagePortMain.<anonymous> (/nix/store/9nyan9hblp6j3m7p3dycs96xpac9fxiv-vscodium-1.92.2.24228/lib/vscode/resources/app/out/vs/workbench/api/node/extensionHostProcess.js:177:8180)
	at MessagePortMain.emit (node:events:519:28)
	at MessagePortMain._internalPort.emit (node:electron/js2c/utility_init:2:2285) setContext undefined
2024-09-07 00:00:03.394 [error] Canceled: Canceled
	at new P (/nix/store/9nyan9hblp6j3m7p3dycs96xpac9fxiv-vscodium-1.92.2.24228/lib/vscode/resources/app/out/vs/workbench/api/node/extensionHostProcess.js:144:39331)
	at w._remoteCall (/nix/store/9nyan9hblp6j3m7p3dycs96xpac9fxiv-vscodium-1.92.2.24228/lib/vscode/resources/app/out/vs/workbench/api/node/extensionHostProcess.js:151:8160)
	at U.<computed>.x.charCodeAt.k.CharCode.DollarSign.U.<computed> (/nix/store/9nyan9hblp6j3m7p3dycs96xpac9fxiv-vscodium-1.92.2.24228/lib/vscode/resources/app/out/vs/workbench/api/node/extensionHostProcess.js:151:4351)
	at h._doExecuteCommand (/nix/store/9nyan9hblp6j3m7p3dycs96xpac9fxiv-vscodium-1.92.2.24228/lib/vscode/resources/app/out/vs/workbench/api/node/extensionHostProcess.js:154:243642)
	at h.executeCommand (/nix/store/9nyan9hblp6j3m7p3dycs96xpac9fxiv-vscodium-1.92.2.24228/lib/vscode/resources/app/out/vs/workbench/api/node/extensionHostProcess.js:154:242967)
	at A.registerCommand.description (/nix/store/9nyan9hblp6j3m7p3dycs96xpac9fxiv-vscodium-1.92.2.24228/lib/vscode/resources/app/out/vs/workbench/api/node/extensionHostProcess.js:154:242211)
	at h._executeContributedCommand (/nix/store/9nyan9hblp6j3m7p3dycs96xpac9fxiv-vscodium-1.92.2.24228/lib/vscode/resources/app/out/vs/workbench/api/node/extensionHostProcess.js:154:244280)
	at h._doExecuteCommand (/nix/store/9nyan9hblp6j3m7p3dycs96xpac9fxiv-vscodium-1.92.2.24228/lib/vscode/resources/app/out/vs/workbench/api/node/extensionHostProcess.js:154:243100)
	at h.executeCommand (/nix/store/9nyan9hblp6j3m7p3dycs96xpac9fxiv-vscodium-1.92.2.24228/lib/vscode/resources/app/out/vs/workbench/api/node/extensionHostProcess.js:154:242967)
	at Object.executeCommand (/nix/store/9nyan9hblp6j3m7p3dycs96xpac9fxiv-vscodium-1.92.2.24228/lib/vscode/resources/app/out/vs/workbench/api/node/extensionHostProcess.js:164:29724)
	at T.reset (/home/ser/.vscode-oss/extensions/asvetliakov.vscode-neovim-1.18.10-universal/dist/extension.js:2:187724)
	at a.<anonymous> (/home/ser/.vscode-oss/extensions/asvetliakov.vscode-neovim-1.18.10-universal/dist/extension.js:2:407017)
	at a.dispose (/nix/store/9nyan9hblp6j3m7p3dycs96xpac9fxiv-vscodium-1.92.2.24228/lib/vscode/resources/app/out/vs/workbench/api/node/extensionHostProcess.js:152:6598)
	at p (/nix/store/9nyan9hblp6j3m7p3dycs96xpac9fxiv-vscodium-1.92.2.24228/lib/vscode/resources/app/out/vs/workbench/api/node/extensionHostProcess.js:30:758)
	at /nix/store/9nyan9hblp6j3m7p3dycs96xpac9fxiv-vscodium-1.92.2.24228/lib/vscode/resources/app/out/vs/workbench/api/node/extensionHostProcess.js:160:17179
	at /nix/store/9nyan9hblp6j3m7p3dycs96xpac9fxiv-vscodium-1.92.2.24228/lib/vscode/resources/app/out/vs/workbench/api/node/extensionHostProcess.js:30:1147
	at Object.dispose (/nix/store/9nyan9hblp6j3m7p3dycs96xpac9fxiv-vscodium-1.92.2.24228/lib/vscode/resources/app/out/vs/workbench/api/node/extensionHostProcess.js:11:12373)
	at m._deactivate (/nix/store/9nyan9hblp6j3m7p3dycs96xpac9fxiv-vscodium-1.92.2.24228/lib/vscode/resources/app/out/vs/workbench/api/node/extensionHostProcess.js:160:13066)
	at /nix/store/9nyan9hblp6j3m7p3dycs96xpac9fxiv-vscodium-1.92.2.24228/lib/vscode/resources/app/out/vs/workbench/api/node/extensionHostProcess.js:160:10211
	at Array.map (<anonymous>)
	at m._deactivateAll (/nix/store/9nyan9hblp6j3m7p3dycs96xpac9fxiv-vscodium-1.92.2.24228/lib/vscode/resources/app/out/vs/workbench/api/node/extensionHostProcess.js:160:10198)
	at m.terminate (/nix/store/9nyan9hblp6j3m7p3dycs96xpac9fxiv-vscodium-1.92.2.24228/lib/vscode/resources/app/out/vs/workbench/api/node/extensionHostProcess.js:160:10581)
	at p.terminate (/nix/store/9nyan9hblp6j3m7p3dycs96xpac9fxiv-vscodium-1.92.2.24228/lib/vscode/resources/app/out/vs/workbench/api/node/extensionHostProcess.js:164:1908)
	at o (/nix/store/9nyan9hblp6j3m7p3dycs96xpac9fxiv-vscodium-1.92.2.24228/lib/vscode/resources/app/out/vs/workbench/api/node/extensionHostProcess.js:177:12370)
	at MessagePortMain.<anonymous> (/nix/store/9nyan9hblp6j3m7p3dycs96xpac9fxiv-vscodium-1.92.2.24228/lib/vscode/resources/app/out/vs/workbench/api/node/extensionHostProcess.js:177:8180)
	at MessagePortMain.emit (node:events:519:28)
	at MessagePortMain._internalPort.emit (node:electron/js2c/utility_init:2:2285) setContext undefined
2024-09-07 00:00:03.394 [error] Canceled: Canceled
	at new P (/nix/store/9nyan9hblp6j3m7p3dycs96xpac9fxiv-vscodium-1.92.2.24228/lib/vscode/resources/app/out/vs/workbench/api/node/extensionHostProcess.js:144:39331)
	at w._remoteCall (/nix/store/9nyan9hblp6j3m7p3dycs96xpac9fxiv-vscodium-1.92.2.24228/lib/vscode/resources/app/out/vs/workbench/api/node/extensionHostProcess.js:151:8160)
	at U.<computed>.x.charCodeAt.k.CharCode.DollarSign.U.<computed> (/nix/store/9nyan9hblp6j3m7p3dycs96xpac9fxiv-vscodium-1.92.2.24228/lib/vscode/resources/app/out/vs/workbench/api/node/extensionHostProcess.js:151:4351)
	at h._doExecuteCommand (/nix/store/9nyan9hblp6j3m7p3dycs96xpac9fxiv-vscodium-1.92.2.24228/lib/vscode/resources/app/out/vs/workbench/api/node/extensionHostProcess.js:154:243642)
	at h.executeCommand (/nix/store/9nyan9hblp6j3m7p3dycs96xpac9fxiv-vscodium-1.92.2.24228/lib/vscode/resources/app/out/vs/workbench/api/node/extensionHostProcess.js:154:242967)
	at A.registerCommand.description (/nix/store/9nyan9hblp6j3m7p3dycs96xpac9fxiv-vscodium-1.92.2.24228/lib/vscode/resources/app/out/vs/workbench/api/node/extensionHostProcess.js:154:242211)
	at h._executeContributedCommand (/nix/store/9nyan9hblp6j3m7p3dycs96xpac9fxiv-vscodium-1.92.2.24228/lib/vscode/resources/app/out/vs/workbench/api/node/extensionHostProcess.js:154:244280)
	at h._doExecuteCommand (/nix/store/9nyan9hblp6j3m7p3dycs96xpac9fxiv-vscodium-1.92.2.24228/lib/vscode/resources/app/out/vs/workbench/api/node/extensionHostProcess.js:154:243100)
	at h.executeCommand (/nix/store/9nyan9hblp6j3m7p3dycs96xpac9fxiv-vscodium-1.92.2.24228/lib/vscode/resources/app/out/vs/workbench/api/node/extensionHostProcess.js:154:242967)
	at Object.executeCommand (/nix/store/9nyan9hblp6j3m7p3dycs96xpac9fxiv-vscodium-1.92.2.24228/lib/vscode/resources/app/out/vs/workbench/api/node/extensionHostProcess.js:164:29724)
	at T.reset (/home/ser/.vscode-oss/extensions/asvetliakov.vscode-neovim-1.18.10-universal/dist/extension.js:2:187724)
	at a.<anonymous> (/home/ser/.vscode-oss/extensions/asvetliakov.vscode-neovim-1.18.10-universal/dist/extension.js:2:407017)
	at a.dispose (/nix/store/9nyan9hblp6j3m7p3dycs96xpac9fxiv-vscodium-1.92.2.24228/lib/vscode/resources/app/out/vs/workbench/api/node/extensionHostProcess.js:152:6598)
	at p (/nix/store/9nyan9hblp6j3m7p3dycs96xpac9fxiv-vscodium-1.92.2.24228/lib/vscode/resources/app/out/vs/workbench/api/node/extensionHostProcess.js:30:758)
	at /nix/store/9nyan9hblp6j3m7p3dycs96xpac9fxiv-vscodium-1.92.2.24228/lib/vscode/resources/app/out/vs/workbench/api/node/extensionHostProcess.js:160:17179
	at /nix/store/9nyan9hblp6j3m7p3dycs96xpac9fxiv-vscodium-1.92.2.24228/lib/vscode/resources/app/out/vs/workbench/api/node/extensionHostProcess.js:30:1147
	at Object.dispose (/nix/store/9nyan9hblp6j3m7p3dycs96xpac9fxiv-vscodium-1.92.2.24228/lib/vscode/resources/app/out/vs/workbench/api/node/extensionHostProcess.js:11:12373)
	at m._deactivate (/nix/store/9nyan9hblp6j3m7p3dycs96xpac9fxiv-vscodium-1.92.2.24228/lib/vscode/resources/app/out/vs/workbench/api/node/extensionHostProcess.js:160:13066)
	at /nix/store/9nyan9hblp6j3m7p3dycs96xpac9fxiv-vscodium-1.92.2.24228/lib/vscode/resources/app/out/vs/workbench/api/node/extensionHostProcess.js:160:10211
	at Array.map (<anonymous>)
	at m._deactivateAll (/nix/store/9nyan9hblp6j3m7p3dycs96xpac9fxiv-vscodium-1.92.2.24228/lib/vscode/resources/app/out/vs/workbench/api/node/extensionHostProcess.js:160:10198)
	at m.terminate (/nix/store/9nyan9hblp6j3m7p3dycs96xpac9fxiv-vscodium-1.92.2.24228/lib/vscode/resources/app/out/vs/workbench/api/node/extensionHostProcess.js:160:10581)
	at p.terminate (/nix/store/9nyan9hblp6j3m7p3dycs96xpac9fxiv-vscodium-1.92.2.24228/lib/vscode/resources/app/out/vs/workbench/api/node/extensionHostProcess.js:164:1908)
	at o (/nix/store/9nyan9hblp6j3m7p3dycs96xpac9fxiv-vscodium-1.92.2.24228/lib/vscode/resources/app/out/vs/workbench/api/node/extensionHostProcess.js:177:12370)
	at MessagePortMain.<anonymous> (/nix/store/9nyan9hblp6j3m7p3dycs96xpac9fxiv-vscodium-1.92.2.24228/lib/vscode/resources/app/out/vs/workbench/api/node/extensionHostProcess.js:177:8180)
	at MessagePortMain.emit (node:events:519:28)
	at MessagePortMain._internalPort.emit (node:electron/js2c/utility_init:2:2285) setContext undefined
2024-09-07 00:00:03.394 [error] Canceled: Canceled
	at new P (/nix/store/9nyan9hblp6j3m7p3dycs96xpac9fxiv-vscodium-1.92.2.24228/lib/vscode/resources/app/out/vs/workbench/api/node/extensionHostProcess.js:144:39331)
	at w._remoteCall (/nix/store/9nyan9hblp6j3m7p3dycs96xpac9fxiv-vscodium-1.92.2.24228/lib/vscode/resources/app/out/vs/workbench/api/node/extensionHostProcess.js:151:8160)
	at U.<computed>.x.charCodeAt.k.CharCode.DollarSign.U.<computed> (/nix/store/9nyan9hblp6j3m7p3dycs96xpac9fxiv-vscodium-1.92.2.24228/lib/vscode/resources/app/out/vs/workbench/api/node/extensionHostProcess.js:151:4351)
	at h._doExecuteCommand (/nix/store/9nyan9hblp6j3m7p3dycs96xpac9fxiv-vscodium-1.92.2.24228/lib/vscode/resources/app/out/vs/workbench/api/node/extensionHostProcess.js:154:243642)
	at h.executeCommand (/nix/store/9nyan9hblp6j3m7p3dycs96xpac9fxiv-vscodium-1.92.2.24228/lib/vscode/resources/app/out/vs/workbench/api/node/extensionHostProcess.js:154:242967)
	at A.registerCommand.description (/nix/store/9nyan9hblp6j3m7p3dycs96xpac9fxiv-vscodium-1.92.2.24228/lib/vscode/resources/app/out/vs/workbench/api/node/extensionHostProcess.js:154:242211)
	at h._executeContributedCommand (/nix/store/9nyan9hblp6j3m7p3dycs96xpac9fxiv-vscodium-1.92.2.24228/lib/vscode/resources/app/out/vs/workbench/api/node/extensionHostProcess.js:154:244280)
	at h._doExecuteCommand (/nix/store/9nyan9hblp6j3m7p3dycs96xpac9fxiv-vscodium-1.92.2.24228/lib/vscode/resources/app/out/vs/workbench/api/node/extensionHostProcess.js:154:243100)
	at h.executeCommand (/nix/store/9nyan9hblp6j3m7p3dycs96xpac9fxiv-vscodium-1.92.2.24228/lib/vscode/resources/app/out/vs/workbench/api/node/extensionHostProcess.js:154:242967)
	at Object.executeCommand (/nix/store/9nyan9hblp6j3m7p3dycs96xpac9fxiv-vscodium-1.92.2.24228/lib/vscode/resources/app/out/vs/workbench/api/node/extensionHostProcess.js:164:29724)
	at T.reset (/home/ser/.vscode-oss/extensions/asvetliakov.vscode-neovim-1.18.10-universal/dist/extension.js:2:187724)
	at a.<anonymous> (/home/ser/.vscode-oss/extensions/asvetliakov.vscode-neovim-1.18.10-universal/dist/extension.js:2:407017)
	at a.dispose (/nix/store/9nyan9hblp6j3m7p3dycs96xpac9fxiv-vscodium-1.92.2.24228/lib/vscode/resources/app/out/vs/workbench/api/node/extensionHostProcess.js:152:6598)
	at p (/nix/store/9nyan9hblp6j3m7p3dycs96xpac9fxiv-vscodium-1.92.2.24228/lib/vscode/resources/app/out/vs/workbench/api/node/extensionHostProcess.js:30:758)
	at /nix/store/9nyan9hblp6j3m7p3dycs96xpac9fxiv-vscodium-1.92.2.24228/lib/vscode/resources/app/out/vs/workbench/api/node/extensionHostProcess.js:160:17179
	at /nix/store/9nyan9hblp6j3m7p3dycs96xpac9fxiv-vscodium-1.92.2.24228/lib/vscode/resources/app/out/vs/workbench/api/node/extensionHostProcess.js:30:1147
	at Object.dispose (/nix/store/9nyan9hblp6j3m7p3dycs96xpac9fxiv-vscodium-1.92.2.24228/lib/vscode/resources/app/out/vs/workbench/api/node/extensionHostProcess.js:11:12373)
	at m._deactivate (/nix/store/9nyan9hblp6j3m7p3dycs96xpac9fxiv-vscodium-1.92.2.24228/lib/vscode/resources/app/out/vs/workbench/api/node/extensionHostProcess.js:160:13066)
	at /nix/store/9nyan9hblp6j3m7p3dycs96xpac9fxiv-vscodium-1.92.2.24228/lib/vscode/resources/app/out/vs/workbench/api/node/extensionHostProcess.js:160:10211
	at Array.map (<anonymous>)
	at m._deactivateAll (/nix/store/9nyan9hblp6j3m7p3dycs96xpac9fxiv-vscodium-1.92.2.24228/lib/vscode/resources/app/out/vs/workbench/api/node/extensionHostProcess.js:160:10198)
	at m.terminate (/nix/store/9nyan9hblp6j3m7p3dycs96xpac9fxiv-vscodium-1.92.2.24228/lib/vscode/resources/app/out/vs/workbench/api/node/extensionHostProcess.js:160:10581)
	at p.terminate (/nix/store/9nyan9hblp6j3m7p3dycs96xpac9fxiv-vscodium-1.92.2.24228/lib/vscode/resources/app/out/vs/workbench/api/node/extensionHostProcess.js:164:1908)
	at o (/nix/store/9nyan9hblp6j3m7p3dycs96xpac9fxiv-vscodium-1.92.2.24228/lib/vscode/resources/app/out/vs/workbench/api/node/extensionHostProcess.js:177:12370)
	at MessagePortMain.<anonymous> (/nix/store/9nyan9hblp6j3m7p3dycs96xpac9fxiv-vscodium-1.92.2.24228/lib/vscode/resources/app/out/vs/workbench/api/node/extensionHostProcess.js:177:8180)
	at MessagePortMain.emit (node:events:519:28)
	at MessagePortMain._internalPort.emit (node:electron/js2c/utility_init:2:2285) setContext undefined
2024-09-07 00:00:03.394 [error] Canceled: Canceled
	at new P (/nix/store/9nyan9hblp6j3m7p3dycs96xpac9fxiv-vscodium-1.92.2.24228/lib/vscode/resources/app/out/vs/workbench/api/node/extensionHostProcess.js:144:39331)
	at w._remoteCall (/nix/store/9nyan9hblp6j3m7p3dycs96xpac9fxiv-vscodium-1.92.2.24228/lib/vscode/resources/app/out/vs/workbench/api/node/extensionHostProcess.js:151:8160)
	at U.<computed>.x.charCodeAt.k.CharCode.DollarSign.U.<computed> (/nix/store/9nyan9hblp6j3m7p3dycs96xpac9fxiv-vscodium-1.92.2.24228/lib/vscode/resources/app/out/vs/workbench/api/node/extensionHostProcess.js:151:4351)
	at h._doExecuteCommand (/nix/store/9nyan9hblp6j3m7p3dycs96xpac9fxiv-vscodium-1.92.2.24228/lib/vscode/resources/app/out/vs/workbench/api/node/extensionHostProcess.js:154:243642)
	at h.executeCommand (/nix/store/9nyan9hblp6j3m7p3dycs96xpac9fxiv-vscodium-1.92.2.24228/lib/vscode/resources/app/out/vs/workbench/api/node/extensionHostProcess.js:154:242967)
	at A.registerCommand.description (/nix/store/9nyan9hblp6j3m7p3dycs96xpac9fxiv-vscodium-1.92.2.24228/lib/vscode/resources/app/out/vs/workbench/api/node/extensionHostProcess.js:154:242211)
	at h._executeContributedCommand (/nix/store/9nyan9hblp6j3m7p3dycs96xpac9fxiv-vscodium-1.92.2.24228/lib/vscode/resources/app/out/vs/workbench/api/node/extensionHostProcess.js:154:244280)
	at h._doExecuteCommand (/nix/store/9nyan9hblp6j3m7p3dycs96xpac9fxiv-vscodium-1.92.2.24228/lib/vscode/resources/app/out/vs/workbench/api/node/extensionHostProcess.js:154:243100)
	at h.executeCommand (/nix/store/9nyan9hblp6j3m7p3dycs96xpac9fxiv-vscodium-1.92.2.24228/lib/vscode/resources/app/out/vs/workbench/api/node/extensionHostProcess.js:154:242967)
	at Object.executeCommand (/nix/store/9nyan9hblp6j3m7p3dycs96xpac9fxiv-vscodium-1.92.2.24228/lib/vscode/resources/app/out/vs/workbench/api/node/extensionHostProcess.js:164:29724)
	at T.reset (/home/ser/.vscode-oss/extensions/asvetliakov.vscode-neovim-1.18.10-universal/dist/extension.js:2:187724)
	at a.<anonymous> (/home/ser/.vscode-oss/extensions/asvetliakov.vscode-neovim-1.18.10-universal/dist/extension.js:2:407017)
	at a.dispose (/nix/store/9nyan9hblp6j3m7p3dycs96xpac9fxiv-vscodium-1.92.2.24228/lib/vscode/resources/app/out/vs/workbench/api/node/extensionHostProcess.js:152:6598)
	at p (/nix/store/9nyan9hblp6j3m7p3dycs96xpac9fxiv-vscodium-1.92.2.24228/lib/vscode/resources/app/out/vs/workbench/api/node/extensionHostProcess.js:30:758)
	at /nix/store/9nyan9hblp6j3m7p3dycs96xpac9fxiv-vscodium-1.92.2.24228/lib/vscode/resources/app/out/vs/workbench/api/node/extensionHostProcess.js:160:17179
	at /nix/store/9nyan9hblp6j3m7p3dycs96xpac9fxiv-vscodium-1.92.2.24228/lib/vscode/resources/app/out/vs/workbench/api/node/extensionHostProcess.js:30:1147
	at Object.dispose (/nix/store/9nyan9hblp6j3m7p3dycs96xpac9fxiv-vscodium-1.92.2.24228/lib/vscode/resources/app/out/vs/workbench/api/node/extensionHostProcess.js:11:12373)
	at m._deactivate (/nix/store/9nyan9hblp6j3m7p3dycs96xpac9fxiv-vscodium-1.92.2.24228/lib/vscode/resources/app/out/vs/workbench/api/node/extensionHostProcess.js:160:13066)
	at /nix/store/9nyan9hblp6j3m7p3dycs96xpac9fxiv-vscodium-1.92.2.24228/lib/vscode/resources/app/out/vs/workbench/api/node/extensionHostProcess.js:160:10211
	at Array.map (<anonymous>)
	at m._deactivateAll (/nix/store/9nyan9hblp6j3m7p3dycs96xpac9fxiv-vscodium-1.92.2.24228/lib/vscode/resources/app/out/vs/workbench/api/node/extensionHostProcess.js:160:10198)
	at m.terminate (/nix/store/9nyan9hblp6j3m7p3dycs96xpac9fxiv-vscodium-1.92.2.24228/lib/vscode/resources/app/out/vs/workbench/api/node/extensionHostProcess.js:160:10581)
	at p.terminate (/nix/store/9nyan9hblp6j3m7p3dycs96xpac9fxiv-vscodium-1.92.2.24228/lib/vscode/resources/app/out/vs/workbench/api/node/extensionHostProcess.js:164:1908)
	at o (/nix/store/9nyan9hblp6j3m7p3dycs96xpac9fxiv-vscodium-1.92.2.24228/lib/vscode/resources/app/out/vs/workbench/api/node/extensionHostProcess.js:177:12370)
	at MessagePortMain.<anonymous> (/nix/store/9nyan9hblp6j3m7p3dycs96xpac9fxiv-vscodium-1.92.2.24228/lib/vscode/resources/app/out/vs/workbench/api/node/extensionHostProcess.js:177:8180)
	at MessagePortMain.emit (node:events:519:28)
	at MessagePortMain._internalPort.emit (node:electron/js2c/utility_init:2:2285) setContext undefined
2024-09-07 00:00:03.394 [error] Canceled: Canceled
	at new P (/nix/store/9nyan9hblp6j3m7p3dycs96xpac9fxiv-vscodium-1.92.2.24228/lib/vscode/resources/app/out/vs/workbench/api/node/extensionHostProcess.js:144:39331)
	at w._remoteCall (/nix/store/9nyan9hblp6j3m7p3dycs96xpac9fxiv-vscodium-1.92.2.24228/lib/vscode/resources/app/out/vs/workbench/api/node/extensionHostProcess.js:151:8160)
	at U.<computed>.x.charCodeAt.k.CharCode.DollarSign.U.<computed> (/nix/store/9nyan9hblp6j3m7p3dycs96xpac9fxiv-vscodium-1.92.2.24228/lib/vscode/resources/app/out/vs/workbench/api/node/extensionHostProcess.js:151:4351)
	at h._doExecuteCommand (/nix/store/9nyan9hblp6j3m7p3dycs96xpac9fxiv-vscodium-1.92.2.24228/lib/vscode/resources/app/out/vs/workbench/api/node/extensionHostProcess.js:154:243642)
	at h.executeCommand (/nix/store/9nyan9hblp6j3m7p3dycs96xpac9fxiv-vscodium-1.92.2.24228/lib/vscode/resources/app/out/vs/workbench/api/node/extensionHostProcess.js:154:242967)
	at A.registerCommand.description (/nix/store/9nyan9hblp6j3m7p3dycs96xpac9fxiv-vscodium-1.92.2.24228/lib/vscode/resources/app/out/vs/workbench/api/node/extensionHostProcess.js:154:242211)
	at h._executeContributedCommand (/nix/store/9nyan9hblp6j3m7p3dycs96xpac9fxiv-vscodium-1.92.2.24228/lib/vscode/resources/app/out/vs/workbench/api/node/extensionHostProcess.js:154:244280)
	at h._doExecuteCommand (/nix/store/9nyan9hblp6j3m7p3dycs96xpac9fxiv-vscodium-1.92.2.24228/lib/vscode/resources/app/out/vs/workbench/api/node/extensionHostProcess.js:154:243100)
	at h.executeCommand (/nix/store/9nyan9hblp6j3m7p3dycs96xpac9fxiv-vscodium-1.92.2.24228/lib/vscode/resources/app/out/vs/workbench/api/node/extensionHostProcess.js:154:242967)
	at Object.executeCommand (/nix/store/9nyan9hblp6j3m7p3dycs96xpac9fxiv-vscodium-1.92.2.24228/lib/vscode/resources/app/out/vs/workbench/api/node/extensionHostProcess.js:164:29724)
	at T.reset (/home/ser/.vscode-oss/extensions/asvetliakov.vscode-neovim-1.18.10-universal/dist/extension.js:2:187724)
	at a.<anonymous> (/home/ser/.vscode-oss/extensions/asvetliakov.vscode-neovim-1.18.10-universal/dist/extension.js:2:407017)
	at a.dispose (/nix/store/9nyan9hblp6j3m7p3dycs96xpac9fxiv-vscodium-1.92.2.24228/lib/vscode/resources/app/out/vs/workbench/api/node/extensionHostProcess.js:152:6598)
	at p (/nix/store/9nyan9hblp6j3m7p3dycs96xpac9fxiv-vscodium-1.92.2.24228/lib/vscode/resources/app/out/vs/workbench/api/node/extensionHostProcess.js:30:758)
	at /nix/store/9nyan9hblp6j3m7p3dycs96xpac9fxiv-vscodium-1.92.2.24228/lib/vscode/resources/app/out/vs/workbench/api/node/extensionHostProcess.js:160:17179
	at /nix/store/9nyan9hblp6j3m7p3dycs96xpac9fxiv-vscodium-1.92.2.24228/lib/vscode/resources/app/out/vs/workbench/api/node/extensionHostProcess.js:30:1147
	at Object.dispose (/nix/store/9nyan9hblp6j3m7p3dycs96xpac9fxiv-vscodium-1.92.2.24228/lib/vscode/resources/app/out/vs/workbench/api/node/extensionHostProcess.js:11:12373)
	at m._deactivate (/nix/store/9nyan9hblp6j3m7p3dycs96xpac9fxiv-vscodium-1.92.2.24228/lib/vscode/resources/app/out/vs/workbench/api/node/extensionHostProcess.js:160:13066)
	at /nix/store/9nyan9hblp6j3m7p3dycs96xpac9fxiv-vscodium-1.92.2.24228/lib/vscode/resources/app/out/vs/workbench/api/node/extensionHostProcess.js:160:10211
	at Array.map (<anonymous>)
	at m._deactivateAll (/nix/store/9nyan9hblp6j3m7p3dycs96xpac9fxiv-vscodium-1.92.2.24228/lib/vscode/resources/app/out/vs/workbench/api/node/extensionHostProcess.js:160:10198)
	at m.terminate (/nix/store/9nyan9hblp6j3m7p3dycs96xpac9fxiv-vscodium-1.92.2.24228/lib/vscode/resources/app/out/vs/workbench/api/node/extensionHostProcess.js:160:10581)
	at p.terminate (/nix/store/9nyan9hblp6j3m7p3dycs96xpac9fxiv-vscodium-1.92.2.24228/lib/vscode/resources/app/out/vs/workbench/api/node/extensionHostProcess.js:164:1908)
	at o (/nix/store/9nyan9hblp6j3m7p3dycs96xpac9fxiv-vscodium-1.92.2.24228/lib/vscode/resources/app/out/vs/workbench/api/node/extensionHostProcess.js:177:12370)
	at MessagePortMain.<anonymous> (/nix/store/9nyan9hblp6j3m7p3dycs96xpac9fxiv-vscodium-1.92.2.24228/lib/vscode/resources/app/out/vs/workbench/api/node/extensionHostProcess.js:177:8180)
	at MessagePortMain.emit (node:events:519:28)
	at MessagePortMain._internalPort.emit (node:electron/js2c/utility_init:2:2285) setContext undefined
2024-09-07 00:00:03.394 [error] Canceled: Canceled
	at new P (/nix/store/9nyan9hblp6j3m7p3dycs96xpac9fxiv-vscodium-1.92.2.24228/lib/vscode/resources/app/out/vs/workbench/api/node/extensionHostProcess.js:144:39331)
	at w._remoteCall (/nix/store/9nyan9hblp6j3m7p3dycs96xpac9fxiv-vscodium-1.92.2.24228/lib/vscode/resources/app/out/vs/workbench/api/node/extensionHostProcess.js:151:8160)
	at U.<computed>.x.charCodeAt.k.CharCode.DollarSign.U.<computed> (/nix/store/9nyan9hblp6j3m7p3dycs96xpac9fxiv-vscodium-1.92.2.24228/lib/vscode/resources/app/out/vs/workbench/api/node/extensionHostProcess.js:151:4351)
	at h._doExecuteCommand (/nix/store/9nyan9hblp6j3m7p3dycs96xpac9fxiv-vscodium-1.92.2.24228/lib/vscode/resources/app/out/vs/workbench/api/node/extensionHostProcess.js:154:243642)
	at h.executeCommand (/nix/store/9nyan9hblp6j3m7p3dycs96xpac9fxiv-vscodium-1.92.2.24228/lib/vscode/resources/app/out/vs/workbench/api/node/extensionHostProcess.js:154:242967)
	at A.registerCommand.description (/nix/store/9nyan9hblp6j3m7p3dycs96xpac9fxiv-vscodium-1.92.2.24228/lib/vscode/resources/app/out/vs/workbench/api/node/extensionHostProcess.js:154:242211)
	at h._executeContributedCommand (/nix/store/9nyan9hblp6j3m7p3dycs96xpac9fxiv-vscodium-1.92.2.24228/lib/vscode/resources/app/out/vs/workbench/api/node/extensionHostProcess.js:154:244280)
	at h._doExecuteCommand (/nix/store/9nyan9hblp6j3m7p3dycs96xpac9fxiv-vscodium-1.92.2.24228/lib/vscode/resources/app/out/vs/workbench/api/node/extensionHostProcess.js:154:243100)
	at h.executeCommand (/nix/store/9nyan9hblp6j3m7p3dycs96xpac9fxiv-vscodium-1.92.2.24228/lib/vscode/resources/app/out/vs/workbench/api/node/extensionHostProcess.js:154:242967)
	at Object.executeCommand (/nix/store/9nyan9hblp6j3m7p3dycs96xpac9fxiv-vscodium-1.92.2.24228/lib/vscode/resources/app/out/vs/workbench/api/node/extensionHostProcess.js:164:29724)
	at T.reset (/home/ser/.vscode-oss/extensions/asvetliakov.vscode-neovim-1.18.10-universal/dist/extension.js:2:187724)
	at a.<anonymous> (/home/ser/.vscode-oss/extensions/asvetliakov.vscode-neovim-1.18.10-universal/dist/extension.js:2:407017)
	at a.dispose (/nix/store/9nyan9hblp6j3m7p3dycs96xpac9fxiv-vscodium-1.92.2.24228/lib/vscode/resources/app/out/vs/workbench/api/node/extensionHostProcess.js:152:6598)
	at p (/nix/store/9nyan9hblp6j3m7p3dycs96xpac9fxiv-vscodium-1.92.2.24228/lib/vscode/resources/app/out/vs/workbench/api/node/extensionHostProcess.js:30:758)
	at /nix/store/9nyan9hblp6j3m7p3dycs96xpac9fxiv-vscodium-1.92.2.24228/lib/vscode/resources/app/out/vs/workbench/api/node/extensionHostProcess.js:160:17179
	at /nix/store/9nyan9hblp6j3m7p3dycs96xpac9fxiv-vscodium-1.92.2.24228/lib/vscode/resources/app/out/vs/workbench/api/node/extensionHostProcess.js:30:1147
	at Object.dispose (/nix/store/9nyan9hblp6j3m7p3dycs96xpac9fxiv-vscodium-1.92.2.24228/lib/vscode/resources/app/out/vs/workbench/api/node/extensionHostProcess.js:11:12373)
	at m._deactivate (/nix/store/9nyan9hblp6j3m7p3dycs96xpac9fxiv-vscodium-1.92.2.24228/lib/vscode/resources/app/out/vs/workbench/api/node/extensionHostProcess.js:160:13066)
	at /nix/store/9nyan9hblp6j3m7p3dycs96xpac9fxiv-vscodium-1.92.2.24228/lib/vscode/resources/app/out/vs/workbench/api/node/extensionHostProcess.js:160:10211
	at Array.map (<anonymous>)
	at m._deactivateAll (/nix/store/9nyan9hblp6j3m7p3dycs96xpac9fxiv-vscodium-1.92.2.24228/lib/vscode/resources/app/out/vs/workbench/api/node/extensionHostProcess.js:160:10198)
	at m.terminate (/nix/store/9nyan9hblp6j3m7p3dycs96xpac9fxiv-vscodium-1.92.2.24228/lib/vscode/resources/app/out/vs/workbench/api/node/extensionHostProcess.js:160:10581)
	at p.terminate (/nix/store/9nyan9hblp6j3m7p3dycs96xpac9fxiv-vscodium-1.92.2.24228/lib/vscode/resources/app/out/vs/workbench/api/node/extensionHostProcess.js:164:1908)
	at o (/nix/store/9nyan9hblp6j3m7p3dycs96xpac9fxiv-vscodium-1.92.2.24228/lib/vscode/resources/app/out/vs/workbench/api/node/extensionHostProcess.js:177:12370)
	at MessagePortMain.<anonymous> (/nix/store/9nyan9hblp6j3m7p3dycs96xpac9fxiv-vscodium-1.92.2.24228/lib/vscode/resources/app/out/vs/workbench/api/node/extensionHostProcess.js:177:8180)
	at MessagePortMain.emit (node:events:519:28)
	at MessagePortMain._internalPort.emit (node:electron/js2c/utility_init:2:2285) setContext undefined
2024-09-07 00:00:03.394 [error] Canceled: Canceled
	at new P (/nix/store/9nyan9hblp6j3m7p3dycs96xpac9fxiv-vscodium-1.92.2.24228/lib/vscode/resources/app/out/vs/workbench/api/node/extensionHostProcess.js:144:39331)
	at w._remoteCall (/nix/store/9nyan9hblp6j3m7p3dycs96xpac9fxiv-vscodium-1.92.2.24228/lib/vscode/resources/app/out/vs/workbench/api/node/extensionHostProcess.js:151:8160)
	at U.<computed>.x.charCodeAt.k.CharCode.DollarSign.U.<computed> (/nix/store/9nyan9hblp6j3m7p3dycs96xpac9fxiv-vscodium-1.92.2.24228/lib/vscode/resources/app/out/vs/workbench/api/node/extensionHostProcess.js:151:4351)
	at h._doExecuteCommand (/nix/store/9nyan9hblp6j3m7p3dycs96xpac9fxiv-vscodium-1.92.2.24228/lib/vscode/resources/app/out/vs/workbench/api/node/extensionHostProcess.js:154:243642)
	at h.executeCommand (/nix/store/9nyan9hblp6j3m7p3dycs96xpac9fxiv-vscodium-1.92.2.24228/lib/vscode/resources/app/out/vs/workbench/api/node/extensionHostProcess.js:154:242967)
	at A.registerCommand.description (/nix/store/9nyan9hblp6j3m7p3dycs96xpac9fxiv-vscodium-1.92.2.24228/lib/vscode/resources/app/out/vs/workbench/api/node/extensionHostProcess.js:154:242211)
	at h._executeContributedCommand (/nix/store/9nyan9hblp6j3m7p3dycs96xpac9fxiv-vscodium-1.92.2.24228/lib/vscode/resources/app/out/vs/workbench/api/node/extensionHostProcess.js:154:244280)
	at h._doExecuteCommand (/nix/store/9nyan9hblp6j3m7p3dycs96xpac9fxiv-vscodium-1.92.2.24228/lib/vscode/resources/app/out/vs/workbench/api/node/extensionHostProcess.js:154:243100)
	at h.executeCommand (/nix/store/9nyan9hblp6j3m7p3dycs96xpac9fxiv-vscodium-1.92.2.24228/lib/vscode/resources/app/out/vs/workbench/api/node/extensionHostProcess.js:154:242967)
	at Object.executeCommand (/nix/store/9nyan9hblp6j3m7p3dycs96xpac9fxiv-vscodium-1.92.2.24228/lib/vscode/resources/app/out/vs/workbench/api/node/extensionHostProcess.js:164:29724)
	at T.reset (/home/ser/.vscode-oss/extensions/asvetliakov.vscode-neovim-1.18.10-universal/dist/extension.js:2:187724)
	at a.<anonymous> (/home/ser/.vscode-oss/extensions/asvetliakov.vscode-neovim-1.18.10-universal/dist/extension.js:2:407017)
	at a.dispose (/nix/store/9nyan9hblp6j3m7p3dycs96xpac9fxiv-vscodium-1.92.2.24228/lib/vscode/resources/app/out/vs/workbench/api/node/extensionHostProcess.js:152:6598)
	at p (/nix/store/9nyan9hblp6j3m7p3dycs96xpac9fxiv-vscodium-1.92.2.24228/lib/vscode/resources/app/out/vs/workbench/api/node/extensionHostProcess.js:30:758)
	at /nix/store/9nyan9hblp6j3m7p3dycs96xpac9fxiv-vscodium-1.92.2.24228/lib/vscode/resources/app/out/vs/workbench/api/node/extensionHostProcess.js:160:17179
	at /nix/store/9nyan9hblp6j3m7p3dycs96xpac9fxiv-vscodium-1.92.2.24228/lib/vscode/resources/app/out/vs/workbench/api/node/extensionHostProcess.js:30:1147
	at Object.dispose (/nix/store/9nyan9hblp6j3m7p3dycs96xpac9fxiv-vscodium-1.92.2.24228/lib/vscode/resources/app/out/vs/workbench/api/node/extensionHostProcess.js:11:12373)
	at m._deactivate (/nix/store/9nyan9hblp6j3m7p3dycs96xpac9fxiv-vscodium-1.92.2.24228/lib/vscode/resources/app/out/vs/workbench/api/node/extensionHostProcess.js:160:13066)
	at /nix/store/9nyan9hblp6j3m7p3dycs96xpac9fxiv-vscodium-1.92.2.24228/lib/vscode/resources/app/out/vs/workbench/api/node/extensionHostProcess.js:160:10211
	at Array.map (<anonymous>)
	at m._deactivateAll (/nix/store/9nyan9hblp6j3m7p3dycs96xpac9fxiv-vscodium-1.92.2.24228/lib/vscode/resources/app/out/vs/workbench/api/node/extensionHostProcess.js:160:10198)
	at m.terminate (/nix/store/9nyan9hblp6j3m7p3dycs96xpac9fxiv-vscodium-1.92.2.24228/lib/vscode/resources/app/out/vs/workbench/api/node/extensionHostProcess.js:160:10581)
	at p.terminate (/nix/store/9nyan9hblp6j3m7p3dycs96xpac9fxiv-vscodium-1.92.2.24228/lib/vscode/resources/app/out/vs/workbench/api/node/extensionHostProcess.js:164:1908)
	at o (/nix/store/9nyan9hblp6j3m7p3dycs96xpac9fxiv-vscodium-1.92.2.24228/lib/vscode/resources/app/out/vs/workbench/api/node/extensionHostProcess.js:177:12370)
	at MessagePortMain.<anonymous> (/nix/store/9nyan9hblp6j3m7p3dycs96xpac9fxiv-vscodium-1.92.2.24228/lib/vscode/resources/app/out/vs/workbench/api/node/extensionHostProcess.js:177:8180)
	at MessagePortMain.emit (node:events:519:28)
	at MessagePortMain._internalPort.emit (node:electron/js2c/utility_init:2:2285) setContext undefined
2024-09-07 00:00:03.395 [error] Canceled: Canceled
	at new P (/nix/store/9nyan9hblp6j3m7p3dycs96xpac9fxiv-vscodium-1.92.2.24228/lib/vscode/resources/app/out/vs/workbench/api/node/extensionHostProcess.js:144:39331)
	at w._remoteCall (/nix/store/9nyan9hblp6j3m7p3dycs96xpac9fxiv-vscodium-1.92.2.24228/lib/vscode/resources/app/out/vs/workbench/api/node/extensionHostProcess.js:151:8160)
	at U.<computed>.x.charCodeAt.k.CharCode.DollarSign.U.<computed> (/nix/store/9nyan9hblp6j3m7p3dycs96xpac9fxiv-vscodium-1.92.2.24228/lib/vscode/resources/app/out/vs/workbench/api/node/extensionHostProcess.js:151:4351)
	at h._doExecuteCommand (/nix/store/9nyan9hblp6j3m7p3dycs96xpac9fxiv-vscodium-1.92.2.24228/lib/vscode/resources/app/out/vs/workbench/api/node/extensionHostProcess.js:154:243642)
	at h.executeCommand (/nix/store/9nyan9hblp6j3m7p3dycs96xpac9fxiv-vscodium-1.92.2.24228/lib/vscode/resources/app/out/vs/workbench/api/node/extensionHostProcess.js:154:242967)
	at A.registerCommand.description (/nix/store/9nyan9hblp6j3m7p3dycs96xpac9fxiv-vscodium-1.92.2.24228/lib/vscode/resources/app/out/vs/workbench/api/node/extensionHostProcess.js:154:242211)
	at h._executeContributedCommand (/nix/store/9nyan9hblp6j3m7p3dycs96xpac9fxiv-vscodium-1.92.2.24228/lib/vscode/resources/app/out/vs/workbench/api/node/extensionHostProcess.js:154:244280)
	at h._doExecuteCommand (/nix/store/9nyan9hblp6j3m7p3dycs96xpac9fxiv-vscodium-1.92.2.24228/lib/vscode/resources/app/out/vs/workbench/api/node/extensionHostProcess.js:154:243100)
	at h.executeCommand (/nix/store/9nyan9hblp6j3m7p3dycs96xpac9fxiv-vscodium-1.92.2.24228/lib/vscode/resources/app/out/vs/workbench/api/node/extensionHostProcess.js:154:242967)
	at Object.executeCommand (/nix/store/9nyan9hblp6j3m7p3dycs96xpac9fxiv-vscodium-1.92.2.24228/lib/vscode/resources/app/out/vs/workbench/api/node/extensionHostProcess.js:164:29724)
	at T.reset (/home/ser/.vscode-oss/extensions/asvetliakov.vscode-neovim-1.18.10-universal/dist/extension.js:2:187724)
	at a.<anonymous> (/home/ser/.vscode-oss/extensions/asvetliakov.vscode-neovim-1.18.10-universal/dist/extension.js:2:407017)
	at a.dispose (/nix/store/9nyan9hblp6j3m7p3dycs96xpac9fxiv-vscodium-1.92.2.24228/lib/vscode/resources/app/out/vs/workbench/api/node/extensionHostProcess.js:152:6598)
	at p (/nix/store/9nyan9hblp6j3m7p3dycs96xpac9fxiv-vscodium-1.92.2.24228/lib/vscode/resources/app/out/vs/workbench/api/node/extensionHostProcess.js:30:758)
	at /nix/store/9nyan9hblp6j3m7p3dycs96xpac9fxiv-vscodium-1.92.2.24228/lib/vscode/resources/app/out/vs/workbench/api/node/extensionHostProcess.js:160:17179
	at /nix/store/9nyan9hblp6j3m7p3dycs96xpac9fxiv-vscodium-1.92.2.24228/lib/vscode/resources/app/out/vs/workbench/api/node/extensionHostProcess.js:30:1147
	at Object.dispose (/nix/store/9nyan9hblp6j3m7p3dycs96xpac9fxiv-vscodium-1.92.2.24228/lib/vscode/resources/app/out/vs/workbench/api/node/extensionHostProcess.js:11:12373)
	at m._deactivate (/nix/store/9nyan9hblp6j3m7p3dycs96xpac9fxiv-vscodium-1.92.2.24228/lib/vscode/resources/app/out/vs/workbench/api/node/extensionHostProcess.js:160:13066)
	at /nix/store/9nyan9hblp6j3m7p3dycs96xpac9fxiv-vscodium-1.92.2.24228/lib/vscode/resources/app/out/vs/workbench/api/node/extensionHostProcess.js:160:10211
	at Array.map (<anonymous>)
	at m._deactivateAll (/nix/store/9nyan9hblp6j3m7p3dycs96xpac9fxiv-vscodium-1.92.2.24228/lib/vscode/resources/app/out/vs/workbench/api/node/extensionHostProcess.js:160:10198)
	at m.terminate (/nix/store/9nyan9hblp6j3m7p3dycs96xpac9fxiv-vscodium-1.92.2.24228/lib/vscode/resources/app/out/vs/workbench/api/node/extensionHostProcess.js:160:10581)
	at p.terminate (/nix/store/9nyan9hblp6j3m7p3dycs96xpac9fxiv-vscodium-1.92.2.24228/lib/vscode/resources/app/out/vs/workbench/api/node/extensionHostProcess.js:164:1908)
	at o (/nix/store/9nyan9hblp6j3m7p3dycs96xpac9fxiv-vscodium-1.92.2.24228/lib/vscode/resources/app/out/vs/workbench/api/node/extensionHostProcess.js:177:12370)
	at MessagePortMain.<anonymous> (/nix/store/9nyan9hblp6j3m7p3dycs96xpac9fxiv-vscodium-1.92.2.24228/lib/vscode/resources/app/out/vs/workbench/api/node/extensionHostProcess.js:177:8180)
	at MessagePortMain.emit (node:events:519:28)
	at MessagePortMain._internalPort.emit (node:electron/js2c/utility_init:2:2285) setContext undefined
2024-09-07 00:00:03.395 [error] Canceled: Canceled
	at new P (/nix/store/9nyan9hblp6j3m7p3dycs96xpac9fxiv-vscodium-1.92.2.24228/lib/vscode/resources/app/out/vs/workbench/api/node/extensionHostProcess.js:144:39331)
	at w._remoteCall (/nix/store/9nyan9hblp6j3m7p3dycs96xpac9fxiv-vscodium-1.92.2.24228/lib/vscode/resources/app/out/vs/workbench/api/node/extensionHostProcess.js:151:8160)
	at U.<computed>.x.charCodeAt.k.CharCode.DollarSign.U.<computed> (/nix/store/9nyan9hblp6j3m7p3dycs96xpac9fxiv-vscodium-1.92.2.24228/lib/vscode/resources/app/out/vs/workbench/api/node/extensionHostProcess.js:151:4351)
	at h._doExecuteCommand (/nix/store/9nyan9hblp6j3m7p3dycs96xpac9fxiv-vscodium-1.92.2.24228/lib/vscode/resources/app/out/vs/workbench/api/node/extensionHostProcess.js:154:243642)
	at h.executeCommand (/nix/store/9nyan9hblp6j3m7p3dycs96xpac9fxiv-vscodium-1.92.2.24228/lib/vscode/resources/app/out/vs/workbench/api/node/extensionHostProcess.js:154:242967)
	at A.registerCommand.description (/nix/store/9nyan9hblp6j3m7p3dycs96xpac9fxiv-vscodium-1.92.2.24228/lib/vscode/resources/app/out/vs/workbench/api/node/extensionHostProcess.js:154:242211)
	at h._executeContributedCommand (/nix/store/9nyan9hblp6j3m7p3dycs96xpac9fxiv-vscodium-1.92.2.24228/lib/vscode/resources/app/out/vs/workbench/api/node/extensionHostProcess.js:154:244280)
	at h._doExecuteCommand (/nix/store/9nyan9hblp6j3m7p3dycs96xpac9fxiv-vscodium-1.92.2.24228/lib/vscode/resources/app/out/vs/workbench/api/node/extensionHostProcess.js:154:243100)
	at h.executeCommand (/nix/store/9nyan9hblp6j3m7p3dycs96xpac9fxiv-vscodium-1.92.2.24228/lib/vscode/resources/app/out/vs/workbench/api/node/extensionHostProcess.js:154:242967)
	at Object.executeCommand (/nix/store/9nyan9hblp6j3m7p3dycs96xpac9fxiv-vscodium-1.92.2.24228/lib/vscode/resources/app/out/vs/workbench/api/node/extensionHostProcess.js:164:29724)
	at T.reset (/home/ser/.vscode-oss/extensions/asvetliakov.vscode-neovim-1.18.10-universal/dist/extension.js:2:187724)
	at a.<anonymous> (/home/ser/.vscode-oss/extensions/asvetliakov.vscode-neovim-1.18.10-universal/dist/extension.js:2:407017)
	at a.dispose (/nix/store/9nyan9hblp6j3m7p3dycs96xpac9fxiv-vscodium-1.92.2.24228/lib/vscode/resources/app/out/vs/workbench/api/node/extensionHostProcess.js:152:6598)
	at p (/nix/store/9nyan9hblp6j3m7p3dycs96xpac9fxiv-vscodium-1.92.2.24228/lib/vscode/resources/app/out/vs/workbench/api/node/extensionHostProcess.js:30:758)
	at /nix/store/9nyan9hblp6j3m7p3dycs96xpac9fxiv-vscodium-1.92.2.24228/lib/vscode/resources/app/out/vs/workbench/api/node/extensionHostProcess.js:160:17179
	at /nix/store/9nyan9hblp6j3m7p3dycs96xpac9fxiv-vscodium-1.92.2.24228/lib/vscode/resources/app/out/vs/workbench/api/node/extensionHostProcess.js:30:1147
	at Object.dispose (/nix/store/9nyan9hblp6j3m7p3dycs96xpac9fxiv-vscodium-1.92.2.24228/lib/vscode/resources/app/out/vs/workbench/api/node/extensionHostProcess.js:11:12373)
	at m._deactivate (/nix/store/9nyan9hblp6j3m7p3dycs96xpac9fxiv-vscodium-1.92.2.24228/lib/vscode/resources/app/out/vs/workbench/api/node/extensionHostProcess.js:160:13066)
	at /nix/store/9nyan9hblp6j3m7p3dycs96xpac9fxiv-vscodium-1.92.2.24228/lib/vscode/resources/app/out/vs/workbench/api/node/extensionHostProcess.js:160:10211
	at Array.map (<anonymous>)
	at m._deactivateAll (/nix/store/9nyan9hblp6j3m7p3dycs96xpac9fxiv-vscodium-1.92.2.24228/lib/vscode/resources/app/out/vs/workbench/api/node/extensionHostProcess.js:160:10198)
	at m.terminate (/nix/store/9nyan9hblp6j3m7p3dycs96xpac9fxiv-vscodium-1.92.2.24228/lib/vscode/resources/app/out/vs/workbench/api/node/extensionHostProcess.js:160:10581)
	at p.terminate (/nix/store/9nyan9hblp6j3m7p3dycs96xpac9fxiv-vscodium-1.92.2.24228/lib/vscode/resources/app/out/vs/workbench/api/node/extensionHostProcess.js:164:1908)
	at o (/nix/store/9nyan9hblp6j3m7p3dycs96xpac9fxiv-vscodium-1.92.2.24228/lib/vscode/resources/app/out/vs/workbench/api/node/extensionHostProcess.js:177:12370)
	at MessagePortMain.<anonymous> (/nix/store/9nyan9hblp6j3m7p3dycs96xpac9fxiv-vscodium-1.92.2.24228/lib/vscode/resources/app/out/vs/workbench/api/node/extensionHostProcess.js:177:8180)
	at MessagePortMain.emit (node:events:519:28)
	at MessagePortMain._internalPort.emit (node:electron/js2c/utility_init:2:2285) setContext undefined
2024-09-07 00:00:03.395 [error] Canceled: Canceled
	at new P (/nix/store/9nyan9hblp6j3m7p3dycs96xpac9fxiv-vscodium-1.92.2.24228/lib/vscode/resources/app/out/vs/workbench/api/node/extensionHostProcess.js:144:39331)
	at w._remoteCall (/nix/store/9nyan9hblp6j3m7p3dycs96xpac9fxiv-vscodium-1.92.2.24228/lib/vscode/resources/app/out/vs/workbench/api/node/extensionHostProcess.js:151:8160)
	at U.<computed>.x.charCodeAt.k.CharCode.DollarSign.U.<computed> (/nix/store/9nyan9hblp6j3m7p3dycs96xpac9fxiv-vscodium-1.92.2.24228/lib/vscode/resources/app/out/vs/workbench/api/node/extensionHostProcess.js:151:4351)
	at h._doExecuteCommand (/nix/store/9nyan9hblp6j3m7p3dycs96xpac9fxiv-vscodium-1.92.2.24228/lib/vscode/resources/app/out/vs/workbench/api/node/extensionHostProcess.js:154:243642)
	at h.executeCommand (/nix/store/9nyan9hblp6j3m7p3dycs96xpac9fxiv-vscodium-1.92.2.24228/lib/vscode/resources/app/out/vs/workbench/api/node/extensionHostProcess.js:154:242967)
	at A.registerCommand.description (/nix/store/9nyan9hblp6j3m7p3dycs96xpac9fxiv-vscodium-1.92.2.24228/lib/vscode/resources/app/out/vs/workbench/api/node/extensionHostProcess.js:154:242211)
	at h._executeContributedCommand (/nix/store/9nyan9hblp6j3m7p3dycs96xpac9fxiv-vscodium-1.92.2.24228/lib/vscode/resources/app/out/vs/workbench/api/node/extensionHostProcess.js:154:244280)
	at h._doExecuteCommand (/nix/store/9nyan9hblp6j3m7p3dycs96xpac9fxiv-vscodium-1.92.2.24228/lib/vscode/resources/app/out/vs/workbench/api/node/extensionHostProcess.js:154:243100)
	at h.executeCommand (/nix/store/9nyan9hblp6j3m7p3dycs96xpac9fxiv-vscodium-1.92.2.24228/lib/vscode/resources/app/out/vs/workbench/api/node/extensionHostProcess.js:154:242967)
	at Object.executeCommand (/nix/store/9nyan9hblp6j3m7p3dycs96xpac9fxiv-vscodium-1.92.2.24228/lib/vscode/resources/app/out/vs/workbench/api/node/extensionHostProcess.js:164:29724)
	at T.reset (/home/ser/.vscode-oss/extensions/asvetliakov.vscode-neovim-1.18.10-universal/dist/extension.js:2:187724)
	at a.<anonymous> (/home/ser/.vscode-oss/extensions/asvetliakov.vscode-neovim-1.18.10-universal/dist/extension.js:2:407017)
	at a.dispose (/nix/store/9nyan9hblp6j3m7p3dycs96xpac9fxiv-vscodium-1.92.2.24228/lib/vscode/resources/app/out/vs/workbench/api/node/extensionHostProcess.js:152:6598)
	at p (/nix/store/9nyan9hblp6j3m7p3dycs96xpac9fxiv-vscodium-1.92.2.24228/lib/vscode/resources/app/out/vs/workbench/api/node/extensionHostProcess.js:30:758)
	at /nix/store/9nyan9hblp6j3m7p3dycs96xpac9fxiv-vscodium-1.92.2.24228/lib/vscode/resources/app/out/vs/workbench/api/node/extensionHostProcess.js:160:17179
	at /nix/store/9nyan9hblp6j3m7p3dycs96xpac9fxiv-vscodium-1.92.2.24228/lib/vscode/resources/app/out/vs/workbench/api/node/extensionHostProcess.js:30:1147
	at Object.dispose (/nix/store/9nyan9hblp6j3m7p3dycs96xpac9fxiv-vscodium-1.92.2.24228/lib/vscode/resources/app/out/vs/workbench/api/node/extensionHostProcess.js:11:12373)
	at m._deactivate (/nix/store/9nyan9hblp6j3m7p3dycs96xpac9fxiv-vscodium-1.92.2.24228/lib/vscode/resources/app/out/vs/workbench/api/node/extensionHostProcess.js:160:13066)
	at /nix/store/9nyan9hblp6j3m7p3dycs96xpac9fxiv-vscodium-1.92.2.24228/lib/vscode/resources/app/out/vs/workbench/api/node/extensionHostProcess.js:160:10211
	at Array.map (<anonymous>)
	at m._deactivateAll (/nix/store/9nyan9hblp6j3m7p3dycs96xpac9fxiv-vscodium-1.92.2.24228/lib/vscode/resources/app/out/vs/workbench/api/node/extensionHostProcess.js:160:10198)
	at m.terminate (/nix/store/9nyan9hblp6j3m7p3dycs96xpac9fxiv-vscodium-1.92.2.24228/lib/vscode/resources/app/out/vs/workbench/api/node/extensionHostProcess.js:160:10581)
	at p.terminate (/nix/store/9nyan9hblp6j3m7p3dycs96xpac9fxiv-vscodium-1.92.2.24228/lib/vscode/resources/app/out/vs/workbench/api/node/extensionHostProcess.js:164:1908)
	at o (/nix/store/9nyan9hblp6j3m7p3dycs96xpac9fxiv-vscodium-1.92.2.24228/lib/vscode/resources/app/out/vs/workbench/api/node/extensionHostProcess.js:177:12370)
	at MessagePortMain.<anonymous> (/nix/store/9nyan9hblp6j3m7p3dycs96xpac9fxiv-vscodium-1.92.2.24228/lib/vscode/resources/app/out/vs/workbench/api/node/extensionHostProcess.js:177:8180)
	at MessagePortMain.emit (node:events:519:28)
	at MessagePortMain._internalPort.emit (node:electron/js2c/utility_init:2:2285) setContext undefined
2024-09-07 00:00:03.395 [error] Canceled: Canceled
	at new P (/nix/store/9nyan9hblp6j3m7p3dycs96xpac9fxiv-vscodium-1.92.2.24228/lib/vscode/resources/app/out/vs/workbench/api/node/extensionHostProcess.js:144:39331)
	at w._remoteCall (/nix/store/9nyan9hblp6j3m7p3dycs96xpac9fxiv-vscodium-1.92.2.24228/lib/vscode/resources/app/out/vs/workbench/api/node/extensionHostProcess.js:151:8160)
	at U.<computed>.x.charCodeAt.k.CharCode.DollarSign.U.<computed> (/nix/store/9nyan9hblp6j3m7p3dycs96xpac9fxiv-vscodium-1.92.2.24228/lib/vscode/resources/app/out/vs/workbench/api/node/extensionHostProcess.js:151:4351)
	at h._doExecuteCommand (/nix/store/9nyan9hblp6j3m7p3dycs96xpac9fxiv-vscodium-1.92.2.24228/lib/vscode/resources/app/out/vs/workbench/api/node/extensionHostProcess.js:154:243642)
	at h.executeCommand (/nix/store/9nyan9hblp6j3m7p3dycs96xpac9fxiv-vscodium-1.92.2.24228/lib/vscode/resources/app/out/vs/workbench/api/node/extensionHostProcess.js:154:242967)
	at A.registerCommand.description (/nix/store/9nyan9hblp6j3m7p3dycs96xpac9fxiv-vscodium-1.92.2.24228/lib/vscode/resources/app/out/vs/workbench/api/node/extensionHostProcess.js:154:242211)
	at h._executeContributedCommand (/nix/store/9nyan9hblp6j3m7p3dycs96xpac9fxiv-vscodium-1.92.2.24228/lib/vscode/resources/app/out/vs/workbench/api/node/extensionHostProcess.js:154:244280)
	at h._doExecuteCommand (/nix/store/9nyan9hblp6j3m7p3dycs96xpac9fxiv-vscodium-1.92.2.24228/lib/vscode/resources/app/out/vs/workbench/api/node/extensionHostProcess.js:154:243100)
	at h.executeCommand (/nix/store/9nyan9hblp6j3m7p3dycs96xpac9fxiv-vscodium-1.92.2.24228/lib/vscode/resources/app/out/vs/workbench/api/node/extensionHostProcess.js:154:242967)
	at Object.executeCommand (/nix/store/9nyan9hblp6j3m7p3dycs96xpac9fxiv-vscodium-1.92.2.24228/lib/vscode/resources/app/out/vs/workbench/api/node/extensionHostProcess.js:164:29724)
	at T.reset (/home/ser/.vscode-oss/extensions/asvetliakov.vscode-neovim-1.18.10-universal/dist/extension.js:2:187724)
	at a.<anonymous> (/home/ser/.vscode-oss/extensions/asvetliakov.vscode-neovim-1.18.10-universal/dist/extension.js:2:407017)
	at a.dispose (/nix/store/9nyan9hblp6j3m7p3dycs96xpac9fxiv-vscodium-1.92.2.24228/lib/vscode/resources/app/out/vs/workbench/api/node/extensionHostProcess.js:152:6598)
	at p (/nix/store/9nyan9hblp6j3m7p3dycs96xpac9fxiv-vscodium-1.92.2.24228/lib/vscode/resources/app/out/vs/workbench/api/node/extensionHostProcess.js:30:758)
	at /nix/store/9nyan9hblp6j3m7p3dycs96xpac9fxiv-vscodium-1.92.2.24228/lib/vscode/resources/app/out/vs/workbench/api/node/extensionHostProcess.js:160:17179
	at /nix/store/9nyan9hblp6j3m7p3dycs96xpac9fxiv-vscodium-1.92.2.24228/lib/vscode/resources/app/out/vs/workbench/api/node/extensionHostProcess.js:30:1147
	at Object.dispose (/nix/store/9nyan9hblp6j3m7p3dycs96xpac9fxiv-vscodium-1.92.2.24228/lib/vscode/resources/app/out/vs/workbench/api/node/extensionHostProcess.js:11:12373)
	at m._deactivate (/nix/store/9nyan9hblp6j3m7p3dycs96xpac9fxiv-vscodium-1.92.2.24228/lib/vscode/resources/app/out/vs/workbench/api/node/extensionHostProcess.js:160:13066)
	at /nix/store/9nyan9hblp6j3m7p3dycs96xpac9fxiv-vscodium-1.92.2.24228/lib/vscode/resources/app/out/vs/workbench/api/node/extensionHostProcess.js:160:10211
	at Array.map (<anonymous>)
	at m._deactivateAll (/nix/store/9nyan9hblp6j3m7p3dycs96xpac9fxiv-vscodium-1.92.2.24228/lib/vscode/resources/app/out/vs/workbench/api/node/extensionHostProcess.js:160:10198)
	at m.terminate (/nix/store/9nyan9hblp6j3m7p3dycs96xpac9fxiv-vscodium-1.92.2.24228/lib/vscode/resources/app/out/vs/workbench/api/node/extensionHostProcess.js:160:10581)
	at p.terminate (/nix/store/9nyan9hblp6j3m7p3dycs96xpac9fxiv-vscodium-1.92.2.24228/lib/vscode/resources/app/out/vs/workbench/api/node/extensionHostProcess.js:164:1908)
	at o (/nix/store/9nyan9hblp6j3m7p3dycs96xpac9fxiv-vscodium-1.92.2.24228/lib/vscode/resources/app/out/vs/workbench/api/node/extensionHostProcess.js:177:12370)
	at MessagePortMain.<anonymous> (/nix/store/9nyan9hblp6j3m7p3dycs96xpac9fxiv-vscodium-1.92.2.24228/lib/vscode/resources/app/out/vs/workbench/api/node/extensionHostProcess.js:177:8180)
	at MessagePortMain.emit (node:events:519:28)
	at MessagePortMain._internalPort.emit (node:electron/js2c/utility_init:2:2285) setContext undefined
2024-09-07 00:00:03.395 [error] Canceled: Canceled
	at new P (/nix/store/9nyan9hblp6j3m7p3dycs96xpac9fxiv-vscodium-1.92.2.24228/lib/vscode/resources/app/out/vs/workbench/api/node/extensionHostProcess.js:144:39331)
	at w._remoteCall (/nix/store/9nyan9hblp6j3m7p3dycs96xpac9fxiv-vscodium-1.92.2.24228/lib/vscode/resources/app/out/vs/workbench/api/node/extensionHostProcess.js:151:8160)
	at U.<computed>.x.charCodeAt.k.CharCode.DollarSign.U.<computed> (/nix/store/9nyan9hblp6j3m7p3dycs96xpac9fxiv-vscodium-1.92.2.24228/lib/vscode/resources/app/out/vs/workbench/api/node/extensionHostProcess.js:151:4351)
	at h._doExecuteCommand (/nix/store/9nyan9hblp6j3m7p3dycs96xpac9fxiv-vscodium-1.92.2.24228/lib/vscode/resources/app/out/vs/workbench/api/node/extensionHostProcess.js:154:243642)
	at h.executeCommand (/nix/store/9nyan9hblp6j3m7p3dycs96xpac9fxiv-vscodium-1.92.2.24228/lib/vscode/resources/app/out/vs/workbench/api/node/extensionHostProcess.js:154:242967)
	at A.registerCommand.description (/nix/store/9nyan9hblp6j3m7p3dycs96xpac9fxiv-vscodium-1.92.2.24228/lib/vscode/resources/app/out/vs/workbench/api/node/extensionHostProcess.js:154:242211)
	at h._executeContributedCommand (/nix/store/9nyan9hblp6j3m7p3dycs96xpac9fxiv-vscodium-1.92.2.24228/lib/vscode/resources/app/out/vs/workbench/api/node/extensionHostProcess.js:154:244280)
	at h._doExecuteCommand (/nix/store/9nyan9hblp6j3m7p3dycs96xpac9fxiv-vscodium-1.92.2.24228/lib/vscode/resources/app/out/vs/workbench/api/node/extensionHostProcess.js:154:243100)
	at h.executeCommand (/nix/store/9nyan9hblp6j3m7p3dycs96xpac9fxiv-vscodium-1.92.2.24228/lib/vscode/resources/app/out/vs/workbench/api/node/extensionHostProcess.js:154:242967)
	at Object.executeCommand (/nix/store/9nyan9hblp6j3m7p3dycs96xpac9fxiv-vscodium-1.92.2.24228/lib/vscode/resources/app/out/vs/workbench/api/node/extensionHostProcess.js:164:29724)
	at T.reset (/home/ser/.vscode-oss/extensions/asvetliakov.vscode-neovim-1.18.10-universal/dist/extension.js:2:187724)
	at a.<anonymous> (/home/ser/.vscode-oss/extensions/asvetliakov.vscode-neovim-1.18.10-universal/dist/extension.js:2:407017)
	at a.dispose (/nix/store/9nyan9hblp6j3m7p3dycs96xpac9fxiv-vscodium-1.92.2.24228/lib/vscode/resources/app/out/vs/workbench/api/node/extensionHostProcess.js:152:6598)
	at p (/nix/store/9nyan9hblp6j3m7p3dycs96xpac9fxiv-vscodium-1.92.2.24228/lib/vscode/resources/app/out/vs/workbench/api/node/extensionHostProcess.js:30:758)
	at /nix/store/9nyan9hblp6j3m7p3dycs96xpac9fxiv-vscodium-1.92.2.24228/lib/vscode/resources/app/out/vs/workbench/api/node/extensionHostProcess.js:160:17179
	at /nix/store/9nyan9hblp6j3m7p3dycs96xpac9fxiv-vscodium-1.92.2.24228/lib/vscode/resources/app/out/vs/workbench/api/node/extensionHostProcess.js:30:1147
	at Object.dispose (/nix/store/9nyan9hblp6j3m7p3dycs96xpac9fxiv-vscodium-1.92.2.24228/lib/vscode/resources/app/out/vs/workbench/api/node/extensionHostProcess.js:11:12373)
	at m._deactivate (/nix/store/9nyan9hblp6j3m7p3dycs96xpac9fxiv-vscodium-1.92.2.24228/lib/vscode/resources/app/out/vs/workbench/api/node/extensionHostProcess.js:160:13066)
	at /nix/store/9nyan9hblp6j3m7p3dycs96xpac9fxiv-vscodium-1.92.2.24228/lib/vscode/resources/app/out/vs/workbench/api/node/extensionHostProcess.js:160:10211
	at Array.map (<anonymous>)
	at m._deactivateAll (/nix/store/9nyan9hblp6j3m7p3dycs96xpac9fxiv-vscodium-1.92.2.24228/lib/vscode/resources/app/out/vs/workbench/api/node/extensionHostProcess.js:160:10198)
	at m.terminate (/nix/store/9nyan9hblp6j3m7p3dycs96xpac9fxiv-vscodium-1.92.2.24228/lib/vscode/resources/app/out/vs/workbench/api/node/extensionHostProcess.js:160:10581)
	at p.terminate (/nix/store/9nyan9hblp6j3m7p3dycs96xpac9fxiv-vscodium-1.92.2.24228/lib/vscode/resources/app/out/vs/workbench/api/node/extensionHostProcess.js:164:1908)
	at o (/nix/store/9nyan9hblp6j3m7p3dycs96xpac9fxiv-vscodium-1.92.2.24228/lib/vscode/resources/app/out/vs/workbench/api/node/extensionHostProcess.js:177:12370)
	at MessagePortMain.<anonymous> (/nix/store/9nyan9hblp6j3m7p3dycs96xpac9fxiv-vscodium-1.92.2.24228/lib/vscode/resources/app/out/vs/workbench/api/node/extensionHostProcess.js:177:8180)
	at MessagePortMain.emit (node:events:519:28)
	at MessagePortMain._internalPort.emit (node:electron/js2c/utility_init:2:2285) setContext undefined
2024-09-07 00:00:03.395 [error] Canceled: Canceled
	at new P (/nix/store/9nyan9hblp6j3m7p3dycs96xpac9fxiv-vscodium-1.92.2.24228/lib/vscode/resources/app/out/vs/workbench/api/node/extensionHostProcess.js:144:39331)
	at w._remoteCall (/nix/store/9nyan9hblp6j3m7p3dycs96xpac9fxiv-vscodium-1.92.2.24228/lib/vscode/resources/app/out/vs/workbench/api/node/extensionHostProcess.js:151:8160)
	at U.<computed>.x.charCodeAt.k.CharCode.DollarSign.U.<computed> (/nix/store/9nyan9hblp6j3m7p3dycs96xpac9fxiv-vscodium-1.92.2.24228/lib/vscode/resources/app/out/vs/workbench/api/node/extensionHostProcess.js:151:4351)
	at h._doExecuteCommand (/nix/store/9nyan9hblp6j3m7p3dycs96xpac9fxiv-vscodium-1.92.2.24228/lib/vscode/resources/app/out/vs/workbench/api/node/extensionHostProcess.js:154:243642)
	at h.executeCommand (/nix/store/9nyan9hblp6j3m7p3dycs96xpac9fxiv-vscodium-1.92.2.24228/lib/vscode/resources/app/out/vs/workbench/api/node/extensionHostProcess.js:154:242967)
	at A.registerCommand.description (/nix/store/9nyan9hblp6j3m7p3dycs96xpac9fxiv-vscodium-1.92.2.24228/lib/vscode/resources/app/out/vs/workbench/api/node/extensionHostProcess.js:154:242211)
	at h._executeContributedCommand (/nix/store/9nyan9hblp6j3m7p3dycs96xpac9fxiv-vscodium-1.92.2.24228/lib/vscode/resources/app/out/vs/workbench/api/node/extensionHostProcess.js:154:244280)
	at h._doExecuteCommand (/nix/store/9nyan9hblp6j3m7p3dycs96xpac9fxiv-vscodium-1.92.2.24228/lib/vscode/resources/app/out/vs/workbench/api/node/extensionHostProcess.js:154:243100)
	at h.executeCommand (/nix/store/9nyan9hblp6j3m7p3dycs96xpac9fxiv-vscodium-1.92.2.24228/lib/vscode/resources/app/out/vs/workbench/api/node/extensionHostProcess.js:154:242967)
	at Object.executeCommand (/nix/store/9nyan9hblp6j3m7p3dycs96xpac9fxiv-vscodium-1.92.2.24228/lib/vscode/resources/app/out/vs/workbench/api/node/extensionHostProcess.js:164:29724)
	at T.reset (/home/ser/.vscode-oss/extensions/asvetliakov.vscode-neovim-1.18.10-universal/dist/extension.js:2:187724)
	at a.<anonymous> (/home/ser/.vscode-oss/extensions/asvetliakov.vscode-neovim-1.18.10-universal/dist/extension.js:2:407017)
	at a.dispose (/nix/store/9nyan9hblp6j3m7p3dycs96xpac9fxiv-vscodium-1.92.2.24228/lib/vscode/resources/app/out/vs/workbench/api/node/extensionHostProcess.js:152:6598)
	at p (/nix/store/9nyan9hblp6j3m7p3dycs96xpac9fxiv-vscodium-1.92.2.24228/lib/vscode/resources/app/out/vs/workbench/api/node/extensionHostProcess.js:30:758)
	at /nix/store/9nyan9hblp6j3m7p3dycs96xpac9fxiv-vscodium-1.92.2.24228/lib/vscode/resources/app/out/vs/workbench/api/node/extensionHostProcess.js:160:17179
	at /nix/store/9nyan9hblp6j3m7p3dycs96xpac9fxiv-vscodium-1.92.2.24228/lib/vscode/resources/app/out/vs/workbench/api/node/extensionHostProcess.js:30:1147
	at Object.dispose (/nix/store/9nyan9hblp6j3m7p3dycs96xpac9fxiv-vscodium-1.92.2.24228/lib/vscode/resources/app/out/vs/workbench/api/node/extensionHostProcess.js:11:12373)
	at m._deactivate (/nix/store/9nyan9hblp6j3m7p3dycs96xpac9fxiv-vscodium-1.92.2.24228/lib/vscode/resources/app/out/vs/workbench/api/node/extensionHostProcess.js:160:13066)
	at /nix/store/9nyan9hblp6j3m7p3dycs96xpac9fxiv-vscodium-1.92.2.24228/lib/vscode/resources/app/out/vs/workbench/api/node/extensionHostProcess.js:160:10211
	at Array.map (<anonymous>)
	at m._deactivateAll (/nix/store/9nyan9hblp6j3m7p3dycs96xpac9fxiv-vscodium-1.92.2.24228/lib/vscode/resources/app/out/vs/workbench/api/node/extensionHostProcess.js:160:10198)
	at m.terminate (/nix/store/9nyan9hblp6j3m7p3dycs96xpac9fxiv-vscodium-1.92.2.24228/lib/vscode/resources/app/out/vs/workbench/api/node/extensionHostProcess.js:160:10581)
	at p.terminate (/nix/store/9nyan9hblp6j3m7p3dycs96xpac9fxiv-vscodium-1.92.2.24228/lib/vscode/resources/app/out/vs/workbench/api/node/extensionHostProcess.js:164:1908)
	at o (/nix/store/9nyan9hblp6j3m7p3dycs96xpac9fxiv-vscodium-1.92.2.24228/lib/vscode/resources/app/out/vs/workbench/api/node/extensionHostProcess.js:177:12370)
	at MessagePortMain.<anonymous> (/nix/store/9nyan9hblp6j3m7p3dycs96xpac9fxiv-vscodium-1.92.2.24228/lib/vscode/resources/app/out/vs/workbench/api/node/extensionHostProcess.js:177:8180)
	at MessagePortMain.emit (node:events:519:28)
	at MessagePortMain._internalPort.emit (node:electron/js2c/utility_init:2:2285) setContext undefined
2024-09-07 00:00:03.395 [error] Canceled: Canceled
	at new P (/nix/store/9nyan9hblp6j3m7p3dycs96xpac9fxiv-vscodium-1.92.2.24228/lib/vscode/resources/app/out/vs/workbench/api/node/extensionHostProcess.js:144:39331)
	at w._remoteCall (/nix/store/9nyan9hblp6j3m7p3dycs96xpac9fxiv-vscodium-1.92.2.24228/lib/vscode/resources/app/out/vs/workbench/api/node/extensionHostProcess.js:151:8160)
	at U.<computed>.x.charCodeAt.k.CharCode.DollarSign.U.<computed> (/nix/store/9nyan9hblp6j3m7p3dycs96xpac9fxiv-vscodium-1.92.2.24228/lib/vscode/resources/app/out/vs/workbench/api/node/extensionHostProcess.js:151:4351)
	at h._doExecuteCommand (/nix/store/9nyan9hblp6j3m7p3dycs96xpac9fxiv-vscodium-1.92.2.24228/lib/vscode/resources/app/out/vs/workbench/api/node/extensionHostProcess.js:154:243642)
	at h.executeCommand (/nix/store/9nyan9hblp6j3m7p3dycs96xpac9fxiv-vscodium-1.92.2.24228/lib/vscode/resources/app/out/vs/workbench/api/node/extensionHostProcess.js:154:242967)
	at A.registerCommand.description (/nix/store/9nyan9hblp6j3m7p3dycs96xpac9fxiv-vscodium-1.92.2.24228/lib/vscode/resources/app/out/vs/workbench/api/node/extensionHostProcess.js:154:242211)
	at h._executeContributedCommand (/nix/store/9nyan9hblp6j3m7p3dycs96xpac9fxiv-vscodium-1.92.2.24228/lib/vscode/resources/app/out/vs/workbench/api/node/extensionHostProcess.js:154:244280)
	at h._doExecuteCommand (/nix/store/9nyan9hblp6j3m7p3dycs96xpac9fxiv-vscodium-1.92.2.24228/lib/vscode/resources/app/out/vs/workbench/api/node/extensionHostProcess.js:154:243100)
	at h.executeCommand (/nix/store/9nyan9hblp6j3m7p3dycs96xpac9fxiv-vscodium-1.92.2.24228/lib/vscode/resources/app/out/vs/workbench/api/node/extensionHostProcess.js:154:242967)
	at Object.executeCommand (/nix/store/9nyan9hblp6j3m7p3dycs96xpac9fxiv-vscodium-1.92.2.24228/lib/vscode/resources/app/out/vs/workbench/api/node/extensionHostProcess.js:164:29724)
	at T.reset (/home/ser/.vscode-oss/extensions/asvetliakov.vscode-neovim-1.18.10-universal/dist/extension.js:2:187724)
	at a.<anonymous> (/home/ser/.vscode-oss/extensions/asvetliakov.vscode-neovim-1.18.10-universal/dist/extension.js:2:407017)
	at a.dispose (/nix/store/9nyan9hblp6j3m7p3dycs96xpac9fxiv-vscodium-1.92.2.24228/lib/vscode/resources/app/out/vs/workbench/api/node/extensionHostProcess.js:152:6598)
	at p (/nix/store/9nyan9hblp6j3m7p3dycs96xpac9fxiv-vscodium-1.92.2.24228/lib/vscode/resources/app/out/vs/workbench/api/node/extensionHostProcess.js:30:758)
	at /nix/store/9nyan9hblp6j3m7p3dycs96xpac9fxiv-vscodium-1.92.2.24228/lib/vscode/resources/app/out/vs/workbench/api/node/extensionHostProcess.js:160:17179
	at /nix/store/9nyan9hblp6j3m7p3dycs96xpac9fxiv-vscodium-1.92.2.24228/lib/vscode/resources/app/out/vs/workbench/api/node/extensionHostProcess.js:30:1147
	at Object.dispose (/nix/store/9nyan9hblp6j3m7p3dycs96xpac9fxiv-vscodium-1.92.2.24228/lib/vscode/resources/app/out/vs/workbench/api/node/extensionHostProcess.js:11:12373)
	at m._deactivate (/nix/store/9nyan9hblp6j3m7p3dycs96xpac9fxiv-vscodium-1.92.2.24228/lib/vscode/resources/app/out/vs/workbench/api/node/extensionHostProcess.js:160:13066)
	at /nix/store/9nyan9hblp6j3m7p3dycs96xpac9fxiv-vscodium-1.92.2.24228/lib/vscode/resources/app/out/vs/workbench/api/node/extensionHostProcess.js:160:10211
	at Array.map (<anonymous>)
	at m._deactivateAll (/nix/store/9nyan9hblp6j3m7p3dycs96xpac9fxiv-vscodium-1.92.2.24228/lib/vscode/resources/app/out/vs/workbench/api/node/extensionHostProcess.js:160:10198)
	at m.terminate (/nix/store/9nyan9hblp6j3m7p3dycs96xpac9fxiv-vscodium-1.92.2.24228/lib/vscode/resources/app/out/vs/workbench/api/node/extensionHostProcess.js:160:10581)
	at p.terminate (/nix/store/9nyan9hblp6j3m7p3dycs96xpac9fxiv-vscodium-1.92.2.24228/lib/vscode/resources/app/out/vs/workbench/api/node/extensionHostProcess.js:164:1908)
	at o (/nix/store/9nyan9hblp6j3m7p3dycs96xpac9fxiv-vscodium-1.92.2.24228/lib/vscode/resources/app/out/vs/workbench/api/node/extensionHostProcess.js:177:12370)
	at MessagePortMain.<anonymous> (/nix/store/9nyan9hblp6j3m7p3dycs96xpac9fxiv-vscodium-1.92.2.24228/lib/vscode/resources/app/out/vs/workbench/api/node/extensionHostProcess.js:177:8180)
	at MessagePortMain.emit (node:events:519:28)
	at MessagePortMain._internalPort.emit (node:electron/js2c/utility_init:2:2285) setContext undefined
2024-09-07 00:00:03.395 [error] Canceled: Canceled
	at new P (/nix/store/9nyan9hblp6j3m7p3dycs96xpac9fxiv-vscodium-1.92.2.24228/lib/vscode/resources/app/out/vs/workbench/api/node/extensionHostProcess.js:144:39331)
	at w._remoteCall (/nix/store/9nyan9hblp6j3m7p3dycs96xpac9fxiv-vscodium-1.92.2.24228/lib/vscode/resources/app/out/vs/workbench/api/node/extensionHostProcess.js:151:8160)
	at U.<computed>.x.charCodeAt.k.CharCode.DollarSign.U.<computed> (/nix/store/9nyan9hblp6j3m7p3dycs96xpac9fxiv-vscodium-1.92.2.24228/lib/vscode/resources/app/out/vs/workbench/api/node/extensionHostProcess.js:151:4351)
	at h._doExecuteCommand (/nix/store/9nyan9hblp6j3m7p3dycs96xpac9fxiv-vscodium-1.92.2.24228/lib/vscode/resources/app/out/vs/workbench/api/node/extensionHostProcess.js:154:243642)
	at h.executeCommand (/nix/store/9nyan9hblp6j3m7p3dycs96xpac9fxiv-vscodium-1.92.2.24228/lib/vscode/resources/app/out/vs/workbench/api/node/extensionHostProcess.js:154:242967)
	at A.registerCommand.description (/nix/store/9nyan9hblp6j3m7p3dycs96xpac9fxiv-vscodium-1.92.2.24228/lib/vscode/resources/app/out/vs/workbench/api/node/extensionHostProcess.js:154:242211)
	at h._executeContributedCommand (/nix/store/9nyan9hblp6j3m7p3dycs96xpac9fxiv-vscodium-1.92.2.24228/lib/vscode/resources/app/out/vs/workbench/api/node/extensionHostProcess.js:154:244280)
	at h._doExecuteCommand (/nix/store/9nyan9hblp6j3m7p3dycs96xpac9fxiv-vscodium-1.92.2.24228/lib/vscode/resources/app/out/vs/workbench/api/node/extensionHostProcess.js:154:243100)
	at h.executeCommand (/nix/store/9nyan9hblp6j3m7p3dycs96xpac9fxiv-vscodium-1.92.2.24228/lib/vscode/resources/app/out/vs/workbench/api/node/extensionHostProcess.js:154:242967)
	at Object.executeCommand (/nix/store/9nyan9hblp6j3m7p3dycs96xpac9fxiv-vscodium-1.92.2.24228/lib/vscode/resources/app/out/vs/workbench/api/node/extensionHostProcess.js:164:29724)
	at T.reset (/home/ser/.vscode-oss/extensions/asvetliakov.vscode-neovim-1.18.10-universal/dist/extension.js:2:187724)
	at a.<anonymous> (/home/ser/.vscode-oss/extensions/asvetliakov.vscode-neovim-1.18.10-universal/dist/extension.js:2:407017)
	at a.dispose (/nix/store/9nyan9hblp6j3m7p3dycs96xpac9fxiv-vscodium-1.92.2.24228/lib/vscode/resources/app/out/vs/workbench/api/node/extensionHostProcess.js:152:6598)
	at p (/nix/store/9nyan9hblp6j3m7p3dycs96xpac9fxiv-vscodium-1.92.2.24228/lib/vscode/resources/app/out/vs/workbench/api/node/extensionHostProcess.js:30:758)
	at /nix/store/9nyan9hblp6j3m7p3dycs96xpac9fxiv-vscodium-1.92.2.24228/lib/vscode/resources/app/out/vs/workbench/api/node/extensionHostProcess.js:160:17179
	at /nix/store/9nyan9hblp6j3m7p3dycs96xpac9fxiv-vscodium-1.92.2.24228/lib/vscode/resources/app/out/vs/workbench/api/node/extensionHostProcess.js:30:1147
	at Object.dispose (/nix/store/9nyan9hblp6j3m7p3dycs96xpac9fxiv-vscodium-1.92.2.24228/lib/vscode/resources/app/out/vs/workbench/api/node/extensionHostProcess.js:11:12373)
	at m._deactivate (/nix/store/9nyan9hblp6j3m7p3dycs96xpac9fxiv-vscodium-1.92.2.24228/lib/vscode/resources/app/out/vs/workbench/api/node/extensionHostProcess.js:160:13066)
	at /nix/store/9nyan9hblp6j3m7p3dycs96xpac9fxiv-vscodium-1.92.2.24228/lib/vscode/resources/app/out/vs/workbench/api/node/extensionHostProcess.js:160:10211
	at Array.map (<anonymous>)
	at m._deactivateAll (/nix/store/9nyan9hblp6j3m7p3dycs96xpac9fxiv-vscodium-1.92.2.24228/lib/vscode/resources/app/out/vs/workbench/api/node/extensionHostProcess.js:160:10198)
	at m.terminate (/nix/store/9nyan9hblp6j3m7p3dycs96xpac9fxiv-vscodium-1.92.2.24228/lib/vscode/resources/app/out/vs/workbench/api/node/extensionHostProcess.js:160:10581)
	at p.terminate (/nix/store/9nyan9hblp6j3m7p3dycs96xpac9fxiv-vscodium-1.92.2.24228/lib/vscode/resources/app/out/vs/workbench/api/node/extensionHostProcess.js:164:1908)
	at o (/nix/store/9nyan9hblp6j3m7p3dycs96xpac9fxiv-vscodium-1.92.2.24228/lib/vscode/resources/app/out/vs/workbench/api/node/extensionHostProcess.js:177:12370)
	at MessagePortMain.<anonymous> (/nix/store/9nyan9hblp6j3m7p3dycs96xpac9fxiv-vscodium-1.92.2.24228/lib/vscode/resources/app/out/vs/workbench/api/node/extensionHostProcess.js:177:8180)
	at MessagePortMain.emit (node:events:519:28)
	at MessagePortMain._internalPort.emit (node:electron/js2c/utility_init:2:2285) setContext undefined
2024-09-07 00:00:03.396 [error] Canceled: Canceled
	at new P (/nix/store/9nyan9hblp6j3m7p3dycs96xpac9fxiv-vscodium-1.92.2.24228/lib/vscode/resources/app/out/vs/workbench/api/node/extensionHostProcess.js:144:39331)
	at w._remoteCall (/nix/store/9nyan9hblp6j3m7p3dycs96xpac9fxiv-vscodium-1.92.2.24228/lib/vscode/resources/app/out/vs/workbench/api/node/extensionHostProcess.js:151:8160)
	at U.<computed>.x.charCodeAt.k.CharCode.DollarSign.U.<computed> (/nix/store/9nyan9hblp6j3m7p3dycs96xpac9fxiv-vscodium-1.92.2.24228/lib/vscode/resources/app/out/vs/workbench/api/node/extensionHostProcess.js:151:4351)
	at h._doExecuteCommand (/nix/store/9nyan9hblp6j3m7p3dycs96xpac9fxiv-vscodium-1.92.2.24228/lib/vscode/resources/app/out/vs/workbench/api/node/extensionHostProcess.js:154:243642)
	at h.executeCommand (/nix/store/9nyan9hblp6j3m7p3dycs96xpac9fxiv-vscodium-1.92.2.24228/lib/vscode/resources/app/out/vs/workbench/api/node/extensionHostProcess.js:154:242967)
	at A.registerCommand.description (/nix/store/9nyan9hblp6j3m7p3dycs96xpac9fxiv-vscodium-1.92.2.24228/lib/vscode/resources/app/out/vs/workbench/api/node/extensionHostProcess.js:154:242211)
	at h._executeContributedCommand (/nix/store/9nyan9hblp6j3m7p3dycs96xpac9fxiv-vscodium-1.92.2.24228/lib/vscode/resources/app/out/vs/workbench/api/node/extensionHostProcess.js:154:244280)
	at h._doExecuteCommand (/nix/store/9nyan9hblp6j3m7p3dycs96xpac9fxiv-vscodium-1.92.2.24228/lib/vscode/resources/app/out/vs/workbench/api/node/extensionHostProcess.js:154:243100)
	at h.executeCommand (/nix/store/9nyan9hblp6j3m7p3dycs96xpac9fxiv-vscodium-1.92.2.24228/lib/vscode/resources/app/out/vs/workbench/api/node/extensionHostProcess.js:154:242967)
	at Object.executeCommand (/nix/store/9nyan9hblp6j3m7p3dycs96xpac9fxiv-vscodium-1.92.2.24228/lib/vscode/resources/app/out/vs/workbench/api/node/extensionHostProcess.js:164:29724)
	at T.reset (/home/ser/.vscode-oss/extensions/asvetliakov.vscode-neovim-1.18.10-universal/dist/extension.js:2:187724)
	at a.<anonymous> (/home/ser/.vscode-oss/extensions/asvetliakov.vscode-neovim-1.18.10-universal/dist/extension.js:2:407017)
	at a.dispose (/nix/store/9nyan9hblp6j3m7p3dycs96xpac9fxiv-vscodium-1.92.2.24228/lib/vscode/resources/app/out/vs/workbench/api/node/extensionHostProcess.js:152:6598)
	at p (/nix/store/9nyan9hblp6j3m7p3dycs96xpac9fxiv-vscodium-1.92.2.24228/lib/vscode/resources/app/out/vs/workbench/api/node/extensionHostProcess.js:30:758)
	at /nix/store/9nyan9hblp6j3m7p3dycs96xpac9fxiv-vscodium-1.92.2.24228/lib/vscode/resources/app/out/vs/workbench/api/node/extensionHostProcess.js:160:17179
	at /nix/store/9nyan9hblp6j3m7p3dycs96xpac9fxiv-vscodium-1.92.2.24228/lib/vscode/resources/app/out/vs/workbench/api/node/extensionHostProcess.js:30:1147
	at Object.dispose (/nix/store/9nyan9hblp6j3m7p3dycs96xpac9fxiv-vscodium-1.92.2.24228/lib/vscode/resources/app/out/vs/workbench/api/node/extensionHostProcess.js:11:12373)
	at m._deactivate (/nix/store/9nyan9hblp6j3m7p3dycs96xpac9fxiv-vscodium-1.92.2.24228/lib/vscode/resources/app/out/vs/workbench/api/node/extensionHostProcess.js:160:13066)
	at /nix/store/9nyan9hblp6j3m7p3dycs96xpac9fxiv-vscodium-1.92.2.24228/lib/vscode/resources/app/out/vs/workbench/api/node/extensionHostProcess.js:160:10211
	at Array.map (<anonymous>)
	at m._deactivateAll (/nix/store/9nyan9hblp6j3m7p3dycs96xpac9fxiv-vscodium-1.92.2.24228/lib/vscode/resources/app/out/vs/workbench/api/node/extensionHostProcess.js:160:10198)
	at m.terminate (/nix/store/9nyan9hblp6j3m7p3dycs96xpac9fxiv-vscodium-1.92.2.24228/lib/vscode/resources/app/out/vs/workbench/api/node/extensionHostProcess.js:160:10581)
	at p.terminate (/nix/store/9nyan9hblp6j3m7p3dycs96xpac9fxiv-vscodium-1.92.2.24228/lib/vscode/resources/app/out/vs/workbench/api/node/extensionHostProcess.js:164:1908)
	at o (/nix/store/9nyan9hblp6j3m7p3dycs96xpac9fxiv-vscodium-1.92.2.24228/lib/vscode/resources/app/out/vs/workbench/api/node/extensionHostProcess.js:177:12370)
	at MessagePortMain.<anonymous> (/nix/store/9nyan9hblp6j3m7p3dycs96xpac9fxiv-vscodium-1.92.2.24228/lib/vscode/resources/app/out/vs/workbench/api/node/extensionHostProcess.js:177:8180)
	at MessagePortMain.emit (node:events:519:28)
	at MessagePortMain._internalPort.emit (node:electron/js2c/utility_init:2:2285) setContext undefined
2024-09-07 00:00:03.396 [error] Canceled: Canceled
	at new P (/nix/store/9nyan9hblp6j3m7p3dycs96xpac9fxiv-vscodium-1.92.2.24228/lib/vscode/resources/app/out/vs/workbench/api/node/extensionHostProcess.js:144:39331)
	at w._remoteCall (/nix/store/9nyan9hblp6j3m7p3dycs96xpac9fxiv-vscodium-1.92.2.24228/lib/vscode/resources/app/out/vs/workbench/api/node/extensionHostProcess.js:151:8160)
	at U.<computed>.x.charCodeAt.k.CharCode.DollarSign.U.<computed> (/nix/store/9nyan9hblp6j3m7p3dycs96xpac9fxiv-vscodium-1.92.2.24228/lib/vscode/resources/app/out/vs/workbench/api/node/extensionHostProcess.js:151:4351)
	at h._doExecuteCommand (/nix/store/9nyan9hblp6j3m7p3dycs96xpac9fxiv-vscodium-1.92.2.24228/lib/vscode/resources/app/out/vs/workbench/api/node/extensionHostProcess.js:154:243642)
	at h.executeCommand (/nix/store/9nyan9hblp6j3m7p3dycs96xpac9fxiv-vscodium-1.92.2.24228/lib/vscode/resources/app/out/vs/workbench/api/node/extensionHostProcess.js:154:242967)
	at A.registerCommand.description (/nix/store/9nyan9hblp6j3m7p3dycs96xpac9fxiv-vscodium-1.92.2.24228/lib/vscode/resources/app/out/vs/workbench/api/node/extensionHostProcess.js:154:242211)
	at h._executeContributedCommand (/nix/store/9nyan9hblp6j3m7p3dycs96xpac9fxiv-vscodium-1.92.2.24228/lib/vscode/resources/app/out/vs/workbench/api/node/extensionHostProcess.js:154:244280)
	at h._doExecuteCommand (/nix/store/9nyan9hblp6j3m7p3dycs96xpac9fxiv-vscodium-1.92.2.24228/lib/vscode/resources/app/out/vs/workbench/api/node/extensionHostProcess.js:154:243100)
	at h.executeCommand (/nix/store/9nyan9hblp6j3m7p3dycs96xpac9fxiv-vscodium-1.92.2.24228/lib/vscode/resources/app/out/vs/workbench/api/node/extensionHostProcess.js:154:242967)
	at Object.executeCommand (/nix/store/9nyan9hblp6j3m7p3dycs96xpac9fxiv-vscodium-1.92.2.24228/lib/vscode/resources/app/out/vs/workbench/api/node/extensionHostProcess.js:164:29724)
	at T.reset (/home/ser/.vscode-oss/extensions/asvetliakov.vscode-neovim-1.18.10-universal/dist/extension.js:2:187724)
	at a.<anonymous> (/home/ser/.vscode-oss/extensions/asvetliakov.vscode-neovim-1.18.10-universal/dist/extension.js:2:407017)
	at a.dispose (/nix/store/9nyan9hblp6j3m7p3dycs96xpac9fxiv-vscodium-1.92.2.24228/lib/vscode/resources/app/out/vs/workbench/api/node/extensionHostProcess.js:152:6598)
	at p (/nix/store/9nyan9hblp6j3m7p3dycs96xpac9fxiv-vscodium-1.92.2.24228/lib/vscode/resources/app/out/vs/workbench/api/node/extensionHostProcess.js:30:758)
	at /nix/store/9nyan9hblp6j3m7p3dycs96xpac9fxiv-vscodium-1.92.2.24228/lib/vscode/resources/app/out/vs/workbench/api/node/extensionHostProcess.js:160:17179
	at /nix/store/9nyan9hblp6j3m7p3dycs96xpac9fxiv-vscodium-1.92.2.24228/lib/vscode/resources/app/out/vs/workbench/api/node/extensionHostProcess.js:30:1147
	at Object.dispose (/nix/store/9nyan9hblp6j3m7p3dycs96xpac9fxiv-vscodium-1.92.2.24228/lib/vscode/resources/app/out/vs/workbench/api/node/extensionHostProcess.js:11:12373)
	at m._deactivate (/nix/store/9nyan9hblp6j3m7p3dycs96xpac9fxiv-vscodium-1.92.2.24228/lib/vscode/resources/app/out/vs/workbench/api/node/extensionHostProcess.js:160:13066)
	at /nix/store/9nyan9hblp6j3m7p3dycs96xpac9fxiv-vscodium-1.92.2.24228/lib/vscode/resources/app/out/vs/workbench/api/node/extensionHostProcess.js:160:10211
	at Array.map (<anonymous>)
	at m._deactivateAll (/nix/store/9nyan9hblp6j3m7p3dycs96xpac9fxiv-vscodium-1.92.2.24228/lib/vscode/resources/app/out/vs/workbench/api/node/extensionHostProcess.js:160:10198)
	at m.terminate (/nix/store/9nyan9hblp6j3m7p3dycs96xpac9fxiv-vscodium-1.92.2.24228/lib/vscode/resources/app/out/vs/workbench/api/node/extensionHostProcess.js:160:10581)
	at p.terminate (/nix/store/9nyan9hblp6j3m7p3dycs96xpac9fxiv-vscodium-1.92.2.24228/lib/vscode/resources/app/out/vs/workbench/api/node/extensionHostProcess.js:164:1908)
	at o (/nix/store/9nyan9hblp6j3m7p3dycs96xpac9fxiv-vscodium-1.92.2.24228/lib/vscode/resources/app/out/vs/workbench/api/node/extensionHostProcess.js:177:12370)
	at MessagePortMain.<anonymous> (/nix/store/9nyan9hblp6j3m7p3dycs96xpac9fxiv-vscodium-1.92.2.24228/lib/vscode/resources/app/out/vs/workbench/api/node/extensionHostProcess.js:177:8180)
	at MessagePortMain.emit (node:events:519:28)
	at MessagePortMain._internalPort.emit (node:electron/js2c/utility_init:2:2285) setContext undefined
2024-09-07 00:00:03.396 [error] Canceled: Canceled
	at new P (/nix/store/9nyan9hblp6j3m7p3dycs96xpac9fxiv-vscodium-1.92.2.24228/lib/vscode/resources/app/out/vs/workbench/api/node/extensionHostProcess.js:144:39331)
	at w._remoteCall (/nix/store/9nyan9hblp6j3m7p3dycs96xpac9fxiv-vscodium-1.92.2.24228/lib/vscode/resources/app/out/vs/workbench/api/node/extensionHostProcess.js:151:8160)
	at U.<computed>.x.charCodeAt.k.CharCode.DollarSign.U.<computed> (/nix/store/9nyan9hblp6j3m7p3dycs96xpac9fxiv-vscodium-1.92.2.24228/lib/vscode/resources/app/out/vs/workbench/api/node/extensionHostProcess.js:151:4351)
	at h._doExecuteCommand (/nix/store/9nyan9hblp6j3m7p3dycs96xpac9fxiv-vscodium-1.92.2.24228/lib/vscode/resources/app/out/vs/workbench/api/node/extensionHostProcess.js:154:243642)
	at h.executeCommand (/nix/store/9nyan9hblp6j3m7p3dycs96xpac9fxiv-vscodium-1.92.2.24228/lib/vscode/resources/app/out/vs/workbench/api/node/extensionHostProcess.js:154:242967)
	at A.registerCommand.description (/nix/store/9nyan9hblp6j3m7p3dycs96xpac9fxiv-vscodium-1.92.2.24228/lib/vscode/resources/app/out/vs/workbench/api/node/extensionHostProcess.js:154:242211)
	at h._executeContributedCommand (/nix/store/9nyan9hblp6j3m7p3dycs96xpac9fxiv-vscodium-1.92.2.24228/lib/vscode/resources/app/out/vs/workbench/api/node/extensionHostProcess.js:154:244280)
	at h._doExecuteCommand (/nix/store/9nyan9hblp6j3m7p3dycs96xpac9fxiv-vscodium-1.92.2.24228/lib/vscode/resources/app/out/vs/workbench/api/node/extensionHostProcess.js:154:243100)
	at h.executeCommand (/nix/store/9nyan9hblp6j3m7p3dycs96xpac9fxiv-vscodium-1.92.2.24228/lib/vscode/resources/app/out/vs/workbench/api/node/extensionHostProcess.js:154:242967)
	at Object.executeCommand (/nix/store/9nyan9hblp6j3m7p3dycs96xpac9fxiv-vscodium-1.92.2.24228/lib/vscode/resources/app/out/vs/workbench/api/node/extensionHostProcess.js:164:29724)
	at T.reset (/home/ser/.vscode-oss/extensions/asvetliakov.vscode-neovim-1.18.10-universal/dist/extension.js:2:187724)
	at a.<anonymous> (/home/ser/.vscode-oss/extensions/asvetliakov.vscode-neovim-1.18.10-universal/dist/extension.js:2:407017)
	at a.dispose (/nix/store/9nyan9hblp6j3m7p3dycs96xpac9fxiv-vscodium-1.92.2.24228/lib/vscode/resources/app/out/vs/workbench/api/node/extensionHostProcess.js:152:6598)
	at p (/nix/store/9nyan9hblp6j3m7p3dycs96xpac9fxiv-vscodium-1.92.2.24228/lib/vscode/resources/app/out/vs/workbench/api/node/extensionHostProcess.js:30:758)
	at /nix/store/9nyan9hblp6j3m7p3dycs96xpac9fxiv-vscodium-1.92.2.24228/lib/vscode/resources/app/out/vs/workbench/api/node/extensionHostProcess.js:160:17179
	at /nix/store/9nyan9hblp6j3m7p3dycs96xpac9fxiv-vscodium-1.92.2.24228/lib/vscode/resources/app/out/vs/workbench/api/node/extensionHostProcess.js:30:1147
	at Object.dispose (/nix/store/9nyan9hblp6j3m7p3dycs96xpac9fxiv-vscodium-1.92.2.24228/lib/vscode/resources/app/out/vs/workbench/api/node/extensionHostProcess.js:11:12373)
	at m._deactivate (/nix/store/9nyan9hblp6j3m7p3dycs96xpac9fxiv-vscodium-1.92.2.24228/lib/vscode/resources/app/out/vs/workbench/api/node/extensionHostProcess.js:160:13066)
	at /nix/store/9nyan9hblp6j3m7p3dycs96xpac9fxiv-vscodium-1.92.2.24228/lib/vscode/resources/app/out/vs/workbench/api/node/extensionHostProcess.js:160:10211
	at Array.map (<anonymous>)
	at m._deactivateAll (/nix/store/9nyan9hblp6j3m7p3dycs96xpac9fxiv-vscodium-1.92.2.24228/lib/vscode/resources/app/out/vs/workbench/api/node/extensionHostProcess.js:160:10198)
	at m.terminate (/nix/store/9nyan9hblp6j3m7p3dycs96xpac9fxiv-vscodium-1.92.2.24228/lib/vscode/resources/app/out/vs/workbench/api/node/extensionHostProcess.js:160:10581)
	at p.terminate (/nix/store/9nyan9hblp6j3m7p3dycs96xpac9fxiv-vscodium-1.92.2.24228/lib/vscode/resources/app/out/vs/workbench/api/node/extensionHostProcess.js:164:1908)
	at o (/nix/store/9nyan9hblp6j3m7p3dycs96xpac9fxiv-vscodium-1.92.2.24228/lib/vscode/resources/app/out/vs/workbench/api/node/extensionHostProcess.js:177:12370)
	at MessagePortMain.<anonymous> (/nix/store/9nyan9hblp6j3m7p3dycs96xpac9fxiv-vscodium-1.92.2.24228/lib/vscode/resources/app/out/vs/workbench/api/node/extensionHostProcess.js:177:8180)
	at MessagePortMain.emit (node:events:519:28)
	at MessagePortMain._internalPort.emit (node:electron/js2c/utility_init:2:2285) setContext undefined
2024-09-07 00:00:03.396 [error] Canceled: Canceled
	at new P (/nix/store/9nyan9hblp6j3m7p3dycs96xpac9fxiv-vscodium-1.92.2.24228/lib/vscode/resources/app/out/vs/workbench/api/node/extensionHostProcess.js:144:39331)
	at w._remoteCall (/nix/store/9nyan9hblp6j3m7p3dycs96xpac9fxiv-vscodium-1.92.2.24228/lib/vscode/resources/app/out/vs/workbench/api/node/extensionHostProcess.js:151:8160)
	at U.<computed>.x.charCodeAt.k.CharCode.DollarSign.U.<computed> (/nix/store/9nyan9hblp6j3m7p3dycs96xpac9fxiv-vscodium-1.92.2.24228/lib/vscode/resources/app/out/vs/workbench/api/node/extensionHostProcess.js:151:4351)
	at h._doExecuteCommand (/nix/store/9nyan9hblp6j3m7p3dycs96xpac9fxiv-vscodium-1.92.2.24228/lib/vscode/resources/app/out/vs/workbench/api/node/extensionHostProcess.js:154:243642)
	at h.executeCommand (/nix/store/9nyan9hblp6j3m7p3dycs96xpac9fxiv-vscodium-1.92.2.24228/lib/vscode/resources/app/out/vs/workbench/api/node/extensionHostProcess.js:154:242967)
	at A.registerCommand.description (/nix/store/9nyan9hblp6j3m7p3dycs96xpac9fxiv-vscodium-1.92.2.24228/lib/vscode/resources/app/out/vs/workbench/api/node/extensionHostProcess.js:154:242211)
	at h._executeContributedCommand (/nix/store/9nyan9hblp6j3m7p3dycs96xpac9fxiv-vscodium-1.92.2.24228/lib/vscode/resources/app/out/vs/workbench/api/node/extensionHostProcess.js:154:244280)
	at h._doExecuteCommand (/nix/store/9nyan9hblp6j3m7p3dycs96xpac9fxiv-vscodium-1.92.2.24228/lib/vscode/resources/app/out/vs/workbench/api/node/extensionHostProcess.js:154:243100)
	at h.executeCommand (/nix/store/9nyan9hblp6j3m7p3dycs96xpac9fxiv-vscodium-1.92.2.24228/lib/vscode/resources/app/out/vs/workbench/api/node/extensionHostProcess.js:154:242967)
	at Object.executeCommand (/nix/store/9nyan9hblp6j3m7p3dycs96xpac9fxiv-vscodium-1.92.2.24228/lib/vscode/resources/app/out/vs/workbench/api/node/extensionHostProcess.js:164:29724)
	at T.reset (/home/ser/.vscode-oss/extensions/asvetliakov.vscode-neovim-1.18.10-universal/dist/extension.js:2:187724)
	at a.<anonymous> (/home/ser/.vscode-oss/extensions/asvetliakov.vscode-neovim-1.18.10-universal/dist/extension.js:2:407017)
	at a.dispose (/nix/store/9nyan9hblp6j3m7p3dycs96xpac9fxiv-vscodium-1.92.2.24228/lib/vscode/resources/app/out/vs/workbench/api/node/extensionHostProcess.js:152:6598)
	at p (/nix/store/9nyan9hblp6j3m7p3dycs96xpac9fxiv-vscodium-1.92.2.24228/lib/vscode/resources/app/out/vs/workbench/api/node/extensionHostProcess.js:30:758)
	at /nix/store/9nyan9hblp6j3m7p3dycs96xpac9fxiv-vscodium-1.92.2.24228/lib/vscode/resources/app/out/vs/workbench/api/node/extensionHostProcess.js:160:17179
	at /nix/store/9nyan9hblp6j3m7p3dycs96xpac9fxiv-vscodium-1.92.2.24228/lib/vscode/resources/app/out/vs/workbench/api/node/extensionHostProcess.js:30:1147
	at Object.dispose (/nix/store/9nyan9hblp6j3m7p3dycs96xpac9fxiv-vscodium-1.92.2.24228/lib/vscode/resources/app/out/vs/workbench/api/node/extensionHostProcess.js:11:12373)
	at m._deactivate (/nix/store/9nyan9hblp6j3m7p3dycs96xpac9fxiv-vscodium-1.92.2.24228/lib/vscode/resources/app/out/vs/workbench/api/node/extensionHostProcess.js:160:13066)
	at /nix/store/9nyan9hblp6j3m7p3dycs96xpac9fxiv-vscodium-1.92.2.24228/lib/vscode/resources/app/out/vs/workbench/api/node/extensionHostProcess.js:160:10211
	at Array.map (<anonymous>)
	at m._deactivateAll (/nix/store/9nyan9hblp6j3m7p3dycs96xpac9fxiv-vscodium-1.92.2.24228/lib/vscode/resources/app/out/vs/workbench/api/node/extensionHostProcess.js:160:10198)
	at m.terminate (/nix/store/9nyan9hblp6j3m7p3dycs96xpac9fxiv-vscodium-1.92.2.24228/lib/vscode/resources/app/out/vs/workbench/api/node/extensionHostProcess.js:160:10581)
	at p.terminate (/nix/store/9nyan9hblp6j3m7p3dycs96xpac9fxiv-vscodium-1.92.2.24228/lib/vscode/resources/app/out/vs/workbench/api/node/extensionHostProcess.js:164:1908)
	at o (/nix/store/9nyan9hblp6j3m7p3dycs96xpac9fxiv-vscodium-1.92.2.24228/lib/vscode/resources/app/out/vs/workbench/api/node/extensionHostProcess.js:177:12370)
	at MessagePortMain.<anonymous> (/nix/store/9nyan9hblp6j3m7p3dycs96xpac9fxiv-vscodium-1.92.2.24228/lib/vscode/resources/app/out/vs/workbench/api/node/extensionHostProcess.js:177:8180)
	at MessagePortMain.emit (node:events:519:28)
	at MessagePortMain._internalPort.emit (node:electron/js2c/utility_init:2:2285) setContext undefined
2024-09-07 00:00:03.396 [error] Canceled: Canceled
	at new P (/nix/store/9nyan9hblp6j3m7p3dycs96xpac9fxiv-vscodium-1.92.2.24228/lib/vscode/resources/app/out/vs/workbench/api/node/extensionHostProcess.js:144:39331)
	at w._remoteCall (/nix/store/9nyan9hblp6j3m7p3dycs96xpac9fxiv-vscodium-1.92.2.24228/lib/vscode/resources/app/out/vs/workbench/api/node/extensionHostProcess.js:151:8160)
	at U.<computed>.x.charCodeAt.k.CharCode.DollarSign.U.<computed> (/nix/store/9nyan9hblp6j3m7p3dycs96xpac9fxiv-vscodium-1.92.2.24228/lib/vscode/resources/app/out/vs/workbench/api/node/extensionHostProcess.js:151:4351)
	at h._doExecuteCommand (/nix/store/9nyan9hblp6j3m7p3dycs96xpac9fxiv-vscodium-1.92.2.24228/lib/vscode/resources/app/out/vs/workbench/api/node/extensionHostProcess.js:154:243642)
	at h.executeCommand (/nix/store/9nyan9hblp6j3m7p3dycs96xpac9fxiv-vscodium-1.92.2.24228/lib/vscode/resources/app/out/vs/workbench/api/node/extensionHostProcess.js:154:242967)
	at A.registerCommand.description (/nix/store/9nyan9hblp6j3m7p3dycs96xpac9fxiv-vscodium-1.92.2.24228/lib/vscode/resources/app/out/vs/workbench/api/node/extensionHostProcess.js:154:242211)
	at h._executeContributedCommand (/nix/store/9nyan9hblp6j3m7p3dycs96xpac9fxiv-vscodium-1.92.2.24228/lib/vscode/resources/app/out/vs/workbench/api/node/extensionHostProcess.js:154:244280)
	at h._doExecuteCommand (/nix/store/9nyan9hblp6j3m7p3dycs96xpac9fxiv-vscodium-1.92.2.24228/lib/vscode/resources/app/out/vs/workbench/api/node/extensionHostProcess.js:154:243100)
	at h.executeCommand (/nix/store/9nyan9hblp6j3m7p3dycs96xpac9fxiv-vscodium-1.92.2.24228/lib/vscode/resources/app/out/vs/workbench/api/node/extensionHostProcess.js:154:242967)
	at Object.executeCommand (/nix/store/9nyan9hblp6j3m7p3dycs96xpac9fxiv-vscodium-1.92.2.24228/lib/vscode/resources/app/out/vs/workbench/api/node/extensionHostProcess.js:164:29724)
	at T.reset (/home/ser/.vscode-oss/extensions/asvetliakov.vscode-neovim-1.18.10-universal/dist/extension.js:2:187724)
	at a.<anonymous> (/home/ser/.vscode-oss/extensions/asvetliakov.vscode-neovim-1.18.10-universal/dist/extension.js:2:407017)
	at a.dispose (/nix/store/9nyan9hblp6j3m7p3dycs96xpac9fxiv-vscodium-1.92.2.24228/lib/vscode/resources/app/out/vs/workbench/api/node/extensionHostProcess.js:152:6598)
	at p (/nix/store/9nyan9hblp6j3m7p3dycs96xpac9fxiv-vscodium-1.92.2.24228/lib/vscode/resources/app/out/vs/workbench/api/node/extensionHostProcess.js:30:758)
	at /nix/store/9nyan9hblp6j3m7p3dycs96xpac9fxiv-vscodium-1.92.2.24228/lib/vscode/resources/app/out/vs/workbench/api/node/extensionHostProcess.js:160:17179
	at /nix/store/9nyan9hblp6j3m7p3dycs96xpac9fxiv-vscodium-1.92.2.24228/lib/vscode/resources/app/out/vs/workbench/api/node/extensionHostProcess.js:30:1147
	at Object.dispose (/nix/store/9nyan9hblp6j3m7p3dycs96xpac9fxiv-vscodium-1.92.2.24228/lib/vscode/resources/app/out/vs/workbench/api/node/extensionHostProcess.js:11:12373)
	at m._deactivate (/nix/store/9nyan9hblp6j3m7p3dycs96xpac9fxiv-vscodium-1.92.2.24228/lib/vscode/resources/app/out/vs/workbench/api/node/extensionHostProcess.js:160:13066)
	at /nix/store/9nyan9hblp6j3m7p3dycs96xpac9fxiv-vscodium-1.92.2.24228/lib/vscode/resources/app/out/vs/workbench/api/node/extensionHostProcess.js:160:10211
	at Array.map (<anonymous>)
	at m._deactivateAll (/nix/store/9nyan9hblp6j3m7p3dycs96xpac9fxiv-vscodium-1.92.2.24228/lib/vscode/resources/app/out/vs/workbench/api/node/extensionHostProcess.js:160:10198)
	at m.terminate (/nix/store/9nyan9hblp6j3m7p3dycs96xpac9fxiv-vscodium-1.92.2.24228/lib/vscode/resources/app/out/vs/workbench/api/node/extensionHostProcess.js:160:10581)
	at p.terminate (/nix/store/9nyan9hblp6j3m7p3dycs96xpac9fxiv-vscodium-1.92.2.24228/lib/vscode/resources/app/out/vs/workbench/api/node/extensionHostProcess.js:164:1908)
	at o (/nix/store/9nyan9hblp6j3m7p3dycs96xpac9fxiv-vscodium-1.92.2.24228/lib/vscode/resources/app/out/vs/workbench/api/node/extensionHostProcess.js:177:12370)
	at MessagePortMain.<anonymous> (/nix/store/9nyan9hblp6j3m7p3dycs96xpac9fxiv-vscodium-1.92.2.24228/lib/vscode/resources/app/out/vs/workbench/api/node/extensionHostProcess.js:177:8180)
	at MessagePortMain.emit (node:events:519:28)
	at MessagePortMain._internalPort.emit (node:electron/js2c/utility_init:2:2285) setContext undefined
2024-09-07 00:00:03.396 [error] Canceled: Canceled
	at new P (/nix/store/9nyan9hblp6j3m7p3dycs96xpac9fxiv-vscodium-1.92.2.24228/lib/vscode/resources/app/out/vs/workbench/api/node/extensionHostProcess.js:144:39331)
	at w._remoteCall (/nix/store/9nyan9hblp6j3m7p3dycs96xpac9fxiv-vscodium-1.92.2.24228/lib/vscode/resources/app/out/vs/workbench/api/node/extensionHostProcess.js:151:8160)
	at U.<computed>.x.charCodeAt.k.CharCode.DollarSign.U.<computed> (/nix/store/9nyan9hblp6j3m7p3dycs96xpac9fxiv-vscodium-1.92.2.24228/lib/vscode/resources/app/out/vs/workbench/api/node/extensionHostProcess.js:151:4351)
	at h._doExecuteCommand (/nix/store/9nyan9hblp6j3m7p3dycs96xpac9fxiv-vscodium-1.92.2.24228/lib/vscode/resources/app/out/vs/workbench/api/node/extensionHostProcess.js:154:243642)
	at h.executeCommand (/nix/store/9nyan9hblp6j3m7p3dycs96xpac9fxiv-vscodium-1.92.2.24228/lib/vscode/resources/app/out/vs/workbench/api/node/extensionHostProcess.js:154:242967)
	at A.registerCommand.description (/nix/store/9nyan9hblp6j3m7p3dycs96xpac9fxiv-vscodium-1.92.2.24228/lib/vscode/resources/app/out/vs/workbench/api/node/extensionHostProcess.js:154:242211)
	at h._executeContributedCommand (/nix/store/9nyan9hblp6j3m7p3dycs96xpac9fxiv-vscodium-1.92.2.24228/lib/vscode/resources/app/out/vs/workbench/api/node/extensionHostProcess.js:154:244280)
	at h._doExecuteCommand (/nix/store/9nyan9hblp6j3m7p3dycs96xpac9fxiv-vscodium-1.92.2.24228/lib/vscode/resources/app/out/vs/workbench/api/node/extensionHostProcess.js:154:243100)
	at h.executeCommand (/nix/store/9nyan9hblp6j3m7p3dycs96xpac9fxiv-vscodium-1.92.2.24228/lib/vscode/resources/app/out/vs/workbench/api/node/extensionHostProcess.js:154:242967)
	at Object.executeCommand (/nix/store/9nyan9hblp6j3m7p3dycs96xpac9fxiv-vscodium-1.92.2.24228/lib/vscode/resources/app/out/vs/workbench/api/node/extensionHostProcess.js:164:29724)
	at T.reset (/home/ser/.vscode-oss/extensions/asvetliakov.vscode-neovim-1.18.10-universal/dist/extension.js:2:187724)
	at a.<anonymous> (/home/ser/.vscode-oss/extensions/asvetliakov.vscode-neovim-1.18.10-universal/dist/extension.js:2:407017)
	at a.dispose (/nix/store/9nyan9hblp6j3m7p3dycs96xpac9fxiv-vscodium-1.92.2.24228/lib/vscode/resources/app/out/vs/workbench/api/node/extensionHostProcess.js:152:6598)
	at p (/nix/store/9nyan9hblp6j3m7p3dycs96xpac9fxiv-vscodium-1.92.2.24228/lib/vscode/resources/app/out/vs/workbench/api/node/extensionHostProcess.js:30:758)
	at /nix/store/9nyan9hblp6j3m7p3dycs96xpac9fxiv-vscodium-1.92.2.24228/lib/vscode/resources/app/out/vs/workbench/api/node/extensionHostProcess.js:160:17179
	at /nix/store/9nyan9hblp6j3m7p3dycs96xpac9fxiv-vscodium-1.92.2.24228/lib/vscode/resources/app/out/vs/workbench/api/node/extensionHostProcess.js:30:1147
	at Object.dispose (/nix/store/9nyan9hblp6j3m7p3dycs96xpac9fxiv-vscodium-1.92.2.24228/lib/vscode/resources/app/out/vs/workbench/api/node/extensionHostProcess.js:11:12373)
	at m._deactivate (/nix/store/9nyan9hblp6j3m7p3dycs96xpac9fxiv-vscodium-1.92.2.24228/lib/vscode/resources/app/out/vs/workbench/api/node/extensionHostProcess.js:160:13066)
	at /nix/store/9nyan9hblp6j3m7p3dycs96xpac9fxiv-vscodium-1.92.2.24228/lib/vscode/resources/app/out/vs/workbench/api/node/extensionHostProcess.js:160:10211
	at Array.map (<anonymous>)
	at m._deactivateAll (/nix/store/9nyan9hblp6j3m7p3dycs96xpac9fxiv-vscodium-1.92.2.24228/lib/vscode/resources/app/out/vs/workbench/api/node/extensionHostProcess.js:160:10198)
	at m.terminate (/nix/store/9nyan9hblp6j3m7p3dycs96xpac9fxiv-vscodium-1.92.2.24228/lib/vscode/resources/app/out/vs/workbench/api/node/extensionHostProcess.js:160:10581)
	at p.terminate (/nix/store/9nyan9hblp6j3m7p3dycs96xpac9fxiv-vscodium-1.92.2.24228/lib/vscode/resources/app/out/vs/workbench/api/node/extensionHostProcess.js:164:1908)
	at o (/nix/store/9nyan9hblp6j3m7p3dycs96xpac9fxiv-vscodium-1.92.2.24228/lib/vscode/resources/app/out/vs/workbench/api/node/extensionHostProcess.js:177:12370)
	at MessagePortMain.<anonymous> (/nix/store/9nyan9hblp6j3m7p3dycs96xpac9fxiv-vscodium-1.92.2.24228/lib/vscode/resources/app/out/vs/workbench/api/node/extensionHostProcess.js:177:8180)
	at MessagePortMain.emit (node:events:519:28)
	at MessagePortMain._internalPort.emit (node:electron/js2c/utility_init:2:2285) setContext undefined
2024-09-07 00:00:03.396 [error] Canceled: Canceled
	at new P (/nix/store/9nyan9hblp6j3m7p3dycs96xpac9fxiv-vscodium-1.92.2.24228/lib/vscode/resources/app/out/vs/workbench/api/node/extensionHostProcess.js:144:39331)
	at w._remoteCall (/nix/store/9nyan9hblp6j3m7p3dycs96xpac9fxiv-vscodium-1.92.2.24228/lib/vscode/resources/app/out/vs/workbench/api/node/extensionHostProcess.js:151:8160)
	at U.<computed>.x.charCodeAt.k.CharCode.DollarSign.U.<computed> (/nix/store/9nyan9hblp6j3m7p3dycs96xpac9fxiv-vscodium-1.92.2.24228/lib/vscode/resources/app/out/vs/workbench/api/node/extensionHostProcess.js:151:4351)
	at h._doExecuteCommand (/nix/store/9nyan9hblp6j3m7p3dycs96xpac9fxiv-vscodium-1.92.2.24228/lib/vscode/resources/app/out/vs/workbench/api/node/extensionHostProcess.js:154:243642)
	at h.executeCommand (/nix/store/9nyan9hblp6j3m7p3dycs96xpac9fxiv-vscodium-1.92.2.24228/lib/vscode/resources/app/out/vs/workbench/api/node/extensionHostProcess.js:154:242967)
	at A.registerCommand.description (/nix/store/9nyan9hblp6j3m7p3dycs96xpac9fxiv-vscodium-1.92.2.24228/lib/vscode/resources/app/out/vs/workbench/api/node/extensionHostProcess.js:154:242211)
	at h._executeContributedCommand (/nix/store/9nyan9hblp6j3m7p3dycs96xpac9fxiv-vscodium-1.92.2.24228/lib/vscode/resources/app/out/vs/workbench/api/node/extensionHostProcess.js:154:244280)
	at h._doExecuteCommand (/nix/store/9nyan9hblp6j3m7p3dycs96xpac9fxiv-vscodium-1.92.2.24228/lib/vscode/resources/app/out/vs/workbench/api/node/extensionHostProcess.js:154:243100)
	at h.executeCommand (/nix/store/9nyan9hblp6j3m7p3dycs96xpac9fxiv-vscodium-1.92.2.24228/lib/vscode/resources/app/out/vs/workbench/api/node/extensionHostProcess.js:154:242967)
	at Object.executeCommand (/nix/store/9nyan9hblp6j3m7p3dycs96xpac9fxiv-vscodium-1.92.2.24228/lib/vscode/resources/app/out/vs/workbench/api/node/extensionHostProcess.js:164:29724)
	at T.reset (/home/ser/.vscode-oss/extensions/asvetliakov.vscode-neovim-1.18.10-universal/dist/extension.js:2:187724)
	at a.<anonymous> (/home/ser/.vscode-oss/extensions/asvetliakov.vscode-neovim-1.18.10-universal/dist/extension.js:2:407017)
	at a.dispose (/nix/store/9nyan9hblp6j3m7p3dycs96xpac9fxiv-vscodium-1.92.2.24228/lib/vscode/resources/app/out/vs/workbench/api/node/extensionHostProcess.js:152:6598)
	at p (/nix/store/9nyan9hblp6j3m7p3dycs96xpac9fxiv-vscodium-1.92.2.24228/lib/vscode/resources/app/out/vs/workbench/api/node/extensionHostProcess.js:30:758)
	at /nix/store/9nyan9hblp6j3m7p3dycs96xpac9fxiv-vscodium-1.92.2.24228/lib/vscode/resources/app/out/vs/workbench/api/node/extensionHostProcess.js:160:17179
	at /nix/store/9nyan9hblp6j3m7p3dycs96xpac9fxiv-vscodium-1.92.2.24228/lib/vscode/resources/app/out/vs/workbench/api/node/extensionHostProcess.js:30:1147
	at Object.dispose (/nix/store/9nyan9hblp6j3m7p3dycs96xpac9fxiv-vscodium-1.92.2.24228/lib/vscode/resources/app/out/vs/workbench/api/node/extensionHostProcess.js:11:12373)
	at m._deactivate (/nix/store/9nyan9hblp6j3m7p3dycs96xpac9fxiv-vscodium-1.92.2.24228/lib/vscode/resources/app/out/vs/workbench/api/node/extensionHostProcess.js:160:13066)
	at /nix/store/9nyan9hblp6j3m7p3dycs96xpac9fxiv-vscodium-1.92.2.24228/lib/vscode/resources/app/out/vs/workbench/api/node/extensionHostProcess.js:160:10211
	at Array.map (<anonymous>)
	at m._deactivateAll (/nix/store/9nyan9hblp6j3m7p3dycs96xpac9fxiv-vscodium-1.92.2.24228/lib/vscode/resources/app/out/vs/workbench/api/node/extensionHostProcess.js:160:10198)
	at m.terminate (/nix/store/9nyan9hblp6j3m7p3dycs96xpac9fxiv-vscodium-1.92.2.24228/lib/vscode/resources/app/out/vs/workbench/api/node/extensionHostProcess.js:160:10581)
	at p.terminate (/nix/store/9nyan9hblp6j3m7p3dycs96xpac9fxiv-vscodium-1.92.2.24228/lib/vscode/resources/app/out/vs/workbench/api/node/extensionHostProcess.js:164:1908)
	at o (/nix/store/9nyan9hblp6j3m7p3dycs96xpac9fxiv-vscodium-1.92.2.24228/lib/vscode/resources/app/out/vs/workbench/api/node/extensionHostProcess.js:177:12370)
	at MessagePortMain.<anonymous> (/nix/store/9nyan9hblp6j3m7p3dycs96xpac9fxiv-vscodium-1.92.2.24228/lib/vscode/resources/app/out/vs/workbench/api/node/extensionHostProcess.js:177:8180)
	at MessagePortMain.emit (node:events:519:28)
	at MessagePortMain._internalPort.emit (node:electron/js2c/utility_init:2:2285) setContext undefined
2024-09-07 00:00:03.396 [error] Canceled: Canceled
	at new P (/nix/store/9nyan9hblp6j3m7p3dycs96xpac9fxiv-vscodium-1.92.2.24228/lib/vscode/resources/app/out/vs/workbench/api/node/extensionHostProcess.js:144:39331)
	at w._remoteCall (/nix/store/9nyan9hblp6j3m7p3dycs96xpac9fxiv-vscodium-1.92.2.24228/lib/vscode/resources/app/out/vs/workbench/api/node/extensionHostProcess.js:151:8160)
	at U.<computed>.x.charCodeAt.k.CharCode.DollarSign.U.<computed> (/nix/store/9nyan9hblp6j3m7p3dycs96xpac9fxiv-vscodium-1.92.2.24228/lib/vscode/resources/app/out/vs/workbench/api/node/extensionHostProcess.js:151:4351)
	at h._doExecuteCommand (/nix/store/9nyan9hblp6j3m7p3dycs96xpac9fxiv-vscodium-1.92.2.24228/lib/vscode/resources/app/out/vs/workbench/api/node/extensionHostProcess.js:154:243642)
	at h.executeCommand (/nix/store/9nyan9hblp6j3m7p3dycs96xpac9fxiv-vscodium-1.92.2.24228/lib/vscode/resources/app/out/vs/workbench/api/node/extensionHostProcess.js:154:242967)
	at A.registerCommand.description (/nix/store/9nyan9hblp6j3m7p3dycs96xpac9fxiv-vscodium-1.92.2.24228/lib/vscode/resources/app/out/vs/workbench/api/node/extensionHostProcess.js:154:242211)
	at h._executeContributedCommand (/nix/store/9nyan9hblp6j3m7p3dycs96xpac9fxiv-vscodium-1.92.2.24228/lib/vscode/resources/app/out/vs/workbench/api/node/extensionHostProcess.js:154:244280)
	at h._doExecuteCommand (/nix/store/9nyan9hblp6j3m7p3dycs96xpac9fxiv-vscodium-1.92.2.24228/lib/vscode/resources/app/out/vs/workbench/api/node/extensionHostProcess.js:154:243100)
	at h.executeCommand (/nix/store/9nyan9hblp6j3m7p3dycs96xpac9fxiv-vscodium-1.92.2.24228/lib/vscode/resources/app/out/vs/workbench/api/node/extensionHostProcess.js:154:242967)
	at Object.executeCommand (/nix/store/9nyan9hblp6j3m7p3dycs96xpac9fxiv-vscodium-1.92.2.24228/lib/vscode/resources/app/out/vs/workbench/api/node/extensionHostProcess.js:164:29724)
	at T.reset (/home/ser/.vscode-oss/extensions/asvetliakov.vscode-neovim-1.18.10-universal/dist/extension.js:2:187724)
	at a.<anonymous> (/home/ser/.vscode-oss/extensions/asvetliakov.vscode-neovim-1.18.10-universal/dist/extension.js:2:407017)
	at a.dispose (/nix/store/9nyan9hblp6j3m7p3dycs96xpac9fxiv-vscodium-1.92.2.24228/lib/vscode/resources/app/out/vs/workbench/api/node/extensionHostProcess.js:152:6598)
	at p (/nix/store/9nyan9hblp6j3m7p3dycs96xpac9fxiv-vscodium-1.92.2.24228/lib/vscode/resources/app/out/vs/workbench/api/node/extensionHostProcess.js:30:758)
	at /nix/store/9nyan9hblp6j3m7p3dycs96xpac9fxiv-vscodium-1.92.2.24228/lib/vscode/resources/app/out/vs/workbench/api/node/extensionHostProcess.js:160:17179
	at /nix/store/9nyan9hblp6j3m7p3dycs96xpac9fxiv-vscodium-1.92.2.24228/lib/vscode/resources/app/out/vs/workbench/api/node/extensionHostProcess.js:30:1147
	at Object.dispose (/nix/store/9nyan9hblp6j3m7p3dycs96xpac9fxiv-vscodium-1.92.2.24228/lib/vscode/resources/app/out/vs/workbench/api/node/extensionHostProcess.js:11:12373)
	at m._deactivate (/nix/store/9nyan9hblp6j3m7p3dycs96xpac9fxiv-vscodium-1.92.2.24228/lib/vscode/resources/app/out/vs/workbench/api/node/extensionHostProcess.js:160:13066)
	at /nix/store/9nyan9hblp6j3m7p3dycs96xpac9fxiv-vscodium-1.92.2.24228/lib/vscode/resources/app/out/vs/workbench/api/node/extensionHostProcess.js:160:10211
	at Array.map (<anonymous>)
	at m._deactivateAll (/nix/store/9nyan9hblp6j3m7p3dycs96xpac9fxiv-vscodium-1.92.2.24228/lib/vscode/resources/app/out/vs/workbench/api/node/extensionHostProcess.js:160:10198)
	at m.terminate (/nix/store/9nyan9hblp6j3m7p3dycs96xpac9fxiv-vscodium-1.92.2.24228/lib/vscode/resources/app/out/vs/workbench/api/node/extensionHostProcess.js:160:10581)
	at p.terminate (/nix/store/9nyan9hblp6j3m7p3dycs96xpac9fxiv-vscodium-1.92.2.24228/lib/vscode/resources/app/out/vs/workbench/api/node/extensionHostProcess.js:164:1908)
	at o (/nix/store/9nyan9hblp6j3m7p3dycs96xpac9fxiv-vscodium-1.92.2.24228/lib/vscode/resources/app/out/vs/workbench/api/node/extensionHostProcess.js:177:12370)
	at MessagePortMain.<anonymous> (/nix/store/9nyan9hblp6j3m7p3dycs96xpac9fxiv-vscodium-1.92.2.24228/lib/vscode/resources/app/out/vs/workbench/api/node/extensionHostProcess.js:177:8180)
	at MessagePortMain.emit (node:events:519:28)
	at MessagePortMain._internalPort.emit (node:electron/js2c/utility_init:2:2285) setContext undefined
2024-09-07 00:00:03.397 [error] Canceled: Canceled
	at new P (/nix/store/9nyan9hblp6j3m7p3dycs96xpac9fxiv-vscodium-1.92.2.24228/lib/vscode/resources/app/out/vs/workbench/api/node/extensionHostProcess.js:144:39331)
	at w._remoteCall (/nix/store/9nyan9hblp6j3m7p3dycs96xpac9fxiv-vscodium-1.92.2.24228/lib/vscode/resources/app/out/vs/workbench/api/node/extensionHostProcess.js:151:8160)
	at U.<computed>.x.charCodeAt.k.CharCode.DollarSign.U.<computed> (/nix/store/9nyan9hblp6j3m7p3dycs96xpac9fxiv-vscodium-1.92.2.24228/lib/vscode/resources/app/out/vs/workbench/api/node/extensionHostProcess.js:151:4351)
	at h._doExecuteCommand (/nix/store/9nyan9hblp6j3m7p3dycs96xpac9fxiv-vscodium-1.92.2.24228/lib/vscode/resources/app/out/vs/workbench/api/node/extensionHostProcess.js:154:243642)
	at h.executeCommand (/nix/store/9nyan9hblp6j3m7p3dycs96xpac9fxiv-vscodium-1.92.2.24228/lib/vscode/resources/app/out/vs/workbench/api/node/extensionHostProcess.js:154:242967)
	at A.registerCommand.description (/nix/store/9nyan9hblp6j3m7p3dycs96xpac9fxiv-vscodium-1.92.2.24228/lib/vscode/resources/app/out/vs/workbench/api/node/extensionHostProcess.js:154:242211)
	at h._executeContributedCommand (/nix/store/9nyan9hblp6j3m7p3dycs96xpac9fxiv-vscodium-1.92.2.24228/lib/vscode/resources/app/out/vs/workbench/api/node/extensionHostProcess.js:154:244280)
	at h._doExecuteCommand (/nix/store/9nyan9hblp6j3m7p3dycs96xpac9fxiv-vscodium-1.92.2.24228/lib/vscode/resources/app/out/vs/workbench/api/node/extensionHostProcess.js:154:243100)
	at h.executeCommand (/nix/store/9nyan9hblp6j3m7p3dycs96xpac9fxiv-vscodium-1.92.2.24228/lib/vscode/resources/app/out/vs/workbench/api/node/extensionHostProcess.js:154:242967)
	at Object.executeCommand (/nix/store/9nyan9hblp6j3m7p3dycs96xpac9fxiv-vscodium-1.92.2.24228/lib/vscode/resources/app/out/vs/workbench/api/node/extensionHostProcess.js:164:29724)
	at T.reset (/home/ser/.vscode-oss/extensions/asvetliakov.vscode-neovim-1.18.10-universal/dist/extension.js:2:187724)
	at a.<anonymous> (/home/ser/.vscode-oss/extensions/asvetliakov.vscode-neovim-1.18.10-universal/dist/extension.js:2:407017)
	at a.dispose (/nix/store/9nyan9hblp6j3m7p3dycs96xpac9fxiv-vscodium-1.92.2.24228/lib/vscode/resources/app/out/vs/workbench/api/node/extensionHostProcess.js:152:6598)
	at p (/nix/store/9nyan9hblp6j3m7p3dycs96xpac9fxiv-vscodium-1.92.2.24228/lib/vscode/resources/app/out/vs/workbench/api/node/extensionHostProcess.js:30:758)
	at /nix/store/9nyan9hblp6j3m7p3dycs96xpac9fxiv-vscodium-1.92.2.24228/lib/vscode/resources/app/out/vs/workbench/api/node/extensionHostProcess.js:160:17179
	at /nix/store/9nyan9hblp6j3m7p3dycs96xpac9fxiv-vscodium-1.92.2.24228/lib/vscode/resources/app/out/vs/workbench/api/node/extensionHostProcess.js:30:1147
	at Object.dispose (/nix/store/9nyan9hblp6j3m7p3dycs96xpac9fxiv-vscodium-1.92.2.24228/lib/vscode/resources/app/out/vs/workbench/api/node/extensionHostProcess.js:11:12373)
	at m._deactivate (/nix/store/9nyan9hblp6j3m7p3dycs96xpac9fxiv-vscodium-1.92.2.24228/lib/vscode/resources/app/out/vs/workbench/api/node/extensionHostProcess.js:160:13066)
	at /nix/store/9nyan9hblp6j3m7p3dycs96xpac9fxiv-vscodium-1.92.2.24228/lib/vscode/resources/app/out/vs/workbench/api/node/extensionHostProcess.js:160:10211
	at Array.map (<anonymous>)
	at m._deactivateAll (/nix/store/9nyan9hblp6j3m7p3dycs96xpac9fxiv-vscodium-1.92.2.24228/lib/vscode/resources/app/out/vs/workbench/api/node/extensionHostProcess.js:160:10198)
	at m.terminate (/nix/store/9nyan9hblp6j3m7p3dycs96xpac9fxiv-vscodium-1.92.2.24228/lib/vscode/resources/app/out/vs/workbench/api/node/extensionHostProcess.js:160:10581)
	at p.terminate (/nix/store/9nyan9hblp6j3m7p3dycs96xpac9fxiv-vscodium-1.92.2.24228/lib/vscode/resources/app/out/vs/workbench/api/node/extensionHostProcess.js:164:1908)
	at o (/nix/store/9nyan9hblp6j3m7p3dycs96xpac9fxiv-vscodium-1.92.2.24228/lib/vscode/resources/app/out/vs/workbench/api/node/extensionHostProcess.js:177:12370)
	at MessagePortMain.<anonymous> (/nix/store/9nyan9hblp6j3m7p3dycs96xpac9fxiv-vscodium-1.92.2.24228/lib/vscode/resources/app/out/vs/workbench/api/node/extensionHostProcess.js:177:8180)
	at MessagePortMain.emit (node:events:519:28)
	at MessagePortMain._internalPort.emit (node:electron/js2c/utility_init:2:2285) setContext undefined
2024-09-07 00:00:03.397 [error] Canceled: Canceled
	at new P (/nix/store/9nyan9hblp6j3m7p3dycs96xpac9fxiv-vscodium-1.92.2.24228/lib/vscode/resources/app/out/vs/workbench/api/node/extensionHostProcess.js:144:39331)
	at w._remoteCall (/nix/store/9nyan9hblp6j3m7p3dycs96xpac9fxiv-vscodium-1.92.2.24228/lib/vscode/resources/app/out/vs/workbench/api/node/extensionHostProcess.js:151:8160)
	at U.<computed>.x.charCodeAt.k.CharCode.DollarSign.U.<computed> (/nix/store/9nyan9hblp6j3m7p3dycs96xpac9fxiv-vscodium-1.92.2.24228/lib/vscode/resources/app/out/vs/workbench/api/node/extensionHostProcess.js:151:4351)
	at h._doExecuteCommand (/nix/store/9nyan9hblp6j3m7p3dycs96xpac9fxiv-vscodium-1.92.2.24228/lib/vscode/resources/app/out/vs/workbench/api/node/extensionHostProcess.js:154:243642)
	at h.executeCommand (/nix/store/9nyan9hblp6j3m7p3dycs96xpac9fxiv-vscodium-1.92.2.24228/lib/vscode/resources/app/out/vs/workbench/api/node/extensionHostProcess.js:154:242967)
	at A.registerCommand.description (/nix/store/9nyan9hblp6j3m7p3dycs96xpac9fxiv-vscodium-1.92.2.24228/lib/vscode/resources/app/out/vs/workbench/api/node/extensionHostProcess.js:154:242211)
	at h._executeContributedCommand (/nix/store/9nyan9hblp6j3m7p3dycs96xpac9fxiv-vscodium-1.92.2.24228/lib/vscode/resources/app/out/vs/workbench/api/node/extensionHostProcess.js:154:244280)
	at h._doExecuteCommand (/nix/store/9nyan9hblp6j3m7p3dycs96xpac9fxiv-vscodium-1.92.2.24228/lib/vscode/resources/app/out/vs/workbench/api/node/extensionHostProcess.js:154:243100)
	at h.executeCommand (/nix/store/9nyan9hblp6j3m7p3dycs96xpac9fxiv-vscodium-1.92.2.24228/lib/vscode/resources/app/out/vs/workbench/api/node/extensionHostProcess.js:154:242967)
	at Object.executeCommand (/nix/store/9nyan9hblp6j3m7p3dycs96xpac9fxiv-vscodium-1.92.2.24228/lib/vscode/resources/app/out/vs/workbench/api/node/extensionHostProcess.js:164:29724)
	at T.reset (/home/ser/.vscode-oss/extensions/asvetliakov.vscode-neovim-1.18.10-universal/dist/extension.js:2:187724)
	at a.<anonymous> (/home/ser/.vscode-oss/extensions/asvetliakov.vscode-neovim-1.18.10-universal/dist/extension.js:2:407017)
	at a.dispose (/nix/store/9nyan9hblp6j3m7p3dycs96xpac9fxiv-vscodium-1.92.2.24228/lib/vscode/resources/app/out/vs/workbench/api/node/extensionHostProcess.js:152:6598)
	at p (/nix/store/9nyan9hblp6j3m7p3dycs96xpac9fxiv-vscodium-1.92.2.24228/lib/vscode/resources/app/out/vs/workbench/api/node/extensionHostProcess.js:30:758)
	at /nix/store/9nyan9hblp6j3m7p3dycs96xpac9fxiv-vscodium-1.92.2.24228/lib/vscode/resources/app/out/vs/workbench/api/node/extensionHostProcess.js:160:17179
	at /nix/store/9nyan9hblp6j3m7p3dycs96xpac9fxiv-vscodium-1.92.2.24228/lib/vscode/resources/app/out/vs/workbench/api/node/extensionHostProcess.js:30:1147
	at Object.dispose (/nix/store/9nyan9hblp6j3m7p3dycs96xpac9fxiv-vscodium-1.92.2.24228/lib/vscode/resources/app/out/vs/workbench/api/node/extensionHostProcess.js:11:12373)
	at m._deactivate (/nix/store/9nyan9hblp6j3m7p3dycs96xpac9fxiv-vscodium-1.92.2.24228/lib/vscode/resources/app/out/vs/workbench/api/node/extensionHostProcess.js:160:13066)
	at /nix/store/9nyan9hblp6j3m7p3dycs96xpac9fxiv-vscodium-1.92.2.24228/lib/vscode/resources/app/out/vs/workbench/api/node/extensionHostProcess.js:160:10211
	at Array.map (<anonymous>)
	at m._deactivateAll (/nix/store/9nyan9hblp6j3m7p3dycs96xpac9fxiv-vscodium-1.92.2.24228/lib/vscode/resources/app/out/vs/workbench/api/node/extensionHostProcess.js:160:10198)
	at m.terminate (/nix/store/9nyan9hblp6j3m7p3dycs96xpac9fxiv-vscodium-1.92.2.24228/lib/vscode/resources/app/out/vs/workbench/api/node/extensionHostProcess.js:160:10581)
	at p.terminate (/nix/store/9nyan9hblp6j3m7p3dycs96xpac9fxiv-vscodium-1.92.2.24228/lib/vscode/resources/app/out/vs/workbench/api/node/extensionHostProcess.js:164:1908)
	at o (/nix/store/9nyan9hblp6j3m7p3dycs96xpac9fxiv-vscodium-1.92.2.24228/lib/vscode/resources/app/out/vs/workbench/api/node/extensionHostProcess.js:177:12370)
	at MessagePortMain.<anonymous> (/nix/store/9nyan9hblp6j3m7p3dycs96xpac9fxiv-vscodium-1.92.2.24228/lib/vscode/resources/app/out/vs/workbench/api/node/extensionHostProcess.js:177:8180)
	at MessagePortMain.emit (node:events:519:28)
	at MessagePortMain._internalPort.emit (node:electron/js2c/utility_init:2:2285) setContext undefined
2024-09-07 00:00:03.397 [error] Canceled: Canceled
	at new P (/nix/store/9nyan9hblp6j3m7p3dycs96xpac9fxiv-vscodium-1.92.2.24228/lib/vscode/resources/app/out/vs/workbench/api/node/extensionHostProcess.js:144:39331)
	at w._remoteCall (/nix/store/9nyan9hblp6j3m7p3dycs96xpac9fxiv-vscodium-1.92.2.24228/lib/vscode/resources/app/out/vs/workbench/api/node/extensionHostProcess.js:151:8160)
	at U.<computed>.x.charCodeAt.k.CharCode.DollarSign.U.<computed> (/nix/store/9nyan9hblp6j3m7p3dycs96xpac9fxiv-vscodium-1.92.2.24228/lib/vscode/resources/app/out/vs/workbench/api/node/extensionHostProcess.js:151:4351)
	at h._doExecuteCommand (/nix/store/9nyan9hblp6j3m7p3dycs96xpac9fxiv-vscodium-1.92.2.24228/lib/vscode/resources/app/out/vs/workbench/api/node/extensionHostProcess.js:154:243642)
	at h.executeCommand (/nix/store/9nyan9hblp6j3m7p3dycs96xpac9fxiv-vscodium-1.92.2.24228/lib/vscode/resources/app/out/vs/workbench/api/node/extensionHostProcess.js:154:242967)
	at A.registerCommand.description (/nix/store/9nyan9hblp6j3m7p3dycs96xpac9fxiv-vscodium-1.92.2.24228/lib/vscode/resources/app/out/vs/workbench/api/node/extensionHostProcess.js:154:242211)
	at h._executeContributedCommand (/nix/store/9nyan9hblp6j3m7p3dycs96xpac9fxiv-vscodium-1.92.2.24228/lib/vscode/resources/app/out/vs/workbench/api/node/extensionHostProcess.js:154:244280)
	at h._doExecuteCommand (/nix/store/9nyan9hblp6j3m7p3dycs96xpac9fxiv-vscodium-1.92.2.24228/lib/vscode/resources/app/out/vs/workbench/api/node/extensionHostProcess.js:154:243100)
	at h.executeCommand (/nix/store/9nyan9hblp6j3m7p3dycs96xpac9fxiv-vscodium-1.92.2.24228/lib/vscode/resources/app/out/vs/workbench/api/node/extensionHostProcess.js:154:242967)
	at Object.executeCommand (/nix/store/9nyan9hblp6j3m7p3dycs96xpac9fxiv-vscodium-1.92.2.24228/lib/vscode/resources/app/out/vs/workbench/api/node/extensionHostProcess.js:164:29724)
	at T.reset (/home/ser/.vscode-oss/extensions/asvetliakov.vscode-neovim-1.18.10-universal/dist/extension.js:2:187724)
	at a.<anonymous> (/home/ser/.vscode-oss/extensions/asvetliakov.vscode-neovim-1.18.10-universal/dist/extension.js:2:407017)
	at a.dispose (/nix/store/9nyan9hblp6j3m7p3dycs96xpac9fxiv-vscodium-1.92.2.24228/lib/vscode/resources/app/out/vs/workbench/api/node/extensionHostProcess.js:152:6598)
	at p (/nix/store/9nyan9hblp6j3m7p3dycs96xpac9fxiv-vscodium-1.92.2.24228/lib/vscode/resources/app/out/vs/workbench/api/node/extensionHostProcess.js:30:758)
	at /nix/store/9nyan9hblp6j3m7p3dycs96xpac9fxiv-vscodium-1.92.2.24228/lib/vscode/resources/app/out/vs/workbench/api/node/extensionHostProcess.js:160:17179
	at /nix/store/9nyan9hblp6j3m7p3dycs96xpac9fxiv-vscodium-1.92.2.24228/lib/vscode/resources/app/out/vs/workbench/api/node/extensionHostProcess.js:30:1147
	at Object.dispose (/nix/store/9nyan9hblp6j3m7p3dycs96xpac9fxiv-vscodium-1.92.2.24228/lib/vscode/resources/app/out/vs/workbench/api/node/extensionHostProcess.js:11:12373)
	at m._deactivate (/nix/store/9nyan9hblp6j3m7p3dycs96xpac9fxiv-vscodium-1.92.2.24228/lib/vscode/resources/app/out/vs/workbench/api/node/extensionHostProcess.js:160:13066)
	at /nix/store/9nyan9hblp6j3m7p3dycs96xpac9fxiv-vscodium-1.92.2.24228/lib/vscode/resources/app/out/vs/workbench/api/node/extensionHostProcess.js:160:10211
	at Array.map (<anonymous>)
	at m._deactivateAll (/nix/store/9nyan9hblp6j3m7p3dycs96xpac9fxiv-vscodium-1.92.2.24228/lib/vscode/resources/app/out/vs/workbench/api/node/extensionHostProcess.js:160:10198)
	at m.terminate (/nix/store/9nyan9hblp6j3m7p3dycs96xpac9fxiv-vscodium-1.92.2.24228/lib/vscode/resources/app/out/vs/workbench/api/node/extensionHostProcess.js:160:10581)
	at p.terminate (/nix/store/9nyan9hblp6j3m7p3dycs96xpac9fxiv-vscodium-1.92.2.24228/lib/vscode/resources/app/out/vs/workbench/api/node/extensionHostProcess.js:164:1908)
	at o (/nix/store/9nyan9hblp6j3m7p3dycs96xpac9fxiv-vscodium-1.92.2.24228/lib/vscode/resources/app/out/vs/workbench/api/node/extensionHostProcess.js:177:12370)
	at MessagePortMain.<anonymous> (/nix/store/9nyan9hblp6j3m7p3dycs96xpac9fxiv-vscodium-1.92.2.24228/lib/vscode/resources/app/out/vs/workbench/api/node/extensionHostProcess.js:177:8180)
	at MessagePortMain.emit (node:events:519:28)
	at MessagePortMain._internalPort.emit (node:electron/js2c/utility_init:2:2285) setContext undefined
2024-09-07 00:00:03.397 [error] Canceled: Canceled
	at new P (/nix/store/9nyan9hblp6j3m7p3dycs96xpac9fxiv-vscodium-1.92.2.24228/lib/vscode/resources/app/out/vs/workbench/api/node/extensionHostProcess.js:144:39331)
	at w._remoteCall (/nix/store/9nyan9hblp6j3m7p3dycs96xpac9fxiv-vscodium-1.92.2.24228/lib/vscode/resources/app/out/vs/workbench/api/node/extensionHostProcess.js:151:8160)
	at U.<computed>.x.charCodeAt.k.CharCode.DollarSign.U.<computed> (/nix/store/9nyan9hblp6j3m7p3dycs96xpac9fxiv-vscodium-1.92.2.24228/lib/vscode/resources/app/out/vs/workbench/api/node/extensionHostProcess.js:151:4351)
	at h._doExecuteCommand (/nix/store/9nyan9hblp6j3m7p3dycs96xpac9fxiv-vscodium-1.92.2.24228/lib/vscode/resources/app/out/vs/workbench/api/node/extensionHostProcess.js:154:243642)
	at h.executeCommand (/nix/store/9nyan9hblp6j3m7p3dycs96xpac9fxiv-vscodium-1.92.2.24228/lib/vscode/resources/app/out/vs/workbench/api/node/extensionHostProcess.js:154:242967)
	at A.registerCommand.description (/nix/store/9nyan9hblp6j3m7p3dycs96xpac9fxiv-vscodium-1.92.2.24228/lib/vscode/resources/app/out/vs/workbench/api/node/extensionHostProcess.js:154:242211)
	at h._executeContributedCommand (/nix/store/9nyan9hblp6j3m7p3dycs96xpac9fxiv-vscodium-1.92.2.24228/lib/vscode/resources/app/out/vs/workbench/api/node/extensionHostProcess.js:154:244280)
	at h._doExecuteCommand (/nix/store/9nyan9hblp6j3m7p3dycs96xpac9fxiv-vscodium-1.92.2.24228/lib/vscode/resources/app/out/vs/workbench/api/node/extensionHostProcess.js:154:243100)
	at h.executeCommand (/nix/store/9nyan9hblp6j3m7p3dycs96xpac9fxiv-vscodium-1.92.2.24228/lib/vscode/resources/app/out/vs/workbench/api/node/extensionHostProcess.js:154:242967)
	at Object.executeCommand (/nix/store/9nyan9hblp6j3m7p3dycs96xpac9fxiv-vscodium-1.92.2.24228/lib/vscode/resources/app/out/vs/workbench/api/node/extensionHostProcess.js:164:29724)
	at T.reset (/home/ser/.vscode-oss/extensions/asvetliakov.vscode-neovim-1.18.10-universal/dist/extension.js:2:187724)
	at a.<anonymous> (/home/ser/.vscode-oss/extensions/asvetliakov.vscode-neovim-1.18.10-universal/dist/extension.js:2:407017)
	at a.dispose (/nix/store/9nyan9hblp6j3m7p3dycs96xpac9fxiv-vscodium-1.92.2.24228/lib/vscode/resources/app/out/vs/workbench/api/node/extensionHostProcess.js:152:6598)
	at p (/nix/store/9nyan9hblp6j3m7p3dycs96xpac9fxiv-vscodium-1.92.2.24228/lib/vscode/resources/app/out/vs/workbench/api/node/extensionHostProcess.js:30:758)
	at /nix/store/9nyan9hblp6j3m7p3dycs96xpac9fxiv-vscodium-1.92.2.24228/lib/vscode/resources/app/out/vs/workbench/api/node/extensionHostProcess.js:160:17179
	at /nix/store/9nyan9hblp6j3m7p3dycs96xpac9fxiv-vscodium-1.92.2.24228/lib/vscode/resources/app/out/vs/workbench/api/node/extensionHostProcess.js:30:1147
	at Object.dispose (/nix/store/9nyan9hblp6j3m7p3dycs96xpac9fxiv-vscodium-1.92.2.24228/lib/vscode/resources/app/out/vs/workbench/api/node/extensionHostProcess.js:11:12373)
	at m._deactivate (/nix/store/9nyan9hblp6j3m7p3dycs96xpac9fxiv-vscodium-1.92.2.24228/lib/vscode/resources/app/out/vs/workbench/api/node/extensionHostProcess.js:160:13066)
	at /nix/store/9nyan9hblp6j3m7p3dycs96xpac9fxiv-vscodium-1.92.2.24228/lib/vscode/resources/app/out/vs/workbench/api/node/extensionHostProcess.js:160:10211
	at Array.map (<anonymous>)
	at m._deactivateAll (/nix/store/9nyan9hblp6j3m7p3dycs96xpac9fxiv-vscodium-1.92.2.24228/lib/vscode/resources/app/out/vs/workbench/api/node/extensionHostProcess.js:160:10198)
	at m.terminate (/nix/store/9nyan9hblp6j3m7p3dycs96xpac9fxiv-vscodium-1.92.2.24228/lib/vscode/resources/app/out/vs/workbench/api/node/extensionHostProcess.js:160:10581)
	at p.terminate (/nix/store/9nyan9hblp6j3m7p3dycs96xpac9fxiv-vscodium-1.92.2.24228/lib/vscode/resources/app/out/vs/workbench/api/node/extensionHostProcess.js:164:1908)
	at o (/nix/store/9nyan9hblp6j3m7p3dycs96xpac9fxiv-vscodium-1.92.2.24228/lib/vscode/resources/app/out/vs/workbench/api/node/extensionHostProcess.js:177:12370)
	at MessagePortMain.<anonymous> (/nix/store/9nyan9hblp6j3m7p3dycs96xpac9fxiv-vscodium-1.92.2.24228/lib/vscode/resources/app/out/vs/workbench/api/node/extensionHostProcess.js:177:8180)
	at MessagePortMain.emit (node:events:519:28)
	at MessagePortMain._internalPort.emit (node:electron/js2c/utility_init:2:2285) setContext undefined
2024-09-07 00:00:03.397 [error] Canceled: Canceled
	at new P (/nix/store/9nyan9hblp6j3m7p3dycs96xpac9fxiv-vscodium-1.92.2.24228/lib/vscode/resources/app/out/vs/workbench/api/node/extensionHostProcess.js:144:39331)
	at w._remoteCall (/nix/store/9nyan9hblp6j3m7p3dycs96xpac9fxiv-vscodium-1.92.2.24228/lib/vscode/resources/app/out/vs/workbench/api/node/extensionHostProcess.js:151:8160)
	at U.<computed>.x.charCodeAt.k.CharCode.DollarSign.U.<computed> (/nix/store/9nyan9hblp6j3m7p3dycs96xpac9fxiv-vscodium-1.92.2.24228/lib/vscode/resources/app/out/vs/workbench/api/node/extensionHostProcess.js:151:4351)
	at h._doExecuteCommand (/nix/store/9nyan9hblp6j3m7p3dycs96xpac9fxiv-vscodium-1.92.2.24228/lib/vscode/resources/app/out/vs/workbench/api/node/extensionHostProcess.js:154:243642)
	at h.executeCommand (/nix/store/9nyan9hblp6j3m7p3dycs96xpac9fxiv-vscodium-1.92.2.24228/lib/vscode/resources/app/out/vs/workbench/api/node/extensionHostProcess.js:154:242967)
	at A.registerCommand.description (/nix/store/9nyan9hblp6j3m7p3dycs96xpac9fxiv-vscodium-1.92.2.24228/lib/vscode/resources/app/out/vs/workbench/api/node/extensionHostProcess.js:154:242211)
	at h._executeContributedCommand (/nix/store/9nyan9hblp6j3m7p3dycs96xpac9fxiv-vscodium-1.92.2.24228/lib/vscode/resources/app/out/vs/workbench/api/node/extensionHostProcess.js:154:244280)
	at h._doExecuteCommand (/nix/store/9nyan9hblp6j3m7p3dycs96xpac9fxiv-vscodium-1.92.2.24228/lib/vscode/resources/app/out/vs/workbench/api/node/extensionHostProcess.js:154:243100)
	at h.executeCommand (/nix/store/9nyan9hblp6j3m7p3dycs96xpac9fxiv-vscodium-1.92.2.24228/lib/vscode/resources/app/out/vs/workbench/api/node/extensionHostProcess.js:154:242967)
	at Object.executeCommand (/nix/store/9nyan9hblp6j3m7p3dycs96xpac9fxiv-vscodium-1.92.2.24228/lib/vscode/resources/app/out/vs/workbench/api/node/extensionHostProcess.js:164:29724)
	at T.reset (/home/ser/.vscode-oss/extensions/asvetliakov.vscode-neovim-1.18.10-universal/dist/extension.js:2:187724)
	at a.<anonymous> (/home/ser/.vscode-oss/extensions/asvetliakov.vscode-neovim-1.18.10-universal/dist/extension.js:2:407017)
	at a.dispose (/nix/store/9nyan9hblp6j3m7p3dycs96xpac9fxiv-vscodium-1.92.2.24228/lib/vscode/resources/app/out/vs/workbench/api/node/extensionHostProcess.js:152:6598)
	at p (/nix/store/9nyan9hblp6j3m7p3dycs96xpac9fxiv-vscodium-1.92.2.24228/lib/vscode/resources/app/out/vs/workbench/api/node/extensionHostProcess.js:30:758)
	at /nix/store/9nyan9hblp6j3m7p3dycs96xpac9fxiv-vscodium-1.92.2.24228/lib/vscode/resources/app/out/vs/workbench/api/node/extensionHostProcess.js:160:17179
	at /nix/store/9nyan9hblp6j3m7p3dycs96xpac9fxiv-vscodium-1.92.2.24228/lib/vscode/resources/app/out/vs/workbench/api/node/extensionHostProcess.js:30:1147
	at Object.dispose (/nix/store/9nyan9hblp6j3m7p3dycs96xpac9fxiv-vscodium-1.92.2.24228/lib/vscode/resources/app/out/vs/workbench/api/node/extensionHostProcess.js:11:12373)
	at m._deactivate (/nix/store/9nyan9hblp6j3m7p3dycs96xpac9fxiv-vscodium-1.92.2.24228/lib/vscode/resources/app/out/vs/workbench/api/node/extensionHostProcess.js:160:13066)
	at /nix/store/9nyan9hblp6j3m7p3dycs96xpac9fxiv-vscodium-1.92.2.24228/lib/vscode/resources/app/out/vs/workbench/api/node/extensionHostProcess.js:160:10211
	at Array.map (<anonymous>)
	at m._deactivateAll (/nix/store/9nyan9hblp6j3m7p3dycs96xpac9fxiv-vscodium-1.92.2.24228/lib/vscode/resources/app/out/vs/workbench/api/node/extensionHostProcess.js:160:10198)
	at m.terminate (/nix/store/9nyan9hblp6j3m7p3dycs96xpac9fxiv-vscodium-1.92.2.24228/lib/vscode/resources/app/out/vs/workbench/api/node/extensionHostProcess.js:160:10581)
	at p.terminate (/nix/store/9nyan9hblp6j3m7p3dycs96xpac9fxiv-vscodium-1.92.2.24228/lib/vscode/resources/app/out/vs/workbench/api/node/extensionHostProcess.js:164:1908)
	at o (/nix/store/9nyan9hblp6j3m7p3dycs96xpac9fxiv-vscodium-1.92.2.24228/lib/vscode/resources/app/out/vs/workbench/api/node/extensionHostProcess.js:177:12370)
	at MessagePortMain.<anonymous> (/nix/store/9nyan9hblp6j3m7p3dycs96xpac9fxiv-vscodium-1.92.2.24228/lib/vscode/resources/app/out/vs/workbench/api/node/extensionHostProcess.js:177:8180)
	at MessagePortMain.emit (node:events:519:28)
	at MessagePortMain._internalPort.emit (node:electron/js2c/utility_init:2:2285) setContext undefined
2024-09-07 00:00:03.397 [error] Canceled: Canceled
	at new P (/nix/store/9nyan9hblp6j3m7p3dycs96xpac9fxiv-vscodium-1.92.2.24228/lib/vscode/resources/app/out/vs/workbench/api/node/extensionHostProcess.js:144:39331)
	at w._remoteCall (/nix/store/9nyan9hblp6j3m7p3dycs96xpac9fxiv-vscodium-1.92.2.24228/lib/vscode/resources/app/out/vs/workbench/api/node/extensionHostProcess.js:151:8160)
	at U.<computed>.x.charCodeAt.k.CharCode.DollarSign.U.<computed> (/nix/store/9nyan9hblp6j3m7p3dycs96xpac9fxiv-vscodium-1.92.2.24228/lib/vscode/resources/app/out/vs/workbench/api/node/extensionHostProcess.js:151:4351)
	at h._doExecuteCommand (/nix/store/9nyan9hblp6j3m7p3dycs96xpac9fxiv-vscodium-1.92.2.24228/lib/vscode/resources/app/out/vs/workbench/api/node/extensionHostProcess.js:154:243642)
	at h.executeCommand (/nix/store/9nyan9hblp6j3m7p3dycs96xpac9fxiv-vscodium-1.92.2.24228/lib/vscode/resources/app/out/vs/workbench/api/node/extensionHostProcess.js:154:242967)
	at A.registerCommand.description (/nix/store/9nyan9hblp6j3m7p3dycs96xpac9fxiv-vscodium-1.92.2.24228/lib/vscode/resources/app/out/vs/workbench/api/node/extensionHostProcess.js:154:242211)
	at h._executeContributedCommand (/nix/store/9nyan9hblp6j3m7p3dycs96xpac9fxiv-vscodium-1.92.2.24228/lib/vscode/resources/app/out/vs/workbench/api/node/extensionHostProcess.js:154:244280)
	at h._doExecuteCommand (/nix/store/9nyan9hblp6j3m7p3dycs96xpac9fxiv-vscodium-1.92.2.24228/lib/vscode/resources/app/out/vs/workbench/api/node/extensionHostProcess.js:154:243100)
	at h.executeCommand (/nix/store/9nyan9hblp6j3m7p3dycs96xpac9fxiv-vscodium-1.92.2.24228/lib/vscode/resources/app/out/vs/workbench/api/node/extensionHostProcess.js:154:242967)
	at Object.executeCommand (/nix/store/9nyan9hblp6j3m7p3dycs96xpac9fxiv-vscodium-1.92.2.24228/lib/vscode/resources/app/out/vs/workbench/api/node/extensionHostProcess.js:164:29724)
	at T.reset (/home/ser/.vscode-oss/extensions/asvetliakov.vscode-neovim-1.18.10-universal/dist/extension.js:2:187724)
	at a.<anonymous> (/home/ser/.vscode-oss/extensions/asvetliakov.vscode-neovim-1.18.10-universal/dist/extension.js:2:407017)
	at a.dispose (/nix/store/9nyan9hblp6j3m7p3dycs96xpac9fxiv-vscodium-1.92.2.24228/lib/vscode/resources/app/out/vs/workbench/api/node/extensionHostProcess.js:152:6598)
	at p (/nix/store/9nyan9hblp6j3m7p3dycs96xpac9fxiv-vscodium-1.92.2.24228/lib/vscode/resources/app/out/vs/workbench/api/node/extensionHostProcess.js:30:758)
	at /nix/store/9nyan9hblp6j3m7p3dycs96xpac9fxiv-vscodium-1.92.2.24228/lib/vscode/resources/app/out/vs/workbench/api/node/extensionHostProcess.js:160:17179
	at /nix/store/9nyan9hblp6j3m7p3dycs96xpac9fxiv-vscodium-1.92.2.24228/lib/vscode/resources/app/out/vs/workbench/api/node/extensionHostProcess.js:30:1147
	at Object.dispose (/nix/store/9nyan9hblp6j3m7p3dycs96xpac9fxiv-vscodium-1.92.2.24228/lib/vscode/resources/app/out/vs/workbench/api/node/extensionHostProcess.js:11:12373)
	at m._deactivate (/nix/store/9nyan9hblp6j3m7p3dycs96xpac9fxiv-vscodium-1.92.2.24228/lib/vscode/resources/app/out/vs/workbench/api/node/extensionHostProcess.js:160:13066)
	at /nix/store/9nyan9hblp6j3m7p3dycs96xpac9fxiv-vscodium-1.92.2.24228/lib/vscode/resources/app/out/vs/workbench/api/node/extensionHostProcess.js:160:10211
	at Array.map (<anonymous>)
	at m._deactivateAll (/nix/store/9nyan9hblp6j3m7p3dycs96xpac9fxiv-vscodium-1.92.2.24228/lib/vscode/resources/app/out/vs/workbench/api/node/extensionHostProcess.js:160:10198)
	at m.terminate (/nix/store/9nyan9hblp6j3m7p3dycs96xpac9fxiv-vscodium-1.92.2.24228/lib/vscode/resources/app/out/vs/workbench/api/node/extensionHostProcess.js:160:10581)
	at p.terminate (/nix/store/9nyan9hblp6j3m7p3dycs96xpac9fxiv-vscodium-1.92.2.24228/lib/vscode/resources/app/out/vs/workbench/api/node/extensionHostProcess.js:164:1908)
	at o (/nix/store/9nyan9hblp6j3m7p3dycs96xpac9fxiv-vscodium-1.92.2.24228/lib/vscode/resources/app/out/vs/workbench/api/node/extensionHostProcess.js:177:12370)
	at MessagePortMain.<anonymous> (/nix/store/9nyan9hblp6j3m7p3dycs96xpac9fxiv-vscodium-1.92.2.24228/lib/vscode/resources/app/out/vs/workbench/api/node/extensionHostProcess.js:177:8180)
	at MessagePortMain.emit (node:events:519:28)
	at MessagePortMain._internalPort.emit (node:electron/js2c/utility_init:2:2285) setContext undefined
2024-09-07 00:00:03.397 [error] Canceled: Canceled
	at new P (/nix/store/9nyan9hblp6j3m7p3dycs96xpac9fxiv-vscodium-1.92.2.24228/lib/vscode/resources/app/out/vs/workbench/api/node/extensionHostProcess.js:144:39331)
	at w._remoteCall (/nix/store/9nyan9hblp6j3m7p3dycs96xpac9fxiv-vscodium-1.92.2.24228/lib/vscode/resources/app/out/vs/workbench/api/node/extensionHostProcess.js:151:8160)
	at U.<computed>.x.charCodeAt.k.CharCode.DollarSign.U.<computed> (/nix/store/9nyan9hblp6j3m7p3dycs96xpac9fxiv-vscodium-1.92.2.24228/lib/vscode/resources/app/out/vs/workbench/api/node/extensionHostProcess.js:151:4351)
	at h._doExecuteCommand (/nix/store/9nyan9hblp6j3m7p3dycs96xpac9fxiv-vscodium-1.92.2.24228/lib/vscode/resources/app/out/vs/workbench/api/node/extensionHostProcess.js:154:243642)
	at h.executeCommand (/nix/store/9nyan9hblp6j3m7p3dycs96xpac9fxiv-vscodium-1.92.2.24228/lib/vscode/resources/app/out/vs/workbench/api/node/extensionHostProcess.js:154:242967)
	at A.registerCommand.description (/nix/store/9nyan9hblp6j3m7p3dycs96xpac9fxiv-vscodium-1.92.2.24228/lib/vscode/resources/app/out/vs/workbench/api/node/extensionHostProcess.js:154:242211)
	at h._executeContributedCommand (/nix/store/9nyan9hblp6j3m7p3dycs96xpac9fxiv-vscodium-1.92.2.24228/lib/vscode/resources/app/out/vs/workbench/api/node/extensionHostProcess.js:154:244280)
	at h._doExecuteCommand (/nix/store/9nyan9hblp6j3m7p3dycs96xpac9fxiv-vscodium-1.92.2.24228/lib/vscode/resources/app/out/vs/workbench/api/node/extensionHostProcess.js:154:243100)
	at h.executeCommand (/nix/store/9nyan9hblp6j3m7p3dycs96xpac9fxiv-vscodium-1.92.2.24228/lib/vscode/resources/app/out/vs/workbench/api/node/extensionHostProcess.js:154:242967)
	at Object.executeCommand (/nix/store/9nyan9hblp6j3m7p3dycs96xpac9fxiv-vscodium-1.92.2.24228/lib/vscode/resources/app/out/vs/workbench/api/node/extensionHostProcess.js:164:29724)
	at T.reset (/home/ser/.vscode-oss/extensions/asvetliakov.vscode-neovim-1.18.10-universal/dist/extension.js:2:187724)
	at a.<anonymous> (/home/ser/.vscode-oss/extensions/asvetliakov.vscode-neovim-1.18.10-universal/dist/extension.js:2:407017)
	at a.dispose (/nix/store/9nyan9hblp6j3m7p3dycs96xpac9fxiv-vscodium-1.92.2.24228/lib/vscode/resources/app/out/vs/workbench/api/node/extensionHostProcess.js:152:6598)
	at p (/nix/store/9nyan9hblp6j3m7p3dycs96xpac9fxiv-vscodium-1.92.2.24228/lib/vscode/resources/app/out/vs/workbench/api/node/extensionHostProcess.js:30:758)
	at /nix/store/9nyan9hblp6j3m7p3dycs96xpac9fxiv-vscodium-1.92.2.24228/lib/vscode/resources/app/out/vs/workbench/api/node/extensionHostProcess.js:160:17179
	at /nix/store/9nyan9hblp6j3m7p3dycs96xpac9fxiv-vscodium-1.92.2.24228/lib/vscode/resources/app/out/vs/workbench/api/node/extensionHostProcess.js:30:1147
	at Object.dispose (/nix/store/9nyan9hblp6j3m7p3dycs96xpac9fxiv-vscodium-1.92.2.24228/lib/vscode/resources/app/out/vs/workbench/api/node/extensionHostProcess.js:11:12373)
	at m._deactivate (/nix/store/9nyan9hblp6j3m7p3dycs96xpac9fxiv-vscodium-1.92.2.24228/lib/vscode/resources/app/out/vs/workbench/api/node/extensionHostProcess.js:160:13066)
	at /nix/store/9nyan9hblp6j3m7p3dycs96xpac9fxiv-vscodium-1.92.2.24228/lib/vscode/resources/app/out/vs/workbench/api/node/extensionHostProcess.js:160:10211
	at Array.map (<anonymous>)
	at m._deactivateAll (/nix/store/9nyan9hblp6j3m7p3dycs96xpac9fxiv-vscodium-1.92.2.24228/lib/vscode/resources/app/out/vs/workbench/api/node/extensionHostProcess.js:160:10198)
	at m.terminate (/nix/store/9nyan9hblp6j3m7p3dycs96xpac9fxiv-vscodium-1.92.2.24228/lib/vscode/resources/app/out/vs/workbench/api/node/extensionHostProcess.js:160:10581)
	at p.terminate (/nix/store/9nyan9hblp6j3m7p3dycs96xpac9fxiv-vscodium-1.92.2.24228/lib/vscode/resources/app/out/vs/workbench/api/node/extensionHostProcess.js:164:1908)
	at o (/nix/store/9nyan9hblp6j3m7p3dycs96xpac9fxiv-vscodium-1.92.2.24228/lib/vscode/resources/app/out/vs/workbench/api/node/extensionHostProcess.js:177:12370)
	at MessagePortMain.<anonymous> (/nix/store/9nyan9hblp6j3m7p3dycs96xpac9fxiv-vscodium-1.92.2.24228/lib/vscode/resources/app/out/vs/workbench/api/node/extensionHostProcess.js:177:8180)
	at MessagePortMain.emit (node:events:519:28)
	at MessagePortMain._internalPort.emit (node:electron/js2c/utility_init:2:2285) setContext undefined
2024-09-07 00:00:03.397 [error] Canceled: Canceled
	at new P (/nix/store/9nyan9hblp6j3m7p3dycs96xpac9fxiv-vscodium-1.92.2.24228/lib/vscode/resources/app/out/vs/workbench/api/node/extensionHostProcess.js:144:39331)
	at w._remoteCall (/nix/store/9nyan9hblp6j3m7p3dycs96xpac9fxiv-vscodium-1.92.2.24228/lib/vscode/resources/app/out/vs/workbench/api/node/extensionHostProcess.js:151:8160)
	at U.<computed>.x.charCodeAt.k.CharCode.DollarSign.U.<computed> (/nix/store/9nyan9hblp6j3m7p3dycs96xpac9fxiv-vscodium-1.92.2.24228/lib/vscode/resources/app/out/vs/workbench/api/node/extensionHostProcess.js:151:4351)
	at h._doExecuteCommand (/nix/store/9nyan9hblp6j3m7p3dycs96xpac9fxiv-vscodium-1.92.2.24228/lib/vscode/resources/app/out/vs/workbench/api/node/extensionHostProcess.js:154:243642)
	at h.executeCommand (/nix/store/9nyan9hblp6j3m7p3dycs96xpac9fxiv-vscodium-1.92.2.24228/lib/vscode/resources/app/out/vs/workbench/api/node/extensionHostProcess.js:154:242967)
	at A.registerCommand.description (/nix/store/9nyan9hblp6j3m7p3dycs96xpac9fxiv-vscodium-1.92.2.24228/lib/vscode/resources/app/out/vs/workbench/api/node/extensionHostProcess.js:154:242211)
	at h._executeContributedCommand (/nix/store/9nyan9hblp6j3m7p3dycs96xpac9fxiv-vscodium-1.92.2.24228/lib/vscode/resources/app/out/vs/workbench/api/node/extensionHostProcess.js:154:244280)
	at h._doExecuteCommand (/nix/store/9nyan9hblp6j3m7p3dycs96xpac9fxiv-vscodium-1.92.2.24228/lib/vscode/resources/app/out/vs/workbench/api/node/extensionHostProcess.js:154:243100)
	at h.executeCommand (/nix/store/9nyan9hblp6j3m7p3dycs96xpac9fxiv-vscodium-1.92.2.24228/lib/vscode/resources/app/out/vs/workbench/api/node/extensionHostProcess.js:154:242967)
	at Object.executeCommand (/nix/store/9nyan9hblp6j3m7p3dycs96xpac9fxiv-vscodium-1.92.2.24228/lib/vscode/resources/app/out/vs/workbench/api/node/extensionHostProcess.js:164:29724)
	at T.reset (/home/ser/.vscode-oss/extensions/asvetliakov.vscode-neovim-1.18.10-universal/dist/extension.js:2:187724)
	at a.<anonymous> (/home/ser/.vscode-oss/extensions/asvetliakov.vscode-neovim-1.18.10-universal/dist/extension.js:2:407017)
	at a.dispose (/nix/store/9nyan9hblp6j3m7p3dycs96xpac9fxiv-vscodium-1.92.2.24228/lib/vscode/resources/app/out/vs/workbench/api/node/extensionHostProcess.js:152:6598)
	at p (/nix/store/9nyan9hblp6j3m7p3dycs96xpac9fxiv-vscodium-1.92.2.24228/lib/vscode/resources/app/out/vs/workbench/api/node/extensionHostProcess.js:30:758)
	at /nix/store/9nyan9hblp6j3m7p3dycs96xpac9fxiv-vscodium-1.92.2.24228/lib/vscode/resources/app/out/vs/workbench/api/node/extensionHostProcess.js:160:17179
	at /nix/store/9nyan9hblp6j3m7p3dycs96xpac9fxiv-vscodium-1.92.2.24228/lib/vscode/resources/app/out/vs/workbench/api/node/extensionHostProcess.js:30:1147
	at Object.dispose (/nix/store/9nyan9hblp6j3m7p3dycs96xpac9fxiv-vscodium-1.92.2.24228/lib/vscode/resources/app/out/vs/workbench/api/node/extensionHostProcess.js:11:12373)
	at m._deactivate (/nix/store/9nyan9hblp6j3m7p3dycs96xpac9fxiv-vscodium-1.92.2.24228/lib/vscode/resources/app/out/vs/workbench/api/node/extensionHostProcess.js:160:13066)
	at /nix/store/9nyan9hblp6j3m7p3dycs96xpac9fxiv-vscodium-1.92.2.24228/lib/vscode/resources/app/out/vs/workbench/api/node/extensionHostProcess.js:160:10211
	at Array.map (<anonymous>)
	at m._deactivateAll (/nix/store/9nyan9hblp6j3m7p3dycs96xpac9fxiv-vscodium-1.92.2.24228/lib/vscode/resources/app/out/vs/workbench/api/node/extensionHostProcess.js:160:10198)
	at m.terminate (/nix/store/9nyan9hblp6j3m7p3dycs96xpac9fxiv-vscodium-1.92.2.24228/lib/vscode/resources/app/out/vs/workbench/api/node/extensionHostProcess.js:160:10581)
	at p.terminate (/nix/store/9nyan9hblp6j3m7p3dycs96xpac9fxiv-vscodium-1.92.2.24228/lib/vscode/resources/app/out/vs/workbench/api/node/extensionHostProcess.js:164:1908)
	at o (/nix/store/9nyan9hblp6j3m7p3dycs96xpac9fxiv-vscodium-1.92.2.24228/lib/vscode/resources/app/out/vs/workbench/api/node/extensionHostProcess.js:177:12370)
	at MessagePortMain.<anonymous> (/nix/store/9nyan9hblp6j3m7p3dycs96xpac9fxiv-vscodium-1.92.2.24228/lib/vscode/resources/app/out/vs/workbench/api/node/extensionHostProcess.js:177:8180)
	at MessagePortMain.emit (node:events:519:28)
	at MessagePortMain._internalPort.emit (node:electron/js2c/utility_init:2:2285) setContext undefined
2024-09-07 00:00:03.398 [error] Canceled: Canceled
	at new P (/nix/store/9nyan9hblp6j3m7p3dycs96xpac9fxiv-vscodium-1.92.2.24228/lib/vscode/resources/app/out/vs/workbench/api/node/extensionHostProcess.js:144:39331)
	at w._remoteCall (/nix/store/9nyan9hblp6j3m7p3dycs96xpac9fxiv-vscodium-1.92.2.24228/lib/vscode/resources/app/out/vs/workbench/api/node/extensionHostProcess.js:151:8160)
	at U.<computed>.x.charCodeAt.k.CharCode.DollarSign.U.<computed> (/nix/store/9nyan9hblp6j3m7p3dycs96xpac9fxiv-vscodium-1.92.2.24228/lib/vscode/resources/app/out/vs/workbench/api/node/extensionHostProcess.js:151:4351)
	at h._doExecuteCommand (/nix/store/9nyan9hblp6j3m7p3dycs96xpac9fxiv-vscodium-1.92.2.24228/lib/vscode/resources/app/out/vs/workbench/api/node/extensionHostProcess.js:154:243642)
	at h.executeCommand (/nix/store/9nyan9hblp6j3m7p3dycs96xpac9fxiv-vscodium-1.92.2.24228/lib/vscode/resources/app/out/vs/workbench/api/node/extensionHostProcess.js:154:242967)
	at A.registerCommand.description (/nix/store/9nyan9hblp6j3m7p3dycs96xpac9fxiv-vscodium-1.92.2.24228/lib/vscode/resources/app/out/vs/workbench/api/node/extensionHostProcess.js:154:242211)
	at h._executeContributedCommand (/nix/store/9nyan9hblp6j3m7p3dycs96xpac9fxiv-vscodium-1.92.2.24228/lib/vscode/resources/app/out/vs/workbench/api/node/extensionHostProcess.js:154:244280)
	at h._doExecuteCommand (/nix/store/9nyan9hblp6j3m7p3dycs96xpac9fxiv-vscodium-1.92.2.24228/lib/vscode/resources/app/out/vs/workbench/api/node/extensionHostProcess.js:154:243100)
	at h.executeCommand (/nix/store/9nyan9hblp6j3m7p3dycs96xpac9fxiv-vscodium-1.92.2.24228/lib/vscode/resources/app/out/vs/workbench/api/node/extensionHostProcess.js:154:242967)
	at Object.executeCommand (/nix/store/9nyan9hblp6j3m7p3dycs96xpac9fxiv-vscodium-1.92.2.24228/lib/vscode/resources/app/out/vs/workbench/api/node/extensionHostProcess.js:164:29724)
	at T.reset (/home/ser/.vscode-oss/extensions/asvetliakov.vscode-neovim-1.18.10-universal/dist/extension.js:2:187724)
	at a.<anonymous> (/home/ser/.vscode-oss/extensions/asvetliakov.vscode-neovim-1.18.10-universal/dist/extension.js:2:407017)
	at a.dispose (/nix/store/9nyan9hblp6j3m7p3dycs96xpac9fxiv-vscodium-1.92.2.24228/lib/vscode/resources/app/out/vs/workbench/api/node/extensionHostProcess.js:152:6598)
	at p (/nix/store/9nyan9hblp6j3m7p3dycs96xpac9fxiv-vscodium-1.92.2.24228/lib/vscode/resources/app/out/vs/workbench/api/node/extensionHostProcess.js:30:758)
	at /nix/store/9nyan9hblp6j3m7p3dycs96xpac9fxiv-vscodium-1.92.2.24228/lib/vscode/resources/app/out/vs/workbench/api/node/extensionHostProcess.js:160:17179
	at /nix/store/9nyan9hblp6j3m7p3dycs96xpac9fxiv-vscodium-1.92.2.24228/lib/vscode/resources/app/out/vs/workbench/api/node/extensionHostProcess.js:30:1147
	at Object.dispose (/nix/store/9nyan9hblp6j3m7p3dycs96xpac9fxiv-vscodium-1.92.2.24228/lib/vscode/resources/app/out/vs/workbench/api/node/extensionHostProcess.js:11:12373)
	at m._deactivate (/nix/store/9nyan9hblp6j3m7p3dycs96xpac9fxiv-vscodium-1.92.2.24228/lib/vscode/resources/app/out/vs/workbench/api/node/extensionHostProcess.js:160:13066)
	at /nix/store/9nyan9hblp6j3m7p3dycs96xpac9fxiv-vscodium-1.92.2.24228/lib/vscode/resources/app/out/vs/workbench/api/node/extensionHostProcess.js:160:10211
	at Array.map (<anonymous>)
	at m._deactivateAll (/nix/store/9nyan9hblp6j3m7p3dycs96xpac9fxiv-vscodium-1.92.2.24228/lib/vscode/resources/app/out/vs/workbench/api/node/extensionHostProcess.js:160:10198)
	at m.terminate (/nix/store/9nyan9hblp6j3m7p3dycs96xpac9fxiv-vscodium-1.92.2.24228/lib/vscode/resources/app/out/vs/workbench/api/node/extensionHostProcess.js:160:10581)
	at p.terminate (/nix/store/9nyan9hblp6j3m7p3dycs96xpac9fxiv-vscodium-1.92.2.24228/lib/vscode/resources/app/out/vs/workbench/api/node/extensionHostProcess.js:164:1908)
	at o (/nix/store/9nyan9hblp6j3m7p3dycs96xpac9fxiv-vscodium-1.92.2.24228/lib/vscode/resources/app/out/vs/workbench/api/node/extensionHostProcess.js:177:12370)
	at MessagePortMain.<anonymous> (/nix/store/9nyan9hblp6j3m7p3dycs96xpac9fxiv-vscodium-1.92.2.24228/lib/vscode/resources/app/out/vs/workbench/api/node/extensionHostProcess.js:177:8180)
	at MessagePortMain.emit (node:events:519:28)
	at MessagePortMain._internalPort.emit (node:electron/js2c/utility_init:2:2285) setContext undefined
2024-09-07 00:00:03.398 [error] Canceled: Canceled
	at new P (/nix/store/9nyan9hblp6j3m7p3dycs96xpac9fxiv-vscodium-1.92.2.24228/lib/vscode/resources/app/out/vs/workbench/api/node/extensionHostProcess.js:144:39331)
	at w._remoteCall (/nix/store/9nyan9hblp6j3m7p3dycs96xpac9fxiv-vscodium-1.92.2.24228/lib/vscode/resources/app/out/vs/workbench/api/node/extensionHostProcess.js:151:8160)
	at U.<computed>.x.charCodeAt.k.CharCode.DollarSign.U.<computed> (/nix/store/9nyan9hblp6j3m7p3dycs96xpac9fxiv-vscodium-1.92.2.24228/lib/vscode/resources/app/out/vs/workbench/api/node/extensionHostProcess.js:151:4351)
	at h._doExecuteCommand (/nix/store/9nyan9hblp6j3m7p3dycs96xpac9fxiv-vscodium-1.92.2.24228/lib/vscode/resources/app/out/vs/workbench/api/node/extensionHostProcess.js:154:243642)
	at h.executeCommand (/nix/store/9nyan9hblp6j3m7p3dycs96xpac9fxiv-vscodium-1.92.2.24228/lib/vscode/resources/app/out/vs/workbench/api/node/extensionHostProcess.js:154:242967)
	at A.registerCommand.description (/nix/store/9nyan9hblp6j3m7p3dycs96xpac9fxiv-vscodium-1.92.2.24228/lib/vscode/resources/app/out/vs/workbench/api/node/extensionHostProcess.js:154:242211)
	at h._executeContributedCommand (/nix/store/9nyan9hblp6j3m7p3dycs96xpac9fxiv-vscodium-1.92.2.24228/lib/vscode/resources/app/out/vs/workbench/api/node/extensionHostProcess.js:154:244280)
	at h._doExecuteCommand (/nix/store/9nyan9hblp6j3m7p3dycs96xpac9fxiv-vscodium-1.92.2.24228/lib/vscode/resources/app/out/vs/workbench/api/node/extensionHostProcess.js:154:243100)
	at h.executeCommand (/nix/store/9nyan9hblp6j3m7p3dycs96xpac9fxiv-vscodium-1.92.2.24228/lib/vscode/resources/app/out/vs/workbench/api/node/extensionHostProcess.js:154:242967)
	at Object.executeCommand (/nix/store/9nyan9hblp6j3m7p3dycs96xpac9fxiv-vscodium-1.92.2.24228/lib/vscode/resources/app/out/vs/workbench/api/node/extensionHostProcess.js:164:29724)
	at T.reset (/home/ser/.vscode-oss/extensions/asvetliakov.vscode-neovim-1.18.10-universal/dist/extension.js:2:187724)
	at a.<anonymous> (/home/ser/.vscode-oss/extensions/asvetliakov.vscode-neovim-1.18.10-universal/dist/extension.js:2:407017)
	at a.dispose (/nix/store/9nyan9hblp6j3m7p3dycs96xpac9fxiv-vscodium-1.92.2.24228/lib/vscode/resources/app/out/vs/workbench/api/node/extensionHostProcess.js:152:6598)
	at p (/nix/store/9nyan9hblp6j3m7p3dycs96xpac9fxiv-vscodium-1.92.2.24228/lib/vscode/resources/app/out/vs/workbench/api/node/extensionHostProcess.js:30:758)
	at /nix/store/9nyan9hblp6j3m7p3dycs96xpac9fxiv-vscodium-1.92.2.24228/lib/vscode/resources/app/out/vs/workbench/api/node/extensionHostProcess.js:160:17179
	at /nix/store/9nyan9hblp6j3m7p3dycs96xpac9fxiv-vscodium-1.92.2.24228/lib/vscode/resources/app/out/vs/workbench/api/node/extensionHostProcess.js:30:1147
	at Object.dispose (/nix/store/9nyan9hblp6j3m7p3dycs96xpac9fxiv-vscodium-1.92.2.24228/lib/vscode/resources/app/out/vs/workbench/api/node/extensionHostProcess.js:11:12373)
	at m._deactivate (/nix/store/9nyan9hblp6j3m7p3dycs96xpac9fxiv-vscodium-1.92.2.24228/lib/vscode/resources/app/out/vs/workbench/api/node/extensionHostProcess.js:160:13066)
	at /nix/store/9nyan9hblp6j3m7p3dycs96xpac9fxiv-vscodium-1.92.2.24228/lib/vscode/resources/app/out/vs/workbench/api/node/extensionHostProcess.js:160:10211
	at Array.map (<anonymous>)
	at m._deactivateAll (/nix/store/9nyan9hblp6j3m7p3dycs96xpac9fxiv-vscodium-1.92.2.24228/lib/vscode/resources/app/out/vs/workbench/api/node/extensionHostProcess.js:160:10198)
	at m.terminate (/nix/store/9nyan9hblp6j3m7p3dycs96xpac9fxiv-vscodium-1.92.2.24228/lib/vscode/resources/app/out/vs/workbench/api/node/extensionHostProcess.js:160:10581)
	at p.terminate (/nix/store/9nyan9hblp6j3m7p3dycs96xpac9fxiv-vscodium-1.92.2.24228/lib/vscode/resources/app/out/vs/workbench/api/node/extensionHostProcess.js:164:1908)
	at o (/nix/store/9nyan9hblp6j3m7p3dycs96xpac9fxiv-vscodium-1.92.2.24228/lib/vscode/resources/app/out/vs/workbench/api/node/extensionHostProcess.js:177:12370)
	at MessagePortMain.<anonymous> (/nix/store/9nyan9hblp6j3m7p3dycs96xpac9fxiv-vscodium-1.92.2.24228/lib/vscode/resources/app/out/vs/workbench/api/node/extensionHostProcess.js:177:8180)
	at MessagePortMain.emit (node:events:519:28)
	at MessagePortMain._internalPort.emit (node:electron/js2c/utility_init:2:2285) setContext undefined
2024-09-07 00:00:03.398 [error] Canceled: Canceled
	at new P (/nix/store/9nyan9hblp6j3m7p3dycs96xpac9fxiv-vscodium-1.92.2.24228/lib/vscode/resources/app/out/vs/workbench/api/node/extensionHostProcess.js:144:39331)
	at w._remoteCall (/nix/store/9nyan9hblp6j3m7p3dycs96xpac9fxiv-vscodium-1.92.2.24228/lib/vscode/resources/app/out/vs/workbench/api/node/extensionHostProcess.js:151:8160)
	at U.<computed>.x.charCodeAt.k.CharCode.DollarSign.U.<computed> (/nix/store/9nyan9hblp6j3m7p3dycs96xpac9fxiv-vscodium-1.92.2.24228/lib/vscode/resources/app/out/vs/workbench/api/node/extensionHostProcess.js:151:4351)
	at h._doExecuteCommand (/nix/store/9nyan9hblp6j3m7p3dycs96xpac9fxiv-vscodium-1.92.2.24228/lib/vscode/resources/app/out/vs/workbench/api/node/extensionHostProcess.js:154:243642)
	at h.executeCommand (/nix/store/9nyan9hblp6j3m7p3dycs96xpac9fxiv-vscodium-1.92.2.24228/lib/vscode/resources/app/out/vs/workbench/api/node/extensionHostProcess.js:154:242967)
	at A.registerCommand.description (/nix/store/9nyan9hblp6j3m7p3dycs96xpac9fxiv-vscodium-1.92.2.24228/lib/vscode/resources/app/out/vs/workbench/api/node/extensionHostProcess.js:154:242211)
	at h._executeContributedCommand (/nix/store/9nyan9hblp6j3m7p3dycs96xpac9fxiv-vscodium-1.92.2.24228/lib/vscode/resources/app/out/vs/workbench/api/node/extensionHostProcess.js:154:244280)
	at h._doExecuteCommand (/nix/store/9nyan9hblp6j3m7p3dycs96xpac9fxiv-vscodium-1.92.2.24228/lib/vscode/resources/app/out/vs/workbench/api/node/extensionHostProcess.js:154:243100)
	at h.executeCommand (/nix/store/9nyan9hblp6j3m7p3dycs96xpac9fxiv-vscodium-1.92.2.24228/lib/vscode/resources/app/out/vs/workbench/api/node/extensionHostProcess.js:154:242967)
	at Object.executeCommand (/nix/store/9nyan9hblp6j3m7p3dycs96xpac9fxiv-vscodium-1.92.2.24228/lib/vscode/resources/app/out/vs/workbench/api/node/extensionHostProcess.js:164:29724)
	at T.reset (/home/ser/.vscode-oss/extensions/asvetliakov.vscode-neovim-1.18.10-universal/dist/extension.js:2:187724)
	at a.<anonymous> (/home/ser/.vscode-oss/extensions/asvetliakov.vscode-neovim-1.18.10-universal/dist/extension.js:2:407017)
	at a.dispose (/nix/store/9nyan9hblp6j3m7p3dycs96xpac9fxiv-vscodium-1.92.2.24228/lib/vscode/resources/app/out/vs/workbench/api/node/extensionHostProcess.js:152:6598)
	at p (/nix/store/9nyan9hblp6j3m7p3dycs96xpac9fxiv-vscodium-1.92.2.24228/lib/vscode/resources/app/out/vs/workbench/api/node/extensionHostProcess.js:30:758)
	at /nix/store/9nyan9hblp6j3m7p3dycs96xpac9fxiv-vscodium-1.92.2.24228/lib/vscode/resources/app/out/vs/workbench/api/node/extensionHostProcess.js:160:17179
	at /nix/store/9nyan9hblp6j3m7p3dycs96xpac9fxiv-vscodium-1.92.2.24228/lib/vscode/resources/app/out/vs/workbench/api/node/extensionHostProcess.js:30:1147
	at Object.dispose (/nix/store/9nyan9hblp6j3m7p3dycs96xpac9fxiv-vscodium-1.92.2.24228/lib/vscode/resources/app/out/vs/workbench/api/node/extensionHostProcess.js:11:12373)
	at m._deactivate (/nix/store/9nyan9hblp6j3m7p3dycs96xpac9fxiv-vscodium-1.92.2.24228/lib/vscode/resources/app/out/vs/workbench/api/node/extensionHostProcess.js:160:13066)
	at /nix/store/9nyan9hblp6j3m7p3dycs96xpac9fxiv-vscodium-1.92.2.24228/lib/vscode/resources/app/out/vs/workbench/api/node/extensionHostProcess.js:160:10211
	at Array.map (<anonymous>)
	at m._deactivateAll (/nix/store/9nyan9hblp6j3m7p3dycs96xpac9fxiv-vscodium-1.92.2.24228/lib/vscode/resources/app/out/vs/workbench/api/node/extensionHostProcess.js:160:10198)
	at m.terminate (/nix/store/9nyan9hblp6j3m7p3dycs96xpac9fxiv-vscodium-1.92.2.24228/lib/vscode/resources/app/out/vs/workbench/api/node/extensionHostProcess.js:160:10581)
	at p.terminate (/nix/store/9nyan9hblp6j3m7p3dycs96xpac9fxiv-vscodium-1.92.2.24228/lib/vscode/resources/app/out/vs/workbench/api/node/extensionHostProcess.js:164:1908)
	at o (/nix/store/9nyan9hblp6j3m7p3dycs96xpac9fxiv-vscodium-1.92.2.24228/lib/vscode/resources/app/out/vs/workbench/api/node/extensionHostProcess.js:177:12370)
	at MessagePortMain.<anonymous> (/nix/store/9nyan9hblp6j3m7p3dycs96xpac9fxiv-vscodium-1.92.2.24228/lib/vscode/resources/app/out/vs/workbench/api/node/extensionHostProcess.js:177:8180)
	at MessagePortMain.emit (node:events:519:28)
	at MessagePortMain._internalPort.emit (node:electron/js2c/utility_init:2:2285) setContext undefined
2024-09-07 00:00:03.398 [error] Canceled: Canceled
	at new P (/nix/store/9nyan9hblp6j3m7p3dycs96xpac9fxiv-vscodium-1.92.2.24228/lib/vscode/resources/app/out/vs/workbench/api/node/extensionHostProcess.js:144:39331)
	at w._remoteCall (/nix/store/9nyan9hblp6j3m7p3dycs96xpac9fxiv-vscodium-1.92.2.24228/lib/vscode/resources/app/out/vs/workbench/api/node/extensionHostProcess.js:151:8160)
	at U.<computed>.x.charCodeAt.k.CharCode.DollarSign.U.<computed> (/nix/store/9nyan9hblp6j3m7p3dycs96xpac9fxiv-vscodium-1.92.2.24228/lib/vscode/resources/app/out/vs/workbench/api/node/extensionHostProcess.js:151:4351)
	at h._doExecuteCommand (/nix/store/9nyan9hblp6j3m7p3dycs96xpac9fxiv-vscodium-1.92.2.24228/lib/vscode/resources/app/out/vs/workbench/api/node/extensionHostProcess.js:154:243642)
	at h.executeCommand (/nix/store/9nyan9hblp6j3m7p3dycs96xpac9fxiv-vscodium-1.92.2.24228/lib/vscode/resources/app/out/vs/workbench/api/node/extensionHostProcess.js:154:242967)
	at A.registerCommand.description (/nix/store/9nyan9hblp6j3m7p3dycs96xpac9fxiv-vscodium-1.92.2.24228/lib/vscode/resources/app/out/vs/workbench/api/node/extensionHostProcess.js:154:242211)
	at h._executeContributedCommand (/nix/store/9nyan9hblp6j3m7p3dycs96xpac9fxiv-vscodium-1.92.2.24228/lib/vscode/resources/app/out/vs/workbench/api/node/extensionHostProcess.js:154:244280)
	at h._doExecuteCommand (/nix/store/9nyan9hblp6j3m7p3dycs96xpac9fxiv-vscodium-1.92.2.24228/lib/vscode/resources/app/out/vs/workbench/api/node/extensionHostProcess.js:154:243100)
	at h.executeCommand (/nix/store/9nyan9hblp6j3m7p3dycs96xpac9fxiv-vscodium-1.92.2.24228/lib/vscode/resources/app/out/vs/workbench/api/node/extensionHostProcess.js:154:242967)
	at Object.executeCommand (/nix/store/9nyan9hblp6j3m7p3dycs96xpac9fxiv-vscodium-1.92.2.24228/lib/vscode/resources/app/out/vs/workbench/api/node/extensionHostProcess.js:164:29724)
	at T.reset (/home/ser/.vscode-oss/extensions/asvetliakov.vscode-neovim-1.18.10-universal/dist/extension.js:2:187724)
	at a.<anonymous> (/home/ser/.vscode-oss/extensions/asvetliakov.vscode-neovim-1.18.10-universal/dist/extension.js:2:407017)
	at a.dispose (/nix/store/9nyan9hblp6j3m7p3dycs96xpac9fxiv-vscodium-1.92.2.24228/lib/vscode/resources/app/out/vs/workbench/api/node/extensionHostProcess.js:152:6598)
	at p (/nix/store/9nyan9hblp6j3m7p3dycs96xpac9fxiv-vscodium-1.92.2.24228/lib/vscode/resources/app/out/vs/workbench/api/node/extensionHostProcess.js:30:758)
	at /nix/store/9nyan9hblp6j3m7p3dycs96xpac9fxiv-vscodium-1.92.2.24228/lib/vscode/resources/app/out/vs/workbench/api/node/extensionHostProcess.js:160:17179
	at /nix/store/9nyan9hblp6j3m7p3dycs96xpac9fxiv-vscodium-1.92.2.24228/lib/vscode/resources/app/out/vs/workbench/api/node/extensionHostProcess.js:30:1147
	at Object.dispose (/nix/store/9nyan9hblp6j3m7p3dycs96xpac9fxiv-vscodium-1.92.2.24228/lib/vscode/resources/app/out/vs/workbench/api/node/extensionHostProcess.js:11:12373)
	at m._deactivate (/nix/store/9nyan9hblp6j3m7p3dycs96xpac9fxiv-vscodium-1.92.2.24228/lib/vscode/resources/app/out/vs/workbench/api/node/extensionHostProcess.js:160:13066)
	at /nix/store/9nyan9hblp6j3m7p3dycs96xpac9fxiv-vscodium-1.92.2.24228/lib/vscode/resources/app/out/vs/workbench/api/node/extensionHostProcess.js:160:10211
	at Array.map (<anonymous>)
	at m._deactivateAll (/nix/store/9nyan9hblp6j3m7p3dycs96xpac9fxiv-vscodium-1.92.2.24228/lib/vscode/resources/app/out/vs/workbench/api/node/extensionHostProcess.js:160:10198)
	at m.terminate (/nix/store/9nyan9hblp6j3m7p3dycs96xpac9fxiv-vscodium-1.92.2.24228/lib/vscode/resources/app/out/vs/workbench/api/node/extensionHostProcess.js:160:10581)
	at p.terminate (/nix/store/9nyan9hblp6j3m7p3dycs96xpac9fxiv-vscodium-1.92.2.24228/lib/vscode/resources/app/out/vs/workbench/api/node/extensionHostProcess.js:164:1908)
	at o (/nix/store/9nyan9hblp6j3m7p3dycs96xpac9fxiv-vscodium-1.92.2.24228/lib/vscode/resources/app/out/vs/workbench/api/node/extensionHostProcess.js:177:12370)
	at MessagePortMain.<anonymous> (/nix/store/9nyan9hblp6j3m7p3dycs96xpac9fxiv-vscodium-1.92.2.24228/lib/vscode/resources/app/out/vs/workbench/api/node/extensionHostProcess.js:177:8180)
	at MessagePortMain.emit (node:events:519:28)
	at MessagePortMain._internalPort.emit (node:electron/js2c/utility_init:2:2285) setContext undefined
2024-09-07 00:00:03.398 [error] Canceled: Canceled
	at new P (/nix/store/9nyan9hblp6j3m7p3dycs96xpac9fxiv-vscodium-1.92.2.24228/lib/vscode/resources/app/out/vs/workbench/api/node/extensionHostProcess.js:144:39331)
	at w._remoteCall (/nix/store/9nyan9hblp6j3m7p3dycs96xpac9fxiv-vscodium-1.92.2.24228/lib/vscode/resources/app/out/vs/workbench/api/node/extensionHostProcess.js:151:8160)
	at U.<computed>.x.charCodeAt.k.CharCode.DollarSign.U.<computed> (/nix/store/9nyan9hblp6j3m7p3dycs96xpac9fxiv-vscodium-1.92.2.24228/lib/vscode/resources/app/out/vs/workbench/api/node/extensionHostProcess.js:151:4351)
	at h._doExecuteCommand (/nix/store/9nyan9hblp6j3m7p3dycs96xpac9fxiv-vscodium-1.92.2.24228/lib/vscode/resources/app/out/vs/workbench/api/node/extensionHostProcess.js:154:243642)
	at h.executeCommand (/nix/store/9nyan9hblp6j3m7p3dycs96xpac9fxiv-vscodium-1.92.2.24228/lib/vscode/resources/app/out/vs/workbench/api/node/extensionHostProcess.js:154:242967)
	at A.registerCommand.description (/nix/store/9nyan9hblp6j3m7p3dycs96xpac9fxiv-vscodium-1.92.2.24228/lib/vscode/resources/app/out/vs/workbench/api/node/extensionHostProcess.js:154:242211)
	at h._executeContributedCommand (/nix/store/9nyan9hblp6j3m7p3dycs96xpac9fxiv-vscodium-1.92.2.24228/lib/vscode/resources/app/out/vs/workbench/api/node/extensionHostProcess.js:154:244280)
	at h._doExecuteCommand (/nix/store/9nyan9hblp6j3m7p3dycs96xpac9fxiv-vscodium-1.92.2.24228/lib/vscode/resources/app/out/vs/workbench/api/node/extensionHostProcess.js:154:243100)
	at h.executeCommand (/nix/store/9nyan9hblp6j3m7p3dycs96xpac9fxiv-vscodium-1.92.2.24228/lib/vscode/resources/app/out/vs/workbench/api/node/extensionHostProcess.js:154:242967)
	at Object.executeCommand (/nix/store/9nyan9hblp6j3m7p3dycs96xpac9fxiv-vscodium-1.92.2.24228/lib/vscode/resources/app/out/vs/workbench/api/node/extensionHostProcess.js:164:29724)
	at T.reset (/home/ser/.vscode-oss/extensions/asvetliakov.vscode-neovim-1.18.10-universal/dist/extension.js:2:187724)
	at a.<anonymous> (/home/ser/.vscode-oss/extensions/asvetliakov.vscode-neovim-1.18.10-universal/dist/extension.js:2:407017)
	at a.dispose (/nix/store/9nyan9hblp6j3m7p3dycs96xpac9fxiv-vscodium-1.92.2.24228/lib/vscode/resources/app/out/vs/workbench/api/node/extensionHostProcess.js:152:6598)
	at p (/nix/store/9nyan9hblp6j3m7p3dycs96xpac9fxiv-vscodium-1.92.2.24228/lib/vscode/resources/app/out/vs/workbench/api/node/extensionHostProcess.js:30:758)
	at /nix/store/9nyan9hblp6j3m7p3dycs96xpac9fxiv-vscodium-1.92.2.24228/lib/vscode/resources/app/out/vs/workbench/api/node/extensionHostProcess.js:160:17179
	at /nix/store/9nyan9hblp6j3m7p3dycs96xpac9fxiv-vscodium-1.92.2.24228/lib/vscode/resources/app/out/vs/workbench/api/node/extensionHostProcess.js:30:1147
	at Object.dispose (/nix/store/9nyan9hblp6j3m7p3dycs96xpac9fxiv-vscodium-1.92.2.24228/lib/vscode/resources/app/out/vs/workbench/api/node/extensionHostProcess.js:11:12373)
	at m._deactivate (/nix/store/9nyan9hblp6j3m7p3dycs96xpac9fxiv-vscodium-1.92.2.24228/lib/vscode/resources/app/out/vs/workbench/api/node/extensionHostProcess.js:160:13066)
	at /nix/store/9nyan9hblp6j3m7p3dycs96xpac9fxiv-vscodium-1.92.2.24228/lib/vscode/resources/app/out/vs/workbench/api/node/extensionHostProcess.js:160:10211
	at Array.map (<anonymous>)
	at m._deactivateAll (/nix/store/9nyan9hblp6j3m7p3dycs96xpac9fxiv-vscodium-1.92.2.24228/lib/vscode/resources/app/out/vs/workbench/api/node/extensionHostProcess.js:160:10198)
	at m.terminate (/nix/store/9nyan9hblp6j3m7p3dycs96xpac9fxiv-vscodium-1.92.2.24228/lib/vscode/resources/app/out/vs/workbench/api/node/extensionHostProcess.js:160:10581)
	at p.terminate (/nix/store/9nyan9hblp6j3m7p3dycs96xpac9fxiv-vscodium-1.92.2.24228/lib/vscode/resources/app/out/vs/workbench/api/node/extensionHostProcess.js:164:1908)
	at o (/nix/store/9nyan9hblp6j3m7p3dycs96xpac9fxiv-vscodium-1.92.2.24228/lib/vscode/resources/app/out/vs/workbench/api/node/extensionHostProcess.js:177:12370)
	at MessagePortMain.<anonymous> (/nix/store/9nyan9hblp6j3m7p3dycs96xpac9fxiv-vscodium-1.92.2.24228/lib/vscode/resources/app/out/vs/workbench/api/node/extensionHostProcess.js:177:8180)
	at MessagePortMain.emit (node:events:519:28)
	at MessagePortMain._internalPort.emit (node:electron/js2c/utility_init:2:2285) setContext undefined
2024-09-07 00:00:03.398 [error] Canceled: Canceled
	at new P (/nix/store/9nyan9hblp6j3m7p3dycs96xpac9fxiv-vscodium-1.92.2.24228/lib/vscode/resources/app/out/vs/workbench/api/node/extensionHostProcess.js:144:39331)
	at w._remoteCall (/nix/store/9nyan9hblp6j3m7p3dycs96xpac9fxiv-vscodium-1.92.2.24228/lib/vscode/resources/app/out/vs/workbench/api/node/extensionHostProcess.js:151:8160)
	at U.<computed>.x.charCodeAt.k.CharCode.DollarSign.U.<computed> (/nix/store/9nyan9hblp6j3m7p3dycs96xpac9fxiv-vscodium-1.92.2.24228/lib/vscode/resources/app/out/vs/workbench/api/node/extensionHostProcess.js:151:4351)
	at h._doExecuteCommand (/nix/store/9nyan9hblp6j3m7p3dycs96xpac9fxiv-vscodium-1.92.2.24228/lib/vscode/resources/app/out/vs/workbench/api/node/extensionHostProcess.js:154:243642)
	at h.executeCommand (/nix/store/9nyan9hblp6j3m7p3dycs96xpac9fxiv-vscodium-1.92.2.24228/lib/vscode/resources/app/out/vs/workbench/api/node/extensionHostProcess.js:154:242967)
	at A.registerCommand.description (/nix/store/9nyan9hblp6j3m7p3dycs96xpac9fxiv-vscodium-1.92.2.24228/lib/vscode/resources/app/out/vs/workbench/api/node/extensionHostProcess.js:154:242211)
	at h._executeContributedCommand (/nix/store/9nyan9hblp6j3m7p3dycs96xpac9fxiv-vscodium-1.92.2.24228/lib/vscode/resources/app/out/vs/workbench/api/node/extensionHostProcess.js:154:244280)
	at h._doExecuteCommand (/nix/store/9nyan9hblp6j3m7p3dycs96xpac9fxiv-vscodium-1.92.2.24228/lib/vscode/resources/app/out/vs/workbench/api/node/extensionHostProcess.js:154:243100)
	at h.executeCommand (/nix/store/9nyan9hblp6j3m7p3dycs96xpac9fxiv-vscodium-1.92.2.24228/lib/vscode/resources/app/out/vs/workbench/api/node/extensionHostProcess.js:154:242967)
	at Object.executeCommand (/nix/store/9nyan9hblp6j3m7p3dycs96xpac9fxiv-vscodium-1.92.2.24228/lib/vscode/resources/app/out/vs/workbench/api/node/extensionHostProcess.js:164:29724)
	at T.reset (/home/ser/.vscode-oss/extensions/asvetliakov.vscode-neovim-1.18.10-universal/dist/extension.js:2:187724)
	at a.<anonymous> (/home/ser/.vscode-oss/extensions/asvetliakov.vscode-neovim-1.18.10-universal/dist/extension.js:2:407017)
	at a.dispose (/nix/store/9nyan9hblp6j3m7p3dycs96xpac9fxiv-vscodium-1.92.2.24228/lib/vscode/resources/app/out/vs/workbench/api/node/extensionHostProcess.js:152:6598)
	at p (/nix/store/9nyan9hblp6j3m7p3dycs96xpac9fxiv-vscodium-1.92.2.24228/lib/vscode/resources/app/out/vs/workbench/api/node/extensionHostProcess.js:30:758)
	at /nix/store/9nyan9hblp6j3m7p3dycs96xpac9fxiv-vscodium-1.92.2.24228/lib/vscode/resources/app/out/vs/workbench/api/node/extensionHostProcess.js:160:17179
	at /nix/store/9nyan9hblp6j3m7p3dycs96xpac9fxiv-vscodium-1.92.2.24228/lib/vscode/resources/app/out/vs/workbench/api/node/extensionHostProcess.js:30:1147
	at Object.dispose (/nix/store/9nyan9hblp6j3m7p3dycs96xpac9fxiv-vscodium-1.92.2.24228/lib/vscode/resources/app/out/vs/workbench/api/node/extensionHostProcess.js:11:12373)
	at m._deactivate (/nix/store/9nyan9hblp6j3m7p3dycs96xpac9fxiv-vscodium-1.92.2.24228/lib/vscode/resources/app/out/vs/workbench/api/node/extensionHostProcess.js:160:13066)
	at /nix/store/9nyan9hblp6j3m7p3dycs96xpac9fxiv-vscodium-1.92.2.24228/lib/vscode/resources/app/out/vs/workbench/api/node/extensionHostProcess.js:160:10211
	at Array.map (<anonymous>)
	at m._deactivateAll (/nix/store/9nyan9hblp6j3m7p3dycs96xpac9fxiv-vscodium-1.92.2.24228/lib/vscode/resources/app/out/vs/workbench/api/node/extensionHostProcess.js:160:10198)
	at m.terminate (/nix/store/9nyan9hblp6j3m7p3dycs96xpac9fxiv-vscodium-1.92.2.24228/lib/vscode/resources/app/out/vs/workbench/api/node/extensionHostProcess.js:160:10581)
	at p.terminate (/nix/store/9nyan9hblp6j3m7p3dycs96xpac9fxiv-vscodium-1.92.2.24228/lib/vscode/resources/app/out/vs/workbench/api/node/extensionHostProcess.js:164:1908)
	at o (/nix/store/9nyan9hblp6j3m7p3dycs96xpac9fxiv-vscodium-1.92.2.24228/lib/vscode/resources/app/out/vs/workbench/api/node/extensionHostProcess.js:177:12370)
	at MessagePortMain.<anonymous> (/nix/store/9nyan9hblp6j3m7p3dycs96xpac9fxiv-vscodium-1.92.2.24228/lib/vscode/resources/app/out/vs/workbench/api/node/extensionHostProcess.js:177:8180)
	at MessagePortMain.emit (node:events:519:28)
	at MessagePortMain._internalPort.emit (node:electron/js2c/utility_init:2:2285) setContext undefined
2024-09-07 00:00:03.398 [error] Canceled: Canceled
	at new P (/nix/store/9nyan9hblp6j3m7p3dycs96xpac9fxiv-vscodium-1.92.2.24228/lib/vscode/resources/app/out/vs/workbench/api/node/extensionHostProcess.js:144:39331)
	at w._remoteCall (/nix/store/9nyan9hblp6j3m7p3dycs96xpac9fxiv-vscodium-1.92.2.24228/lib/vscode/resources/app/out/vs/workbench/api/node/extensionHostProcess.js:151:8160)
	at U.<computed>.x.charCodeAt.k.CharCode.DollarSign.U.<computed> (/nix/store/9nyan9hblp6j3m7p3dycs96xpac9fxiv-vscodium-1.92.2.24228/lib/vscode/resources/app/out/vs/workbench/api/node/extensionHostProcess.js:151:4351)
	at h._doExecuteCommand (/nix/store/9nyan9hblp6j3m7p3dycs96xpac9fxiv-vscodium-1.92.2.24228/lib/vscode/resources/app/out/vs/workbench/api/node/extensionHostProcess.js:154:243642)
	at h.executeCommand (/nix/store/9nyan9hblp6j3m7p3dycs96xpac9fxiv-vscodium-1.92.2.24228/lib/vscode/resources/app/out/vs/workbench/api/node/extensionHostProcess.js:154:242967)
	at A.registerCommand.description (/nix/store/9nyan9hblp6j3m7p3dycs96xpac9fxiv-vscodium-1.92.2.24228/lib/vscode/resources/app/out/vs/workbench/api/node/extensionHostProcess.js:154:242211)
	at h._executeContributedCommand (/nix/store/9nyan9hblp6j3m7p3dycs96xpac9fxiv-vscodium-1.92.2.24228/lib/vscode/resources/app/out/vs/workbench/api/node/extensionHostProcess.js:154:244280)
	at h._doExecuteCommand (/nix/store/9nyan9hblp6j3m7p3dycs96xpac9fxiv-vscodium-1.92.2.24228/lib/vscode/resources/app/out/vs/workbench/api/node/extensionHostProcess.js:154:243100)
	at h.executeCommand (/nix/store/9nyan9hblp6j3m7p3dycs96xpac9fxiv-vscodium-1.92.2.24228/lib/vscode/resources/app/out/vs/workbench/api/node/extensionHostProcess.js:154:242967)
	at Object.executeCommand (/nix/store/9nyan9hblp6j3m7p3dycs96xpac9fxiv-vscodium-1.92.2.24228/lib/vscode/resources/app/out/vs/workbench/api/node/extensionHostProcess.js:164:29724)
	at T.reset (/home/ser/.vscode-oss/extensions/asvetliakov.vscode-neovim-1.18.10-universal/dist/extension.js:2:187724)
	at a.<anonymous> (/home/ser/.vscode-oss/extensions/asvetliakov.vscode-neovim-1.18.10-universal/dist/extension.js:2:407017)
	at a.dispose (/nix/store/9nyan9hblp6j3m7p3dycs96xpac9fxiv-vscodium-1.92.2.24228/lib/vscode/resources/app/out/vs/workbench/api/node/extensionHostProcess.js:152:6598)
	at p (/nix/store/9nyan9hblp6j3m7p3dycs96xpac9fxiv-vscodium-1.92.2.24228/lib/vscode/resources/app/out/vs/workbench/api/node/extensionHostProcess.js:30:758)
	at /nix/store/9nyan9hblp6j3m7p3dycs96xpac9fxiv-vscodium-1.92.2.24228/lib/vscode/resources/app/out/vs/workbench/api/node/extensionHostProcess.js:160:17179
	at /nix/store/9nyan9hblp6j3m7p3dycs96xpac9fxiv-vscodium-1.92.2.24228/lib/vscode/resources/app/out/vs/workbench/api/node/extensionHostProcess.js:30:1147
	at Object.dispose (/nix/store/9nyan9hblp6j3m7p3dycs96xpac9fxiv-vscodium-1.92.2.24228/lib/vscode/resources/app/out/vs/workbench/api/node/extensionHostProcess.js:11:12373)
	at m._deactivate (/nix/store/9nyan9hblp6j3m7p3dycs96xpac9fxiv-vscodium-1.92.2.24228/lib/vscode/resources/app/out/vs/workbench/api/node/extensionHostProcess.js:160:13066)
	at /nix/store/9nyan9hblp6j3m7p3dycs96xpac9fxiv-vscodium-1.92.2.24228/lib/vscode/resources/app/out/vs/workbench/api/node/extensionHostProcess.js:160:10211
	at Array.map (<anonymous>)
	at m._deactivateAll (/nix/store/9nyan9hblp6j3m7p3dycs96xpac9fxiv-vscodium-1.92.2.24228/lib/vscode/resources/app/out/vs/workbench/api/node/extensionHostProcess.js:160:10198)
	at m.terminate (/nix/store/9nyan9hblp6j3m7p3dycs96xpac9fxiv-vscodium-1.92.2.24228/lib/vscode/resources/app/out/vs/workbench/api/node/extensionHostProcess.js:160:10581)
	at p.terminate (/nix/store/9nyan9hblp6j3m7p3dycs96xpac9fxiv-vscodium-1.92.2.24228/lib/vscode/resources/app/out/vs/workbench/api/node/extensionHostProcess.js:164:1908)
	at o (/nix/store/9nyan9hblp6j3m7p3dycs96xpac9fxiv-vscodium-1.92.2.24228/lib/vscode/resources/app/out/vs/workbench/api/node/extensionHostProcess.js:177:12370)
	at MessagePortMain.<anonymous> (/nix/store/9nyan9hblp6j3m7p3dycs96xpac9fxiv-vscodium-1.92.2.24228/lib/vscode/resources/app/out/vs/workbench/api/node/extensionHostProcess.js:177:8180)
	at MessagePortMain.emit (node:events:519:28)
	at MessagePortMain._internalPort.emit (node:electron/js2c/utility_init:2:2285) setContext undefined
2024-09-07 00:00:03.398 [error] Canceled: Canceled
	at new P (/nix/store/9nyan9hblp6j3m7p3dycs96xpac9fxiv-vscodium-1.92.2.24228/lib/vscode/resources/app/out/vs/workbench/api/node/extensionHostProcess.js:144:39331)
	at w._remoteCall (/nix/store/9nyan9hblp6j3m7p3dycs96xpac9fxiv-vscodium-1.92.2.24228/lib/vscode/resources/app/out/vs/workbench/api/node/extensionHostProcess.js:151:8160)
	at U.<computed>.x.charCodeAt.k.CharCode.DollarSign.U.<computed> (/nix/store/9nyan9hblp6j3m7p3dycs96xpac9fxiv-vscodium-1.92.2.24228/lib/vscode/resources/app/out/vs/workbench/api/node/extensionHostProcess.js:151:4351)
	at h._doExecuteCommand (/nix/store/9nyan9hblp6j3m7p3dycs96xpac9fxiv-vscodium-1.92.2.24228/lib/vscode/resources/app/out/vs/workbench/api/node/extensionHostProcess.js:154:243642)
	at h.executeCommand (/nix/store/9nyan9hblp6j3m7p3dycs96xpac9fxiv-vscodium-1.92.2.24228/lib/vscode/resources/app/out/vs/workbench/api/node/extensionHostProcess.js:154:242967)
	at A.registerCommand.description (/nix/store/9nyan9hblp6j3m7p3dycs96xpac9fxiv-vscodium-1.92.2.24228/lib/vscode/resources/app/out/vs/workbench/api/node/extensionHostProcess.js:154:242211)
	at h._executeContributedCommand (/nix/store/9nyan9hblp6j3m7p3dycs96xpac9fxiv-vscodium-1.92.2.24228/lib/vscode/resources/app/out/vs/workbench/api/node/extensionHostProcess.js:154:244280)
	at h._doExecuteCommand (/nix/store/9nyan9hblp6j3m7p3dycs96xpac9fxiv-vscodium-1.92.2.24228/lib/vscode/resources/app/out/vs/workbench/api/node/extensionHostProcess.js:154:243100)
	at h.executeCommand (/nix/store/9nyan9hblp6j3m7p3dycs96xpac9fxiv-vscodium-1.92.2.24228/lib/vscode/resources/app/out/vs/workbench/api/node/extensionHostProcess.js:154:242967)
	at Object.executeCommand (/nix/store/9nyan9hblp6j3m7p3dycs96xpac9fxiv-vscodium-1.92.2.24228/lib/vscode/resources/app/out/vs/workbench/api/node/extensionHostProcess.js:164:29724)
	at T.reset (/home/ser/.vscode-oss/extensions/asvetliakov.vscode-neovim-1.18.10-universal/dist/extension.js:2:187724)
	at a.<anonymous> (/home/ser/.vscode-oss/extensions/asvetliakov.vscode-neovim-1.18.10-universal/dist/extension.js:2:407017)
	at a.dispose (/nix/store/9nyan9hblp6j3m7p3dycs96xpac9fxiv-vscodium-1.92.2.24228/lib/vscode/resources/app/out/vs/workbench/api/node/extensionHostProcess.js:152:6598)
	at p (/nix/store/9nyan9hblp6j3m7p3dycs96xpac9fxiv-vscodium-1.92.2.24228/lib/vscode/resources/app/out/vs/workbench/api/node/extensionHostProcess.js:30:758)
	at /nix/store/9nyan9hblp6j3m7p3dycs96xpac9fxiv-vscodium-1.92.2.24228/lib/vscode/resources/app/out/vs/workbench/api/node/extensionHostProcess.js:160:17179
	at /nix/store/9nyan9hblp6j3m7p3dycs96xpac9fxiv-vscodium-1.92.2.24228/lib/vscode/resources/app/out/vs/workbench/api/node/extensionHostProcess.js:30:1147
	at Object.dispose (/nix/store/9nyan9hblp6j3m7p3dycs96xpac9fxiv-vscodium-1.92.2.24228/lib/vscode/resources/app/out/vs/workbench/api/node/extensionHostProcess.js:11:12373)
	at m._deactivate (/nix/store/9nyan9hblp6j3m7p3dycs96xpac9fxiv-vscodium-1.92.2.24228/lib/vscode/resources/app/out/vs/workbench/api/node/extensionHostProcess.js:160:13066)
	at /nix/store/9nyan9hblp6j3m7p3dycs96xpac9fxiv-vscodium-1.92.2.24228/lib/vscode/resources/app/out/vs/workbench/api/node/extensionHostProcess.js:160:10211
	at Array.map (<anonymous>)
	at m._deactivateAll (/nix/store/9nyan9hblp6j3m7p3dycs96xpac9fxiv-vscodium-1.92.2.24228/lib/vscode/resources/app/out/vs/workbench/api/node/extensionHostProcess.js:160:10198)
	at m.terminate (/nix/store/9nyan9hblp6j3m7p3dycs96xpac9fxiv-vscodium-1.92.2.24228/lib/vscode/resources/app/out/vs/workbench/api/node/extensionHostProcess.js:160:10581)
	at p.terminate (/nix/store/9nyan9hblp6j3m7p3dycs96xpac9fxiv-vscodium-1.92.2.24228/lib/vscode/resources/app/out/vs/workbench/api/node/extensionHostProcess.js:164:1908)
	at o (/nix/store/9nyan9hblp6j3m7p3dycs96xpac9fxiv-vscodium-1.92.2.24228/lib/vscode/resources/app/out/vs/workbench/api/node/extensionHostProcess.js:177:12370)
	at MessagePortMain.<anonymous> (/nix/store/9nyan9hblp6j3m7p3dycs96xpac9fxiv-vscodium-1.92.2.24228/lib/vscode/resources/app/out/vs/workbench/api/node/extensionHostProcess.js:177:8180)
	at MessagePortMain.emit (node:events:519:28)
	at MessagePortMain._internalPort.emit (node:electron/js2c/utility_init:2:2285) setContext undefined
2024-09-07 00:00:03.399 [error] Canceled: Canceled
	at new P (/nix/store/9nyan9hblp6j3m7p3dycs96xpac9fxiv-vscodium-1.92.2.24228/lib/vscode/resources/app/out/vs/workbench/api/node/extensionHostProcess.js:144:39331)
	at w._remoteCall (/nix/store/9nyan9hblp6j3m7p3dycs96xpac9fxiv-vscodium-1.92.2.24228/lib/vscode/resources/app/out/vs/workbench/api/node/extensionHostProcess.js:151:8160)
	at U.<computed>.x.charCodeAt.k.CharCode.DollarSign.U.<computed> (/nix/store/9nyan9hblp6j3m7p3dycs96xpac9fxiv-vscodium-1.92.2.24228/lib/vscode/resources/app/out/vs/workbench/api/node/extensionHostProcess.js:151:4351)
	at h._doExecuteCommand (/nix/store/9nyan9hblp6j3m7p3dycs96xpac9fxiv-vscodium-1.92.2.24228/lib/vscode/resources/app/out/vs/workbench/api/node/extensionHostProcess.js:154:243642)
	at h.executeCommand (/nix/store/9nyan9hblp6j3m7p3dycs96xpac9fxiv-vscodium-1.92.2.24228/lib/vscode/resources/app/out/vs/workbench/api/node/extensionHostProcess.js:154:242967)
	at A.registerCommand.description (/nix/store/9nyan9hblp6j3m7p3dycs96xpac9fxiv-vscodium-1.92.2.24228/lib/vscode/resources/app/out/vs/workbench/api/node/extensionHostProcess.js:154:242211)
	at h._executeContributedCommand (/nix/store/9nyan9hblp6j3m7p3dycs96xpac9fxiv-vscodium-1.92.2.24228/lib/vscode/resources/app/out/vs/workbench/api/node/extensionHostProcess.js:154:244280)
	at h._doExecuteCommand (/nix/store/9nyan9hblp6j3m7p3dycs96xpac9fxiv-vscodium-1.92.2.24228/lib/vscode/resources/app/out/vs/workbench/api/node/extensionHostProcess.js:154:243100)
	at h.executeCommand (/nix/store/9nyan9hblp6j3m7p3dycs96xpac9fxiv-vscodium-1.92.2.24228/lib/vscode/resources/app/out/vs/workbench/api/node/extensionHostProcess.js:154:242967)
	at Object.executeCommand (/nix/store/9nyan9hblp6j3m7p3dycs96xpac9fxiv-vscodium-1.92.2.24228/lib/vscode/resources/app/out/vs/workbench/api/node/extensionHostProcess.js:164:29724)
	at T.reset (/home/ser/.vscode-oss/extensions/asvetliakov.vscode-neovim-1.18.10-universal/dist/extension.js:2:187724)
	at a.<anonymous> (/home/ser/.vscode-oss/extensions/asvetliakov.vscode-neovim-1.18.10-universal/dist/extension.js:2:407017)
	at a.dispose (/nix/store/9nyan9hblp6j3m7p3dycs96xpac9fxiv-vscodium-1.92.2.24228/lib/vscode/resources/app/out/vs/workbench/api/node/extensionHostProcess.js:152:6598)
	at p (/nix/store/9nyan9hblp6j3m7p3dycs96xpac9fxiv-vscodium-1.92.2.24228/lib/vscode/resources/app/out/vs/workbench/api/node/extensionHostProcess.js:30:758)
	at /nix/store/9nyan9hblp6j3m7p3dycs96xpac9fxiv-vscodium-1.92.2.24228/lib/vscode/resources/app/out/vs/workbench/api/node/extensionHostProcess.js:160:17179
	at /nix/store/9nyan9hblp6j3m7p3dycs96xpac9fxiv-vscodium-1.92.2.24228/lib/vscode/resources/app/out/vs/workbench/api/node/extensionHostProcess.js:30:1147
	at Object.dispose (/nix/store/9nyan9hblp6j3m7p3dycs96xpac9fxiv-vscodium-1.92.2.24228/lib/vscode/resources/app/out/vs/workbench/api/node/extensionHostProcess.js:11:12373)
	at m._deactivate (/nix/store/9nyan9hblp6j3m7p3dycs96xpac9fxiv-vscodium-1.92.2.24228/lib/vscode/resources/app/out/vs/workbench/api/node/extensionHostProcess.js:160:13066)
	at /nix/store/9nyan9hblp6j3m7p3dycs96xpac9fxiv-vscodium-1.92.2.24228/lib/vscode/resources/app/out/vs/workbench/api/node/extensionHostProcess.js:160:10211
	at Array.map (<anonymous>)
	at m._deactivateAll (/nix/store/9nyan9hblp6j3m7p3dycs96xpac9fxiv-vscodium-1.92.2.24228/lib/vscode/resources/app/out/vs/workbench/api/node/extensionHostProcess.js:160:10198)
	at m.terminate (/nix/store/9nyan9hblp6j3m7p3dycs96xpac9fxiv-vscodium-1.92.2.24228/lib/vscode/resources/app/out/vs/workbench/api/node/extensionHostProcess.js:160:10581)
	at p.terminate (/nix/store/9nyan9hblp6j3m7p3dycs96xpac9fxiv-vscodium-1.92.2.24228/lib/vscode/resources/app/out/vs/workbench/api/node/extensionHostProcess.js:164:1908)
	at o (/nix/store/9nyan9hblp6j3m7p3dycs96xpac9fxiv-vscodium-1.92.2.24228/lib/vscode/resources/app/out/vs/workbench/api/node/extensionHostProcess.js:177:12370)
	at MessagePortMain.<anonymous> (/nix/store/9nyan9hblp6j3m7p3dycs96xpac9fxiv-vscodium-1.92.2.24228/lib/vscode/resources/app/out/vs/workbench/api/node/extensionHostProcess.js:177:8180)
	at MessagePortMain.emit (node:events:519:28)
	at MessagePortMain._internalPort.emit (node:electron/js2c/utility_init:2:2285) setContext undefined
2024-09-07 00:00:03.399 [error] Canceled: Canceled
	at new P (/nix/store/9nyan9hblp6j3m7p3dycs96xpac9fxiv-vscodium-1.92.2.24228/lib/vscode/resources/app/out/vs/workbench/api/node/extensionHostProcess.js:144:39331)
	at w._remoteCall (/nix/store/9nyan9hblp6j3m7p3dycs96xpac9fxiv-vscodium-1.92.2.24228/lib/vscode/resources/app/out/vs/workbench/api/node/extensionHostProcess.js:151:8160)
	at U.<computed>.x.charCodeAt.k.CharCode.DollarSign.U.<computed> (/nix/store/9nyan9hblp6j3m7p3dycs96xpac9fxiv-vscodium-1.92.2.24228/lib/vscode/resources/app/out/vs/workbench/api/node/extensionHostProcess.js:151:4351)
	at h._doExecuteCommand (/nix/store/9nyan9hblp6j3m7p3dycs96xpac9fxiv-vscodium-1.92.2.24228/lib/vscode/resources/app/out/vs/workbench/api/node/extensionHostProcess.js:154:243642)
	at h.executeCommand (/nix/store/9nyan9hblp6j3m7p3dycs96xpac9fxiv-vscodium-1.92.2.24228/lib/vscode/resources/app/out/vs/workbench/api/node/extensionHostProcess.js:154:242967)
	at A.registerCommand.description (/nix/store/9nyan9hblp6j3m7p3dycs96xpac9fxiv-vscodium-1.92.2.24228/lib/vscode/resources/app/out/vs/workbench/api/node/extensionHostProcess.js:154:242211)
	at h._executeContributedCommand (/nix/store/9nyan9hblp6j3m7p3dycs96xpac9fxiv-vscodium-1.92.2.24228/lib/vscode/resources/app/out/vs/workbench/api/node/extensionHostProcess.js:154:244280)
	at h._doExecuteCommand (/nix/store/9nyan9hblp6j3m7p3dycs96xpac9fxiv-vscodium-1.92.2.24228/lib/vscode/resources/app/out/vs/workbench/api/node/extensionHostProcess.js:154:243100)
	at h.executeCommand (/nix/store/9nyan9hblp6j3m7p3dycs96xpac9fxiv-vscodium-1.92.2.24228/lib/vscode/resources/app/out/vs/workbench/api/node/extensionHostProcess.js:154:242967)
	at Object.executeCommand (/nix/store/9nyan9hblp6j3m7p3dycs96xpac9fxiv-vscodium-1.92.2.24228/lib/vscode/resources/app/out/vs/workbench/api/node/extensionHostProcess.js:164:29724)
	at T.reset (/home/ser/.vscode-oss/extensions/asvetliakov.vscode-neovim-1.18.10-universal/dist/extension.js:2:187724)
	at a.<anonymous> (/home/ser/.vscode-oss/extensions/asvetliakov.vscode-neovim-1.18.10-universal/dist/extension.js:2:407017)
	at a.dispose (/nix/store/9nyan9hblp6j3m7p3dycs96xpac9fxiv-vscodium-1.92.2.24228/lib/vscode/resources/app/out/vs/workbench/api/node/extensionHostProcess.js:152:6598)
	at p (/nix/store/9nyan9hblp6j3m7p3dycs96xpac9fxiv-vscodium-1.92.2.24228/lib/vscode/resources/app/out/vs/workbench/api/node/extensionHostProcess.js:30:758)
	at /nix/store/9nyan9hblp6j3m7p3dycs96xpac9fxiv-vscodium-1.92.2.24228/lib/vscode/resources/app/out/vs/workbench/api/node/extensionHostProcess.js:160:17179
	at /nix/store/9nyan9hblp6j3m7p3dycs96xpac9fxiv-vscodium-1.92.2.24228/lib/vscode/resources/app/out/vs/workbench/api/node/extensionHostProcess.js:30:1147
	at Object.dispose (/nix/store/9nyan9hblp6j3m7p3dycs96xpac9fxiv-vscodium-1.92.2.24228/lib/vscode/resources/app/out/vs/workbench/api/node/extensionHostProcess.js:11:12373)
	at m._deactivate (/nix/store/9nyan9hblp6j3m7p3dycs96xpac9fxiv-vscodium-1.92.2.24228/lib/vscode/resources/app/out/vs/workbench/api/node/extensionHostProcess.js:160:13066)
	at /nix/store/9nyan9hblp6j3m7p3dycs96xpac9fxiv-vscodium-1.92.2.24228/lib/vscode/resources/app/out/vs/workbench/api/node/extensionHostProcess.js:160:10211
	at Array.map (<anonymous>)
	at m._deactivateAll (/nix/store/9nyan9hblp6j3m7p3dycs96xpac9fxiv-vscodium-1.92.2.24228/lib/vscode/resources/app/out/vs/workbench/api/node/extensionHostProcess.js:160:10198)
	at m.terminate (/nix/store/9nyan9hblp6j3m7p3dycs96xpac9fxiv-vscodium-1.92.2.24228/lib/vscode/resources/app/out/vs/workbench/api/node/extensionHostProcess.js:160:10581)
	at p.terminate (/nix/store/9nyan9hblp6j3m7p3dycs96xpac9fxiv-vscodium-1.92.2.24228/lib/vscode/resources/app/out/vs/workbench/api/node/extensionHostProcess.js:164:1908)
	at o (/nix/store/9nyan9hblp6j3m7p3dycs96xpac9fxiv-vscodium-1.92.2.24228/lib/vscode/resources/app/out/vs/workbench/api/node/extensionHostProcess.js:177:12370)
	at MessagePortMain.<anonymous> (/nix/store/9nyan9hblp6j3m7p3dycs96xpac9fxiv-vscodium-1.92.2.24228/lib/vscode/resources/app/out/vs/workbench/api/node/extensionHostProcess.js:177:8180)
	at MessagePortMain.emit (node:events:519:28)
	at MessagePortMain._internalPort.emit (node:electron/js2c/utility_init:2:2285) setContext undefined
2024-09-07 00:00:03.399 [error] Canceled: Canceled
	at new P (/nix/store/9nyan9hblp6j3m7p3dycs96xpac9fxiv-vscodium-1.92.2.24228/lib/vscode/resources/app/out/vs/workbench/api/node/extensionHostProcess.js:144:39331)
	at w._remoteCall (/nix/store/9nyan9hblp6j3m7p3dycs96xpac9fxiv-vscodium-1.92.2.24228/lib/vscode/resources/app/out/vs/workbench/api/node/extensionHostProcess.js:151:8160)
	at U.<computed>.x.charCodeAt.k.CharCode.DollarSign.U.<computed> (/nix/store/9nyan9hblp6j3m7p3dycs96xpac9fxiv-vscodium-1.92.2.24228/lib/vscode/resources/app/out/vs/workbench/api/node/extensionHostProcess.js:151:4351)
	at h._doExecuteCommand (/nix/store/9nyan9hblp6j3m7p3dycs96xpac9fxiv-vscodium-1.92.2.24228/lib/vscode/resources/app/out/vs/workbench/api/node/extensionHostProcess.js:154:243642)
	at h.executeCommand (/nix/store/9nyan9hblp6j3m7p3dycs96xpac9fxiv-vscodium-1.92.2.24228/lib/vscode/resources/app/out/vs/workbench/api/node/extensionHostProcess.js:154:242967)
	at A.registerCommand.description (/nix/store/9nyan9hblp6j3m7p3dycs96xpac9fxiv-vscodium-1.92.2.24228/lib/vscode/resources/app/out/vs/workbench/api/node/extensionHostProcess.js:154:242211)
	at h._executeContributedCommand (/nix/store/9nyan9hblp6j3m7p3dycs96xpac9fxiv-vscodium-1.92.2.24228/lib/vscode/resources/app/out/vs/workbench/api/node/extensionHostProcess.js:154:244280)
	at h._doExecuteCommand (/nix/store/9nyan9hblp6j3m7p3dycs96xpac9fxiv-vscodium-1.92.2.24228/lib/vscode/resources/app/out/vs/workbench/api/node/extensionHostProcess.js:154:243100)
	at h.executeCommand (/nix/store/9nyan9hblp6j3m7p3dycs96xpac9fxiv-vscodium-1.92.2.24228/lib/vscode/resources/app/out/vs/workbench/api/node/extensionHostProcess.js:154:242967)
	at Object.executeCommand (/nix/store/9nyan9hblp6j3m7p3dycs96xpac9fxiv-vscodium-1.92.2.24228/lib/vscode/resources/app/out/vs/workbench/api/node/extensionHostProcess.js:164:29724)
	at T.reset (/home/ser/.vscode-oss/extensions/asvetliakov.vscode-neovim-1.18.10-universal/dist/extension.js:2:187724)
	at a.<anonymous> (/home/ser/.vscode-oss/extensions/asvetliakov.vscode-neovim-1.18.10-universal/dist/extension.js:2:407017)
	at a.dispose (/nix/store/9nyan9hblp6j3m7p3dycs96xpac9fxiv-vscodium-1.92.2.24228/lib/vscode/resources/app/out/vs/workbench/api/node/extensionHostProcess.js:152:6598)
	at p (/nix/store/9nyan9hblp6j3m7p3dycs96xpac9fxiv-vscodium-1.92.2.24228/lib/vscode/resources/app/out/vs/workbench/api/node/extensionHostProcess.js:30:758)
	at /nix/store/9nyan9hblp6j3m7p3dycs96xpac9fxiv-vscodium-1.92.2.24228/lib/vscode/resources/app/out/vs/workbench/api/node/extensionHostProcess.js:160:17179
	at /nix/store/9nyan9hblp6j3m7p3dycs96xpac9fxiv-vscodium-1.92.2.24228/lib/vscode/resources/app/out/vs/workbench/api/node/extensionHostProcess.js:30:1147
	at Object.dispose (/nix/store/9nyan9hblp6j3m7p3dycs96xpac9fxiv-vscodium-1.92.2.24228/lib/vscode/resources/app/out/vs/workbench/api/node/extensionHostProcess.js:11:12373)
	at m._deactivate (/nix/store/9nyan9hblp6j3m7p3dycs96xpac9fxiv-vscodium-1.92.2.24228/lib/vscode/resources/app/out/vs/workbench/api/node/extensionHostProcess.js:160:13066)
	at /nix/store/9nyan9hblp6j3m7p3dycs96xpac9fxiv-vscodium-1.92.2.24228/lib/vscode/resources/app/out/vs/workbench/api/node/extensionHostProcess.js:160:10211
	at Array.map (<anonymous>)
	at m._deactivateAll (/nix/store/9nyan9hblp6j3m7p3dycs96xpac9fxiv-vscodium-1.92.2.24228/lib/vscode/resources/app/out/vs/workbench/api/node/extensionHostProcess.js:160:10198)
	at m.terminate (/nix/store/9nyan9hblp6j3m7p3dycs96xpac9fxiv-vscodium-1.92.2.24228/lib/vscode/resources/app/out/vs/workbench/api/node/extensionHostProcess.js:160:10581)
	at p.terminate (/nix/store/9nyan9hblp6j3m7p3dycs96xpac9fxiv-vscodium-1.92.2.24228/lib/vscode/resources/app/out/vs/workbench/api/node/extensionHostProcess.js:164:1908)
	at o (/nix/store/9nyan9hblp6j3m7p3dycs96xpac9fxiv-vscodium-1.92.2.24228/lib/vscode/resources/app/out/vs/workbench/api/node/extensionHostProcess.js:177:12370)
	at MessagePortMain.<anonymous> (/nix/store/9nyan9hblp6j3m7p3dycs96xpac9fxiv-vscodium-1.92.2.24228/lib/vscode/resources/app/out/vs/workbench/api/node/extensionHostProcess.js:177:8180)
	at MessagePortMain.emit (node:events:519:28)
	at MessagePortMain._internalPort.emit (node:electron/js2c/utility_init:2:2285) setContext undefined
2024-09-07 00:00:03.399 [error] Canceled: Canceled
	at new P (/nix/store/9nyan9hblp6j3m7p3dycs96xpac9fxiv-vscodium-1.92.2.24228/lib/vscode/resources/app/out/vs/workbench/api/node/extensionHostProcess.js:144:39331)
	at w._remoteCall (/nix/store/9nyan9hblp6j3m7p3dycs96xpac9fxiv-vscodium-1.92.2.24228/lib/vscode/resources/app/out/vs/workbench/api/node/extensionHostProcess.js:151:8160)
	at U.<computed>.x.charCodeAt.k.CharCode.DollarSign.U.<computed> (/nix/store/9nyan9hblp6j3m7p3dycs96xpac9fxiv-vscodium-1.92.2.24228/lib/vscode/resources/app/out/vs/workbench/api/node/extensionHostProcess.js:151:4351)
	at h._doExecuteCommand (/nix/store/9nyan9hblp6j3m7p3dycs96xpac9fxiv-vscodium-1.92.2.24228/lib/vscode/resources/app/out/vs/workbench/api/node/extensionHostProcess.js:154:243642)
	at h.executeCommand (/nix/store/9nyan9hblp6j3m7p3dycs96xpac9fxiv-vscodium-1.92.2.24228/lib/vscode/resources/app/out/vs/workbench/api/node/extensionHostProcess.js:154:242967)
	at A.registerCommand.description (/nix/store/9nyan9hblp6j3m7p3dycs96xpac9fxiv-vscodium-1.92.2.24228/lib/vscode/resources/app/out/vs/workbench/api/node/extensionHostProcess.js:154:242211)
	at h._executeContributedCommand (/nix/store/9nyan9hblp6j3m7p3dycs96xpac9fxiv-vscodium-1.92.2.24228/lib/vscode/resources/app/out/vs/workbench/api/node/extensionHostProcess.js:154:244280)
	at h._doExecuteCommand (/nix/store/9nyan9hblp6j3m7p3dycs96xpac9fxiv-vscodium-1.92.2.24228/lib/vscode/resources/app/out/vs/workbench/api/node/extensionHostProcess.js:154:243100)
	at h.executeCommand (/nix/store/9nyan9hblp6j3m7p3dycs96xpac9fxiv-vscodium-1.92.2.24228/lib/vscode/resources/app/out/vs/workbench/api/node/extensionHostProcess.js:154:242967)
	at Object.executeCommand (/nix/store/9nyan9hblp6j3m7p3dycs96xpac9fxiv-vscodium-1.92.2.24228/lib/vscode/resources/app/out/vs/workbench/api/node/extensionHostProcess.js:164:29724)
	at T.reset (/home/ser/.vscode-oss/extensions/asvetliakov.vscode-neovim-1.18.10-universal/dist/extension.js:2:187724)
	at a.<anonymous> (/home/ser/.vscode-oss/extensions/asvetliakov.vscode-neovim-1.18.10-universal/dist/extension.js:2:407017)
	at a.dispose (/nix/store/9nyan9hblp6j3m7p3dycs96xpac9fxiv-vscodium-1.92.2.24228/lib/vscode/resources/app/out/vs/workbench/api/node/extensionHostProcess.js:152:6598)
	at p (/nix/store/9nyan9hblp6j3m7p3dycs96xpac9fxiv-vscodium-1.92.2.24228/lib/vscode/resources/app/out/vs/workbench/api/node/extensionHostProcess.js:30:758)
	at /nix/store/9nyan9hblp6j3m7p3dycs96xpac9fxiv-vscodium-1.92.2.24228/lib/vscode/resources/app/out/vs/workbench/api/node/extensionHostProcess.js:160:17179
	at /nix/store/9nyan9hblp6j3m7p3dycs96xpac9fxiv-vscodium-1.92.2.24228/lib/vscode/resources/app/out/vs/workbench/api/node/extensionHostProcess.js:30:1147
	at Object.dispose (/nix/store/9nyan9hblp6j3m7p3dycs96xpac9fxiv-vscodium-1.92.2.24228/lib/vscode/resources/app/out/vs/workbench/api/node/extensionHostProcess.js:11:12373)
	at m._deactivate (/nix/store/9nyan9hblp6j3m7p3dycs96xpac9fxiv-vscodium-1.92.2.24228/lib/vscode/resources/app/out/vs/workbench/api/node/extensionHostProcess.js:160:13066)
	at /nix/store/9nyan9hblp6j3m7p3dycs96xpac9fxiv-vscodium-1.92.2.24228/lib/vscode/resources/app/out/vs/workbench/api/node/extensionHostProcess.js:160:10211
	at Array.map (<anonymous>)
	at m._deactivateAll (/nix/store/9nyan9hblp6j3m7p3dycs96xpac9fxiv-vscodium-1.92.2.24228/lib/vscode/resources/app/out/vs/workbench/api/node/extensionHostProcess.js:160:10198)
	at m.terminate (/nix/store/9nyan9hblp6j3m7p3dycs96xpac9fxiv-vscodium-1.92.2.24228/lib/vscode/resources/app/out/vs/workbench/api/node/extensionHostProcess.js:160:10581)
	at p.terminate (/nix/store/9nyan9hblp6j3m7p3dycs96xpac9fxiv-vscodium-1.92.2.24228/lib/vscode/resources/app/out/vs/workbench/api/node/extensionHostProcess.js:164:1908)
	at o (/nix/store/9nyan9hblp6j3m7p3dycs96xpac9fxiv-vscodium-1.92.2.24228/lib/vscode/resources/app/out/vs/workbench/api/node/extensionHostProcess.js:177:12370)
	at MessagePortMain.<anonymous> (/nix/store/9nyan9hblp6j3m7p3dycs96xpac9fxiv-vscodium-1.92.2.24228/lib/vscode/resources/app/out/vs/workbench/api/node/extensionHostProcess.js:177:8180)
	at MessagePortMain.emit (node:events:519:28)
	at MessagePortMain._internalPort.emit (node:electron/js2c/utility_init:2:2285) setContext undefined
2024-09-07 00:00:03.399 [error] Canceled: Canceled
	at new P (/nix/store/9nyan9hblp6j3m7p3dycs96xpac9fxiv-vscodium-1.92.2.24228/lib/vscode/resources/app/out/vs/workbench/api/node/extensionHostProcess.js:144:39331)
	at w._remoteCall (/nix/store/9nyan9hblp6j3m7p3dycs96xpac9fxiv-vscodium-1.92.2.24228/lib/vscode/resources/app/out/vs/workbench/api/node/extensionHostProcess.js:151:8160)
	at U.<computed>.x.charCodeAt.k.CharCode.DollarSign.U.<computed> (/nix/store/9nyan9hblp6j3m7p3dycs96xpac9fxiv-vscodium-1.92.2.24228/lib/vscode/resources/app/out/vs/workbench/api/node/extensionHostProcess.js:151:4351)
	at h._doExecuteCommand (/nix/store/9nyan9hblp6j3m7p3dycs96xpac9fxiv-vscodium-1.92.2.24228/lib/vscode/resources/app/out/vs/workbench/api/node/extensionHostProcess.js:154:243642)
	at h.executeCommand (/nix/store/9nyan9hblp6j3m7p3dycs96xpac9fxiv-vscodium-1.92.2.24228/lib/vscode/resources/app/out/vs/workbench/api/node/extensionHostProcess.js:154:242967)
	at A.registerCommand.description (/nix/store/9nyan9hblp6j3m7p3dycs96xpac9fxiv-vscodium-1.92.2.24228/lib/vscode/resources/app/out/vs/workbench/api/node/extensionHostProcess.js:154:242211)
	at h._executeContributedCommand (/nix/store/9nyan9hblp6j3m7p3dycs96xpac9fxiv-vscodium-1.92.2.24228/lib/vscode/resources/app/out/vs/workbench/api/node/extensionHostProcess.js:154:244280)
	at h._doExecuteCommand (/nix/store/9nyan9hblp6j3m7p3dycs96xpac9fxiv-vscodium-1.92.2.24228/lib/vscode/resources/app/out/vs/workbench/api/node/extensionHostProcess.js:154:243100)
	at h.executeCommand (/nix/store/9nyan9hblp6j3m7p3dycs96xpac9fxiv-vscodium-1.92.2.24228/lib/vscode/resources/app/out/vs/workbench/api/node/extensionHostProcess.js:154:242967)
	at Object.executeCommand (/nix/store/9nyan9hblp6j3m7p3dycs96xpac9fxiv-vscodium-1.92.2.24228/lib/vscode/resources/app/out/vs/workbench/api/node/extensionHostProcess.js:164:29724)
	at T.reset (/home/ser/.vscode-oss/extensions/asvetliakov.vscode-neovim-1.18.10-universal/dist/extension.js:2:187724)
	at a.<anonymous> (/home/ser/.vscode-oss/extensions/asvetliakov.vscode-neovim-1.18.10-universal/dist/extension.js:2:407017)
	at a.dispose (/nix/store/9nyan9hblp6j3m7p3dycs96xpac9fxiv-vscodium-1.92.2.24228/lib/vscode/resources/app/out/vs/workbench/api/node/extensionHostProcess.js:152:6598)
	at p (/nix/store/9nyan9hblp6j3m7p3dycs96xpac9fxiv-vscodium-1.92.2.24228/lib/vscode/resources/app/out/vs/workbench/api/node/extensionHostProcess.js:30:758)
	at /nix/store/9nyan9hblp6j3m7p3dycs96xpac9fxiv-vscodium-1.92.2.24228/lib/vscode/resources/app/out/vs/workbench/api/node/extensionHostProcess.js:160:17179
	at /nix/store/9nyan9hblp6j3m7p3dycs96xpac9fxiv-vscodium-1.92.2.24228/lib/vscode/resources/app/out/vs/workbench/api/node/extensionHostProcess.js:30:1147
	at Object.dispose (/nix/store/9nyan9hblp6j3m7p3dycs96xpac9fxiv-vscodium-1.92.2.24228/lib/vscode/resources/app/out/vs/workbench/api/node/extensionHostProcess.js:11:12373)
	at m._deactivate (/nix/store/9nyan9hblp6j3m7p3dycs96xpac9fxiv-vscodium-1.92.2.24228/lib/vscode/resources/app/out/vs/workbench/api/node/extensionHostProcess.js:160:13066)
	at /nix/store/9nyan9hblp6j3m7p3dycs96xpac9fxiv-vscodium-1.92.2.24228/lib/vscode/resources/app/out/vs/workbench/api/node/extensionHostProcess.js:160:10211
	at Array.map (<anonymous>)
	at m._deactivateAll (/nix/store/9nyan9hblp6j3m7p3dycs96xpac9fxiv-vscodium-1.92.2.24228/lib/vscode/resources/app/out/vs/workbench/api/node/extensionHostProcess.js:160:10198)
	at m.terminate (/nix/store/9nyan9hblp6j3m7p3dycs96xpac9fxiv-vscodium-1.92.2.24228/lib/vscode/resources/app/out/vs/workbench/api/node/extensionHostProcess.js:160:10581)
	at p.terminate (/nix/store/9nyan9hblp6j3m7p3dycs96xpac9fxiv-vscodium-1.92.2.24228/lib/vscode/resources/app/out/vs/workbench/api/node/extensionHostProcess.js:164:1908)
	at o (/nix/store/9nyan9hblp6j3m7p3dycs96xpac9fxiv-vscodium-1.92.2.24228/lib/vscode/resources/app/out/vs/workbench/api/node/extensionHostProcess.js:177:12370)
	at MessagePortMain.<anonymous> (/nix/store/9nyan9hblp6j3m7p3dycs96xpac9fxiv-vscodium-1.92.2.24228/lib/vscode/resources/app/out/vs/workbench/api/node/extensionHostProcess.js:177:8180)
	at MessagePortMain.emit (node:events:519:28)
	at MessagePortMain._internalPort.emit (node:electron/js2c/utility_init:2:2285) setContext undefined
2024-09-07 00:00:03.399 [error] Canceled: Canceled
	at new P (/nix/store/9nyan9hblp6j3m7p3dycs96xpac9fxiv-vscodium-1.92.2.24228/lib/vscode/resources/app/out/vs/workbench/api/node/extensionHostProcess.js:144:39331)
	at w._remoteCall (/nix/store/9nyan9hblp6j3m7p3dycs96xpac9fxiv-vscodium-1.92.2.24228/lib/vscode/resources/app/out/vs/workbench/api/node/extensionHostProcess.js:151:8160)
	at U.<computed>.x.charCodeAt.k.CharCode.DollarSign.U.<computed> (/nix/store/9nyan9hblp6j3m7p3dycs96xpac9fxiv-vscodium-1.92.2.24228/lib/vscode/resources/app/out/vs/workbench/api/node/extensionHostProcess.js:151:4351)
	at h._doExecuteCommand (/nix/store/9nyan9hblp6j3m7p3dycs96xpac9fxiv-vscodium-1.92.2.24228/lib/vscode/resources/app/out/vs/workbench/api/node/extensionHostProcess.js:154:243642)
	at h.executeCommand (/nix/store/9nyan9hblp6j3m7p3dycs96xpac9fxiv-vscodium-1.92.2.24228/lib/vscode/resources/app/out/vs/workbench/api/node/extensionHostProcess.js:154:242967)
	at A.registerCommand.description (/nix/store/9nyan9hblp6j3m7p3dycs96xpac9fxiv-vscodium-1.92.2.24228/lib/vscode/resources/app/out/vs/workbench/api/node/extensionHostProcess.js:154:242211)
	at h._executeContributedCommand (/nix/store/9nyan9hblp6j3m7p3dycs96xpac9fxiv-vscodium-1.92.2.24228/lib/vscode/resources/app/out/vs/workbench/api/node/extensionHostProcess.js:154:244280)
	at h._doExecuteCommand (/nix/store/9nyan9hblp6j3m7p3dycs96xpac9fxiv-vscodium-1.92.2.24228/lib/vscode/resources/app/out/vs/workbench/api/node/extensionHostProcess.js:154:243100)
	at h.executeCommand (/nix/store/9nyan9hblp6j3m7p3dycs96xpac9fxiv-vscodium-1.92.2.24228/lib/vscode/resources/app/out/vs/workbench/api/node/extensionHostProcess.js:154:242967)
	at Object.executeCommand (/nix/store/9nyan9hblp6j3m7p3dycs96xpac9fxiv-vscodium-1.92.2.24228/lib/vscode/resources/app/out/vs/workbench/api/node/extensionHostProcess.js:164:29724)
	at T.reset (/home/ser/.vscode-oss/extensions/asvetliakov.vscode-neovim-1.18.10-universal/dist/extension.js:2:187724)
	at a.<anonymous> (/home/ser/.vscode-oss/extensions/asvetliakov.vscode-neovim-1.18.10-universal/dist/extension.js:2:407017)
	at a.dispose (/nix/store/9nyan9hblp6j3m7p3dycs96xpac9fxiv-vscodium-1.92.2.24228/lib/vscode/resources/app/out/vs/workbench/api/node/extensionHostProcess.js:152:6598)
	at p (/nix/store/9nyan9hblp6j3m7p3dycs96xpac9fxiv-vscodium-1.92.2.24228/lib/vscode/resources/app/out/vs/workbench/api/node/extensionHostProcess.js:30:758)
	at /nix/store/9nyan9hblp6j3m7p3dycs96xpac9fxiv-vscodium-1.92.2.24228/lib/vscode/resources/app/out/vs/workbench/api/node/extensionHostProcess.js:160:17179
	at /nix/store/9nyan9hblp6j3m7p3dycs96xpac9fxiv-vscodium-1.92.2.24228/lib/vscode/resources/app/out/vs/workbench/api/node/extensionHostProcess.js:30:1147
	at Object.dispose (/nix/store/9nyan9hblp6j3m7p3dycs96xpac9fxiv-vscodium-1.92.2.24228/lib/vscode/resources/app/out/vs/workbench/api/node/extensionHostProcess.js:11:12373)
	at m._deactivate (/nix/store/9nyan9hblp6j3m7p3dycs96xpac9fxiv-vscodium-1.92.2.24228/lib/vscode/resources/app/out/vs/workbench/api/node/extensionHostProcess.js:160:13066)
	at /nix/store/9nyan9hblp6j3m7p3dycs96xpac9fxiv-vscodium-1.92.2.24228/lib/vscode/resources/app/out/vs/workbench/api/node/extensionHostProcess.js:160:10211
	at Array.map (<anonymous>)
	at m._deactivateAll (/nix/store/9nyan9hblp6j3m7p3dycs96xpac9fxiv-vscodium-1.92.2.24228/lib/vscode/resources/app/out/vs/workbench/api/node/extensionHostProcess.js:160:10198)
	at m.terminate (/nix/store/9nyan9hblp6j3m7p3dycs96xpac9fxiv-vscodium-1.92.2.24228/lib/vscode/resources/app/out/vs/workbench/api/node/extensionHostProcess.js:160:10581)
	at p.terminate (/nix/store/9nyan9hblp6j3m7p3dycs96xpac9fxiv-vscodium-1.92.2.24228/lib/vscode/resources/app/out/vs/workbench/api/node/extensionHostProcess.js:164:1908)
	at o (/nix/store/9nyan9hblp6j3m7p3dycs96xpac9fxiv-vscodium-1.92.2.24228/lib/vscode/resources/app/out/vs/workbench/api/node/extensionHostProcess.js:177:12370)
	at MessagePortMain.<anonymous> (/nix/store/9nyan9hblp6j3m7p3dycs96xpac9fxiv-vscodium-1.92.2.24228/lib/vscode/resources/app/out/vs/workbench/api/node/extensionHostProcess.js:177:8180)
	at MessagePortMain.emit (node:events:519:28)
	at MessagePortMain._internalPort.emit (node:electron/js2c/utility_init:2:2285) setContext undefined
2024-09-07 00:00:03.399 [error] Canceled: Canceled
	at new P (/nix/store/9nyan9hblp6j3m7p3dycs96xpac9fxiv-vscodium-1.92.2.24228/lib/vscode/resources/app/out/vs/workbench/api/node/extensionHostProcess.js:144:39331)
	at w._remoteCall (/nix/store/9nyan9hblp6j3m7p3dycs96xpac9fxiv-vscodium-1.92.2.24228/lib/vscode/resources/app/out/vs/workbench/api/node/extensionHostProcess.js:151:8160)
	at U.<computed>.x.charCodeAt.k.CharCode.DollarSign.U.<computed> (/nix/store/9nyan9hblp6j3m7p3dycs96xpac9fxiv-vscodium-1.92.2.24228/lib/vscode/resources/app/out/vs/workbench/api/node/extensionHostProcess.js:151:4351)
	at h._doExecuteCommand (/nix/store/9nyan9hblp6j3m7p3dycs96xpac9fxiv-vscodium-1.92.2.24228/lib/vscode/resources/app/out/vs/workbench/api/node/extensionHostProcess.js:154:243642)
	at h.executeCommand (/nix/store/9nyan9hblp6j3m7p3dycs96xpac9fxiv-vscodium-1.92.2.24228/lib/vscode/resources/app/out/vs/workbench/api/node/extensionHostProcess.js:154:242967)
	at A.registerCommand.description (/nix/store/9nyan9hblp6j3m7p3dycs96xpac9fxiv-vscodium-1.92.2.24228/lib/vscode/resources/app/out/vs/workbench/api/node/extensionHostProcess.js:154:242211)
	at h._executeContributedCommand (/nix/store/9nyan9hblp6j3m7p3dycs96xpac9fxiv-vscodium-1.92.2.24228/lib/vscode/resources/app/out/vs/workbench/api/node/extensionHostProcess.js:154:244280)
	at h._doExecuteCommand (/nix/store/9nyan9hblp6j3m7p3dycs96xpac9fxiv-vscodium-1.92.2.24228/lib/vscode/resources/app/out/vs/workbench/api/node/extensionHostProcess.js:154:243100)
	at h.executeCommand (/nix/store/9nyan9hblp6j3m7p3dycs96xpac9fxiv-vscodium-1.92.2.24228/lib/vscode/resources/app/out/vs/workbench/api/node/extensionHostProcess.js:154:242967)
	at Object.executeCommand (/nix/store/9nyan9hblp6j3m7p3dycs96xpac9fxiv-vscodium-1.92.2.24228/lib/vscode/resources/app/out/vs/workbench/api/node/extensionHostProcess.js:164:29724)
	at T.reset (/home/ser/.vscode-oss/extensions/asvetliakov.vscode-neovim-1.18.10-universal/dist/extension.js:2:187724)
	at a.<anonymous> (/home/ser/.vscode-oss/extensions/asvetliakov.vscode-neovim-1.18.10-universal/dist/extension.js:2:407017)
	at a.dispose (/nix/store/9nyan9hblp6j3m7p3dycs96xpac9fxiv-vscodium-1.92.2.24228/lib/vscode/resources/app/out/vs/workbench/api/node/extensionHostProcess.js:152:6598)
	at p (/nix/store/9nyan9hblp6j3m7p3dycs96xpac9fxiv-vscodium-1.92.2.24228/lib/vscode/resources/app/out/vs/workbench/api/node/extensionHostProcess.js:30:758)
	at /nix/store/9nyan9hblp6j3m7p3dycs96xpac9fxiv-vscodium-1.92.2.24228/lib/vscode/resources/app/out/vs/workbench/api/node/extensionHostProcess.js:160:17179
	at /nix/store/9nyan9hblp6j3m7p3dycs96xpac9fxiv-vscodium-1.92.2.24228/lib/vscode/resources/app/out/vs/workbench/api/node/extensionHostProcess.js:30:1147
	at Object.dispose (/nix/store/9nyan9hblp6j3m7p3dycs96xpac9fxiv-vscodium-1.92.2.24228/lib/vscode/resources/app/out/vs/workbench/api/node/extensionHostProcess.js:11:12373)
	at m._deactivate (/nix/store/9nyan9hblp6j3m7p3dycs96xpac9fxiv-vscodium-1.92.2.24228/lib/vscode/resources/app/out/vs/workbench/api/node/extensionHostProcess.js:160:13066)
	at /nix/store/9nyan9hblp6j3m7p3dycs96xpac9fxiv-vscodium-1.92.2.24228/lib/vscode/resources/app/out/vs/workbench/api/node/extensionHostProcess.js:160:10211
	at Array.map (<anonymous>)
	at m._deactivateAll (/nix/store/9nyan9hblp6j3m7p3dycs96xpac9fxiv-vscodium-1.92.2.24228/lib/vscode/resources/app/out/vs/workbench/api/node/extensionHostProcess.js:160:10198)
	at m.terminate (/nix/store/9nyan9hblp6j3m7p3dycs96xpac9fxiv-vscodium-1.92.2.24228/lib/vscode/resources/app/out/vs/workbench/api/node/extensionHostProcess.js:160:10581)
	at p.terminate (/nix/store/9nyan9hblp6j3m7p3dycs96xpac9fxiv-vscodium-1.92.2.24228/lib/vscode/resources/app/out/vs/workbench/api/node/extensionHostProcess.js:164:1908)
	at o (/nix/store/9nyan9hblp6j3m7p3dycs96xpac9fxiv-vscodium-1.92.2.24228/lib/vscode/resources/app/out/vs/workbench/api/node/extensionHostProcess.js:177:12370)
	at MessagePortMain.<anonymous> (/nix/store/9nyan9hblp6j3m7p3dycs96xpac9fxiv-vscodium-1.92.2.24228/lib/vscode/resources/app/out/vs/workbench/api/node/extensionHostProcess.js:177:8180)
	at MessagePortMain.emit (node:events:519:28)
	at MessagePortMain._internalPort.emit (node:electron/js2c/utility_init:2:2285) setContext undefined
2024-09-07 00:00:03.399 [error] Canceled: Canceled
	at new P (/nix/store/9nyan9hblp6j3m7p3dycs96xpac9fxiv-vscodium-1.92.2.24228/lib/vscode/resources/app/out/vs/workbench/api/node/extensionHostProcess.js:144:39331)
	at w._remoteCall (/nix/store/9nyan9hblp6j3m7p3dycs96xpac9fxiv-vscodium-1.92.2.24228/lib/vscode/resources/app/out/vs/workbench/api/node/extensionHostProcess.js:151:8160)
	at U.<computed>.x.charCodeAt.k.CharCode.DollarSign.U.<computed> (/nix/store/9nyan9hblp6j3m7p3dycs96xpac9fxiv-vscodium-1.92.2.24228/lib/vscode/resources/app/out/vs/workbench/api/node/extensionHostProcess.js:151:4351)
	at h._doExecuteCommand (/nix/store/9nyan9hblp6j3m7p3dycs96xpac9fxiv-vscodium-1.92.2.24228/lib/vscode/resources/app/out/vs/workbench/api/node/extensionHostProcess.js:154:243642)
	at h.executeCommand (/nix/store/9nyan9hblp6j3m7p3dycs96xpac9fxiv-vscodium-1.92.2.24228/lib/vscode/resources/app/out/vs/workbench/api/node/extensionHostProcess.js:154:242967)
	at A.registerCommand.description (/nix/store/9nyan9hblp6j3m7p3dycs96xpac9fxiv-vscodium-1.92.2.24228/lib/vscode/resources/app/out/vs/workbench/api/node/extensionHostProcess.js:154:242211)
	at h._executeContributedCommand (/nix/store/9nyan9hblp6j3m7p3dycs96xpac9fxiv-vscodium-1.92.2.24228/lib/vscode/resources/app/out/vs/workbench/api/node/extensionHostProcess.js:154:244280)
	at h._doExecuteCommand (/nix/store/9nyan9hblp6j3m7p3dycs96xpac9fxiv-vscodium-1.92.2.24228/lib/vscode/resources/app/out/vs/workbench/api/node/extensionHostProcess.js:154:243100)
	at h.executeCommand (/nix/store/9nyan9hblp6j3m7p3dycs96xpac9fxiv-vscodium-1.92.2.24228/lib/vscode/resources/app/out/vs/workbench/api/node/extensionHostProcess.js:154:242967)
	at Object.executeCommand (/nix/store/9nyan9hblp6j3m7p3dycs96xpac9fxiv-vscodium-1.92.2.24228/lib/vscode/resources/app/out/vs/workbench/api/node/extensionHostProcess.js:164:29724)
	at T.reset (/home/ser/.vscode-oss/extensions/asvetliakov.vscode-neovim-1.18.10-universal/dist/extension.js:2:187724)
	at a.<anonymous> (/home/ser/.vscode-oss/extensions/asvetliakov.vscode-neovim-1.18.10-universal/dist/extension.js:2:407017)
	at a.dispose (/nix/store/9nyan9hblp6j3m7p3dycs96xpac9fxiv-vscodium-1.92.2.24228/lib/vscode/resources/app/out/vs/workbench/api/node/extensionHostProcess.js:152:6598)
	at p (/nix/store/9nyan9hblp6j3m7p3dycs96xpac9fxiv-vscodium-1.92.2.24228/lib/vscode/resources/app/out/vs/workbench/api/node/extensionHostProcess.js:30:758)
	at /nix/store/9nyan9hblp6j3m7p3dycs96xpac9fxiv-vscodium-1.92.2.24228/lib/vscode/resources/app/out/vs/workbench/api/node/extensionHostProcess.js:160:17179
	at /nix/store/9nyan9hblp6j3m7p3dycs96xpac9fxiv-vscodium-1.92.2.24228/lib/vscode/resources/app/out/vs/workbench/api/node/extensionHostProcess.js:30:1147
	at Object.dispose (/nix/store/9nyan9hblp6j3m7p3dycs96xpac9fxiv-vscodium-1.92.2.24228/lib/vscode/resources/app/out/vs/workbench/api/node/extensionHostProcess.js:11:12373)
	at m._deactivate (/nix/store/9nyan9hblp6j3m7p3dycs96xpac9fxiv-vscodium-1.92.2.24228/lib/vscode/resources/app/out/vs/workbench/api/node/extensionHostProcess.js:160:13066)
	at /nix/store/9nyan9hblp6j3m7p3dycs96xpac9fxiv-vscodium-1.92.2.24228/lib/vscode/resources/app/out/vs/workbench/api/node/extensionHostProcess.js:160:10211
	at Array.map (<anonymous>)
	at m._deactivateAll (/nix/store/9nyan9hblp6j3m7p3dycs96xpac9fxiv-vscodium-1.92.2.24228/lib/vscode/resources/app/out/vs/workbench/api/node/extensionHostProcess.js:160:10198)
	at m.terminate (/nix/store/9nyan9hblp6j3m7p3dycs96xpac9fxiv-vscodium-1.92.2.24228/lib/vscode/resources/app/out/vs/workbench/api/node/extensionHostProcess.js:160:10581)
	at p.terminate (/nix/store/9nyan9hblp6j3m7p3dycs96xpac9fxiv-vscodium-1.92.2.24228/lib/vscode/resources/app/out/vs/workbench/api/node/extensionHostProcess.js:164:1908)
	at o (/nix/store/9nyan9hblp6j3m7p3dycs96xpac9fxiv-vscodium-1.92.2.24228/lib/vscode/resources/app/out/vs/workbench/api/node/extensionHostProcess.js:177:12370)
	at MessagePortMain.<anonymous> (/nix/store/9nyan9hblp6j3m7p3dycs96xpac9fxiv-vscodium-1.92.2.24228/lib/vscode/resources/app/out/vs/workbench/api/node/extensionHostProcess.js:177:8180)
	at MessagePortMain.emit (node:events:519:28)
	at MessagePortMain._internalPort.emit (node:electron/js2c/utility_init:2:2285) setContext undefined
2024-09-07 00:00:03.399 [error] Canceled: Canceled
	at new P (/nix/store/9nyan9hblp6j3m7p3dycs96xpac9fxiv-vscodium-1.92.2.24228/lib/vscode/resources/app/out/vs/workbench/api/node/extensionHostProcess.js:144:39331)
	at w._remoteCall (/nix/store/9nyan9hblp6j3m7p3dycs96xpac9fxiv-vscodium-1.92.2.24228/lib/vscode/resources/app/out/vs/workbench/api/node/extensionHostProcess.js:151:8160)
	at U.<computed>.x.charCodeAt.k.CharCode.DollarSign.U.<computed> (/nix/store/9nyan9hblp6j3m7p3dycs96xpac9fxiv-vscodium-1.92.2.24228/lib/vscode/resources/app/out/vs/workbench/api/node/extensionHostProcess.js:151:4351)
	at h._doExecuteCommand (/nix/store/9nyan9hblp6j3m7p3dycs96xpac9fxiv-vscodium-1.92.2.24228/lib/vscode/resources/app/out/vs/workbench/api/node/extensionHostProcess.js:154:243642)
	at h.executeCommand (/nix/store/9nyan9hblp6j3m7p3dycs96xpac9fxiv-vscodium-1.92.2.24228/lib/vscode/resources/app/out/vs/workbench/api/node/extensionHostProcess.js:154:242967)
	at A.registerCommand.description (/nix/store/9nyan9hblp6j3m7p3dycs96xpac9fxiv-vscodium-1.92.2.24228/lib/vscode/resources/app/out/vs/workbench/api/node/extensionHostProcess.js:154:242211)
	at h._executeContributedCommand (/nix/store/9nyan9hblp6j3m7p3dycs96xpac9fxiv-vscodium-1.92.2.24228/lib/vscode/resources/app/out/vs/workbench/api/node/extensionHostProcess.js:154:244280)
	at h._doExecuteCommand (/nix/store/9nyan9hblp6j3m7p3dycs96xpac9fxiv-vscodium-1.92.2.24228/lib/vscode/resources/app/out/vs/workbench/api/node/extensionHostProcess.js:154:243100)
	at h.executeCommand (/nix/store/9nyan9hblp6j3m7p3dycs96xpac9fxiv-vscodium-1.92.2.24228/lib/vscode/resources/app/out/vs/workbench/api/node/extensionHostProcess.js:154:242967)
	at Object.executeCommand (/nix/store/9nyan9hblp6j3m7p3dycs96xpac9fxiv-vscodium-1.92.2.24228/lib/vscode/resources/app/out/vs/workbench/api/node/extensionHostProcess.js:164:29724)
	at T.reset (/home/ser/.vscode-oss/extensions/asvetliakov.vscode-neovim-1.18.10-universal/dist/extension.js:2:187724)
	at a.<anonymous> (/home/ser/.vscode-oss/extensions/asvetliakov.vscode-neovim-1.18.10-universal/dist/extension.js:2:407017)
	at a.dispose (/nix/store/9nyan9hblp6j3m7p3dycs96xpac9fxiv-vscodium-1.92.2.24228/lib/vscode/resources/app/out/vs/workbench/api/node/extensionHostProcess.js:152:6598)
	at p (/nix/store/9nyan9hblp6j3m7p3dycs96xpac9fxiv-vscodium-1.92.2.24228/lib/vscode/resources/app/out/vs/workbench/api/node/extensionHostProcess.js:30:758)
	at /nix/store/9nyan9hblp6j3m7p3dycs96xpac9fxiv-vscodium-1.92.2.24228/lib/vscode/resources/app/out/vs/workbench/api/node/extensionHostProcess.js:160:17179
	at /nix/store/9nyan9hblp6j3m7p3dycs96xpac9fxiv-vscodium-1.92.2.24228/lib/vscode/resources/app/out/vs/workbench/api/node/extensionHostProcess.js:30:1147
	at Object.dispose (/nix/store/9nyan9hblp6j3m7p3dycs96xpac9fxiv-vscodium-1.92.2.24228/lib/vscode/resources/app/out/vs/workbench/api/node/extensionHostProcess.js:11:12373)
	at m._deactivate (/nix/store/9nyan9hblp6j3m7p3dycs96xpac9fxiv-vscodium-1.92.2.24228/lib/vscode/resources/app/out/vs/workbench/api/node/extensionHostProcess.js:160:13066)
	at /nix/store/9nyan9hblp6j3m7p3dycs96xpac9fxiv-vscodium-1.92.2.24228/lib/vscode/resources/app/out/vs/workbench/api/node/extensionHostProcess.js:160:10211
	at Array.map (<anonymous>)
	at m._deactivateAll (/nix/store/9nyan9hblp6j3m7p3dycs96xpac9fxiv-vscodium-1.92.2.24228/lib/vscode/resources/app/out/vs/workbench/api/node/extensionHostProcess.js:160:10198)
	at m.terminate (/nix/store/9nyan9hblp6j3m7p3dycs96xpac9fxiv-vscodium-1.92.2.24228/lib/vscode/resources/app/out/vs/workbench/api/node/extensionHostProcess.js:160:10581)
	at p.terminate (/nix/store/9nyan9hblp6j3m7p3dycs96xpac9fxiv-vscodium-1.92.2.24228/lib/vscode/resources/app/out/vs/workbench/api/node/extensionHostProcess.js:164:1908)
	at o (/nix/store/9nyan9hblp6j3m7p3dycs96xpac9fxiv-vscodium-1.92.2.24228/lib/vscode/resources/app/out/vs/workbench/api/node/extensionHostProcess.js:177:12370)
	at MessagePortMain.<anonymous> (/nix/store/9nyan9hblp6j3m7p3dycs96xpac9fxiv-vscodium-1.92.2.24228/lib/vscode/resources/app/out/vs/workbench/api/node/extensionHostProcess.js:177:8180)
	at MessagePortMain.emit (node:events:519:28)
	at MessagePortMain._internalPort.emit (node:electron/js2c/utility_init:2:2285) setContext undefined
2024-09-07 00:00:03.400 [error] Canceled: Canceled
	at new P (/nix/store/9nyan9hblp6j3m7p3dycs96xpac9fxiv-vscodium-1.92.2.24228/lib/vscode/resources/app/out/vs/workbench/api/node/extensionHostProcess.js:144:39331)
	at w._remoteCall (/nix/store/9nyan9hblp6j3m7p3dycs96xpac9fxiv-vscodium-1.92.2.24228/lib/vscode/resources/app/out/vs/workbench/api/node/extensionHostProcess.js:151:8160)
	at U.<computed>.x.charCodeAt.k.CharCode.DollarSign.U.<computed> (/nix/store/9nyan9hblp6j3m7p3dycs96xpac9fxiv-vscodium-1.92.2.24228/lib/vscode/resources/app/out/vs/workbench/api/node/extensionHostProcess.js:151:4351)
	at h._doExecuteCommand (/nix/store/9nyan9hblp6j3m7p3dycs96xpac9fxiv-vscodium-1.92.2.24228/lib/vscode/resources/app/out/vs/workbench/api/node/extensionHostProcess.js:154:243642)
	at h.executeCommand (/nix/store/9nyan9hblp6j3m7p3dycs96xpac9fxiv-vscodium-1.92.2.24228/lib/vscode/resources/app/out/vs/workbench/api/node/extensionHostProcess.js:154:242967)
	at A.registerCommand.description (/nix/store/9nyan9hblp6j3m7p3dycs96xpac9fxiv-vscodium-1.92.2.24228/lib/vscode/resources/app/out/vs/workbench/api/node/extensionHostProcess.js:154:242211)
	at h._executeContributedCommand (/nix/store/9nyan9hblp6j3m7p3dycs96xpac9fxiv-vscodium-1.92.2.24228/lib/vscode/resources/app/out/vs/workbench/api/node/extensionHostProcess.js:154:244280)
	at h._doExecuteCommand (/nix/store/9nyan9hblp6j3m7p3dycs96xpac9fxiv-vscodium-1.92.2.24228/lib/vscode/resources/app/out/vs/workbench/api/node/extensionHostProcess.js:154:243100)
	at h.executeCommand (/nix/store/9nyan9hblp6j3m7p3dycs96xpac9fxiv-vscodium-1.92.2.24228/lib/vscode/resources/app/out/vs/workbench/api/node/extensionHostProcess.js:154:242967)
	at Object.executeCommand (/nix/store/9nyan9hblp6j3m7p3dycs96xpac9fxiv-vscodium-1.92.2.24228/lib/vscode/resources/app/out/vs/workbench/api/node/extensionHostProcess.js:164:29724)
	at T.reset (/home/ser/.vscode-oss/extensions/asvetliakov.vscode-neovim-1.18.10-universal/dist/extension.js:2:187724)
	at a.<anonymous> (/home/ser/.vscode-oss/extensions/asvetliakov.vscode-neovim-1.18.10-universal/dist/extension.js:2:407017)
	at a.dispose (/nix/store/9nyan9hblp6j3m7p3dycs96xpac9fxiv-vscodium-1.92.2.24228/lib/vscode/resources/app/out/vs/workbench/api/node/extensionHostProcess.js:152:6598)
	at p (/nix/store/9nyan9hblp6j3m7p3dycs96xpac9fxiv-vscodium-1.92.2.24228/lib/vscode/resources/app/out/vs/workbench/api/node/extensionHostProcess.js:30:758)
	at /nix/store/9nyan9hblp6j3m7p3dycs96xpac9fxiv-vscodium-1.92.2.24228/lib/vscode/resources/app/out/vs/workbench/api/node/extensionHostProcess.js:160:17179
	at /nix/store/9nyan9hblp6j3m7p3dycs96xpac9fxiv-vscodium-1.92.2.24228/lib/vscode/resources/app/out/vs/workbench/api/node/extensionHostProcess.js:30:1147
	at Object.dispose (/nix/store/9nyan9hblp6j3m7p3dycs96xpac9fxiv-vscodium-1.92.2.24228/lib/vscode/resources/app/out/vs/workbench/api/node/extensionHostProcess.js:11:12373)
	at m._deactivate (/nix/store/9nyan9hblp6j3m7p3dycs96xpac9fxiv-vscodium-1.92.2.24228/lib/vscode/resources/app/out/vs/workbench/api/node/extensionHostProcess.js:160:13066)
	at /nix/store/9nyan9hblp6j3m7p3dycs96xpac9fxiv-vscodium-1.92.2.24228/lib/vscode/resources/app/out/vs/workbench/api/node/extensionHostProcess.js:160:10211
	at Array.map (<anonymous>)
	at m._deactivateAll (/nix/store/9nyan9hblp6j3m7p3dycs96xpac9fxiv-vscodium-1.92.2.24228/lib/vscode/resources/app/out/vs/workbench/api/node/extensionHostProcess.js:160:10198)
	at m.terminate (/nix/store/9nyan9hblp6j3m7p3dycs96xpac9fxiv-vscodium-1.92.2.24228/lib/vscode/resources/app/out/vs/workbench/api/node/extensionHostProcess.js:160:10581)
	at p.terminate (/nix/store/9nyan9hblp6j3m7p3dycs96xpac9fxiv-vscodium-1.92.2.24228/lib/vscode/resources/app/out/vs/workbench/api/node/extensionHostProcess.js:164:1908)
	at o (/nix/store/9nyan9hblp6j3m7p3dycs96xpac9fxiv-vscodium-1.92.2.24228/lib/vscode/resources/app/out/vs/workbench/api/node/extensionHostProcess.js:177:12370)
	at MessagePortMain.<anonymous> (/nix/store/9nyan9hblp6j3m7p3dycs96xpac9fxiv-vscodium-1.92.2.24228/lib/vscode/resources/app/out/vs/workbench/api/node/extensionHostProcess.js:177:8180)
	at MessagePortMain.emit (node:events:519:28)
	at MessagePortMain._internalPort.emit (node:electron/js2c/utility_init:2:2285) setContext undefined
2024-09-07 00:00:03.400 [error] Canceled: Canceled
	at new P (/nix/store/9nyan9hblp6j3m7p3dycs96xpac9fxiv-vscodium-1.92.2.24228/lib/vscode/resources/app/out/vs/workbench/api/node/extensionHostProcess.js:144:39331)
	at w._remoteCall (/nix/store/9nyan9hblp6j3m7p3dycs96xpac9fxiv-vscodium-1.92.2.24228/lib/vscode/resources/app/out/vs/workbench/api/node/extensionHostProcess.js:151:8160)
	at U.<computed>.x.charCodeAt.k.CharCode.DollarSign.U.<computed> (/nix/store/9nyan9hblp6j3m7p3dycs96xpac9fxiv-vscodium-1.92.2.24228/lib/vscode/resources/app/out/vs/workbench/api/node/extensionHostProcess.js:151:4351)
	at h._doExecuteCommand (/nix/store/9nyan9hblp6j3m7p3dycs96xpac9fxiv-vscodium-1.92.2.24228/lib/vscode/resources/app/out/vs/workbench/api/node/extensionHostProcess.js:154:243642)
	at h.executeCommand (/nix/store/9nyan9hblp6j3m7p3dycs96xpac9fxiv-vscodium-1.92.2.24228/lib/vscode/resources/app/out/vs/workbench/api/node/extensionHostProcess.js:154:242967)
	at A.registerCommand.description (/nix/store/9nyan9hblp6j3m7p3dycs96xpac9fxiv-vscodium-1.92.2.24228/lib/vscode/resources/app/out/vs/workbench/api/node/extensionHostProcess.js:154:242211)
	at h._executeContributedCommand (/nix/store/9nyan9hblp6j3m7p3dycs96xpac9fxiv-vscodium-1.92.2.24228/lib/vscode/resources/app/out/vs/workbench/api/node/extensionHostProcess.js:154:244280)
	at h._doExecuteCommand (/nix/store/9nyan9hblp6j3m7p3dycs96xpac9fxiv-vscodium-1.92.2.24228/lib/vscode/resources/app/out/vs/workbench/api/node/extensionHostProcess.js:154:243100)
	at h.executeCommand (/nix/store/9nyan9hblp6j3m7p3dycs96xpac9fxiv-vscodium-1.92.2.24228/lib/vscode/resources/app/out/vs/workbench/api/node/extensionHostProcess.js:154:242967)
	at Object.executeCommand (/nix/store/9nyan9hblp6j3m7p3dycs96xpac9fxiv-vscodium-1.92.2.24228/lib/vscode/resources/app/out/vs/workbench/api/node/extensionHostProcess.js:164:29724)
	at T.reset (/home/ser/.vscode-oss/extensions/asvetliakov.vscode-neovim-1.18.10-universal/dist/extension.js:2:187724)
	at a.<anonymous> (/home/ser/.vscode-oss/extensions/asvetliakov.vscode-neovim-1.18.10-universal/dist/extension.js:2:407017)
	at a.dispose (/nix/store/9nyan9hblp6j3m7p3dycs96xpac9fxiv-vscodium-1.92.2.24228/lib/vscode/resources/app/out/vs/workbench/api/node/extensionHostProcess.js:152:6598)
	at p (/nix/store/9nyan9hblp6j3m7p3dycs96xpac9fxiv-vscodium-1.92.2.24228/lib/vscode/resources/app/out/vs/workbench/api/node/extensionHostProcess.js:30:758)
	at /nix/store/9nyan9hblp6j3m7p3dycs96xpac9fxiv-vscodium-1.92.2.24228/lib/vscode/resources/app/out/vs/workbench/api/node/extensionHostProcess.js:160:17179
	at /nix/store/9nyan9hblp6j3m7p3dycs96xpac9fxiv-vscodium-1.92.2.24228/lib/vscode/resources/app/out/vs/workbench/api/node/extensionHostProcess.js:30:1147
	at Object.dispose (/nix/store/9nyan9hblp6j3m7p3dycs96xpac9fxiv-vscodium-1.92.2.24228/lib/vscode/resources/app/out/vs/workbench/api/node/extensionHostProcess.js:11:12373)
	at m._deactivate (/nix/store/9nyan9hblp6j3m7p3dycs96xpac9fxiv-vscodium-1.92.2.24228/lib/vscode/resources/app/out/vs/workbench/api/node/extensionHostProcess.js:160:13066)
	at /nix/store/9nyan9hblp6j3m7p3dycs96xpac9fxiv-vscodium-1.92.2.24228/lib/vscode/resources/app/out/vs/workbench/api/node/extensionHostProcess.js:160:10211
	at Array.map (<anonymous>)
	at m._deactivateAll (/nix/store/9nyan9hblp6j3m7p3dycs96xpac9fxiv-vscodium-1.92.2.24228/lib/vscode/resources/app/out/vs/workbench/api/node/extensionHostProcess.js:160:10198)
	at m.terminate (/nix/store/9nyan9hblp6j3m7p3dycs96xpac9fxiv-vscodium-1.92.2.24228/lib/vscode/resources/app/out/vs/workbench/api/node/extensionHostProcess.js:160:10581)
	at p.terminate (/nix/store/9nyan9hblp6j3m7p3dycs96xpac9fxiv-vscodium-1.92.2.24228/lib/vscode/resources/app/out/vs/workbench/api/node/extensionHostProcess.js:164:1908)
	at o (/nix/store/9nyan9hblp6j3m7p3dycs96xpac9fxiv-vscodium-1.92.2.24228/lib/vscode/resources/app/out/vs/workbench/api/node/extensionHostProcess.js:177:12370)
	at MessagePortMain.<anonymous> (/nix/store/9nyan9hblp6j3m7p3dycs96xpac9fxiv-vscodium-1.92.2.24228/lib/vscode/resources/app/out/vs/workbench/api/node/extensionHostProcess.js:177:8180)
	at MessagePortMain.emit (node:events:519:28)
	at MessagePortMain._internalPort.emit (node:electron/js2c/utility_init:2:2285) setContext undefined
2024-09-07 00:00:03.400 [error] Canceled: Canceled
	at new P (/nix/store/9nyan9hblp6j3m7p3dycs96xpac9fxiv-vscodium-1.92.2.24228/lib/vscode/resources/app/out/vs/workbench/api/node/extensionHostProcess.js:144:39331)
	at w._remoteCall (/nix/store/9nyan9hblp6j3m7p3dycs96xpac9fxiv-vscodium-1.92.2.24228/lib/vscode/resources/app/out/vs/workbench/api/node/extensionHostProcess.js:151:8160)
	at U.<computed>.x.charCodeAt.k.CharCode.DollarSign.U.<computed> (/nix/store/9nyan9hblp6j3m7p3dycs96xpac9fxiv-vscodium-1.92.2.24228/lib/vscode/resources/app/out/vs/workbench/api/node/extensionHostProcess.js:151:4351)
	at h._doExecuteCommand (/nix/store/9nyan9hblp6j3m7p3dycs96xpac9fxiv-vscodium-1.92.2.24228/lib/vscode/resources/app/out/vs/workbench/api/node/extensionHostProcess.js:154:243642)
	at h.executeCommand (/nix/store/9nyan9hblp6j3m7p3dycs96xpac9fxiv-vscodium-1.92.2.24228/lib/vscode/resources/app/out/vs/workbench/api/node/extensionHostProcess.js:154:242967)
	at A.registerCommand.description (/nix/store/9nyan9hblp6j3m7p3dycs96xpac9fxiv-vscodium-1.92.2.24228/lib/vscode/resources/app/out/vs/workbench/api/node/extensionHostProcess.js:154:242211)
	at h._executeContributedCommand (/nix/store/9nyan9hblp6j3m7p3dycs96xpac9fxiv-vscodium-1.92.2.24228/lib/vscode/resources/app/out/vs/workbench/api/node/extensionHostProcess.js:154:244280)
	at h._doExecuteCommand (/nix/store/9nyan9hblp6j3m7p3dycs96xpac9fxiv-vscodium-1.92.2.24228/lib/vscode/resources/app/out/vs/workbench/api/node/extensionHostProcess.js:154:243100)
	at h.executeCommand (/nix/store/9nyan9hblp6j3m7p3dycs96xpac9fxiv-vscodium-1.92.2.24228/lib/vscode/resources/app/out/vs/workbench/api/node/extensionHostProcess.js:154:242967)
	at Object.executeCommand (/nix/store/9nyan9hblp6j3m7p3dycs96xpac9fxiv-vscodium-1.92.2.24228/lib/vscode/resources/app/out/vs/workbench/api/node/extensionHostProcess.js:164:29724)
	at T.reset (/home/ser/.vscode-oss/extensions/asvetliakov.vscode-neovim-1.18.10-universal/dist/extension.js:2:187724)
	at a.<anonymous> (/home/ser/.vscode-oss/extensions/asvetliakov.vscode-neovim-1.18.10-universal/dist/extension.js:2:407017)
	at a.dispose (/nix/store/9nyan9hblp6j3m7p3dycs96xpac9fxiv-vscodium-1.92.2.24228/lib/vscode/resources/app/out/vs/workbench/api/node/extensionHostProcess.js:152:6598)
	at p (/nix/store/9nyan9hblp6j3m7p3dycs96xpac9fxiv-vscodium-1.92.2.24228/lib/vscode/resources/app/out/vs/workbench/api/node/extensionHostProcess.js:30:758)
	at /nix/store/9nyan9hblp6j3m7p3dycs96xpac9fxiv-vscodium-1.92.2.24228/lib/vscode/resources/app/out/vs/workbench/api/node/extensionHostProcess.js:160:17179
	at /nix/store/9nyan9hblp6j3m7p3dycs96xpac9fxiv-vscodium-1.92.2.24228/lib/vscode/resources/app/out/vs/workbench/api/node/extensionHostProcess.js:30:1147
	at Object.dispose (/nix/store/9nyan9hblp6j3m7p3dycs96xpac9fxiv-vscodium-1.92.2.24228/lib/vscode/resources/app/out/vs/workbench/api/node/extensionHostProcess.js:11:12373)
	at m._deactivate (/nix/store/9nyan9hblp6j3m7p3dycs96xpac9fxiv-vscodium-1.92.2.24228/lib/vscode/resources/app/out/vs/workbench/api/node/extensionHostProcess.js:160:13066)
	at /nix/store/9nyan9hblp6j3m7p3dycs96xpac9fxiv-vscodium-1.92.2.24228/lib/vscode/resources/app/out/vs/workbench/api/node/extensionHostProcess.js:160:10211
	at Array.map (<anonymous>)
	at m._deactivateAll (/nix/store/9nyan9hblp6j3m7p3dycs96xpac9fxiv-vscodium-1.92.2.24228/lib/vscode/resources/app/out/vs/workbench/api/node/extensionHostProcess.js:160:10198)
	at m.terminate (/nix/store/9nyan9hblp6j3m7p3dycs96xpac9fxiv-vscodium-1.92.2.24228/lib/vscode/resources/app/out/vs/workbench/api/node/extensionHostProcess.js:160:10581)
	at p.terminate (/nix/store/9nyan9hblp6j3m7p3dycs96xpac9fxiv-vscodium-1.92.2.24228/lib/vscode/resources/app/out/vs/workbench/api/node/extensionHostProcess.js:164:1908)
	at o (/nix/store/9nyan9hblp6j3m7p3dycs96xpac9fxiv-vscodium-1.92.2.24228/lib/vscode/resources/app/out/vs/workbench/api/node/extensionHostProcess.js:177:12370)
	at MessagePortMain.<anonymous> (/nix/store/9nyan9hblp6j3m7p3dycs96xpac9fxiv-vscodium-1.92.2.24228/lib/vscode/resources/app/out/vs/workbench/api/node/extensionHostProcess.js:177:8180)
	at MessagePortMain.emit (node:events:519:28)
	at MessagePortMain._internalPort.emit (node:electron/js2c/utility_init:2:2285) setContext undefined
2024-09-07 00:00:03.400 [error] Canceled: Canceled
	at new P (/nix/store/9nyan9hblp6j3m7p3dycs96xpac9fxiv-vscodium-1.92.2.24228/lib/vscode/resources/app/out/vs/workbench/api/node/extensionHostProcess.js:144:39331)
	at w._remoteCall (/nix/store/9nyan9hblp6j3m7p3dycs96xpac9fxiv-vscodium-1.92.2.24228/lib/vscode/resources/app/out/vs/workbench/api/node/extensionHostProcess.js:151:8160)
	at U.<computed>.x.charCodeAt.k.CharCode.DollarSign.U.<computed> (/nix/store/9nyan9hblp6j3m7p3dycs96xpac9fxiv-vscodium-1.92.2.24228/lib/vscode/resources/app/out/vs/workbench/api/node/extensionHostProcess.js:151:4351)
	at h._doExecuteCommand (/nix/store/9nyan9hblp6j3m7p3dycs96xpac9fxiv-vscodium-1.92.2.24228/lib/vscode/resources/app/out/vs/workbench/api/node/extensionHostProcess.js:154:243642)
	at h.executeCommand (/nix/store/9nyan9hblp6j3m7p3dycs96xpac9fxiv-vscodium-1.92.2.24228/lib/vscode/resources/app/out/vs/workbench/api/node/extensionHostProcess.js:154:242967)
	at A.registerCommand.description (/nix/store/9nyan9hblp6j3m7p3dycs96xpac9fxiv-vscodium-1.92.2.24228/lib/vscode/resources/app/out/vs/workbench/api/node/extensionHostProcess.js:154:242211)
	at h._executeContributedCommand (/nix/store/9nyan9hblp6j3m7p3dycs96xpac9fxiv-vscodium-1.92.2.24228/lib/vscode/resources/app/out/vs/workbench/api/node/extensionHostProcess.js:154:244280)
	at h._doExecuteCommand (/nix/store/9nyan9hblp6j3m7p3dycs96xpac9fxiv-vscodium-1.92.2.24228/lib/vscode/resources/app/out/vs/workbench/api/node/extensionHostProcess.js:154:243100)
	at h.executeCommand (/nix/store/9nyan9hblp6j3m7p3dycs96xpac9fxiv-vscodium-1.92.2.24228/lib/vscode/resources/app/out/vs/workbench/api/node/extensionHostProcess.js:154:242967)
	at Object.executeCommand (/nix/store/9nyan9hblp6j3m7p3dycs96xpac9fxiv-vscodium-1.92.2.24228/lib/vscode/resources/app/out/vs/workbench/api/node/extensionHostProcess.js:164:29724)
	at T.reset (/home/ser/.vscode-oss/extensions/asvetliakov.vscode-neovim-1.18.10-universal/dist/extension.js:2:187724)
	at a.<anonymous> (/home/ser/.vscode-oss/extensions/asvetliakov.vscode-neovim-1.18.10-universal/dist/extension.js:2:407017)
	at a.dispose (/nix/store/9nyan9hblp6j3m7p3dycs96xpac9fxiv-vscodium-1.92.2.24228/lib/vscode/resources/app/out/vs/workbench/api/node/extensionHostProcess.js:152:6598)
	at p (/nix/store/9nyan9hblp6j3m7p3dycs96xpac9fxiv-vscodium-1.92.2.24228/lib/vscode/resources/app/out/vs/workbench/api/node/extensionHostProcess.js:30:758)
	at /nix/store/9nyan9hblp6j3m7p3dycs96xpac9fxiv-vscodium-1.92.2.24228/lib/vscode/resources/app/out/vs/workbench/api/node/extensionHostProcess.js:160:17179
	at /nix/store/9nyan9hblp6j3m7p3dycs96xpac9fxiv-vscodium-1.92.2.24228/lib/vscode/resources/app/out/vs/workbench/api/node/extensionHostProcess.js:30:1147
	at Object.dispose (/nix/store/9nyan9hblp6j3m7p3dycs96xpac9fxiv-vscodium-1.92.2.24228/lib/vscode/resources/app/out/vs/workbench/api/node/extensionHostProcess.js:11:12373)
	at m._deactivate (/nix/store/9nyan9hblp6j3m7p3dycs96xpac9fxiv-vscodium-1.92.2.24228/lib/vscode/resources/app/out/vs/workbench/api/node/extensionHostProcess.js:160:13066)
	at /nix/store/9nyan9hblp6j3m7p3dycs96xpac9fxiv-vscodium-1.92.2.24228/lib/vscode/resources/app/out/vs/workbench/api/node/extensionHostProcess.js:160:10211
	at Array.map (<anonymous>)
	at m._deactivateAll (/nix/store/9nyan9hblp6j3m7p3dycs96xpac9fxiv-vscodium-1.92.2.24228/lib/vscode/resources/app/out/vs/workbench/api/node/extensionHostProcess.js:160:10198)
	at m.terminate (/nix/store/9nyan9hblp6j3m7p3dycs96xpac9fxiv-vscodium-1.92.2.24228/lib/vscode/resources/app/out/vs/workbench/api/node/extensionHostProcess.js:160:10581)
	at p.terminate (/nix/store/9nyan9hblp6j3m7p3dycs96xpac9fxiv-vscodium-1.92.2.24228/lib/vscode/resources/app/out/vs/workbench/api/node/extensionHostProcess.js:164:1908)
	at o (/nix/store/9nyan9hblp6j3m7p3dycs96xpac9fxiv-vscodium-1.92.2.24228/lib/vscode/resources/app/out/vs/workbench/api/node/extensionHostProcess.js:177:12370)
	at MessagePortMain.<anonymous> (/nix/store/9nyan9hblp6j3m7p3dycs96xpac9fxiv-vscodium-1.92.2.24228/lib/vscode/resources/app/out/vs/workbench/api/node/extensionHostProcess.js:177:8180)
	at MessagePortMain.emit (node:events:519:28)
	at MessagePortMain._internalPort.emit (node:electron/js2c/utility_init:2:2285) setContext undefined
2024-09-07 00:00:03.400 [error] Canceled: Canceled
	at new P (/nix/store/9nyan9hblp6j3m7p3dycs96xpac9fxiv-vscodium-1.92.2.24228/lib/vscode/resources/app/out/vs/workbench/api/node/extensionHostProcess.js:144:39331)
	at w._remoteCall (/nix/store/9nyan9hblp6j3m7p3dycs96xpac9fxiv-vscodium-1.92.2.24228/lib/vscode/resources/app/out/vs/workbench/api/node/extensionHostProcess.js:151:8160)
	at U.<computed>.x.charCodeAt.k.CharCode.DollarSign.U.<computed> (/nix/store/9nyan9hblp6j3m7p3dycs96xpac9fxiv-vscodium-1.92.2.24228/lib/vscode/resources/app/out/vs/workbench/api/node/extensionHostProcess.js:151:4351)
	at h._doExecuteCommand (/nix/store/9nyan9hblp6j3m7p3dycs96xpac9fxiv-vscodium-1.92.2.24228/lib/vscode/resources/app/out/vs/workbench/api/node/extensionHostProcess.js:154:243642)
	at h.executeCommand (/nix/store/9nyan9hblp6j3m7p3dycs96xpac9fxiv-vscodium-1.92.2.24228/lib/vscode/resources/app/out/vs/workbench/api/node/extensionHostProcess.js:154:242967)
	at A.registerCommand.description (/nix/store/9nyan9hblp6j3m7p3dycs96xpac9fxiv-vscodium-1.92.2.24228/lib/vscode/resources/app/out/vs/workbench/api/node/extensionHostProcess.js:154:242211)
	at h._executeContributedCommand (/nix/store/9nyan9hblp6j3m7p3dycs96xpac9fxiv-vscodium-1.92.2.24228/lib/vscode/resources/app/out/vs/workbench/api/node/extensionHostProcess.js:154:244280)
	at h._doExecuteCommand (/nix/store/9nyan9hblp6j3m7p3dycs96xpac9fxiv-vscodium-1.92.2.24228/lib/vscode/resources/app/out/vs/workbench/api/node/extensionHostProcess.js:154:243100)
	at h.executeCommand (/nix/store/9nyan9hblp6j3m7p3dycs96xpac9fxiv-vscodium-1.92.2.24228/lib/vscode/resources/app/out/vs/workbench/api/node/extensionHostProcess.js:154:242967)
	at Object.executeCommand (/nix/store/9nyan9hblp6j3m7p3dycs96xpac9fxiv-vscodium-1.92.2.24228/lib/vscode/resources/app/out/vs/workbench/api/node/extensionHostProcess.js:164:29724)
	at T.reset (/home/ser/.vscode-oss/extensions/asvetliakov.vscode-neovim-1.18.10-universal/dist/extension.js:2:187724)
	at a.<anonymous> (/home/ser/.vscode-oss/extensions/asvetliakov.vscode-neovim-1.18.10-universal/dist/extension.js:2:407017)
	at a.dispose (/nix/store/9nyan9hblp6j3m7p3dycs96xpac9fxiv-vscodium-1.92.2.24228/lib/vscode/resources/app/out/vs/workbench/api/node/extensionHostProcess.js:152:6598)
	at p (/nix/store/9nyan9hblp6j3m7p3dycs96xpac9fxiv-vscodium-1.92.2.24228/lib/vscode/resources/app/out/vs/workbench/api/node/extensionHostProcess.js:30:758)
	at /nix/store/9nyan9hblp6j3m7p3dycs96xpac9fxiv-vscodium-1.92.2.24228/lib/vscode/resources/app/out/vs/workbench/api/node/extensionHostProcess.js:160:17179
	at /nix/store/9nyan9hblp6j3m7p3dycs96xpac9fxiv-vscodium-1.92.2.24228/lib/vscode/resources/app/out/vs/workbench/api/node/extensionHostProcess.js:30:1147
	at Object.dispose (/nix/store/9nyan9hblp6j3m7p3dycs96xpac9fxiv-vscodium-1.92.2.24228/lib/vscode/resources/app/out/vs/workbench/api/node/extensionHostProcess.js:11:12373)
	at m._deactivate (/nix/store/9nyan9hblp6j3m7p3dycs96xpac9fxiv-vscodium-1.92.2.24228/lib/vscode/resources/app/out/vs/workbench/api/node/extensionHostProcess.js:160:13066)
	at /nix/store/9nyan9hblp6j3m7p3dycs96xpac9fxiv-vscodium-1.92.2.24228/lib/vscode/resources/app/out/vs/workbench/api/node/extensionHostProcess.js:160:10211
	at Array.map (<anonymous>)
	at m._deactivateAll (/nix/store/9nyan9hblp6j3m7p3dycs96xpac9fxiv-vscodium-1.92.2.24228/lib/vscode/resources/app/out/vs/workbench/api/node/extensionHostProcess.js:160:10198)
	at m.terminate (/nix/store/9nyan9hblp6j3m7p3dycs96xpac9fxiv-vscodium-1.92.2.24228/lib/vscode/resources/app/out/vs/workbench/api/node/extensionHostProcess.js:160:10581)
	at p.terminate (/nix/store/9nyan9hblp6j3m7p3dycs96xpac9fxiv-vscodium-1.92.2.24228/lib/vscode/resources/app/out/vs/workbench/api/node/extensionHostProcess.js:164:1908)
	at o (/nix/store/9nyan9hblp6j3m7p3dycs96xpac9fxiv-vscodium-1.92.2.24228/lib/vscode/resources/app/out/vs/workbench/api/node/extensionHostProcess.js:177:12370)
	at MessagePortMain.<anonymous> (/nix/store/9nyan9hblp6j3m7p3dycs96xpac9fxiv-vscodium-1.92.2.24228/lib/vscode/resources/app/out/vs/workbench/api/node/extensionHostProcess.js:177:8180)
	at MessagePortMain.emit (node:events:519:28)
	at MessagePortMain._internalPort.emit (node:electron/js2c/utility_init:2:2285) setContext undefined
2024-09-07 00:00:03.400 [error] Canceled: Canceled
	at new P (/nix/store/9nyan9hblp6j3m7p3dycs96xpac9fxiv-vscodium-1.92.2.24228/lib/vscode/resources/app/out/vs/workbench/api/node/extensionHostProcess.js:144:39331)
	at w._remoteCall (/nix/store/9nyan9hblp6j3m7p3dycs96xpac9fxiv-vscodium-1.92.2.24228/lib/vscode/resources/app/out/vs/workbench/api/node/extensionHostProcess.js:151:8160)
	at U.<computed>.x.charCodeAt.k.CharCode.DollarSign.U.<computed> (/nix/store/9nyan9hblp6j3m7p3dycs96xpac9fxiv-vscodium-1.92.2.24228/lib/vscode/resources/app/out/vs/workbench/api/node/extensionHostProcess.js:151:4351)
	at h._doExecuteCommand (/nix/store/9nyan9hblp6j3m7p3dycs96xpac9fxiv-vscodium-1.92.2.24228/lib/vscode/resources/app/out/vs/workbench/api/node/extensionHostProcess.js:154:243642)
	at h.executeCommand (/nix/store/9nyan9hblp6j3m7p3dycs96xpac9fxiv-vscodium-1.92.2.24228/lib/vscode/resources/app/out/vs/workbench/api/node/extensionHostProcess.js:154:242967)
	at A.registerCommand.description (/nix/store/9nyan9hblp6j3m7p3dycs96xpac9fxiv-vscodium-1.92.2.24228/lib/vscode/resources/app/out/vs/workbench/api/node/extensionHostProcess.js:154:242211)
	at h._executeContributedCommand (/nix/store/9nyan9hblp6j3m7p3dycs96xpac9fxiv-vscodium-1.92.2.24228/lib/vscode/resources/app/out/vs/workbench/api/node/extensionHostProcess.js:154:244280)
	at h._doExecuteCommand (/nix/store/9nyan9hblp6j3m7p3dycs96xpac9fxiv-vscodium-1.92.2.24228/lib/vscode/resources/app/out/vs/workbench/api/node/extensionHostProcess.js:154:243100)
	at h.executeCommand (/nix/store/9nyan9hblp6j3m7p3dycs96xpac9fxiv-vscodium-1.92.2.24228/lib/vscode/resources/app/out/vs/workbench/api/node/extensionHostProcess.js:154:242967)
	at Object.executeCommand (/nix/store/9nyan9hblp6j3m7p3dycs96xpac9fxiv-vscodium-1.92.2.24228/lib/vscode/resources/app/out/vs/workbench/api/node/extensionHostProcess.js:164:29724)
	at T.reset (/home/ser/.vscode-oss/extensions/asvetliakov.vscode-neovim-1.18.10-universal/dist/extension.js:2:187724)
	at a.<anonymous> (/home/ser/.vscode-oss/extensions/asvetliakov.vscode-neovim-1.18.10-universal/dist/extension.js:2:407017)
	at a.dispose (/nix/store/9nyan9hblp6j3m7p3dycs96xpac9fxiv-vscodium-1.92.2.24228/lib/vscode/resources/app/out/vs/workbench/api/node/extensionHostProcess.js:152:6598)
	at p (/nix/store/9nyan9hblp6j3m7p3dycs96xpac9fxiv-vscodium-1.92.2.24228/lib/vscode/resources/app/out/vs/workbench/api/node/extensionHostProcess.js:30:758)
	at /nix/store/9nyan9hblp6j3m7p3dycs96xpac9fxiv-vscodium-1.92.2.24228/lib/vscode/resources/app/out/vs/workbench/api/node/extensionHostProcess.js:160:17179
	at /nix/store/9nyan9hblp6j3m7p3dycs96xpac9fxiv-vscodium-1.92.2.24228/lib/vscode/resources/app/out/vs/workbench/api/node/extensionHostProcess.js:30:1147
	at Object.dispose (/nix/store/9nyan9hblp6j3m7p3dycs96xpac9fxiv-vscodium-1.92.2.24228/lib/vscode/resources/app/out/vs/workbench/api/node/extensionHostProcess.js:11:12373)
	at m._deactivate (/nix/store/9nyan9hblp6j3m7p3dycs96xpac9fxiv-vscodium-1.92.2.24228/lib/vscode/resources/app/out/vs/workbench/api/node/extensionHostProcess.js:160:13066)
	at /nix/store/9nyan9hblp6j3m7p3dycs96xpac9fxiv-vscodium-1.92.2.24228/lib/vscode/resources/app/out/vs/workbench/api/node/extensionHostProcess.js:160:10211
	at Array.map (<anonymous>)
	at m._deactivateAll (/nix/store/9nyan9hblp6j3m7p3dycs96xpac9fxiv-vscodium-1.92.2.24228/lib/vscode/resources/app/out/vs/workbench/api/node/extensionHostProcess.js:160:10198)
	at m.terminate (/nix/store/9nyan9hblp6j3m7p3dycs96xpac9fxiv-vscodium-1.92.2.24228/lib/vscode/resources/app/out/vs/workbench/api/node/extensionHostProcess.js:160:10581)
	at p.terminate (/nix/store/9nyan9hblp6j3m7p3dycs96xpac9fxiv-vscodium-1.92.2.24228/lib/vscode/resources/app/out/vs/workbench/api/node/extensionHostProcess.js:164:1908)
	at o (/nix/store/9nyan9hblp6j3m7p3dycs96xpac9fxiv-vscodium-1.92.2.24228/lib/vscode/resources/app/out/vs/workbench/api/node/extensionHostProcess.js:177:12370)
	at MessagePortMain.<anonymous> (/nix/store/9nyan9hblp6j3m7p3dycs96xpac9fxiv-vscodium-1.92.2.24228/lib/vscode/resources/app/out/vs/workbench/api/node/extensionHostProcess.js:177:8180)
	at MessagePortMain.emit (node:events:519:28)
	at MessagePortMain._internalPort.emit (node:electron/js2c/utility_init:2:2285) setContext undefined
2024-09-07 00:00:03.400 [error] Canceled: Canceled
	at new P (/nix/store/9nyan9hblp6j3m7p3dycs96xpac9fxiv-vscodium-1.92.2.24228/lib/vscode/resources/app/out/vs/workbench/api/node/extensionHostProcess.js:144:39331)
	at w._remoteCall (/nix/store/9nyan9hblp6j3m7p3dycs96xpac9fxiv-vscodium-1.92.2.24228/lib/vscode/resources/app/out/vs/workbench/api/node/extensionHostProcess.js:151:8160)
	at U.<computed>.x.charCodeAt.k.CharCode.DollarSign.U.<computed> (/nix/store/9nyan9hblp6j3m7p3dycs96xpac9fxiv-vscodium-1.92.2.24228/lib/vscode/resources/app/out/vs/workbench/api/node/extensionHostProcess.js:151:4351)
	at h._doExecuteCommand (/nix/store/9nyan9hblp6j3m7p3dycs96xpac9fxiv-vscodium-1.92.2.24228/lib/vscode/resources/app/out/vs/workbench/api/node/extensionHostProcess.js:154:243642)
	at h.executeCommand (/nix/store/9nyan9hblp6j3m7p3dycs96xpac9fxiv-vscodium-1.92.2.24228/lib/vscode/resources/app/out/vs/workbench/api/node/extensionHostProcess.js:154:242967)
	at A.registerCommand.description (/nix/store/9nyan9hblp6j3m7p3dycs96xpac9fxiv-vscodium-1.92.2.24228/lib/vscode/resources/app/out/vs/workbench/api/node/extensionHostProcess.js:154:242211)
	at h._executeContributedCommand (/nix/store/9nyan9hblp6j3m7p3dycs96xpac9fxiv-vscodium-1.92.2.24228/lib/vscode/resources/app/out/vs/workbench/api/node/extensionHostProcess.js:154:244280)
	at h._doExecuteCommand (/nix/store/9nyan9hblp6j3m7p3dycs96xpac9fxiv-vscodium-1.92.2.24228/lib/vscode/resources/app/out/vs/workbench/api/node/extensionHostProcess.js:154:243100)
	at h.executeCommand (/nix/store/9nyan9hblp6j3m7p3dycs96xpac9fxiv-vscodium-1.92.2.24228/lib/vscode/resources/app/out/vs/workbench/api/node/extensionHostProcess.js:154:242967)
	at Object.executeCommand (/nix/store/9nyan9hblp6j3m7p3dycs96xpac9fxiv-vscodium-1.92.2.24228/lib/vscode/resources/app/out/vs/workbench/api/node/extensionHostProcess.js:164:29724)
	at T.reset (/home/ser/.vscode-oss/extensions/asvetliakov.vscode-neovim-1.18.10-universal/dist/extension.js:2:187724)
	at a.<anonymous> (/home/ser/.vscode-oss/extensions/asvetliakov.vscode-neovim-1.18.10-universal/dist/extension.js:2:407017)
	at a.dispose (/nix/store/9nyan9hblp6j3m7p3dycs96xpac9fxiv-vscodium-1.92.2.24228/lib/vscode/resources/app/out/vs/workbench/api/node/extensionHostProcess.js:152:6598)
	at p (/nix/store/9nyan9hblp6j3m7p3dycs96xpac9fxiv-vscodium-1.92.2.24228/lib/vscode/resources/app/out/vs/workbench/api/node/extensionHostProcess.js:30:758)
	at /nix/store/9nyan9hblp6j3m7p3dycs96xpac9fxiv-vscodium-1.92.2.24228/lib/vscode/resources/app/out/vs/workbench/api/node/extensionHostProcess.js:160:17179
	at /nix/store/9nyan9hblp6j3m7p3dycs96xpac9fxiv-vscodium-1.92.2.24228/lib/vscode/resources/app/out/vs/workbench/api/node/extensionHostProcess.js:30:1147
	at Object.dispose (/nix/store/9nyan9hblp6j3m7p3dycs96xpac9fxiv-vscodium-1.92.2.24228/lib/vscode/resources/app/out/vs/workbench/api/node/extensionHostProcess.js:11:12373)
	at m._deactivate (/nix/store/9nyan9hblp6j3m7p3dycs96xpac9fxiv-vscodium-1.92.2.24228/lib/vscode/resources/app/out/vs/workbench/api/node/extensionHostProcess.js:160:13066)
	at /nix/store/9nyan9hblp6j3m7p3dycs96xpac9fxiv-vscodium-1.92.2.24228/lib/vscode/resources/app/out/vs/workbench/api/node/extensionHostProcess.js:160:10211
	at Array.map (<anonymous>)
	at m._deactivateAll (/nix/store/9nyan9hblp6j3m7p3dycs96xpac9fxiv-vscodium-1.92.2.24228/lib/vscode/resources/app/out/vs/workbench/api/node/extensionHostProcess.js:160:10198)
	at m.terminate (/nix/store/9nyan9hblp6j3m7p3dycs96xpac9fxiv-vscodium-1.92.2.24228/lib/vscode/resources/app/out/vs/workbench/api/node/extensionHostProcess.js:160:10581)
	at p.terminate (/nix/store/9nyan9hblp6j3m7p3dycs96xpac9fxiv-vscodium-1.92.2.24228/lib/vscode/resources/app/out/vs/workbench/api/node/extensionHostProcess.js:164:1908)
	at o (/nix/store/9nyan9hblp6j3m7p3dycs96xpac9fxiv-vscodium-1.92.2.24228/lib/vscode/resources/app/out/vs/workbench/api/node/extensionHostProcess.js:177:12370)
	at MessagePortMain.<anonymous> (/nix/store/9nyan9hblp6j3m7p3dycs96xpac9fxiv-vscodium-1.92.2.24228/lib/vscode/resources/app/out/vs/workbench/api/node/extensionHostProcess.js:177:8180)
	at MessagePortMain.emit (node:events:519:28)
	at MessagePortMain._internalPort.emit (node:electron/js2c/utility_init:2:2285) setContext undefined
2024-09-07 00:00:03.400 [error] Canceled: Canceled
	at new P (/nix/store/9nyan9hblp6j3m7p3dycs96xpac9fxiv-vscodium-1.92.2.24228/lib/vscode/resources/app/out/vs/workbench/api/node/extensionHostProcess.js:144:39331)
	at w._remoteCall (/nix/store/9nyan9hblp6j3m7p3dycs96xpac9fxiv-vscodium-1.92.2.24228/lib/vscode/resources/app/out/vs/workbench/api/node/extensionHostProcess.js:151:8160)
	at U.<computed>.x.charCodeAt.k.CharCode.DollarSign.U.<computed> (/nix/store/9nyan9hblp6j3m7p3dycs96xpac9fxiv-vscodium-1.92.2.24228/lib/vscode/resources/app/out/vs/workbench/api/node/extensionHostProcess.js:151:4351)
	at h._doExecuteCommand (/nix/store/9nyan9hblp6j3m7p3dycs96xpac9fxiv-vscodium-1.92.2.24228/lib/vscode/resources/app/out/vs/workbench/api/node/extensionHostProcess.js:154:243642)
	at h.executeCommand (/nix/store/9nyan9hblp6j3m7p3dycs96xpac9fxiv-vscodium-1.92.2.24228/lib/vscode/resources/app/out/vs/workbench/api/node/extensionHostProcess.js:154:242967)
	at A.registerCommand.description (/nix/store/9nyan9hblp6j3m7p3dycs96xpac9fxiv-vscodium-1.92.2.24228/lib/vscode/resources/app/out/vs/workbench/api/node/extensionHostProcess.js:154:242211)
	at h._executeContributedCommand (/nix/store/9nyan9hblp6j3m7p3dycs96xpac9fxiv-vscodium-1.92.2.24228/lib/vscode/resources/app/out/vs/workbench/api/node/extensionHostProcess.js:154:244280)
	at h._doExecuteCommand (/nix/store/9nyan9hblp6j3m7p3dycs96xpac9fxiv-vscodium-1.92.2.24228/lib/vscode/resources/app/out/vs/workbench/api/node/extensionHostProcess.js:154:243100)
	at h.executeCommand (/nix/store/9nyan9hblp6j3m7p3dycs96xpac9fxiv-vscodium-1.92.2.24228/lib/vscode/resources/app/out/vs/workbench/api/node/extensionHostProcess.js:154:242967)
	at Object.executeCommand (/nix/store/9nyan9hblp6j3m7p3dycs96xpac9fxiv-vscodium-1.92.2.24228/lib/vscode/resources/app/out/vs/workbench/api/node/extensionHostProcess.js:164:29724)
	at T.reset (/home/ser/.vscode-oss/extensions/asvetliakov.vscode-neovim-1.18.10-universal/dist/extension.js:2:187724)
	at a.<anonymous> (/home/ser/.vscode-oss/extensions/asvetliakov.vscode-neovim-1.18.10-universal/dist/extension.js:2:407017)
	at a.dispose (/nix/store/9nyan9hblp6j3m7p3dycs96xpac9fxiv-vscodium-1.92.2.24228/lib/vscode/resources/app/out/vs/workbench/api/node/extensionHostProcess.js:152:6598)
	at p (/nix/store/9nyan9hblp6j3m7p3dycs96xpac9fxiv-vscodium-1.92.2.24228/lib/vscode/resources/app/out/vs/workbench/api/node/extensionHostProcess.js:30:758)
	at /nix/store/9nyan9hblp6j3m7p3dycs96xpac9fxiv-vscodium-1.92.2.24228/lib/vscode/resources/app/out/vs/workbench/api/node/extensionHostProcess.js:160:17179
	at /nix/store/9nyan9hblp6j3m7p3dycs96xpac9fxiv-vscodium-1.92.2.24228/lib/vscode/resources/app/out/vs/workbench/api/node/extensionHostProcess.js:30:1147
	at Object.dispose (/nix/store/9nyan9hblp6j3m7p3dycs96xpac9fxiv-vscodium-1.92.2.24228/lib/vscode/resources/app/out/vs/workbench/api/node/extensionHostProcess.js:11:12373)
	at m._deactivate (/nix/store/9nyan9hblp6j3m7p3dycs96xpac9fxiv-vscodium-1.92.2.24228/lib/vscode/resources/app/out/vs/workbench/api/node/extensionHostProcess.js:160:13066)
	at /nix/store/9nyan9hblp6j3m7p3dycs96xpac9fxiv-vscodium-1.92.2.24228/lib/vscode/resources/app/out/vs/workbench/api/node/extensionHostProcess.js:160:10211
	at Array.map (<anonymous>)
	at m._deactivateAll (/nix/store/9nyan9hblp6j3m7p3dycs96xpac9fxiv-vscodium-1.92.2.24228/lib/vscode/resources/app/out/vs/workbench/api/node/extensionHostProcess.js:160:10198)
	at m.terminate (/nix/store/9nyan9hblp6j3m7p3dycs96xpac9fxiv-vscodium-1.92.2.24228/lib/vscode/resources/app/out/vs/workbench/api/node/extensionHostProcess.js:160:10581)
	at p.terminate (/nix/store/9nyan9hblp6j3m7p3dycs96xpac9fxiv-vscodium-1.92.2.24228/lib/vscode/resources/app/out/vs/workbench/api/node/extensionHostProcess.js:164:1908)
	at o (/nix/store/9nyan9hblp6j3m7p3dycs96xpac9fxiv-vscodium-1.92.2.24228/lib/vscode/resources/app/out/vs/workbench/api/node/extensionHostProcess.js:177:12370)
	at MessagePortMain.<anonymous> (/nix/store/9nyan9hblp6j3m7p3dycs96xpac9fxiv-vscodium-1.92.2.24228/lib/vscode/resources/app/out/vs/workbench/api/node/extensionHostProcess.js:177:8180)
	at MessagePortMain.emit (node:events:519:28)
	at MessagePortMain._internalPort.emit (node:electron/js2c/utility_init:2:2285) setContext undefined
2024-09-07 00:00:03.400 [error] Canceled: Canceled
	at new P (/nix/store/9nyan9hblp6j3m7p3dycs96xpac9fxiv-vscodium-1.92.2.24228/lib/vscode/resources/app/out/vs/workbench/api/node/extensionHostProcess.js:144:39331)
	at w._remoteCall (/nix/store/9nyan9hblp6j3m7p3dycs96xpac9fxiv-vscodium-1.92.2.24228/lib/vscode/resources/app/out/vs/workbench/api/node/extensionHostProcess.js:151:8160)
	at U.<computed>.x.charCodeAt.k.CharCode.DollarSign.U.<computed> (/nix/store/9nyan9hblp6j3m7p3dycs96xpac9fxiv-vscodium-1.92.2.24228/lib/vscode/resources/app/out/vs/workbench/api/node/extensionHostProcess.js:151:4351)
	at h._doExecuteCommand (/nix/store/9nyan9hblp6j3m7p3dycs96xpac9fxiv-vscodium-1.92.2.24228/lib/vscode/resources/app/out/vs/workbench/api/node/extensionHostProcess.js:154:243642)
	at h.executeCommand (/nix/store/9nyan9hblp6j3m7p3dycs96xpac9fxiv-vscodium-1.92.2.24228/lib/vscode/resources/app/out/vs/workbench/api/node/extensionHostProcess.js:154:242967)
	at A.registerCommand.description (/nix/store/9nyan9hblp6j3m7p3dycs96xpac9fxiv-vscodium-1.92.2.24228/lib/vscode/resources/app/out/vs/workbench/api/node/extensionHostProcess.js:154:242211)
	at h._executeContributedCommand (/nix/store/9nyan9hblp6j3m7p3dycs96xpac9fxiv-vscodium-1.92.2.24228/lib/vscode/resources/app/out/vs/workbench/api/node/extensionHostProcess.js:154:244280)
	at h._doExecuteCommand (/nix/store/9nyan9hblp6j3m7p3dycs96xpac9fxiv-vscodium-1.92.2.24228/lib/vscode/resources/app/out/vs/workbench/api/node/extensionHostProcess.js:154:243100)
	at h.executeCommand (/nix/store/9nyan9hblp6j3m7p3dycs96xpac9fxiv-vscodium-1.92.2.24228/lib/vscode/resources/app/out/vs/workbench/api/node/extensionHostProcess.js:154:242967)
	at Object.executeCommand (/nix/store/9nyan9hblp6j3m7p3dycs96xpac9fxiv-vscodium-1.92.2.24228/lib/vscode/resources/app/out/vs/workbench/api/node/extensionHostProcess.js:164:29724)
	at T.reset (/home/ser/.vscode-oss/extensions/asvetliakov.vscode-neovim-1.18.10-universal/dist/extension.js:2:187724)
	at a.<anonymous> (/home/ser/.vscode-oss/extensions/asvetliakov.vscode-neovim-1.18.10-universal/dist/extension.js:2:407017)
	at a.dispose (/nix/store/9nyan9hblp6j3m7p3dycs96xpac9fxiv-vscodium-1.92.2.24228/lib/vscode/resources/app/out/vs/workbench/api/node/extensionHostProcess.js:152:6598)
	at p (/nix/store/9nyan9hblp6j3m7p3dycs96xpac9fxiv-vscodium-1.92.2.24228/lib/vscode/resources/app/out/vs/workbench/api/node/extensionHostProcess.js:30:758)
	at /nix/store/9nyan9hblp6j3m7p3dycs96xpac9fxiv-vscodium-1.92.2.24228/lib/vscode/resources/app/out/vs/workbench/api/node/extensionHostProcess.js:160:17179
	at /nix/store/9nyan9hblp6j3m7p3dycs96xpac9fxiv-vscodium-1.92.2.24228/lib/vscode/resources/app/out/vs/workbench/api/node/extensionHostProcess.js:30:1147
	at Object.dispose (/nix/store/9nyan9hblp6j3m7p3dycs96xpac9fxiv-vscodium-1.92.2.24228/lib/vscode/resources/app/out/vs/workbench/api/node/extensionHostProcess.js:11:12373)
	at m._deactivate (/nix/store/9nyan9hblp6j3m7p3dycs96xpac9fxiv-vscodium-1.92.2.24228/lib/vscode/resources/app/out/vs/workbench/api/node/extensionHostProcess.js:160:13066)
	at /nix/store/9nyan9hblp6j3m7p3dycs96xpac9fxiv-vscodium-1.92.2.24228/lib/vscode/resources/app/out/vs/workbench/api/node/extensionHostProcess.js:160:10211
	at Array.map (<anonymous>)
	at m._deactivateAll (/nix/store/9nyan9hblp6j3m7p3dycs96xpac9fxiv-vscodium-1.92.2.24228/lib/vscode/resources/app/out/vs/workbench/api/node/extensionHostProcess.js:160:10198)
	at m.terminate (/nix/store/9nyan9hblp6j3m7p3dycs96xpac9fxiv-vscodium-1.92.2.24228/lib/vscode/resources/app/out/vs/workbench/api/node/extensionHostProcess.js:160:10581)
	at p.terminate (/nix/store/9nyan9hblp6j3m7p3dycs96xpac9fxiv-vscodium-1.92.2.24228/lib/vscode/resources/app/out/vs/workbench/api/node/extensionHostProcess.js:164:1908)
	at o (/nix/store/9nyan9hblp6j3m7p3dycs96xpac9fxiv-vscodium-1.92.2.24228/lib/vscode/resources/app/out/vs/workbench/api/node/extensionHostProcess.js:177:12370)
	at MessagePortMain.<anonymous> (/nix/store/9nyan9hblp6j3m7p3dycs96xpac9fxiv-vscodium-1.92.2.24228/lib/vscode/resources/app/out/vs/workbench/api/node/extensionHostProcess.js:177:8180)
	at MessagePortMain.emit (node:events:519:28)
	at MessagePortMain._internalPort.emit (node:electron/js2c/utility_init:2:2285) setContext undefined
2024-09-07 00:00:03.401 [error] Canceled: Canceled
	at new P (/nix/store/9nyan9hblp6j3m7p3dycs96xpac9fxiv-vscodium-1.92.2.24228/lib/vscode/resources/app/out/vs/workbench/api/node/extensionHostProcess.js:144:39331)
	at w._remoteCall (/nix/store/9nyan9hblp6j3m7p3dycs96xpac9fxiv-vscodium-1.92.2.24228/lib/vscode/resources/app/out/vs/workbench/api/node/extensionHostProcess.js:151:8160)
	at U.<computed>.x.charCodeAt.k.CharCode.DollarSign.U.<computed> (/nix/store/9nyan9hblp6j3m7p3dycs96xpac9fxiv-vscodium-1.92.2.24228/lib/vscode/resources/app/out/vs/workbench/api/node/extensionHostProcess.js:151:4351)
	at h._doExecuteCommand (/nix/store/9nyan9hblp6j3m7p3dycs96xpac9fxiv-vscodium-1.92.2.24228/lib/vscode/resources/app/out/vs/workbench/api/node/extensionHostProcess.js:154:243642)
	at h.executeCommand (/nix/store/9nyan9hblp6j3m7p3dycs96xpac9fxiv-vscodium-1.92.2.24228/lib/vscode/resources/app/out/vs/workbench/api/node/extensionHostProcess.js:154:242967)
	at A.registerCommand.description (/nix/store/9nyan9hblp6j3m7p3dycs96xpac9fxiv-vscodium-1.92.2.24228/lib/vscode/resources/app/out/vs/workbench/api/node/extensionHostProcess.js:154:242211)
	at h._executeContributedCommand (/nix/store/9nyan9hblp6j3m7p3dycs96xpac9fxiv-vscodium-1.92.2.24228/lib/vscode/resources/app/out/vs/workbench/api/node/extensionHostProcess.js:154:244280)
	at h._doExecuteCommand (/nix/store/9nyan9hblp6j3m7p3dycs96xpac9fxiv-vscodium-1.92.2.24228/lib/vscode/resources/app/out/vs/workbench/api/node/extensionHostProcess.js:154:243100)
	at h.executeCommand (/nix/store/9nyan9hblp6j3m7p3dycs96xpac9fxiv-vscodium-1.92.2.24228/lib/vscode/resources/app/out/vs/workbench/api/node/extensionHostProcess.js:154:242967)
	at Object.executeCommand (/nix/store/9nyan9hblp6j3m7p3dycs96xpac9fxiv-vscodium-1.92.2.24228/lib/vscode/resources/app/out/vs/workbench/api/node/extensionHostProcess.js:164:29724)
	at T.reset (/home/ser/.vscode-oss/extensions/asvetliakov.vscode-neovim-1.18.10-universal/dist/extension.js:2:187724)
	at a.<anonymous> (/home/ser/.vscode-oss/extensions/asvetliakov.vscode-neovim-1.18.10-universal/dist/extension.js:2:407017)
	at a.dispose (/nix/store/9nyan9hblp6j3m7p3dycs96xpac9fxiv-vscodium-1.92.2.24228/lib/vscode/resources/app/out/vs/workbench/api/node/extensionHostProcess.js:152:6598)
	at p (/nix/store/9nyan9hblp6j3m7p3dycs96xpac9fxiv-vscodium-1.92.2.24228/lib/vscode/resources/app/out/vs/workbench/api/node/extensionHostProcess.js:30:758)
	at /nix/store/9nyan9hblp6j3m7p3dycs96xpac9fxiv-vscodium-1.92.2.24228/lib/vscode/resources/app/out/vs/workbench/api/node/extensionHostProcess.js:160:17179
	at /nix/store/9nyan9hblp6j3m7p3dycs96xpac9fxiv-vscodium-1.92.2.24228/lib/vscode/resources/app/out/vs/workbench/api/node/extensionHostProcess.js:30:1147
	at Object.dispose (/nix/store/9nyan9hblp6j3m7p3dycs96xpac9fxiv-vscodium-1.92.2.24228/lib/vscode/resources/app/out/vs/workbench/api/node/extensionHostProcess.js:11:12373)
	at m._deactivate (/nix/store/9nyan9hblp6j3m7p3dycs96xpac9fxiv-vscodium-1.92.2.24228/lib/vscode/resources/app/out/vs/workbench/api/node/extensionHostProcess.js:160:13066)
	at /nix/store/9nyan9hblp6j3m7p3dycs96xpac9fxiv-vscodium-1.92.2.24228/lib/vscode/resources/app/out/vs/workbench/api/node/extensionHostProcess.js:160:10211
	at Array.map (<anonymous>)
	at m._deactivateAll (/nix/store/9nyan9hblp6j3m7p3dycs96xpac9fxiv-vscodium-1.92.2.24228/lib/vscode/resources/app/out/vs/workbench/api/node/extensionHostProcess.js:160:10198)
	at m.terminate (/nix/store/9nyan9hblp6j3m7p3dycs96xpac9fxiv-vscodium-1.92.2.24228/lib/vscode/resources/app/out/vs/workbench/api/node/extensionHostProcess.js:160:10581)
	at p.terminate (/nix/store/9nyan9hblp6j3m7p3dycs96xpac9fxiv-vscodium-1.92.2.24228/lib/vscode/resources/app/out/vs/workbench/api/node/extensionHostProcess.js:164:1908)
	at o (/nix/store/9nyan9hblp6j3m7p3dycs96xpac9fxiv-vscodium-1.92.2.24228/lib/vscode/resources/app/out/vs/workbench/api/node/extensionHostProcess.js:177:12370)
	at MessagePortMain.<anonymous> (/nix/store/9nyan9hblp6j3m7p3dycs96xpac9fxiv-vscodium-1.92.2.24228/lib/vscode/resources/app/out/vs/workbench/api/node/extensionHostProcess.js:177:8180)
	at MessagePortMain.emit (node:events:519:28)
	at MessagePortMain._internalPort.emit (node:electron/js2c/utility_init:2:2285) setContext undefined
2024-09-07 00:00:03.401 [error] Canceled: Canceled
	at new P (/nix/store/9nyan9hblp6j3m7p3dycs96xpac9fxiv-vscodium-1.92.2.24228/lib/vscode/resources/app/out/vs/workbench/api/node/extensionHostProcess.js:144:39331)
	at w._remoteCall (/nix/store/9nyan9hblp6j3m7p3dycs96xpac9fxiv-vscodium-1.92.2.24228/lib/vscode/resources/app/out/vs/workbench/api/node/extensionHostProcess.js:151:8160)
	at U.<computed>.x.charCodeAt.k.CharCode.DollarSign.U.<computed> (/nix/store/9nyan9hblp6j3m7p3dycs96xpac9fxiv-vscodium-1.92.2.24228/lib/vscode/resources/app/out/vs/workbench/api/node/extensionHostProcess.js:151:4351)
	at h._doExecuteCommand (/nix/store/9nyan9hblp6j3m7p3dycs96xpac9fxiv-vscodium-1.92.2.24228/lib/vscode/resources/app/out/vs/workbench/api/node/extensionHostProcess.js:154:243642)
	at h.executeCommand (/nix/store/9nyan9hblp6j3m7p3dycs96xpac9fxiv-vscodium-1.92.2.24228/lib/vscode/resources/app/out/vs/workbench/api/node/extensionHostProcess.js:154:242967)
	at A.registerCommand.description (/nix/store/9nyan9hblp6j3m7p3dycs96xpac9fxiv-vscodium-1.92.2.24228/lib/vscode/resources/app/out/vs/workbench/api/node/extensionHostProcess.js:154:242211)
	at h._executeContributedCommand (/nix/store/9nyan9hblp6j3m7p3dycs96xpac9fxiv-vscodium-1.92.2.24228/lib/vscode/resources/app/out/vs/workbench/api/node/extensionHostProcess.js:154:244280)
	at h._doExecuteCommand (/nix/store/9nyan9hblp6j3m7p3dycs96xpac9fxiv-vscodium-1.92.2.24228/lib/vscode/resources/app/out/vs/workbench/api/node/extensionHostProcess.js:154:243100)
	at h.executeCommand (/nix/store/9nyan9hblp6j3m7p3dycs96xpac9fxiv-vscodium-1.92.2.24228/lib/vscode/resources/app/out/vs/workbench/api/node/extensionHostProcess.js:154:242967)
	at Object.executeCommand (/nix/store/9nyan9hblp6j3m7p3dycs96xpac9fxiv-vscodium-1.92.2.24228/lib/vscode/resources/app/out/vs/workbench/api/node/extensionHostProcess.js:164:29724)
	at T.reset (/home/ser/.vscode-oss/extensions/asvetliakov.vscode-neovim-1.18.10-universal/dist/extension.js:2:187724)
	at a.<anonymous> (/home/ser/.vscode-oss/extensions/asvetliakov.vscode-neovim-1.18.10-universal/dist/extension.js:2:407017)
	at a.dispose (/nix/store/9nyan9hblp6j3m7p3dycs96xpac9fxiv-vscodium-1.92.2.24228/lib/vscode/resources/app/out/vs/workbench/api/node/extensionHostProcess.js:152:6598)
	at p (/nix/store/9nyan9hblp6j3m7p3dycs96xpac9fxiv-vscodium-1.92.2.24228/lib/vscode/resources/app/out/vs/workbench/api/node/extensionHostProcess.js:30:758)
	at /nix/store/9nyan9hblp6j3m7p3dycs96xpac9fxiv-vscodium-1.92.2.24228/lib/vscode/resources/app/out/vs/workbench/api/node/extensionHostProcess.js:160:17179
	at /nix/store/9nyan9hblp6j3m7p3dycs96xpac9fxiv-vscodium-1.92.2.24228/lib/vscode/resources/app/out/vs/workbench/api/node/extensionHostProcess.js:30:1147
	at Object.dispose (/nix/store/9nyan9hblp6j3m7p3dycs96xpac9fxiv-vscodium-1.92.2.24228/lib/vscode/resources/app/out/vs/workbench/api/node/extensionHostProcess.js:11:12373)
	at m._deactivate (/nix/store/9nyan9hblp6j3m7p3dycs96xpac9fxiv-vscodium-1.92.2.24228/lib/vscode/resources/app/out/vs/workbench/api/node/extensionHostProcess.js:160:13066)
	at /nix/store/9nyan9hblp6j3m7p3dycs96xpac9fxiv-vscodium-1.92.2.24228/lib/vscode/resources/app/out/vs/workbench/api/node/extensionHostProcess.js:160:10211
	at Array.map (<anonymous>)
	at m._deactivateAll (/nix/store/9nyan9hblp6j3m7p3dycs96xpac9fxiv-vscodium-1.92.2.24228/lib/vscode/resources/app/out/vs/workbench/api/node/extensionHostProcess.js:160:10198)
	at m.terminate (/nix/store/9nyan9hblp6j3m7p3dycs96xpac9fxiv-vscodium-1.92.2.24228/lib/vscode/resources/app/out/vs/workbench/api/node/extensionHostProcess.js:160:10581)
	at p.terminate (/nix/store/9nyan9hblp6j3m7p3dycs96xpac9fxiv-vscodium-1.92.2.24228/lib/vscode/resources/app/out/vs/workbench/api/node/extensionHostProcess.js:164:1908)
	at o (/nix/store/9nyan9hblp6j3m7p3dycs96xpac9fxiv-vscodium-1.92.2.24228/lib/vscode/resources/app/out/vs/workbench/api/node/extensionHostProcess.js:177:12370)
	at MessagePortMain.<anonymous> (/nix/store/9nyan9hblp6j3m7p3dycs96xpac9fxiv-vscodium-1.92.2.24228/lib/vscode/resources/app/out/vs/workbench/api/node/extensionHostProcess.js:177:8180)
	at MessagePortMain.emit (node:events:519:28)
	at MessagePortMain._internalPort.emit (node:electron/js2c/utility_init:2:2285) setContext undefined
2024-09-07 00:00:03.401 [error] Canceled: Canceled
	at new P (/nix/store/9nyan9hblp6j3m7p3dycs96xpac9fxiv-vscodium-1.92.2.24228/lib/vscode/resources/app/out/vs/workbench/api/node/extensionHostProcess.js:144:39331)
	at w._remoteCall (/nix/store/9nyan9hblp6j3m7p3dycs96xpac9fxiv-vscodium-1.92.2.24228/lib/vscode/resources/app/out/vs/workbench/api/node/extensionHostProcess.js:151:8160)
	at U.<computed>.x.charCodeAt.k.CharCode.DollarSign.U.<computed> (/nix/store/9nyan9hblp6j3m7p3dycs96xpac9fxiv-vscodium-1.92.2.24228/lib/vscode/resources/app/out/vs/workbench/api/node/extensionHostProcess.js:151:4351)
	at h._doExecuteCommand (/nix/store/9nyan9hblp6j3m7p3dycs96xpac9fxiv-vscodium-1.92.2.24228/lib/vscode/resources/app/out/vs/workbench/api/node/extensionHostProcess.js:154:243642)
	at h.executeCommand (/nix/store/9nyan9hblp6j3m7p3dycs96xpac9fxiv-vscodium-1.92.2.24228/lib/vscode/resources/app/out/vs/workbench/api/node/extensionHostProcess.js:154:242967)
	at A.registerCommand.description (/nix/store/9nyan9hblp6j3m7p3dycs96xpac9fxiv-vscodium-1.92.2.24228/lib/vscode/resources/app/out/vs/workbench/api/node/extensionHostProcess.js:154:242211)
	at h._executeContributedCommand (/nix/store/9nyan9hblp6j3m7p3dycs96xpac9fxiv-vscodium-1.92.2.24228/lib/vscode/resources/app/out/vs/workbench/api/node/extensionHostProcess.js:154:244280)
	at h._doExecuteCommand (/nix/store/9nyan9hblp6j3m7p3dycs96xpac9fxiv-vscodium-1.92.2.24228/lib/vscode/resources/app/out/vs/workbench/api/node/extensionHostProcess.js:154:243100)
	at h.executeCommand (/nix/store/9nyan9hblp6j3m7p3dycs96xpac9fxiv-vscodium-1.92.2.24228/lib/vscode/resources/app/out/vs/workbench/api/node/extensionHostProcess.js:154:242967)
	at Object.executeCommand (/nix/store/9nyan9hblp6j3m7p3dycs96xpac9fxiv-vscodium-1.92.2.24228/lib/vscode/resources/app/out/vs/workbench/api/node/extensionHostProcess.js:164:29724)
	at T.reset (/home/ser/.vscode-oss/extensions/asvetliakov.vscode-neovim-1.18.10-universal/dist/extension.js:2:187724)
	at a.<anonymous> (/home/ser/.vscode-oss/extensions/asvetliakov.vscode-neovim-1.18.10-universal/dist/extension.js:2:407017)
	at a.dispose (/nix/store/9nyan9hblp6j3m7p3dycs96xpac9fxiv-vscodium-1.92.2.24228/lib/vscode/resources/app/out/vs/workbench/api/node/extensionHostProcess.js:152:6598)
	at p (/nix/store/9nyan9hblp6j3m7p3dycs96xpac9fxiv-vscodium-1.92.2.24228/lib/vscode/resources/app/out/vs/workbench/api/node/extensionHostProcess.js:30:758)
	at /nix/store/9nyan9hblp6j3m7p3dycs96xpac9fxiv-vscodium-1.92.2.24228/lib/vscode/resources/app/out/vs/workbench/api/node/extensionHostProcess.js:160:17179
	at /nix/store/9nyan9hblp6j3m7p3dycs96xpac9fxiv-vscodium-1.92.2.24228/lib/vscode/resources/app/out/vs/workbench/api/node/extensionHostProcess.js:30:1147
	at Object.dispose (/nix/store/9nyan9hblp6j3m7p3dycs96xpac9fxiv-vscodium-1.92.2.24228/lib/vscode/resources/app/out/vs/workbench/api/node/extensionHostProcess.js:11:12373)
	at m._deactivate (/nix/store/9nyan9hblp6j3m7p3dycs96xpac9fxiv-vscodium-1.92.2.24228/lib/vscode/resources/app/out/vs/workbench/api/node/extensionHostProcess.js:160:13066)
	at /nix/store/9nyan9hblp6j3m7p3dycs96xpac9fxiv-vscodium-1.92.2.24228/lib/vscode/resources/app/out/vs/workbench/api/node/extensionHostProcess.js:160:10211
	at Array.map (<anonymous>)
	at m._deactivateAll (/nix/store/9nyan9hblp6j3m7p3dycs96xpac9fxiv-vscodium-1.92.2.24228/lib/vscode/resources/app/out/vs/workbench/api/node/extensionHostProcess.js:160:10198)
	at m.terminate (/nix/store/9nyan9hblp6j3m7p3dycs96xpac9fxiv-vscodium-1.92.2.24228/lib/vscode/resources/app/out/vs/workbench/api/node/extensionHostProcess.js:160:10581)
	at p.terminate (/nix/store/9nyan9hblp6j3m7p3dycs96xpac9fxiv-vscodium-1.92.2.24228/lib/vscode/resources/app/out/vs/workbench/api/node/extensionHostProcess.js:164:1908)
	at o (/nix/store/9nyan9hblp6j3m7p3dycs96xpac9fxiv-vscodium-1.92.2.24228/lib/vscode/resources/app/out/vs/workbench/api/node/extensionHostProcess.js:177:12370)
	at MessagePortMain.<anonymous> (/nix/store/9nyan9hblp6j3m7p3dycs96xpac9fxiv-vscodium-1.92.2.24228/lib/vscode/resources/app/out/vs/workbench/api/node/extensionHostProcess.js:177:8180)
	at MessagePortMain.emit (node:events:519:28)
	at MessagePortMain._internalPort.emit (node:electron/js2c/utility_init:2:2285) setContext undefined
2024-09-07 00:00:03.401 [error] Canceled: Canceled
	at new P (/nix/store/9nyan9hblp6j3m7p3dycs96xpac9fxiv-vscodium-1.92.2.24228/lib/vscode/resources/app/out/vs/workbench/api/node/extensionHostProcess.js:144:39331)
	at w._remoteCall (/nix/store/9nyan9hblp6j3m7p3dycs96xpac9fxiv-vscodium-1.92.2.24228/lib/vscode/resources/app/out/vs/workbench/api/node/extensionHostProcess.js:151:8160)
	at U.<computed>.x.charCodeAt.k.CharCode.DollarSign.U.<computed> (/nix/store/9nyan9hblp6j3m7p3dycs96xpac9fxiv-vscodium-1.92.2.24228/lib/vscode/resources/app/out/vs/workbench/api/node/extensionHostProcess.js:151:4351)
	at h._doExecuteCommand (/nix/store/9nyan9hblp6j3m7p3dycs96xpac9fxiv-vscodium-1.92.2.24228/lib/vscode/resources/app/out/vs/workbench/api/node/extensionHostProcess.js:154:243642)
	at h.executeCommand (/nix/store/9nyan9hblp6j3m7p3dycs96xpac9fxiv-vscodium-1.92.2.24228/lib/vscode/resources/app/out/vs/workbench/api/node/extensionHostProcess.js:154:242967)
	at A.registerCommand.description (/nix/store/9nyan9hblp6j3m7p3dycs96xpac9fxiv-vscodium-1.92.2.24228/lib/vscode/resources/app/out/vs/workbench/api/node/extensionHostProcess.js:154:242211)
	at h._executeContributedCommand (/nix/store/9nyan9hblp6j3m7p3dycs96xpac9fxiv-vscodium-1.92.2.24228/lib/vscode/resources/app/out/vs/workbench/api/node/extensionHostProcess.js:154:244280)
	at h._doExecuteCommand (/nix/store/9nyan9hblp6j3m7p3dycs96xpac9fxiv-vscodium-1.92.2.24228/lib/vscode/resources/app/out/vs/workbench/api/node/extensionHostProcess.js:154:243100)
	at h.executeCommand (/nix/store/9nyan9hblp6j3m7p3dycs96xpac9fxiv-vscodium-1.92.2.24228/lib/vscode/resources/app/out/vs/workbench/api/node/extensionHostProcess.js:154:242967)
	at Object.executeCommand (/nix/store/9nyan9hblp6j3m7p3dycs96xpac9fxiv-vscodium-1.92.2.24228/lib/vscode/resources/app/out/vs/workbench/api/node/extensionHostProcess.js:164:29724)
	at T.reset (/home/ser/.vscode-oss/extensions/asvetliakov.vscode-neovim-1.18.10-universal/dist/extension.js:2:187724)
	at a.<anonymous> (/home/ser/.vscode-oss/extensions/asvetliakov.vscode-neovim-1.18.10-universal/dist/extension.js:2:407017)
	at a.dispose (/nix/store/9nyan9hblp6j3m7p3dycs96xpac9fxiv-vscodium-1.92.2.24228/lib/vscode/resources/app/out/vs/workbench/api/node/extensionHostProcess.js:152:6598)
	at p (/nix/store/9nyan9hblp6j3m7p3dycs96xpac9fxiv-vscodium-1.92.2.24228/lib/vscode/resources/app/out/vs/workbench/api/node/extensionHostProcess.js:30:758)
	at /nix/store/9nyan9hblp6j3m7p3dycs96xpac9fxiv-vscodium-1.92.2.24228/lib/vscode/resources/app/out/vs/workbench/api/node/extensionHostProcess.js:160:17179
	at /nix/store/9nyan9hblp6j3m7p3dycs96xpac9fxiv-vscodium-1.92.2.24228/lib/vscode/resources/app/out/vs/workbench/api/node/extensionHostProcess.js:30:1147
	at Object.dispose (/nix/store/9nyan9hblp6j3m7p3dycs96xpac9fxiv-vscodium-1.92.2.24228/lib/vscode/resources/app/out/vs/workbench/api/node/extensionHostProcess.js:11:12373)
	at m._deactivate (/nix/store/9nyan9hblp6j3m7p3dycs96xpac9fxiv-vscodium-1.92.2.24228/lib/vscode/resources/app/out/vs/workbench/api/node/extensionHostProcess.js:160:13066)
	at /nix/store/9nyan9hblp6j3m7p3dycs96xpac9fxiv-vscodium-1.92.2.24228/lib/vscode/resources/app/out/vs/workbench/api/node/extensionHostProcess.js:160:10211
	at Array.map (<anonymous>)
	at m._deactivateAll (/nix/store/9nyan9hblp6j3m7p3dycs96xpac9fxiv-vscodium-1.92.2.24228/lib/vscode/resources/app/out/vs/workbench/api/node/extensionHostProcess.js:160:10198)
	at m.terminate (/nix/store/9nyan9hblp6j3m7p3dycs96xpac9fxiv-vscodium-1.92.2.24228/lib/vscode/resources/app/out/vs/workbench/api/node/extensionHostProcess.js:160:10581)
	at p.terminate (/nix/store/9nyan9hblp6j3m7p3dycs96xpac9fxiv-vscodium-1.92.2.24228/lib/vscode/resources/app/out/vs/workbench/api/node/extensionHostProcess.js:164:1908)
	at o (/nix/store/9nyan9hblp6j3m7p3dycs96xpac9fxiv-vscodium-1.92.2.24228/lib/vscode/resources/app/out/vs/workbench/api/node/extensionHostProcess.js:177:12370)
	at MessagePortMain.<anonymous> (/nix/store/9nyan9hblp6j3m7p3dycs96xpac9fxiv-vscodium-1.92.2.24228/lib/vscode/resources/app/out/vs/workbench/api/node/extensionHostProcess.js:177:8180)
	at MessagePortMain.emit (node:events:519:28)
	at MessagePortMain._internalPort.emit (node:electron/js2c/utility_init:2:2285) setContext undefined
2024-09-07 00:00:03.401 [error] Canceled: Canceled
	at new P (/nix/store/9nyan9hblp6j3m7p3dycs96xpac9fxiv-vscodium-1.92.2.24228/lib/vscode/resources/app/out/vs/workbench/api/node/extensionHostProcess.js:144:39331)
	at w._remoteCall (/nix/store/9nyan9hblp6j3m7p3dycs96xpac9fxiv-vscodium-1.92.2.24228/lib/vscode/resources/app/out/vs/workbench/api/node/extensionHostProcess.js:151:8160)
	at U.<computed>.x.charCodeAt.k.CharCode.DollarSign.U.<computed> (/nix/store/9nyan9hblp6j3m7p3dycs96xpac9fxiv-vscodium-1.92.2.24228/lib/vscode/resources/app/out/vs/workbench/api/node/extensionHostProcess.js:151:4351)
	at h._doExecuteCommand (/nix/store/9nyan9hblp6j3m7p3dycs96xpac9fxiv-vscodium-1.92.2.24228/lib/vscode/resources/app/out/vs/workbench/api/node/extensionHostProcess.js:154:243642)
	at h.executeCommand (/nix/store/9nyan9hblp6j3m7p3dycs96xpac9fxiv-vscodium-1.92.2.24228/lib/vscode/resources/app/out/vs/workbench/api/node/extensionHostProcess.js:154:242967)
	at A.registerCommand.description (/nix/store/9nyan9hblp6j3m7p3dycs96xpac9fxiv-vscodium-1.92.2.24228/lib/vscode/resources/app/out/vs/workbench/api/node/extensionHostProcess.js:154:242211)
	at h._executeContributedCommand (/nix/store/9nyan9hblp6j3m7p3dycs96xpac9fxiv-vscodium-1.92.2.24228/lib/vscode/resources/app/out/vs/workbench/api/node/extensionHostProcess.js:154:244280)
	at h._doExecuteCommand (/nix/store/9nyan9hblp6j3m7p3dycs96xpac9fxiv-vscodium-1.92.2.24228/lib/vscode/resources/app/out/vs/workbench/api/node/extensionHostProcess.js:154:243100)
	at h.executeCommand (/nix/store/9nyan9hblp6j3m7p3dycs96xpac9fxiv-vscodium-1.92.2.24228/lib/vscode/resources/app/out/vs/workbench/api/node/extensionHostProcess.js:154:242967)
	at Object.executeCommand (/nix/store/9nyan9hblp6j3m7p3dycs96xpac9fxiv-vscodium-1.92.2.24228/lib/vscode/resources/app/out/vs/workbench/api/node/extensionHostProcess.js:164:29724)
	at T.reset (/home/ser/.vscode-oss/extensions/asvetliakov.vscode-neovim-1.18.10-universal/dist/extension.js:2:187724)
	at a.<anonymous> (/home/ser/.vscode-oss/extensions/asvetliakov.vscode-neovim-1.18.10-universal/dist/extension.js:2:407017)
	at a.dispose (/nix/store/9nyan9hblp6j3m7p3dycs96xpac9fxiv-vscodium-1.92.2.24228/lib/vscode/resources/app/out/vs/workbench/api/node/extensionHostProcess.js:152:6598)
	at p (/nix/store/9nyan9hblp6j3m7p3dycs96xpac9fxiv-vscodium-1.92.2.24228/lib/vscode/resources/app/out/vs/workbench/api/node/extensionHostProcess.js:30:758)
	at /nix/store/9nyan9hblp6j3m7p3dycs96xpac9fxiv-vscodium-1.92.2.24228/lib/vscode/resources/app/out/vs/workbench/api/node/extensionHostProcess.js:160:17179
	at /nix/store/9nyan9hblp6j3m7p3dycs96xpac9fxiv-vscodium-1.92.2.24228/lib/vscode/resources/app/out/vs/workbench/api/node/extensionHostProcess.js:30:1147
	at Object.dispose (/nix/store/9nyan9hblp6j3m7p3dycs96xpac9fxiv-vscodium-1.92.2.24228/lib/vscode/resources/app/out/vs/workbench/api/node/extensionHostProcess.js:11:12373)
	at m._deactivate (/nix/store/9nyan9hblp6j3m7p3dycs96xpac9fxiv-vscodium-1.92.2.24228/lib/vscode/resources/app/out/vs/workbench/api/node/extensionHostProcess.js:160:13066)
	at /nix/store/9nyan9hblp6j3m7p3dycs96xpac9fxiv-vscodium-1.92.2.24228/lib/vscode/resources/app/out/vs/workbench/api/node/extensionHostProcess.js:160:10211
	at Array.map (<anonymous>)
	at m._deactivateAll (/nix/store/9nyan9hblp6j3m7p3dycs96xpac9fxiv-vscodium-1.92.2.24228/lib/vscode/resources/app/out/vs/workbench/api/node/extensionHostProcess.js:160:10198)
	at m.terminate (/nix/store/9nyan9hblp6j3m7p3dycs96xpac9fxiv-vscodium-1.92.2.24228/lib/vscode/resources/app/out/vs/workbench/api/node/extensionHostProcess.js:160:10581)
	at p.terminate (/nix/store/9nyan9hblp6j3m7p3dycs96xpac9fxiv-vscodium-1.92.2.24228/lib/vscode/resources/app/out/vs/workbench/api/node/extensionHostProcess.js:164:1908)
	at o (/nix/store/9nyan9hblp6j3m7p3dycs96xpac9fxiv-vscodium-1.92.2.24228/lib/vscode/resources/app/out/vs/workbench/api/node/extensionHostProcess.js:177:12370)
	at MessagePortMain.<anonymous> (/nix/store/9nyan9hblp6j3m7p3dycs96xpac9fxiv-vscodium-1.92.2.24228/lib/vscode/resources/app/out/vs/workbench/api/node/extensionHostProcess.js:177:8180)
	at MessagePortMain.emit (node:events:519:28)
	at MessagePortMain._internalPort.emit (node:electron/js2c/utility_init:2:2285) setContext undefined
2024-09-07 00:00:03.401 [error] Canceled: Canceled
	at new P (/nix/store/9nyan9hblp6j3m7p3dycs96xpac9fxiv-vscodium-1.92.2.24228/lib/vscode/resources/app/out/vs/workbench/api/node/extensionHostProcess.js:144:39331)
	at w._remoteCall (/nix/store/9nyan9hblp6j3m7p3dycs96xpac9fxiv-vscodium-1.92.2.24228/lib/vscode/resources/app/out/vs/workbench/api/node/extensionHostProcess.js:151:8160)
	at U.<computed>.x.charCodeAt.k.CharCode.DollarSign.U.<computed> (/nix/store/9nyan9hblp6j3m7p3dycs96xpac9fxiv-vscodium-1.92.2.24228/lib/vscode/resources/app/out/vs/workbench/api/node/extensionHostProcess.js:151:4351)
	at h._doExecuteCommand (/nix/store/9nyan9hblp6j3m7p3dycs96xpac9fxiv-vscodium-1.92.2.24228/lib/vscode/resources/app/out/vs/workbench/api/node/extensionHostProcess.js:154:243642)
	at h.executeCommand (/nix/store/9nyan9hblp6j3m7p3dycs96xpac9fxiv-vscodium-1.92.2.24228/lib/vscode/resources/app/out/vs/workbench/api/node/extensionHostProcess.js:154:242967)
	at A.registerCommand.description (/nix/store/9nyan9hblp6j3m7p3dycs96xpac9fxiv-vscodium-1.92.2.24228/lib/vscode/resources/app/out/vs/workbench/api/node/extensionHostProcess.js:154:242211)
	at h._executeContributedCommand (/nix/store/9nyan9hblp6j3m7p3dycs96xpac9fxiv-vscodium-1.92.2.24228/lib/vscode/resources/app/out/vs/workbench/api/node/extensionHostProcess.js:154:244280)
	at h._doExecuteCommand (/nix/store/9nyan9hblp6j3m7p3dycs96xpac9fxiv-vscodium-1.92.2.24228/lib/vscode/resources/app/out/vs/workbench/api/node/extensionHostProcess.js:154:243100)
	at h.executeCommand (/nix/store/9nyan9hblp6j3m7p3dycs96xpac9fxiv-vscodium-1.92.2.24228/lib/vscode/resources/app/out/vs/workbench/api/node/extensionHostProcess.js:154:242967)
	at Object.executeCommand (/nix/store/9nyan9hblp6j3m7p3dycs96xpac9fxiv-vscodium-1.92.2.24228/lib/vscode/resources/app/out/vs/workbench/api/node/extensionHostProcess.js:164:29724)
	at T.reset (/home/ser/.vscode-oss/extensions/asvetliakov.vscode-neovim-1.18.10-universal/dist/extension.js:2:187724)
	at a.<anonymous> (/home/ser/.vscode-oss/extensions/asvetliakov.vscode-neovim-1.18.10-universal/dist/extension.js:2:407017)
	at a.dispose (/nix/store/9nyan9hblp6j3m7p3dycs96xpac9fxiv-vscodium-1.92.2.24228/lib/vscode/resources/app/out/vs/workbench/api/node/extensionHostProcess.js:152:6598)
	at p (/nix/store/9nyan9hblp6j3m7p3dycs96xpac9fxiv-vscodium-1.92.2.24228/lib/vscode/resources/app/out/vs/workbench/api/node/extensionHostProcess.js:30:758)
	at /nix/store/9nyan9hblp6j3m7p3dycs96xpac9fxiv-vscodium-1.92.2.24228/lib/vscode/resources/app/out/vs/workbench/api/node/extensionHostProcess.js:160:17179
	at /nix/store/9nyan9hblp6j3m7p3dycs96xpac9fxiv-vscodium-1.92.2.24228/lib/vscode/resources/app/out/vs/workbench/api/node/extensionHostProcess.js:30:1147
	at Object.dispose (/nix/store/9nyan9hblp6j3m7p3dycs96xpac9fxiv-vscodium-1.92.2.24228/lib/vscode/resources/app/out/vs/workbench/api/node/extensionHostProcess.js:11:12373)
	at m._deactivate (/nix/store/9nyan9hblp6j3m7p3dycs96xpac9fxiv-vscodium-1.92.2.24228/lib/vscode/resources/app/out/vs/workbench/api/node/extensionHostProcess.js:160:13066)
	at /nix/store/9nyan9hblp6j3m7p3dycs96xpac9fxiv-vscodium-1.92.2.24228/lib/vscode/resources/app/out/vs/workbench/api/node/extensionHostProcess.js:160:10211
	at Array.map (<anonymous>)
	at m._deactivateAll (/nix/store/9nyan9hblp6j3m7p3dycs96xpac9fxiv-vscodium-1.92.2.24228/lib/vscode/resources/app/out/vs/workbench/api/node/extensionHostProcess.js:160:10198)
	at m.terminate (/nix/store/9nyan9hblp6j3m7p3dycs96xpac9fxiv-vscodium-1.92.2.24228/lib/vscode/resources/app/out/vs/workbench/api/node/extensionHostProcess.js:160:10581)
	at p.terminate (/nix/store/9nyan9hblp6j3m7p3dycs96xpac9fxiv-vscodium-1.92.2.24228/lib/vscode/resources/app/out/vs/workbench/api/node/extensionHostProcess.js:164:1908)
	at o (/nix/store/9nyan9hblp6j3m7p3dycs96xpac9fxiv-vscodium-1.92.2.24228/lib/vscode/resources/app/out/vs/workbench/api/node/extensionHostProcess.js:177:12370)
	at MessagePortMain.<anonymous> (/nix/store/9nyan9hblp6j3m7p3dycs96xpac9fxiv-vscodium-1.92.2.24228/lib/vscode/resources/app/out/vs/workbench/api/node/extensionHostProcess.js:177:8180)
	at MessagePortMain.emit (node:events:519:28)
	at MessagePortMain._internalPort.emit (node:electron/js2c/utility_init:2:2285) setContext undefined
2024-09-07 00:00:03.401 [error] Canceled: Canceled
	at new P (/nix/store/9nyan9hblp6j3m7p3dycs96xpac9fxiv-vscodium-1.92.2.24228/lib/vscode/resources/app/out/vs/workbench/api/node/extensionHostProcess.js:144:39331)
	at w._remoteCall (/nix/store/9nyan9hblp6j3m7p3dycs96xpac9fxiv-vscodium-1.92.2.24228/lib/vscode/resources/app/out/vs/workbench/api/node/extensionHostProcess.js:151:8160)
	at U.<computed>.x.charCodeAt.k.CharCode.DollarSign.U.<computed> (/nix/store/9nyan9hblp6j3m7p3dycs96xpac9fxiv-vscodium-1.92.2.24228/lib/vscode/resources/app/out/vs/workbench/api/node/extensionHostProcess.js:151:4351)
	at h._doExecuteCommand (/nix/store/9nyan9hblp6j3m7p3dycs96xpac9fxiv-vscodium-1.92.2.24228/lib/vscode/resources/app/out/vs/workbench/api/node/extensionHostProcess.js:154:243642)
	at h.executeCommand (/nix/store/9nyan9hblp6j3m7p3dycs96xpac9fxiv-vscodium-1.92.2.24228/lib/vscode/resources/app/out/vs/workbench/api/node/extensionHostProcess.js:154:242967)
	at A.registerCommand.description (/nix/store/9nyan9hblp6j3m7p3dycs96xpac9fxiv-vscodium-1.92.2.24228/lib/vscode/resources/app/out/vs/workbench/api/node/extensionHostProcess.js:154:242211)
	at h._executeContributedCommand (/nix/store/9nyan9hblp6j3m7p3dycs96xpac9fxiv-vscodium-1.92.2.24228/lib/vscode/resources/app/out/vs/workbench/api/node/extensionHostProcess.js:154:244280)
	at h._doExecuteCommand (/nix/store/9nyan9hblp6j3m7p3dycs96xpac9fxiv-vscodium-1.92.2.24228/lib/vscode/resources/app/out/vs/workbench/api/node/extensionHostProcess.js:154:243100)
	at h.executeCommand (/nix/store/9nyan9hblp6j3m7p3dycs96xpac9fxiv-vscodium-1.92.2.24228/lib/vscode/resources/app/out/vs/workbench/api/node/extensionHostProcess.js:154:242967)
	at Object.executeCommand (/nix/store/9nyan9hblp6j3m7p3dycs96xpac9fxiv-vscodium-1.92.2.24228/lib/vscode/resources/app/out/vs/workbench/api/node/extensionHostProcess.js:164:29724)
	at T.reset (/home/ser/.vscode-oss/extensions/asvetliakov.vscode-neovim-1.18.10-universal/dist/extension.js:2:187724)
	at a.<anonymous> (/home/ser/.vscode-oss/extensions/asvetliakov.vscode-neovim-1.18.10-universal/dist/extension.js:2:407017)
	at a.dispose (/nix/store/9nyan9hblp6j3m7p3dycs96xpac9fxiv-vscodium-1.92.2.24228/lib/vscode/resources/app/out/vs/workbench/api/node/extensionHostProcess.js:152:6598)
	at p (/nix/store/9nyan9hblp6j3m7p3dycs96xpac9fxiv-vscodium-1.92.2.24228/lib/vscode/resources/app/out/vs/workbench/api/node/extensionHostProcess.js:30:758)
	at /nix/store/9nyan9hblp6j3m7p3dycs96xpac9fxiv-vscodium-1.92.2.24228/lib/vscode/resources/app/out/vs/workbench/api/node/extensionHostProcess.js:160:17179
	at /nix/store/9nyan9hblp6j3m7p3dycs96xpac9fxiv-vscodium-1.92.2.24228/lib/vscode/resources/app/out/vs/workbench/api/node/extensionHostProcess.js:30:1147
	at Object.dispose (/nix/store/9nyan9hblp6j3m7p3dycs96xpac9fxiv-vscodium-1.92.2.24228/lib/vscode/resources/app/out/vs/workbench/api/node/extensionHostProcess.js:11:12373)
	at m._deactivate (/nix/store/9nyan9hblp6j3m7p3dycs96xpac9fxiv-vscodium-1.92.2.24228/lib/vscode/resources/app/out/vs/workbench/api/node/extensionHostProcess.js:160:13066)
	at /nix/store/9nyan9hblp6j3m7p3dycs96xpac9fxiv-vscodium-1.92.2.24228/lib/vscode/resources/app/out/vs/workbench/api/node/extensionHostProcess.js:160:10211
	at Array.map (<anonymous>)
	at m._deactivateAll (/nix/store/9nyan9hblp6j3m7p3dycs96xpac9fxiv-vscodium-1.92.2.24228/lib/vscode/resources/app/out/vs/workbench/api/node/extensionHostProcess.js:160:10198)
	at m.terminate (/nix/store/9nyan9hblp6j3m7p3dycs96xpac9fxiv-vscodium-1.92.2.24228/lib/vscode/resources/app/out/vs/workbench/api/node/extensionHostProcess.js:160:10581)
	at p.terminate (/nix/store/9nyan9hblp6j3m7p3dycs96xpac9fxiv-vscodium-1.92.2.24228/lib/vscode/resources/app/out/vs/workbench/api/node/extensionHostProcess.js:164:1908)
	at o (/nix/store/9nyan9hblp6j3m7p3dycs96xpac9fxiv-vscodium-1.92.2.24228/lib/vscode/resources/app/out/vs/workbench/api/node/extensionHostProcess.js:177:12370)
	at MessagePortMain.<anonymous> (/nix/store/9nyan9hblp6j3m7p3dycs96xpac9fxiv-vscodium-1.92.2.24228/lib/vscode/resources/app/out/vs/workbench/api/node/extensionHostProcess.js:177:8180)
	at MessagePortMain.emit (node:events:519:28)
	at MessagePortMain._internalPort.emit (node:electron/js2c/utility_init:2:2285) setContext undefined
2024-09-07 00:00:03.401 [error] Canceled: Canceled
	at new P (/nix/store/9nyan9hblp6j3m7p3dycs96xpac9fxiv-vscodium-1.92.2.24228/lib/vscode/resources/app/out/vs/workbench/api/node/extensionHostProcess.js:144:39331)
	at w._remoteCall (/nix/store/9nyan9hblp6j3m7p3dycs96xpac9fxiv-vscodium-1.92.2.24228/lib/vscode/resources/app/out/vs/workbench/api/node/extensionHostProcess.js:151:8160)
	at U.<computed>.x.charCodeAt.k.CharCode.DollarSign.U.<computed> (/nix/store/9nyan9hblp6j3m7p3dycs96xpac9fxiv-vscodium-1.92.2.24228/lib/vscode/resources/app/out/vs/workbench/api/node/extensionHostProcess.js:151:4351)
	at h._doExecuteCommand (/nix/store/9nyan9hblp6j3m7p3dycs96xpac9fxiv-vscodium-1.92.2.24228/lib/vscode/resources/app/out/vs/workbench/api/node/extensionHostProcess.js:154:243642)
	at h.executeCommand (/nix/store/9nyan9hblp6j3m7p3dycs96xpac9fxiv-vscodium-1.92.2.24228/lib/vscode/resources/app/out/vs/workbench/api/node/extensionHostProcess.js:154:242967)
	at A.registerCommand.description (/nix/store/9nyan9hblp6j3m7p3dycs96xpac9fxiv-vscodium-1.92.2.24228/lib/vscode/resources/app/out/vs/workbench/api/node/extensionHostProcess.js:154:242211)
	at h._executeContributedCommand (/nix/store/9nyan9hblp6j3m7p3dycs96xpac9fxiv-vscodium-1.92.2.24228/lib/vscode/resources/app/out/vs/workbench/api/node/extensionHostProcess.js:154:244280)
	at h._doExecuteCommand (/nix/store/9nyan9hblp6j3m7p3dycs96xpac9fxiv-vscodium-1.92.2.24228/lib/vscode/resources/app/out/vs/workbench/api/node/extensionHostProcess.js:154:243100)
	at h.executeCommand (/nix/store/9nyan9hblp6j3m7p3dycs96xpac9fxiv-vscodium-1.92.2.24228/lib/vscode/resources/app/out/vs/workbench/api/node/extensionHostProcess.js:154:242967)
	at Object.executeCommand (/nix/store/9nyan9hblp6j3m7p3dycs96xpac9fxiv-vscodium-1.92.2.24228/lib/vscode/resources/app/out/vs/workbench/api/node/extensionHostProcess.js:164:29724)
	at T.reset (/home/ser/.vscode-oss/extensions/asvetliakov.vscode-neovim-1.18.10-universal/dist/extension.js:2:187724)
	at a.<anonymous> (/home/ser/.vscode-oss/extensions/asvetliakov.vscode-neovim-1.18.10-universal/dist/extension.js:2:407017)
	at a.dispose (/nix/store/9nyan9hblp6j3m7p3dycs96xpac9fxiv-vscodium-1.92.2.24228/lib/vscode/resources/app/out/vs/workbench/api/node/extensionHostProcess.js:152:6598)
	at p (/nix/store/9nyan9hblp6j3m7p3dycs96xpac9fxiv-vscodium-1.92.2.24228/lib/vscode/resources/app/out/vs/workbench/api/node/extensionHostProcess.js:30:758)
	at /nix/store/9nyan9hblp6j3m7p3dycs96xpac9fxiv-vscodium-1.92.2.24228/lib/vscode/resources/app/out/vs/workbench/api/node/extensionHostProcess.js:160:17179
	at /nix/store/9nyan9hblp6j3m7p3dycs96xpac9fxiv-vscodium-1.92.2.24228/lib/vscode/resources/app/out/vs/workbench/api/node/extensionHostProcess.js:30:1147
	at Object.dispose (/nix/store/9nyan9hblp6j3m7p3dycs96xpac9fxiv-vscodium-1.92.2.24228/lib/vscode/resources/app/out/vs/workbench/api/node/extensionHostProcess.js:11:12373)
	at m._deactivate (/nix/store/9nyan9hblp6j3m7p3dycs96xpac9fxiv-vscodium-1.92.2.24228/lib/vscode/resources/app/out/vs/workbench/api/node/extensionHostProcess.js:160:13066)
	at /nix/store/9nyan9hblp6j3m7p3dycs96xpac9fxiv-vscodium-1.92.2.24228/lib/vscode/resources/app/out/vs/workbench/api/node/extensionHostProcess.js:160:10211
	at Array.map (<anonymous>)
	at m._deactivateAll (/nix/store/9nyan9hblp6j3m7p3dycs96xpac9fxiv-vscodium-1.92.2.24228/lib/vscode/resources/app/out/vs/workbench/api/node/extensionHostProcess.js:160:10198)
	at m.terminate (/nix/store/9nyan9hblp6j3m7p3dycs96xpac9fxiv-vscodium-1.92.2.24228/lib/vscode/resources/app/out/vs/workbench/api/node/extensionHostProcess.js:160:10581)
	at p.terminate (/nix/store/9nyan9hblp6j3m7p3dycs96xpac9fxiv-vscodium-1.92.2.24228/lib/vscode/resources/app/out/vs/workbench/api/node/extensionHostProcess.js:164:1908)
	at o (/nix/store/9nyan9hblp6j3m7p3dycs96xpac9fxiv-vscodium-1.92.2.24228/lib/vscode/resources/app/out/vs/workbench/api/node/extensionHostProcess.js:177:12370)
	at MessagePortMain.<anonymous> (/nix/store/9nyan9hblp6j3m7p3dycs96xpac9fxiv-vscodium-1.92.2.24228/lib/vscode/resources/app/out/vs/workbench/api/node/extensionHostProcess.js:177:8180)
	at MessagePortMain.emit (node:events:519:28)
	at MessagePortMain._internalPort.emit (node:electron/js2c/utility_init:2:2285) setContext undefined
2024-09-07 00:00:03.401 [error] Canceled: Canceled
	at new P (/nix/store/9nyan9hblp6j3m7p3dycs96xpac9fxiv-vscodium-1.92.2.24228/lib/vscode/resources/app/out/vs/workbench/api/node/extensionHostProcess.js:144:39331)
	at w._remoteCall (/nix/store/9nyan9hblp6j3m7p3dycs96xpac9fxiv-vscodium-1.92.2.24228/lib/vscode/resources/app/out/vs/workbench/api/node/extensionHostProcess.js:151:8160)
	at U.<computed>.x.charCodeAt.k.CharCode.DollarSign.U.<computed> (/nix/store/9nyan9hblp6j3m7p3dycs96xpac9fxiv-vscodium-1.92.2.24228/lib/vscode/resources/app/out/vs/workbench/api/node/extensionHostProcess.js:151:4351)
	at h._doExecuteCommand (/nix/store/9nyan9hblp6j3m7p3dycs96xpac9fxiv-vscodium-1.92.2.24228/lib/vscode/resources/app/out/vs/workbench/api/node/extensionHostProcess.js:154:243642)
	at h.executeCommand (/nix/store/9nyan9hblp6j3m7p3dycs96xpac9fxiv-vscodium-1.92.2.24228/lib/vscode/resources/app/out/vs/workbench/api/node/extensionHostProcess.js:154:242967)
	at A.registerCommand.description (/nix/store/9nyan9hblp6j3m7p3dycs96xpac9fxiv-vscodium-1.92.2.24228/lib/vscode/resources/app/out/vs/workbench/api/node/extensionHostProcess.js:154:242211)
	at h._executeContributedCommand (/nix/store/9nyan9hblp6j3m7p3dycs96xpac9fxiv-vscodium-1.92.2.24228/lib/vscode/resources/app/out/vs/workbench/api/node/extensionHostProcess.js:154:244280)
	at h._doExecuteCommand (/nix/store/9nyan9hblp6j3m7p3dycs96xpac9fxiv-vscodium-1.92.2.24228/lib/vscode/resources/app/out/vs/workbench/api/node/extensionHostProcess.js:154:243100)
	at h.executeCommand (/nix/store/9nyan9hblp6j3m7p3dycs96xpac9fxiv-vscodium-1.92.2.24228/lib/vscode/resources/app/out/vs/workbench/api/node/extensionHostProcess.js:154:242967)
	at Object.executeCommand (/nix/store/9nyan9hblp6j3m7p3dycs96xpac9fxiv-vscodium-1.92.2.24228/lib/vscode/resources/app/out/vs/workbench/api/node/extensionHostProcess.js:164:29724)
	at T.reset (/home/ser/.vscode-oss/extensions/asvetliakov.vscode-neovim-1.18.10-universal/dist/extension.js:2:187724)
	at a.<anonymous> (/home/ser/.vscode-oss/extensions/asvetliakov.vscode-neovim-1.18.10-universal/dist/extension.js:2:407017)
	at a.dispose (/nix/store/9nyan9hblp6j3m7p3dycs96xpac9fxiv-vscodium-1.92.2.24228/lib/vscode/resources/app/out/vs/workbench/api/node/extensionHostProcess.js:152:6598)
	at p (/nix/store/9nyan9hblp6j3m7p3dycs96xpac9fxiv-vscodium-1.92.2.24228/lib/vscode/resources/app/out/vs/workbench/api/node/extensionHostProcess.js:30:758)
	at /nix/store/9nyan9hblp6j3m7p3dycs96xpac9fxiv-vscodium-1.92.2.24228/lib/vscode/resources/app/out/vs/workbench/api/node/extensionHostProcess.js:160:17179
	at /nix/store/9nyan9hblp6j3m7p3dycs96xpac9fxiv-vscodium-1.92.2.24228/lib/vscode/resources/app/out/vs/workbench/api/node/extensionHostProcess.js:30:1147
	at Object.dispose (/nix/store/9nyan9hblp6j3m7p3dycs96xpac9fxiv-vscodium-1.92.2.24228/lib/vscode/resources/app/out/vs/workbench/api/node/extensionHostProcess.js:11:12373)
	at m._deactivate (/nix/store/9nyan9hblp6j3m7p3dycs96xpac9fxiv-vscodium-1.92.2.24228/lib/vscode/resources/app/out/vs/workbench/api/node/extensionHostProcess.js:160:13066)
	at /nix/store/9nyan9hblp6j3m7p3dycs96xpac9fxiv-vscodium-1.92.2.24228/lib/vscode/resources/app/out/vs/workbench/api/node/extensionHostProcess.js:160:10211
	at Array.map (<anonymous>)
	at m._deactivateAll (/nix/store/9nyan9hblp6j3m7p3dycs96xpac9fxiv-vscodium-1.92.2.24228/lib/vscode/resources/app/out/vs/workbench/api/node/extensionHostProcess.js:160:10198)
	at m.terminate (/nix/store/9nyan9hblp6j3m7p3dycs96xpac9fxiv-vscodium-1.92.2.24228/lib/vscode/resources/app/out/vs/workbench/api/node/extensionHostProcess.js:160:10581)
	at p.terminate (/nix/store/9nyan9hblp6j3m7p3dycs96xpac9fxiv-vscodium-1.92.2.24228/lib/vscode/resources/app/out/vs/workbench/api/node/extensionHostProcess.js:164:1908)
	at o (/nix/store/9nyan9hblp6j3m7p3dycs96xpac9fxiv-vscodium-1.92.2.24228/lib/vscode/resources/app/out/vs/workbench/api/node/extensionHostProcess.js:177:12370)
	at MessagePortMain.<anonymous> (/nix/store/9nyan9hblp6j3m7p3dycs96xpac9fxiv-vscodium-1.92.2.24228/lib/vscode/resources/app/out/vs/workbench/api/node/extensionHostProcess.js:177:8180)
	at MessagePortMain.emit (node:events:519:28)
	at MessagePortMain._internalPort.emit (node:electron/js2c/utility_init:2:2285) setContext undefined
2024-09-07 00:00:03.401 [error] Canceled: Canceled
	at new P (/nix/store/9nyan9hblp6j3m7p3dycs96xpac9fxiv-vscodium-1.92.2.24228/lib/vscode/resources/app/out/vs/workbench/api/node/extensionHostProcess.js:144:39331)
	at w._remoteCall (/nix/store/9nyan9hblp6j3m7p3dycs96xpac9fxiv-vscodium-1.92.2.24228/lib/vscode/resources/app/out/vs/workbench/api/node/extensionHostProcess.js:151:8160)
	at U.<computed>.x.charCodeAt.k.CharCode.DollarSign.U.<computed> (/nix/store/9nyan9hblp6j3m7p3dycs96xpac9fxiv-vscodium-1.92.2.24228/lib/vscode/resources/app/out/vs/workbench/api/node/extensionHostProcess.js:151:4351)
	at h._doExecuteCommand (/nix/store/9nyan9hblp6j3m7p3dycs96xpac9fxiv-vscodium-1.92.2.24228/lib/vscode/resources/app/out/vs/workbench/api/node/extensionHostProcess.js:154:243642)
	at h.executeCommand (/nix/store/9nyan9hblp6j3m7p3dycs96xpac9fxiv-vscodium-1.92.2.24228/lib/vscode/resources/app/out/vs/workbench/api/node/extensionHostProcess.js:154:242967)
	at A.registerCommand.description (/nix/store/9nyan9hblp6j3m7p3dycs96xpac9fxiv-vscodium-1.92.2.24228/lib/vscode/resources/app/out/vs/workbench/api/node/extensionHostProcess.js:154:242211)
	at h._executeContributedCommand (/nix/store/9nyan9hblp6j3m7p3dycs96xpac9fxiv-vscodium-1.92.2.24228/lib/vscode/resources/app/out/vs/workbench/api/node/extensionHostProcess.js:154:244280)
	at h._doExecuteCommand (/nix/store/9nyan9hblp6j3m7p3dycs96xpac9fxiv-vscodium-1.92.2.24228/lib/vscode/resources/app/out/vs/workbench/api/node/extensionHostProcess.js:154:243100)
	at h.executeCommand (/nix/store/9nyan9hblp6j3m7p3dycs96xpac9fxiv-vscodium-1.92.2.24228/lib/vscode/resources/app/out/vs/workbench/api/node/extensionHostProcess.js:154:242967)
	at Object.executeCommand (/nix/store/9nyan9hblp6j3m7p3dycs96xpac9fxiv-vscodium-1.92.2.24228/lib/vscode/resources/app/out/vs/workbench/api/node/extensionHostProcess.js:164:29724)
	at T.reset (/home/ser/.vscode-oss/extensions/asvetliakov.vscode-neovim-1.18.10-universal/dist/extension.js:2:187724)
	at a.<anonymous> (/home/ser/.vscode-oss/extensions/asvetliakov.vscode-neovim-1.18.10-universal/dist/extension.js:2:407017)
	at a.dispose (/nix/store/9nyan9hblp6j3m7p3dycs96xpac9fxiv-vscodium-1.92.2.24228/lib/vscode/resources/app/out/vs/workbench/api/node/extensionHostProcess.js:152:6598)
	at p (/nix/store/9nyan9hblp6j3m7p3dycs96xpac9fxiv-vscodium-1.92.2.24228/lib/vscode/resources/app/out/vs/workbench/api/node/extensionHostProcess.js:30:758)
	at /nix/store/9nyan9hblp6j3m7p3dycs96xpac9fxiv-vscodium-1.92.2.24228/lib/vscode/resources/app/out/vs/workbench/api/node/extensionHostProcess.js:160:17179
	at /nix/store/9nyan9hblp6j3m7p3dycs96xpac9fxiv-vscodium-1.92.2.24228/lib/vscode/resources/app/out/vs/workbench/api/node/extensionHostProcess.js:30:1147
	at Object.dispose (/nix/store/9nyan9hblp6j3m7p3dycs96xpac9fxiv-vscodium-1.92.2.24228/lib/vscode/resources/app/out/vs/workbench/api/node/extensionHostProcess.js:11:12373)
	at m._deactivate (/nix/store/9nyan9hblp6j3m7p3dycs96xpac9fxiv-vscodium-1.92.2.24228/lib/vscode/resources/app/out/vs/workbench/api/node/extensionHostProcess.js:160:13066)
	at /nix/store/9nyan9hblp6j3m7p3dycs96xpac9fxiv-vscodium-1.92.2.24228/lib/vscode/resources/app/out/vs/workbench/api/node/extensionHostProcess.js:160:10211
	at Array.map (<anonymous>)
	at m._deactivateAll (/nix/store/9nyan9hblp6j3m7p3dycs96xpac9fxiv-vscodium-1.92.2.24228/lib/vscode/resources/app/out/vs/workbench/api/node/extensionHostProcess.js:160:10198)
	at m.terminate (/nix/store/9nyan9hblp6j3m7p3dycs96xpac9fxiv-vscodium-1.92.2.24228/lib/vscode/resources/app/out/vs/workbench/api/node/extensionHostProcess.js:160:10581)
	at p.terminate (/nix/store/9nyan9hblp6j3m7p3dycs96xpac9fxiv-vscodium-1.92.2.24228/lib/vscode/resources/app/out/vs/workbench/api/node/extensionHostProcess.js:164:1908)
	at o (/nix/store/9nyan9hblp6j3m7p3dycs96xpac9fxiv-vscodium-1.92.2.24228/lib/vscode/resources/app/out/vs/workbench/api/node/extensionHostProcess.js:177:12370)
	at MessagePortMain.<anonymous> (/nix/store/9nyan9hblp6j3m7p3dycs96xpac9fxiv-vscodium-1.92.2.24228/lib/vscode/resources/app/out/vs/workbench/api/node/extensionHostProcess.js:177:8180)
	at MessagePortMain.emit (node:events:519:28)
	at MessagePortMain._internalPort.emit (node:electron/js2c/utility_init:2:2285) setContext undefined
2024-09-07 00:00:03.402 [error] Canceled: Canceled
	at new P (/nix/store/9nyan9hblp6j3m7p3dycs96xpac9fxiv-vscodium-1.92.2.24228/lib/vscode/resources/app/out/vs/workbench/api/node/extensionHostProcess.js:144:39331)
	at w._remoteCall (/nix/store/9nyan9hblp6j3m7p3dycs96xpac9fxiv-vscodium-1.92.2.24228/lib/vscode/resources/app/out/vs/workbench/api/node/extensionHostProcess.js:151:8160)
	at U.<computed>.x.charCodeAt.k.CharCode.DollarSign.U.<computed> (/nix/store/9nyan9hblp6j3m7p3dycs96xpac9fxiv-vscodium-1.92.2.24228/lib/vscode/resources/app/out/vs/workbench/api/node/extensionHostProcess.js:151:4351)
	at h._doExecuteCommand (/nix/store/9nyan9hblp6j3m7p3dycs96xpac9fxiv-vscodium-1.92.2.24228/lib/vscode/resources/app/out/vs/workbench/api/node/extensionHostProcess.js:154:243642)
	at h.executeCommand (/nix/store/9nyan9hblp6j3m7p3dycs96xpac9fxiv-vscodium-1.92.2.24228/lib/vscode/resources/app/out/vs/workbench/api/node/extensionHostProcess.js:154:242967)
	at A.registerCommand.description (/nix/store/9nyan9hblp6j3m7p3dycs96xpac9fxiv-vscodium-1.92.2.24228/lib/vscode/resources/app/out/vs/workbench/api/node/extensionHostProcess.js:154:242211)
	at h._executeContributedCommand (/nix/store/9nyan9hblp6j3m7p3dycs96xpac9fxiv-vscodium-1.92.2.24228/lib/vscode/resources/app/out/vs/workbench/api/node/extensionHostProcess.js:154:244280)
	at h._doExecuteCommand (/nix/store/9nyan9hblp6j3m7p3dycs96xpac9fxiv-vscodium-1.92.2.24228/lib/vscode/resources/app/out/vs/workbench/api/node/extensionHostProcess.js:154:243100)
	at h.executeCommand (/nix/store/9nyan9hblp6j3m7p3dycs96xpac9fxiv-vscodium-1.92.2.24228/lib/vscode/resources/app/out/vs/workbench/api/node/extensionHostProcess.js:154:242967)
	at Object.executeCommand (/nix/store/9nyan9hblp6j3m7p3dycs96xpac9fxiv-vscodium-1.92.2.24228/lib/vscode/resources/app/out/vs/workbench/api/node/extensionHostProcess.js:164:29724)
	at T.reset (/home/ser/.vscode-oss/extensions/asvetliakov.vscode-neovim-1.18.10-universal/dist/extension.js:2:187724)
	at a.<anonymous> (/home/ser/.vscode-oss/extensions/asvetliakov.vscode-neovim-1.18.10-universal/dist/extension.js:2:407017)
	at a.dispose (/nix/store/9nyan9hblp6j3m7p3dycs96xpac9fxiv-vscodium-1.92.2.24228/lib/vscode/resources/app/out/vs/workbench/api/node/extensionHostProcess.js:152:6598)
	at p (/nix/store/9nyan9hblp6j3m7p3dycs96xpac9fxiv-vscodium-1.92.2.24228/lib/vscode/resources/app/out/vs/workbench/api/node/extensionHostProcess.js:30:758)
	at /nix/store/9nyan9hblp6j3m7p3dycs96xpac9fxiv-vscodium-1.92.2.24228/lib/vscode/resources/app/out/vs/workbench/api/node/extensionHostProcess.js:160:17179
	at /nix/store/9nyan9hblp6j3m7p3dycs96xpac9fxiv-vscodium-1.92.2.24228/lib/vscode/resources/app/out/vs/workbench/api/node/extensionHostProcess.js:30:1147
	at Object.dispose (/nix/store/9nyan9hblp6j3m7p3dycs96xpac9fxiv-vscodium-1.92.2.24228/lib/vscode/resources/app/out/vs/workbench/api/node/extensionHostProcess.js:11:12373)
	at m._deactivate (/nix/store/9nyan9hblp6j3m7p3dycs96xpac9fxiv-vscodium-1.92.2.24228/lib/vscode/resources/app/out/vs/workbench/api/node/extensionHostProcess.js:160:13066)
	at /nix/store/9nyan9hblp6j3m7p3dycs96xpac9fxiv-vscodium-1.92.2.24228/lib/vscode/resources/app/out/vs/workbench/api/node/extensionHostProcess.js:160:10211
	at Array.map (<anonymous>)
	at m._deactivateAll (/nix/store/9nyan9hblp6j3m7p3dycs96xpac9fxiv-vscodium-1.92.2.24228/lib/vscode/resources/app/out/vs/workbench/api/node/extensionHostProcess.js:160:10198)
	at m.terminate (/nix/store/9nyan9hblp6j3m7p3dycs96xpac9fxiv-vscodium-1.92.2.24228/lib/vscode/resources/app/out/vs/workbench/api/node/extensionHostProcess.js:160:10581)
	at p.terminate (/nix/store/9nyan9hblp6j3m7p3dycs96xpac9fxiv-vscodium-1.92.2.24228/lib/vscode/resources/app/out/vs/workbench/api/node/extensionHostProcess.js:164:1908)
	at o (/nix/store/9nyan9hblp6j3m7p3dycs96xpac9fxiv-vscodium-1.92.2.24228/lib/vscode/resources/app/out/vs/workbench/api/node/extensionHostProcess.js:177:12370)
	at MessagePortMain.<anonymous> (/nix/store/9nyan9hblp6j3m7p3dycs96xpac9fxiv-vscodium-1.92.2.24228/lib/vscode/resources/app/out/vs/workbench/api/node/extensionHostProcess.js:177:8180)
	at MessagePortMain.emit (node:events:519:28)
	at MessagePortMain._internalPort.emit (node:electron/js2c/utility_init:2:2285) setContext undefined
2024-09-07 00:00:03.402 [error] Canceled: Canceled
	at new P (/nix/store/9nyan9hblp6j3m7p3dycs96xpac9fxiv-vscodium-1.92.2.24228/lib/vscode/resources/app/out/vs/workbench/api/node/extensionHostProcess.js:144:39331)
	at w._remoteCall (/nix/store/9nyan9hblp6j3m7p3dycs96xpac9fxiv-vscodium-1.92.2.24228/lib/vscode/resources/app/out/vs/workbench/api/node/extensionHostProcess.js:151:8160)
	at U.<computed>.x.charCodeAt.k.CharCode.DollarSign.U.<computed> (/nix/store/9nyan9hblp6j3m7p3dycs96xpac9fxiv-vscodium-1.92.2.24228/lib/vscode/resources/app/out/vs/workbench/api/node/extensionHostProcess.js:151:4351)
	at h._doExecuteCommand (/nix/store/9nyan9hblp6j3m7p3dycs96xpac9fxiv-vscodium-1.92.2.24228/lib/vscode/resources/app/out/vs/workbench/api/node/extensionHostProcess.js:154:243642)
	at h.executeCommand (/nix/store/9nyan9hblp6j3m7p3dycs96xpac9fxiv-vscodium-1.92.2.24228/lib/vscode/resources/app/out/vs/workbench/api/node/extensionHostProcess.js:154:242967)
	at A.registerCommand.description (/nix/store/9nyan9hblp6j3m7p3dycs96xpac9fxiv-vscodium-1.92.2.24228/lib/vscode/resources/app/out/vs/workbench/api/node/extensionHostProcess.js:154:242211)
	at h._executeContributedCommand (/nix/store/9nyan9hblp6j3m7p3dycs96xpac9fxiv-vscodium-1.92.2.24228/lib/vscode/resources/app/out/vs/workbench/api/node/extensionHostProcess.js:154:244280)
	at h._doExecuteCommand (/nix/store/9nyan9hblp6j3m7p3dycs96xpac9fxiv-vscodium-1.92.2.24228/lib/vscode/resources/app/out/vs/workbench/api/node/extensionHostProcess.js:154:243100)
	at h.executeCommand (/nix/store/9nyan9hblp6j3m7p3dycs96xpac9fxiv-vscodium-1.92.2.24228/lib/vscode/resources/app/out/vs/workbench/api/node/extensionHostProcess.js:154:242967)
	at Object.executeCommand (/nix/store/9nyan9hblp6j3m7p3dycs96xpac9fxiv-vscodium-1.92.2.24228/lib/vscode/resources/app/out/vs/workbench/api/node/extensionHostProcess.js:164:29724)
	at T.reset (/home/ser/.vscode-oss/extensions/asvetliakov.vscode-neovim-1.18.10-universal/dist/extension.js:2:187724)
	at a.<anonymous> (/home/ser/.vscode-oss/extensions/asvetliakov.vscode-neovim-1.18.10-universal/dist/extension.js:2:407017)
	at a.dispose (/nix/store/9nyan9hblp6j3m7p3dycs96xpac9fxiv-vscodium-1.92.2.24228/lib/vscode/resources/app/out/vs/workbench/api/node/extensionHostProcess.js:152:6598)
	at p (/nix/store/9nyan9hblp6j3m7p3dycs96xpac9fxiv-vscodium-1.92.2.24228/lib/vscode/resources/app/out/vs/workbench/api/node/extensionHostProcess.js:30:758)
	at /nix/store/9nyan9hblp6j3m7p3dycs96xpac9fxiv-vscodium-1.92.2.24228/lib/vscode/resources/app/out/vs/workbench/api/node/extensionHostProcess.js:160:17179
	at /nix/store/9nyan9hblp6j3m7p3dycs96xpac9fxiv-vscodium-1.92.2.24228/lib/vscode/resources/app/out/vs/workbench/api/node/extensionHostProcess.js:30:1147
	at Object.dispose (/nix/store/9nyan9hblp6j3m7p3dycs96xpac9fxiv-vscodium-1.92.2.24228/lib/vscode/resources/app/out/vs/workbench/api/node/extensionHostProcess.js:11:12373)
	at m._deactivate (/nix/store/9nyan9hblp6j3m7p3dycs96xpac9fxiv-vscodium-1.92.2.24228/lib/vscode/resources/app/out/vs/workbench/api/node/extensionHostProcess.js:160:13066)
	at /nix/store/9nyan9hblp6j3m7p3dycs96xpac9fxiv-vscodium-1.92.2.24228/lib/vscode/resources/app/out/vs/workbench/api/node/extensionHostProcess.js:160:10211
	at Array.map (<anonymous>)
	at m._deactivateAll (/nix/store/9nyan9hblp6j3m7p3dycs96xpac9fxiv-vscodium-1.92.2.24228/lib/vscode/resources/app/out/vs/workbench/api/node/extensionHostProcess.js:160:10198)
	at m.terminate (/nix/store/9nyan9hblp6j3m7p3dycs96xpac9fxiv-vscodium-1.92.2.24228/lib/vscode/resources/app/out/vs/workbench/api/node/extensionHostProcess.js:160:10581)
	at p.terminate (/nix/store/9nyan9hblp6j3m7p3dycs96xpac9fxiv-vscodium-1.92.2.24228/lib/vscode/resources/app/out/vs/workbench/api/node/extensionHostProcess.js:164:1908)
	at o (/nix/store/9nyan9hblp6j3m7p3dycs96xpac9fxiv-vscodium-1.92.2.24228/lib/vscode/resources/app/out/vs/workbench/api/node/extensionHostProcess.js:177:12370)
	at MessagePortMain.<anonymous> (/nix/store/9nyan9hblp6j3m7p3dycs96xpac9fxiv-vscodium-1.92.2.24228/lib/vscode/resources/app/out/vs/workbench/api/node/extensionHostProcess.js:177:8180)
	at MessagePortMain.emit (node:events:519:28)
	at MessagePortMain._internalPort.emit (node:electron/js2c/utility_init:2:2285) setContext undefined
2024-09-07 00:00:03.402 [error] Canceled: Canceled
	at new P (/nix/store/9nyan9hblp6j3m7p3dycs96xpac9fxiv-vscodium-1.92.2.24228/lib/vscode/resources/app/out/vs/workbench/api/node/extensionHostProcess.js:144:39331)
	at w._remoteCall (/nix/store/9nyan9hblp6j3m7p3dycs96xpac9fxiv-vscodium-1.92.2.24228/lib/vscode/resources/app/out/vs/workbench/api/node/extensionHostProcess.js:151:8160)
	at U.<computed>.x.charCodeAt.k.CharCode.DollarSign.U.<computed> (/nix/store/9nyan9hblp6j3m7p3dycs96xpac9fxiv-vscodium-1.92.2.24228/lib/vscode/resources/app/out/vs/workbench/api/node/extensionHostProcess.js:151:4351)
	at h._doExecuteCommand (/nix/store/9nyan9hblp6j3m7p3dycs96xpac9fxiv-vscodium-1.92.2.24228/lib/vscode/resources/app/out/vs/workbench/api/node/extensionHostProcess.js:154:243642)
	at h.executeCommand (/nix/store/9nyan9hblp6j3m7p3dycs96xpac9fxiv-vscodium-1.92.2.24228/lib/vscode/resources/app/out/vs/workbench/api/node/extensionHostProcess.js:154:242967)
	at A.registerCommand.description (/nix/store/9nyan9hblp6j3m7p3dycs96xpac9fxiv-vscodium-1.92.2.24228/lib/vscode/resources/app/out/vs/workbench/api/node/extensionHostProcess.js:154:242211)
	at h._executeContributedCommand (/nix/store/9nyan9hblp6j3m7p3dycs96xpac9fxiv-vscodium-1.92.2.24228/lib/vscode/resources/app/out/vs/workbench/api/node/extensionHostProcess.js:154:244280)
	at h._doExecuteCommand (/nix/store/9nyan9hblp6j3m7p3dycs96xpac9fxiv-vscodium-1.92.2.24228/lib/vscode/resources/app/out/vs/workbench/api/node/extensionHostProcess.js:154:243100)
	at h.executeCommand (/nix/store/9nyan9hblp6j3m7p3dycs96xpac9fxiv-vscodium-1.92.2.24228/lib/vscode/resources/app/out/vs/workbench/api/node/extensionHostProcess.js:154:242967)
	at Object.executeCommand (/nix/store/9nyan9hblp6j3m7p3dycs96xpac9fxiv-vscodium-1.92.2.24228/lib/vscode/resources/app/out/vs/workbench/api/node/extensionHostProcess.js:164:29724)
	at T.reset (/home/ser/.vscode-oss/extensions/asvetliakov.vscode-neovim-1.18.10-universal/dist/extension.js:2:187724)
	at a.<anonymous> (/home/ser/.vscode-oss/extensions/asvetliakov.vscode-neovim-1.18.10-universal/dist/extension.js:2:407017)
	at a.dispose (/nix/store/9nyan9hblp6j3m7p3dycs96xpac9fxiv-vscodium-1.92.2.24228/lib/vscode/resources/app/out/vs/workbench/api/node/extensionHostProcess.js:152:6598)
	at p (/nix/store/9nyan9hblp6j3m7p3dycs96xpac9fxiv-vscodium-1.92.2.24228/lib/vscode/resources/app/out/vs/workbench/api/node/extensionHostProcess.js:30:758)
	at /nix/store/9nyan9hblp6j3m7p3dycs96xpac9fxiv-vscodium-1.92.2.24228/lib/vscode/resources/app/out/vs/workbench/api/node/extensionHostProcess.js:160:17179
	at /nix/store/9nyan9hblp6j3m7p3dycs96xpac9fxiv-vscodium-1.92.2.24228/lib/vscode/resources/app/out/vs/workbench/api/node/extensionHostProcess.js:30:1147
	at Object.dispose (/nix/store/9nyan9hblp6j3m7p3dycs96xpac9fxiv-vscodium-1.92.2.24228/lib/vscode/resources/app/out/vs/workbench/api/node/extensionHostProcess.js:11:12373)
	at m._deactivate (/nix/store/9nyan9hblp6j3m7p3dycs96xpac9fxiv-vscodium-1.92.2.24228/lib/vscode/resources/app/out/vs/workbench/api/node/extensionHostProcess.js:160:13066)
	at /nix/store/9nyan9hblp6j3m7p3dycs96xpac9fxiv-vscodium-1.92.2.24228/lib/vscode/resources/app/out/vs/workbench/api/node/extensionHostProcess.js:160:10211
	at Array.map (<anonymous>)
	at m._deactivateAll (/nix/store/9nyan9hblp6j3m7p3dycs96xpac9fxiv-vscodium-1.92.2.24228/lib/vscode/resources/app/out/vs/workbench/api/node/extensionHostProcess.js:160:10198)
	at m.terminate (/nix/store/9nyan9hblp6j3m7p3dycs96xpac9fxiv-vscodium-1.92.2.24228/lib/vscode/resources/app/out/vs/workbench/api/node/extensionHostProcess.js:160:10581)
	at p.terminate (/nix/store/9nyan9hblp6j3m7p3dycs96xpac9fxiv-vscodium-1.92.2.24228/lib/vscode/resources/app/out/vs/workbench/api/node/extensionHostProcess.js:164:1908)
	at o (/nix/store/9nyan9hblp6j3m7p3dycs96xpac9fxiv-vscodium-1.92.2.24228/lib/vscode/resources/app/out/vs/workbench/api/node/extensionHostProcess.js:177:12370)
	at MessagePortMain.<anonymous> (/nix/store/9nyan9hblp6j3m7p3dycs96xpac9fxiv-vscodium-1.92.2.24228/lib/vscode/resources/app/out/vs/workbench/api/node/extensionHostProcess.js:177:8180)
	at MessagePortMain.emit (node:events:519:28)
	at MessagePortMain._internalPort.emit (node:electron/js2c/utility_init:2:2285) setContext undefined
2024-09-07 00:00:03.402 [error] Canceled: Canceled
	at new P (/nix/store/9nyan9hblp6j3m7p3dycs96xpac9fxiv-vscodium-1.92.2.24228/lib/vscode/resources/app/out/vs/workbench/api/node/extensionHostProcess.js:144:39331)
	at w._remoteCall (/nix/store/9nyan9hblp6j3m7p3dycs96xpac9fxiv-vscodium-1.92.2.24228/lib/vscode/resources/app/out/vs/workbench/api/node/extensionHostProcess.js:151:8160)
	at U.<computed>.x.charCodeAt.k.CharCode.DollarSign.U.<computed> (/nix/store/9nyan9hblp6j3m7p3dycs96xpac9fxiv-vscodium-1.92.2.24228/lib/vscode/resources/app/out/vs/workbench/api/node/extensionHostProcess.js:151:4351)
	at h._doExecuteCommand (/nix/store/9nyan9hblp6j3m7p3dycs96xpac9fxiv-vscodium-1.92.2.24228/lib/vscode/resources/app/out/vs/workbench/api/node/extensionHostProcess.js:154:243642)
	at h.executeCommand (/nix/store/9nyan9hblp6j3m7p3dycs96xpac9fxiv-vscodium-1.92.2.24228/lib/vscode/resources/app/out/vs/workbench/api/node/extensionHostProcess.js:154:242967)
	at A.registerCommand.description (/nix/store/9nyan9hblp6j3m7p3dycs96xpac9fxiv-vscodium-1.92.2.24228/lib/vscode/resources/app/out/vs/workbench/api/node/extensionHostProcess.js:154:242211)
	at h._executeContributedCommand (/nix/store/9nyan9hblp6j3m7p3dycs96xpac9fxiv-vscodium-1.92.2.24228/lib/vscode/resources/app/out/vs/workbench/api/node/extensionHostProcess.js:154:244280)
	at h._doExecuteCommand (/nix/store/9nyan9hblp6j3m7p3dycs96xpac9fxiv-vscodium-1.92.2.24228/lib/vscode/resources/app/out/vs/workbench/api/node/extensionHostProcess.js:154:243100)
	at h.executeCommand (/nix/store/9nyan9hblp6j3m7p3dycs96xpac9fxiv-vscodium-1.92.2.24228/lib/vscode/resources/app/out/vs/workbench/api/node/extensionHostProcess.js:154:242967)
	at Object.executeCommand (/nix/store/9nyan9hblp6j3m7p3dycs96xpac9fxiv-vscodium-1.92.2.24228/lib/vscode/resources/app/out/vs/workbench/api/node/extensionHostProcess.js:164:29724)
	at tr.set (/home/ser/.vscode-oss/extensions/ms-toolsai.jupyter-2024.7.0-universal/dist/extension.node.js:304:163863)
	at Xb.updateContextOfActiveNotebookKernel (/home/ser/.vscode-oss/extensions/ms-toolsai.jupyter-2024.7.0-universal/dist/extension.node.js:373:11480)
	at Xb.onDidKernelStatusChange (/home/ser/.vscode-oss/extensions/ms-toolsai.jupyter-2024.7.0-universal/dist/extension.node.js:373:13070)
	at n._deliver (/nix/store/9nyan9hblp6j3m7p3dycs96xpac9fxiv-vscodium-1.92.2.24228/lib/vscode/resources/app/out/vs/workbench/api/node/extensionHostProcess.js:83:915)
	at n._deliverQueue (/nix/store/9nyan9hblp6j3m7p3dycs96xpac9fxiv-vscodium-1.92.2.24228/lib/vscode/resources/app/out/vs/workbench/api/node/extensionHostProcess.js:83:1006)
	at n.fire (/nix/store/9nyan9hblp6j3m7p3dycs96xpac9fxiv-vscodium-1.92.2.24228/lib/vscode/resources/app/out/vs/workbench/api/node/extensionHostProcess.js:83:1341)
	at my.<anonymous> (/home/ser/.vscode-oss/extensions/ms-toolsai.jupyter-2024.7.0-universal/dist/extension.node.js:299:2825)
	at n._deliver (/nix/store/9nyan9hblp6j3m7p3dycs96xpac9fxiv-vscodium-1.92.2.24228/lib/vscode/resources/app/out/vs/workbench/api/node/extensionHostProcess.js:83:915)
	at n._deliverQueue (/nix/store/9nyan9hblp6j3m7p3dycs96xpac9fxiv-vscodium-1.92.2.24228/lib/vscode/resources/app/out/vs/workbench/api/node/extensionHostProcess.js:83:1006)
	at n.fire (/nix/store/9nyan9hblp6j3m7p3dycs96xpac9fxiv-vscodium-1.92.2.24228/lib/vscode/resources/app/out/vs/workbench/api/node/extensionHostProcess.js:83:1341)
	at e (/home/ser/.vscode-oss/extensions/ms-toolsai.jupyter-2024.7.0-universal/dist/extension.node.js:285:31911)
	at YD.dispose (/home/ser/.vscode-oss/extensions/ms-toolsai.jupyter-2024.7.0-universal/dist/extension.node.js:285:32034)
	at /home/ser/.vscode-oss/extensions/ms-toolsai.jupyter-2024.7.0-universal/dist/extension.node.js:183:1926
	at Array.map (<anonymous>)
	at fg.dispose (/home/ser/.vscode-oss/extensions/ms-toolsai.jupyter-2024.7.0-universal/dist/extension.node.js:183:1917)
	at Object.Wfe (/home/ser/.vscode-oss/extensions/ms-toolsai.jupyter-2024.7.0-universal/dist/extension.node.js:436:3379)
	at Object.m (/home/ser/.vscode-oss/extensions/ms-toolsai.jupyter-2024.7.0-universal/dist/extension.node.proxy.js:1:1025)
	at m._deactivate (/nix/store/9nyan9hblp6j3m7p3dycs96xpac9fxiv-vscodium-1.92.2.24228/lib/vscode/resources/app/out/vs/workbench/api/node/extensionHostProcess.js:160:12836)
	at /nix/store/9nyan9hblp6j3m7p3dycs96xpac9fxiv-vscodium-1.92.2.24228/lib/vscode/resources/app/out/vs/workbench/api/node/extensionHostProcess.js:160:10211
	at Array.map (<anonymous>)
	at m._deactivateAll (/nix/store/9nyan9hblp6j3m7p3dycs96xpac9fxiv-vscodium-1.92.2.24228/lib/vscode/resources/app/out/vs/workbench/api/node/extensionHostProcess.js:160:10198)
	at m.terminate (/nix/store/9nyan9hblp6j3m7p3dycs96xpac9fxiv-vscodium-1.92.2.24228/lib/vscode/resources/app/out/vs/workbench/api/node/extensionHostProcess.js:160:10581)
	at p.terminate (/nix/store/9nyan9hblp6j3m7p3dycs96xpac9fxiv-vscodium-1.92.2.24228/lib/vscode/resources/app/out/vs/workbench/api/node/extensionHostProcess.js:164:1908)
	at o (/nix/store/9nyan9hblp6j3m7p3dycs96xpac9fxiv-vscodium-1.92.2.24228/lib/vscode/resources/app/out/vs/workbench/api/node/extensionHostProcess.js:177:12370)
	at MessagePortMain.<anonymous> (/nix/store/9nyan9hblp6j3m7p3dycs96xpac9fxiv-vscodium-1.92.2.24228/lib/vscode/resources/app/out/vs/workbench/api/node/extensionHostProcess.js:177:8180)
	at MessagePortMain.emit (node:events:519:28)
	at MessagePortMain._internalPort.emit (node:electron/js2c/utility_init:2:2285) setContext undefined
2024-09-07 00:00:03.407 [info] Extension host with pid 5567 exiting with code 0
